date,usable,selected,gross_excess,turnover,buy_blocked,sell_blocked,st_name,missing_selected,smooth,hold,breadth
2020-01-16,True,56.0,-0.007689279196402776,1.0,0.0,40.0,2.0,,1,5,0.2
2020-01-23,True,47.0,-0.012980606704111393,1.5834432914497947,0.0,0.0,2.0,,1,5,0.2
2020-02-07,True,58.0,-0.013232277826183442,1.4827586206896537,0.0,0.0,1.0,,1,5,0.2
2020-02-14,True,56.0,0.027545066189473055,1.7308268635992456,0.0,0.0,0.0,,1,5,0.2
2020-02-21,True,53.0,-0.007109115844389155,1.8261259984517484,0.0,0.0,1.0,,1,5,0.2
2020-02-28,True,58.0,0.0041018734225362445,1.4137931034482751,0.0,0.0,1.0,,1,5,0.2
2020-03-06,True,58.0,-0.009970410046278098,1.4247619016922428,0.0,0.0,0.0,,1,5,0.2
2020-03-13,True,54.0,-0.0025735993860635242,1.4283606065469732,0.0,0.0,1.0,,1,5,0.2
2020-03-20,True,41.0,0.011079560350045543,1.6261424544939334,0.0,0.0,1.0,,1,5,0.2
2020-03-27,True,56.0,0.01798133816825196,1.7142857142857135,0.0,0.0,0.0,,1,5,0.2
2020-04-03,True,56.0,-0.0044808242787363495,1.5501721209047354,0.0,0.0,1.0,,1,5,0.2
2020-04-13,True,56.0,-0.0003491928254909307,1.4009241304819777,0.0,0.0,2.0,,1,5,0.2
2020-04-20,True,58.0,0.016767155745404407,1.5172413793103436,0.0,0.0,5.0,,1,5,0.2
2020-04-27,True,56.0,-0.0069618579820558135,1.5938207540398348,0.0,0.0,1.0,,1,5,0.2
2020-05-07,True,57.0,0.0016656451740162071,1.4468086214822178,0.0,0.0,2.0,,1,5,0.2
2020-05-14,True,57.0,0.008252900984431107,1.414166380609999,0.0,0.0,1.0,,1,5,0.2
2020-05-21,True,55.0,-0.001162001797352567,1.4814311359337002,0.0,0.0,1.0,,1,5,0.2
2020-05-28,True,54.0,0.00016946632765648534,1.4900646068270909,0.0,0.0,0.0,,1,5,0.2
2020-06-04,True,58.0,-0.005678397055592227,1.6206896551724128,0.0,0.0,2.0,,1,5,0.2
2020-06-11,True,57.0,-0.004448648877576015,1.3500134293490393,0.0,0.0,2.0,,1,5,0.2
2020-06-18,True,51.0,-0.010610835384027417,1.447347678040955,0.0,0.0,1.0,,1,5,0.2
2020-06-29,True,53.0,-0.039659409104427015,1.4340090427463912,0.0,0.0,1.0,,1,5,0.2
2020-07-06,True,53.0,0.04463005985307441,1.5674666059907507,0.0,0.0,1.0,,1,5,0.2
2020-07-13,True,50.0,0.010042477719166349,1.4603651147253394,0.0,0.0,1.0,,1,5,0.2
2020-07-20,True,51.0,0.004627462550370262,1.6582025029455434,0.0,0.0,1.0,,1,5,0.2
2020-07-27,True,59.0,-0.010654175378217091,1.559322033898304,0.0,0.0,4.0,,1,5,0.2
2020-08-03,True,59.0,-0.0011635398864244676,1.5358765381921526,0.0,0.0,0.0,,1,5,0.2
2020-08-10,True,57.0,-0.0032859246181252966,1.5667554803730728,0.0,0.0,1.0,,1,5,0.2
2020-08-17,True,55.0,0.014164205509428783,1.4508229066030396,0.0,0.0,0.0,,1,5,0.2
2020-08-24,True,59.0,-0.00777703158985253,1.2930396283988148,0.0,0.0,0.0,,1,5,0.2
2020-08-31,True,51.0,0.0010439865000494049,1.5687415513758685,0.0,0.0,2.0,,1,5,0.2
2020-09-07,True,58.0,0.002469921378872239,1.4482758620689646,0.0,0.0,1.0,,1,5,0.2
2020-09-14,True,49.0,-0.010091085684738238,1.5929488040557713,0.0,0.0,0.0,,1,5,0.2
2020-09-21,True,57.0,0.011555946735756674,1.5789473684210538,0.0,0.0,2.0,,1,5,0.2
2020-09-28,True,52.0,0.0009347362988420538,1.550802232091543,0.0,0.0,0.0,,1,5,0.2
2020-10-13,False,,,,,,,1.0,1,5,0.2
2020-10-20,True,56.0,0.011453508938317732,1.0,0.0,0.0,1.0,,1,5,0.2
2020-10-27,True,56.0,0.01326282544090905,1.3735804100475741,0.0,0.0,1.0,,1,5,0.2
2020-11-03,True,54.0,0.003280494630106559,1.6863189687217766,0.0,0.0,1.0,,1,5,0.2
2020-11-10,True,54.0,0.003927015672101203,1.45618045855633,0.0,0.0,1.0,,1,5,0.2
2020-11-17,True,57.0,-0.002290574649516857,1.587391785833705,0.0,0.0,2.0,,1,5,0.2
2020-11-24,True,58.0,-0.0005253152304705005,1.5281062573812259,0.0,0.0,0.0,,1,5,0.2
2020-12-01,False,,,,,,,1.0,1,5,0.2
2020-12-08,True,55.0,0.008989260797594673,1.0,0.0,0.0,0.0,,1,5,0.2
2020-12-15,True,40.0,0.0036670958441528366,1.7856344439322058,0.0,0.0,0.0,,1,5,0.2
2020-12-22,True,51.0,0.003103217391967816,1.4117647058823526,0.0,0.0,3.0,,1,5,0.2
2020-12-29,True,53.0,-0.014492553803454884,1.5471698113207544,0.0,0.0,0.0,,1,5,0.2
2021-01-06,True,54.0,0.0028331370233145425,1.5337027090724515,0.0,0.0,2.0,,1,5,0.2
2021-01-13,True,52.0,0.007198386919223335,1.5778187610243048,0.0,0.0,1.0,,1,5,0.2
2021-01-20,True,56.0,0.022100024540836084,1.5383124478920656,0.0,0.0,0.0,,1,5,0.2
2021-01-27,True,53.0,-0.014661635482721461,1.7963300053968756,0.0,0.0,4.0,,1,5,0.2
2021-02-03,True,48.0,-0.015811987502144235,1.5451453343719708,0.0,0.0,2.0,,1,5,0.2
2021-02-10,True,51.0,0.003966717681984755,1.6078431372549022,0.0,0.0,1.0,,1,5,0.2
2021-02-24,True,54.0,-0.006852133831668982,1.7506706077440684,0.0,0.0,0.0,,1,5,0.2
2021-03-03,True,52.0,-0.015993402639571094,1.6378382790318582,0.0,0.0,1.0,,1,5,0.2
2021-03-10,True,54.0,0.005946673383047305,1.559965350674487,0.0,0.0,1.0,,1,5,0.2
2021-03-17,True,53.0,-0.014189336045593755,1.3046331787762182,0.0,0.0,0.0,,1,5,0.2
2021-03-24,True,56.0,0.012810737835316291,1.3664133814032657,0.0,0.0,1.0,,1,5,0.2
2021-03-31,True,57.0,0.002818708505220986,1.3731841738591226,0.0,0.0,1.0,,1,5,0.2
2021-04-08,True,57.0,-0.004332984159947161,1.4894814387782196,0.0,0.0,3.0,,1,5,0.2
2021-04-15,True,50.0,-0.002943495103345444,1.4766362735076668,0.0,0.0,0.0,,1,5,0.2
2021-04-22,True,58.0,0.006169187088487654,1.4827586206896548,0.0,0.0,0.0,,1,5,0.2
2021-04-29,True,54.0,-0.007578578382871886,1.523524402461205,0.0,0.0,2.0,,1,5,0.2
2021-05-11,True,53.0,0.006968015370961925,1.5998774020991173,0.0,0.0,2.0,,1,5,0.2
2021-05-18,True,57.0,-0.009115960238845226,1.6140350877192993,0.0,0.0,1.0,,1,5,0.2
2021-05-25,True,57.0,0.004306145546071553,1.4220530183289735,0.0,0.0,0.0,,1,5,0.2
2021-06-01,True,57.0,-0.004644234105369353,1.3852533031543945,0.0,0.0,1.0,,1,5,0.2
2021-06-08,True,56.0,-0.0013321563712451745,1.4078992529203247,0.0,0.0,1.0,,1,5,0.2
2021-06-16,True,47.0,-0.0038767000801174373,1.6094398259935596,0.0,0.0,0.0,,1,5,0.2
2021-06-23,True,46.0,0.006404047904576254,1.5501533516935728,0.0,0.0,0.0,,1,5,0.2
2021-06-30,True,57.0,-0.0058588097252627435,1.6491228070175457,0.0,0.0,0.0,,1,5,0.2
2021-07-07,True,54.0,-0.001633171326813696,1.3820144442535207,0.0,0.0,1.0,,1,5,0.2
2021-07-14,True,54.0,0.004071762055053296,1.56827007119379,0.0,0.0,0.0,,1,5,0.2
2021-07-21,True,54.0,-0.015684073585640557,1.6407885699297902,0.0,0.0,3.0,,1,5,0.2
2021-07-28,True,49.0,-0.014602942196187407,1.4139151075273944,0.0,0.0,2.0,,1,5,0.2
2021-08-04,True,57.0,0.001020546243074209,1.4736842105263166,0.0,0.0,0.0,,1,5,0.2
2021-08-11,True,58.0,-0.018435217309280896,1.3991112227283349,0.0,0.0,1.0,,1,5,0.2
2021-08-18,True,55.0,0.019601278255287582,1.4940928170985073,0.0,0.0,0.0,,1,5,0.2
2021-08-25,True,57.0,-0.0347883853015211,1.5886446896074413,0.0,0.0,1.0,,1,5,0.2
2021-09-01,True,51.0,-0.011636178715822704,1.3907955593093235,0.0,0.0,0.0,,1,5,0.2
2021-09-08,True,56.0,-0.00715393265518334,1.3214285714285714,0.0,0.0,3.0,,1,5,0.2
2021-09-15,True,56.0,0.020165890543993537,1.6226093594027806,0.0,0.0,1.0,,1,5,0.2
2021-09-24,True,51.0,0.01737744245926567,1.595493313065545,0.0,0.0,0.0,,1,5,0.2
2021-10-08,True,55.0,0.011937477150551667,1.674925148937687,0.0,0.0,1.0,,1,5,0.2
2021-10-15,True,55.0,0.006254570972159181,1.5110661031497084,0.0,0.0,0.0,,1,5,0.2
2021-10-22,True,55.0,-0.011758859247408066,1.6417629531263758,0.0,0.0,0.0,,1,5,0.2
2021-10-29,True,55.0,0.0030771484274423155,1.3944482490188208,0.0,0.0,0.0,,1,5,0.2
2021-11-05,True,53.0,0.004554523792828936,1.5055212573448293,0.0,0.0,1.0,,1,5,0.2
2021-11-12,True,54.0,0.007365100805178165,1.4181109206111475,0.0,0.0,0.0,,1,5,0.2
2021-11-19,True,58.0,-0.0043328558672619776,1.4142279810905027,0.0,0.0,1.0,,1,5,0.2
2021-11-26,False,,,,,,,1.0,1,5,0.2
2021-12-03,True,55.0,0.0032206574090574494,1.0,0.0,0.0,0.0,,1,5,0.2
2021-12-10,True,55.0,0.002186907018319379,1.5367445817591816,0.0,0.0,1.0,,1,5,0.2
2021-12-17,True,53.0,-0.002454239485429587,1.4264890665294925,0.0,0.0,1.0,,1,5,0.2
2021-12-24,True,49.0,0.009561203528487492,1.632684938386773,0.0,0.0,0.0,,1,5,0.2
2021-12-31,True,57.0,-0.015998202835674658,1.543859649122808,0.0,0.0,1.0,,1,5,0.2
2022-01-10,True,53.0,0.0033875719172375834,1.4574861009714961,0.0,0.0,2.0,,1,5,0.2
2022-01-17,True,55.0,0.0021838361000042113,1.527816164092053,0.0,0.0,1.0,,1,5,0.2
2022-01-24,True,56.0,-0.00814092371427555,1.513432227379367,0.0,0.0,2.0,,1,5,0.2
2022-02-07,True,43.0,-0.01063587827131367,1.5811271093846293,0.0,0.0,2.0,,1,5,0.2
2022-02-14,True,55.0,0.00975148164076012,1.5272727272727258,0.0,0.0,1.0,,1,5,0.2
2022-02-21,True,57.0,0.02400666989504585,1.443374871496017,0.0,0.0,1.0,,1,5,0.2
2022-02-28,True,49.0,0.007435440813013915,1.765229997253597,0.0,0.0,1.0,,1,5,0.2
2022-03-07,True,57.0,-0.006127138627696906,1.6140350877192993,0.0,0.0,0.0,,1,5,0.2
2022-03-14,True,44.0,-0.0061940870690815365,1.6092630328232689,0.0,0.0,1.0,,1,5,0.2
2022-03-21,True,59.0,0.0109926022398764,1.5593220338983043,0.0,0.0,1.0,,1,5,0.2
2022-03-28,True,54.0,-0.005547860303304786,1.6053228504557142,0.0,0.0,0.0,,1,5,0.2
2022-04-06,True,55.0,0.005995012426747347,1.3536888889827439,0.0,0.0,2.0,,1,5,0.2
2022-04-13,True,49.0,0.0070997858523983905,1.4183863517845434,0.0,0.0,0.0,,1,5,0.2
2022-04-20,True,56.0,0.01410305945607309,1.678571428571428,0.0,0.0,1.0,,1,5,0.2
2022-04-27,True,41.0,0.019329792020879734,1.718552059245054,0.0,0.0,0.0,,1,5,0.2
2022-05-09,True,56.0,-0.001881121754522666,1.8571428571428559,0.0,0.0,1.0,,1,5,0.2
2022-05-16,True,58.0,-0.012509544634662176,1.554264591208741,0.0,0.0,0.0,,1,5,0.2
2022-05-23,True,57.0,0.0014278365185329748,1.4203589872391982,0.0,0.0,0.0,,1,5,0.2
2022-05-30,True,57.0,0.0025793026218800807,1.4189694221475295,0.0,0.0,1.0,,1,5,0.2
2022-06-07,True,56.0,-0.022849680180853378,1.3200137364405609,0.0,0.0,1.0,,1,5,0.2
2022-06-14,True,50.0,0.012134794817005249,1.466570778237364,0.0,0.0,0.0,,1,5,0.2
2022-06-21,True,53.0,-0.003437298105683294,1.3603093469289598,0.0,0.0,0.0,,1,5,0.2
2022-06-28,True,57.0,-0.003478757653540569,1.61478575567296,0.0,0.0,0.0,,1,5,0.2
2022-07-05,True,57.0,-0.003678975311490324,1.5569450629595765,0.0,0.0,0.0,,1,5,0.2
2022-07-12,True,54.0,0.0036178376869345002,1.510150610251036,0.0,0.0,0.0,,1,5,0.2
2022-07-19,True,52.0,-0.0018993402319736983,1.6369981054661493,0.0,0.0,0.0,,1,5,0.2
2022-07-26,True,55.0,-0.01132119888934436,1.7454545454545431,0.0,0.0,0.0,,1,5,0.2
2022-08-02,True,54.0,-0.0029856954746966726,1.460361622953019,0.0,0.0,0.0,,1,5,0.2
2022-08-09,True,56.0,0.003627440624120166,1.4290985083043841,0.0,0.0,0.0,,1,5,0.2
2022-08-16,True,57.0,-0.017899903405473504,1.4807502137143511,0.0,0.0,0.0,,1,5,0.2
2022-08-23,True,54.0,0.011639856937877443,1.5184609106079359,0.0,0.0,0.0,,1,5,0.2
2022-08-30,True,54.0,-0.0017012243340780576,1.6397925639997601,0.0,0.0,0.0,,1,5,0.2
2022-09-06,True,54.0,0.00012349751269136698,1.4898506844515242,0.0,0.0,0.0,,1,5,0.2
2022-09-14,True,57.0,0.0014590473726132577,1.4391208595719291,0.0,0.0,0.0,,1,5,0.2
2022-09-21,True,54.0,0.0012165218106737164,1.5125645691584504,0.0,0.0,0.0,,1,5,0.2
2022-09-28,True,50.0,0.009878282811456454,1.5696425335457,0.0,0.0,0.0,,1,5,0.2
2022-10-12,True,49.0,-0.008286523572421559,1.6121536570177823,0.0,0.0,0.0,,1,5,0.2
2022-10-19,True,57.0,-0.010151334276541017,1.509141297493731,0.0,0.0,0.0,,1,5,0.2
2022-10-26,True,53.0,-0.0009178391539960717,1.2348771523895163,0.0,0.0,0.0,,1,5,0.2
2022-11-02,True,51.0,0.0031001957653682827,1.5894812915907324,0.0,0.0,0.0,,1,5,0.2
2022-11-09,True,58.0,-0.002787190503555168,1.5172413793103448,0.0,0.0,0.0,,1,5,0.2
2022-11-16,True,58.0,-0.007186159550032569,1.4070925361682751,0.0,0.0,0.0,,1,5,0.2
2022-11-23,True,55.0,0.020703435115270268,1.590500879865006,0.0,0.0,0.0,,1,5,0.2
2022-11-30,True,54.0,0.002660473966838925,1.756393969846146,0.0,0.0,1.0,,1,5,0.2
2022-12-07,True,57.0,-0.008766380371970521,1.5087719298245628,0.0,0.0,0.0,,1,5,0.2
2022-12-14,True,54.0,0.00035753553760554946,1.376329887273456,0.0,0.0,0.0,,1,5,0.2
2022-12-21,True,52.0,0.008268528144780258,1.4096362034087364,0.0,0.0,0.0,,1,5,0.2
2022-12-28,True,56.0,-0.004018212788778074,1.7142857142857135,0.0,0.0,0.0,,1,5,0.2
2023-01-05,True,55.0,0.012910335306234463,1.5808076461532259,0.0,0.0,0.0,,1,5,0.2
2023-01-12,True,56.0,-0.0027882188610695025,1.538742473391986,0.0,0.0,0.0,,1,5,0.2
2023-01-19,True,58.0,0.0032518307522659386,1.4160720846205073,0.0,0.0,0.0,,1,5,0.2
2023-02-02,True,58.0,0.0070764967870101,1.5633943099346743,0.0,0.0,0.0,,1,5,0.2
2023-02-09,True,53.0,0.0008935748655028216,1.5635880166042502,0.0,0.0,0.0,,1,5,0.2
2023-02-16,True,56.0,0.000379132503070978,1.3946320322455452,0.0,0.0,0.0,,1,5,0.2
2023-02-23,True,58.0,-0.006866279187207861,1.4828185524705568,0.0,0.0,0.0,,1,5,0.2
2023-03-02,True,58.0,-0.008632875103549185,1.6616957466748774,0.0,0.0,1.0,,1,5,0.2
2023-03-09,True,51.0,-0.009551602384593835,1.4887666804108348,0.0,0.0,0.0,,1,5,0.2
2023-03-16,True,50.0,-0.013121339445514394,1.298907976596599,0.0,0.0,0.0,,1,5,0.2
2023-03-23,True,56.0,0.014818251142873126,1.5357142857142856,0.0,0.0,0.0,,1,5,0.2
2023-03-30,True,56.0,-0.014020668686430177,1.578361523649068,0.0,0.0,0.0,,1,5,0.2
2023-04-07,True,57.0,0.004796316986869498,1.4796256140403983,0.0,0.0,0.0,,1,5,0.2
2023-04-14,True,57.0,0.010879286991560887,1.5882593974110284,0.0,1.0,0.0,,1,5,0.2
2023-04-21,True,54.0,-0.0058377935604201105,1.5838899725144018,0.0,1.0,0.0,,1,5,0.2
2023-04-28,True,48.0,-0.0012487308051225623,1.6689517184716574,0.0,0.0,0.0,,1,5,0.2
2023-05-10,True,49.0,0.0032790901246779487,1.4742646279208056,0.0,0.0,1.0,,1,5,0.2
2023-05-17,True,54.0,0.009493877107499413,1.2962962962962963,0.0,0.0,0.0,,1,5,0.2
2023-05-24,True,56.0,-0.007123417741190036,1.607596253358092,0.0,0.0,0.0,,1,5,0.2
2023-05-31,True,50.0,0.011945931539375489,1.427157838419953,0.0,0.0,0.0,,1,5,0.2
2023-06-07,True,56.0,-0.0011902575141466663,1.5357142857142854,0.0,0.0,1.0,,1,5,0.2
2023-06-14,True,54.0,0.0003061527012227696,1.4278171295474333,0.0,0.0,1.0,,1,5,0.2
2023-06-21,True,54.0,0.015938525768575237,1.6022811475601975,0.0,0.0,0.0,,1,5,0.2
2023-06-30,True,53.0,0.010924267301270616,1.597781372689356,0.0,0.0,0.0,,1,5,0.2
2023-07-07,True,56.0,0.005023724346999468,1.6084224272308316,0.0,0.0,0.0,,1,5,0.2
2023-07-14,True,58.0,0.001392000235691396,1.6222372550384807,0.0,0.0,0.0,,1,5,0.2
2023-07-21,True,55.0,-0.010206903621012571,1.3490116272752795,0.0,0.0,0.0,,1,5,0.2
2023-07-28,True,57.0,-0.0006557636432704954,1.649431350428894,0.0,0.0,0.0,,1,5,0.2
2023-08-04,True,59.0,0.008194863321546862,1.661016949152541,0.0,0.0,0.0,,1,5,0.2
2023-08-11,True,55.0,0.004189375824368914,1.4603271021833797,0.0,0.0,0.0,,1,5,0.2
2023-08-18,True,52.0,0.002309709370751291,1.5361976829754713,0.0,0.0,0.0,,1,5,0.2
2023-08-25,True,45.0,-0.011603096832928761,1.4200738908376218,4.0,0.0,0.0,,1,5,0.2
2023-09-01,True,59.0,0.001083420759175037,1.7288135593220335,0.0,0.0,0.0,,1,5,0.2
2023-09-08,True,55.0,0.0014374608493689899,1.5975254146785798,0.0,0.0,0.0,,1,5,0.2
2023-09-15,True,56.0,0.0008519274934345126,1.60871641976849,0.0,0.0,0.0,,1,5,0.2
2023-09-22,True,54.0,-0.009062661920638749,1.6068730299066385,0.0,0.0,0.0,,1,5,0.2
2023-10-09,True,56.0,-0.009980296036826541,1.5758408327529005,0.0,0.0,0.0,,1,5,0.2
2023-10-16,True,57.0,-0.005874651506211616,1.3362507907526877,0.0,0.0,0.0,,1,5,0.2
2023-10-23,True,40.0,-0.0014361738575576315,1.6823530550144474,0.0,0.0,0.0,,1,5,0.2
2023-10-30,True,56.0,-0.0056251313222262095,1.6071428571428568,0.0,0.0,0.0,,1,5,0.2
2023-11-06,True,57.0,0.007565588875573997,1.408535530801045,0.0,0.0,1.0,,1,5,0.2
2023-11-13,True,55.0,2.2440776440247907e-05,1.5070112764351402,0.0,0.0,0.0,,1,5,0.2
2023-11-20,True,58.0,0.00865054901166721,1.3448275862068968,0.0,0.0,0.0,,1,5,0.2
2023-11-27,True,56.0,-0.009324637467883208,1.4480094950879885,0.0,0.0,0.0,,1,5,0.2
2023-12-04,True,48.0,-0.004304006600862411,1.4665277626884166,0.0,0.0,0.0,,1,5,0.2
2023-12-11,True,44.0,0.002126274712930514,1.7506677823762988,0.0,0.0,0.0,,1,5,0.2
2023-12-18,True,52.0,0.002068125365854061,1.4230769230769222,0.0,0.0,0.0,,1,5,0.2
2023-12-25,True,49.0,-0.004784059646825444,1.6163318673724372,0.0,0.0,0.0,,1,5,0.2
2024-01-02,True,56.0,0.0019577070246727113,1.678571428571428,0.0,0.0,0.0,,1,5,0.2
2024-01-09,True,54.0,-0.006346059340780253,1.623425426255467,0.0,0.0,0.0,,1,5,0.2
2024-01-16,True,53.0,-0.006475087730510844,1.5250855581341014,0.0,0.0,1.0,,1,5,0.2
2024-01-23,True,56.0,0.020549673537692943,1.4296789137540928,0.0,0.0,0.0,,1,5,0.2
2024-01-30,True,57.0,-0.0025321501659992234,1.4650954277445813,0.0,0.0,0.0,,1,5,0.2
2024-02-06,True,48.0,0.0014812792819220572,1.7282886198677259,0.0,0.0,0.0,,1,5,0.2
2024-02-21,True,50.0,0.0037615272647248746,1.6008590586623355,0.0,0.0,0.0,,1,5,0.2
2024-02-28,True,56.0,-0.0072253464299080125,1.5357142857142854,0.0,0.0,0.0,,1,5,0.2
2024-03-06,True,55.0,0.005046963845825786,1.3311999674264008,0.0,0.0,0.0,,1,5,0.2
2024-03-13,True,58.0,-0.01554253089489355,1.7946987677699664,0.0,0.0,0.0,,1,5,0.2
2024-03-20,True,58.0,0.014411828021176323,1.3876099817357421,0.0,0.0,0.0,,1,5,0.2
2024-03-27,True,52.0,0.0009748760275889584,1.7933053055552974,0.0,0.0,0.0,,1,5,0.2
2024-04-03,True,58.0,0.002312265411053744,1.4827586206896548,0.0,0.0,1.0,,1,5,0.2
2024-04-12,True,49.0,3.474439468933305e-05,1.6559017274412375,0.0,0.0,0.0,,1,5,0.2
2024-04-19,True,54.0,0.004630323297828545,1.6666666666666674,0.0,0.0,0.0,,1,5,0.2
2024-04-26,True,55.0,-0.0011441527870739258,1.6077162589210432,0.0,0.0,1.0,,1,5,0.2
2024-05-08,True,54.0,0.005891446702596298,1.4657406593321438,0.0,0.0,0.0,,1,5,0.2
2024-05-15,True,56.0,-0.0023855626681609354,1.7502169513043482,0.0,0.0,0.0,,1,5,0.2
2024-05-22,True,58.0,0.009524855978670624,1.5519949492587863,0.0,0.0,0.0,,1,5,0.2
2024-05-29,True,52.0,0.006315223067593627,1.4565636770132961,0.0,0.0,0.0,,1,5,0.2
2024-06-05,True,55.0,-0.0025943008610826886,1.5636363636363622,0.0,0.0,0.0,,1,5,0.2
2024-06-13,True,52.0,0.002226879259219031,1.6403942186111504,0.0,0.0,0.0,,1,5,0.2
2024-06-20,True,53.0,0.007369567315052582,1.399749394765986,0.0,0.0,0.0,,1,5,0.2
2024-06-27,True,43.0,-0.004614079897925789,1.5072529543801296,0.0,0.0,0.0,,1,5,0.2
2024-07-04,True,48.0,-0.006833604862607463,1.7499999999999993,0.0,0.0,0.0,,1,5,0.2
2024-07-11,True,51.0,0.009190122987375954,1.5294117647058814,0.0,0.0,0.0,,1,5,0.2
2024-07-18,False,,,,,,,1.0,1,5,0.2
2024-07-25,True,54.0,-0.009981799813173316,1.0,0.0,0.0,0.0,,1,5,0.2
2024-08-01,True,55.0,-0.00105744566077994,1.5682196112390523,0.0,0.0,0.0,,1,5,0.2
2024-08-08,True,55.0,0.017715616672519544,1.2849927832895731,0.0,0.0,0.0,,1,5,0.2
2024-08-15,True,53.0,-0.008720224923367402,1.5056159422541453,0.0,0.0,0.0,,1,5,0.2
2024-08-22,True,51.0,0.016044566863359783,1.3911113940394695,0.0,0.0,0.0,,1,5,0.2
2024-08-29,True,52.0,-0.0038290793005498467,1.5407734441744594,0.0,0.0,1.0,,1,5,0.2
2024-09-05,True,52.0,-0.003958016710781293,1.545697703814716,0.0,0.0,0.0,,1,5,0.2
2024-09-12,True,52.0,0.005936773363018299,1.5519737122865171,0.0,0.0,0.0,,1,5,0.2
2024-09-23,True,56.0,-0.0021453037205966252,1.6428571428571428,0.0,0.0,0.0,,1,5,0.2
2024-10-14,True,59.0,7.729890833706925e-05,1.6111393807093108,0.0,0.0,0.0,,1,5,0.2
2024-10-21,True,45.0,-0.01789679741502556,1.5354026892686243,0.0,0.0,0.0,,1,5,0.2
2024-10-28,True,57.0,-0.0031511062424334404,1.192982456140352,0.0,0.0,0.0,,1,5,0.2
2024-11-04,True,57.0,-0.019175279752903666,1.3464910770734286,0.0,0.0,0.0,,1,5,0.2
2024-11-11,True,52.0,0.028233088064550514,1.4497981066655725,0.0,0.0,0.0,,1,5,0.2
2024-11-18,True,57.0,0.011989977952389288,1.2310464139227753,0.0,0.0,0.0,,1,5,0.2
2024-11-25,True,52.0,0.0011512739599181046,1.5858390999722642,0.0,0.0,0.0,,1,5,0.2
2024-12-02,True,58.0,-0.001461532845473245,1.655172413793102,0.0,0.0,0.0,,1,5,0.2
2024-12-09,True,57.0,0.011381162561737504,1.415373495597629,0.0,0.0,0.0,,1,5,0.2
2024-12-16,True,56.0,0.004768166226261435,1.2451935475352334,0.0,0.0,1.0,,1,5,0.2
2024-12-23,True,47.0,-0.001582807504291895,1.64787221093684,0.0,0.0,0.0,,1,5,0.2
2024-12-30,True,57.0,0.01418612896202609,1.543859649122808,0.0,0.0,0.0,,1,5,0.2
2025-01-07,True,47.0,0.007433025067690441,1.7499799686736686,0.0,0.0,0.0,,1,5,0.2
2025-01-14,True,50.0,-0.0012399063277047607,1.721041442328906,0.0,0.0,0.0,,1,5,0.2
2025-01-21,False,,,,,,,1.0,1,5,0.2
2025-02-05,False,,,,,,,1.0,1,5,0.2
2025-02-12,True,57.0,0.003946054957958148,1.0,0.0,0.0,0.0,,1,5,0.2
2025-02-19,True,55.0,0.001615782075366853,1.5198148871630384,0.0,0.0,0.0,,1,5,0.2
2025-02-26,True,54.0,0.007159126773261372,1.5057935227568864,0.0,0.0,0.0,,1,5,0.2
2025-03-05,True,56.0,-0.0026578858496743556,1.4340549639231865,0.0,0.0,1.0,,1,5,0.2
2025-03-12,True,57.0,0.007187876249008844,1.4396489645407162,0.0,0.0,0.0,,1,5,0.2
2025-03-19,True,56.0,-0.011973095480774753,1.6182601939261365,0.0,0.0,1.0,,1,5,0.2
2025-03-26,True,51.0,0.0039834173858707776,1.643696347822862,0.0,0.0,0.0,,1,5,0.2
2025-04-02,True,53.0,0.004556586647307279,1.5852578583117047,0.0,0.0,0.0,,1,5,0.2
2025-04-10,True,50.0,0.0006951828670502353,1.5950049654653529,0.0,0.0,0.0,,1,5,0.2
2025-04-17,True,57.0,0.0032883824429229434,1.5087719298245625,0.0,0.0,0.0,,1,5,0.2
2025-04-24,True,57.0,-0.00511819161370557,1.5505441862335179,0.0,0.0,0.0,,1,5,0.2
2025-05-06,True,55.0,0.010040336128951253,1.4829681356622662,0.0,0.0,0.0,,1,5,0.2
2025-05-13,True,57.0,0.0019450706976516085,1.124345813938885,0.0,0.0,0.0,,1,5,0.2
2025-05-20,False,,,,,,,2.0,1,5,0.2
2025-05-27,True,54.0,-0.006129516421189566,1.0,0.0,0.0,0.0,,1,5,0.2
2025-06-04,True,56.0,0.0006480592123998732,1.7502511540317345,0.0,0.0,0.0,,1,5,0.2
2025-06-11,True,54.0,-0.0024620186897275553,1.6822803093042777,0.0,0.0,0.0,,1,5,0.2
2025-06-18,True,51.0,-0.0024786748284293357,1.416118212649528,0.0,0.0,0.0,,1,5,0.2
2025-06-25,True,51.0,-0.0001014088034069589,1.494625508316299,0.0,0.0,0.0,,1,5,0.2
2025-07-02,True,58.0,-0.0018817225651160552,1.5517241379310331,0.0,0.0,0.0,,1,5,0.2
2025-07-09,True,56.0,0.0036194123653237814,1.3169391785519855,0.0,0.0,0.0,,1,5,0.2
2025-07-16,True,58.0,-0.006461846674690935,1.621127496544997,0.0,0.0,0.0,,1,5,0.2
2025-07-23,True,58.0,-0.002495338384761717,1.529712742354232,0.0,0.0,0.0,,1,5,0.2
2025-07-30,True,55.0,0.006363054287217165,1.2496024576683031,0.0,0.0,0.0,,1,5,0.2
2025-08-06,True,54.0,-0.004871288534088937,1.5281596031540297,0.0,0.0,0.0,,1,5,0.2
2025-08-13,True,57.0,-0.01663782329751903,1.473684210526317,0.0,0.0,0.0,,1,5,0.2
2025-08-20,True,52.0,-0.006317188429315741,1.4771145993909407,0.0,0.0,0.0,,1,5,0.2
2025-08-27,True,54.0,0.009376098548224833,1.6682969930591625,0.0,0.0,0.0,,1,5,0.2
2025-09-03,True,56.0,-0.005334227040552015,1.540913454127183,0.0,0.0,0.0,,1,5,0.2
2025-09-10,True,53.0,-0.0018214202070615249,1.541341162690608,0.0,0.0,0.0,,1,5,0.2
2025-09-17,True,58.0,-0.010149167135350152,1.6206896551724121,0.0,0.0,0.0,,1,5,0.2
2025-09-24,True,48.0,-0.007300955030377674,1.685980001596662,0.0,0.0,0.0,,1,5,0.2
2025-10-09,True,55.0,0.004846259965177595,1.5999999999999979,0.0,0.0,0.0,,1,5,0.2
2025-10-16,True,56.0,-0.00017867100341975844,1.4693699843693562,0.0,0.0,0.0,,1,5,0.2
2025-10-23,True,53.0,-0.008159748674699647,1.5792814278819707,0.0,0.0,0.0,,1,5,0.2
2025-10-30,True,57.0,0.0008059972124445857,1.4395457581233133,0.0,0.0,0.0,,1,5,0.2
2025-11-06,True,55.0,0.0025698313237861965,1.4777299412053855,0.0,0.0,0.0,,1,5,0.2
2025-11-13,False,,,,,,,1.0,1,5,0.2
2025-11-20,True,51.0,-0.0014352660483504549,1.0,0.0,0.0,0.0,,1,5,0.2
2025-11-27,True,50.0,0.0012086980209906886,1.3744582209291163,0.0,0.0,0.0,,1,5,0.2
2025-12-04,True,56.0,-0.0028926918010398566,1.7499999999999998,0.0,0.0,0.0,,1,5,0.2
2025-12-11,True,56.0,0.0036493403980535693,1.4329448565940863,0.0,0.0,0.0,,1,5,0.2
2025-12-18,True,53.0,-0.008510631328408385,1.4287232379173063,0.0,0.0,0.0,,1,5,0.2
2025-12-25,True,53.0,-0.008914936501196694,1.6680075076417444,0.0,0.0,0.0,,1,5,0.2
2026-01-05,True,55.0,-0.01658093056478843,1.5272727272727258,0.0,0.0,0.0,,1,5,0.2
2026-01-12,True,54.0,0.012249632981661034,1.505705639385699,0.0,0.0,0.0,,1,5,0.2
2026-01-19,True,56.0,-0.009443313688827157,1.5361901483855234,0.0,0.0,0.0,,1,5,0.2
2026-01-26,True,52.0,0.007996886974527329,1.6509316120160291,0.0,0.0,0.0,,1,5,0.2
2026-02-02,True,52.0,0.004493937074196121,1.2352849763502323,0.0,0.0,0.0,,1,5,0.2
2026-02-09,True,52.0,0.004951294602530723,1.5811554880548702,0.0,0.0,0.0,,1,5,0.2
2026-02-24,True,55.0,0.005277742515513988,1.5276469783281006,0.0,0.0,0.0,,1,5,0.2
2026-03-03,True,51.0,0.010595199868926866,1.6073196727452126,0.0,0.0,0.0,,1,5,0.2
2026-03-10,True,56.0,0.008647980011146354,1.4999999999999998,0.0,0.0,0.0,,1,5,0.2
2026-03-17,True,55.0,-0.008230830177186593,1.513941234532047,0.0,0.0,0.0,,1,5,0.2
2026-03-24,True,43.0,0.011502417318967771,1.2974792620182254,0.0,0.0,0.0,,1,5,0.2
2026-03-31,True,57.0,0.0011340168561116111,1.5087719298245628,0.0,0.0,0.0,,1,5,0.2
2026-04-08,True,55.0,-0.004173826225774226,1.37348590435288,0.0,0.0,0.0,,1,5,0.2
2026-04-15,True,54.0,-0.005894445871775442,1.3991646989139643,0.0,0.0,0.0,,1,5,0.2
2026-04-22,True,55.0,-0.0017557578037756638,1.4941564781768495,0.0,0.0,0.0,,1,5,0.2
2026-04-29,True,53.0,-0.019099494674153242,1.6161684213459238,0.0,0.0,0.0,,1,5,0.2
2026-05-11,True,54.0,0.006492295485261871,1.49496572048208,0.0,0.0,0.0,,1,5,0.2
2026-05-18,True,53.0,0.0118120108482465,1.31185802553265,0.0,0.0,0.0,,1,5,0.2
2026-05-25,True,53.0,0.021429301704529915,1.4521909179601424,0.0,0.0,0.0,,1,5,0.2
2026-06-01,True,52.0,0.004803943161399669,1.5925371522987353,0.0,0.0,0.0,,1,5,0.2
2026-06-08,True,51.0,0.009009781331552748,1.4323727130816999,0.0,0.0,0.0,,1,5,0.2
2026-06-15,True,50.0,-0.020866464277804968,1.5440358253916657,0.0,0.0,0.0,,1,5,0.2
2026-06-23,True,50.0,-0.012616188253003605,1.4091483768522428,0.0,0.0,0.0,,1,5,0.2
2026-06-30,True,48.0,0.021461636300524084,1.4493909580866093,0.0,0.0,0.0,,1,5,0.2
2026-07-07,True,58.0,0.011677069460090499,1.6551724137931016,0.0,0.0,0.0,,1,5,0.2
2026-07-14,True,55.0,0.0016982797266877022,1.4258136408687152,0.0,0.0,0.0,,1,5,0.2
2026-07-21,True,47.0,-0.007030713334664015,1.6847567510341974,0.0,0.0,0.0,,1,5,0.2
2026-07-28,True,56.0,0.0013210555339822645,1.7501118714339312,0.0,0.0,0.0,,1,5,0.2
2026-08-04,True,57.0,0.03418375729248056,1.418366497029364,0.0,0.0,0.0,,1,5,0.2
2026-08-11,True,54.0,-0.0041407620652661944,1.7664340373580523,0.0,0.0,0.0,,1,5,0.2
2026-08-18,True,55.0,0.017123401138559896,1.4929524944692358,0.0,0.0,0.0,,1,5,0.2
2026-08-25,True,51.0,-0.004462621260788252,1.5989290046239442,0.0,0.0,0.0,,1,5,0.2
2026-09-01,True,57.0,7.273547060361509e-05,1.5438596491228083,0.0,0.0,0.0,,1,5,0.2
2026-09-08,False,,,,,,,1.0,1,5,0.2
2026-09-15,True,50.0,0.004362841621454564,1.0,0.0,0.0,0.0,,1,5,0.2
2026-09-22,False,,,,,,,54.0,1,5,0.2
2026-09-30,False,,,,,,,55.0,1,5,0.2
2020-01-16,True,113.0,-0.0029959481390834652,1.0,0.0,85.0,3.0,,1,5,0.4
2020-01-23,True,95.0,-0.008945653005118008,1.426378508899892,0.0,0.0,3.0,,1,5,0.4
2020-02-07,True,116.0,-0.00909519327153413,1.224137931034481,0.0,0.0,2.0,,1,5,0.4
2020-02-14,True,112.0,0.014959985984673178,1.1630139426596466,0.0,0.0,1.0,,1,5,0.4
2020-02-21,True,106.0,-0.0038678439556878164,1.3135562726264942,0.0,0.0,1.0,,1,5,0.4
2020-02-28,True,116.0,0.004768919799344292,1.1900429320740447,0.0,0.0,3.0,,1,5,0.4
2020-03-06,False,,,,,,,1.0,1,5,0.4
2020-03-13,True,109.0,-0.0012752079339107963,1.0,0.0,0.0,2.0,,1,5,0.4
2020-03-20,False,,,,,,,1.0,1,5,0.4
2020-03-27,True,112.0,0.009775765490275014,1.0,0.0,0.0,2.0,,1,5,0.4
2020-04-03,True,112.0,-8.813657172607658e-05,1.1099226780553078,0.0,0.0,2.0,,1,5,0.4
2020-04-13,True,112.0,0.0017830569434766526,1.1219461176554355,0.0,0.0,2.0,,1,5,0.4
2020-04-20,True,117.0,0.009160730548312332,1.2136907181333232,0.0,0.0,6.0,,1,5,0.4
2020-04-27,True,113.0,-0.004262024863413434,1.1705996903045528,0.0,0.0,2.0,,1,5,0.4
2020-05-07,True,114.0,-0.00118805274206321,1.135549552483506,0.0,0.0,3.0,,1,5,0.4
2020-05-14,True,114.0,0.0025091738195814842,1.152888560481487,0.0,0.0,3.0,,1,5,0.4
2020-05-21,True,110.0,-0.004649964614864719,1.1670578384611294,0.0,0.0,2.0,,1,5,0.4
2020-05-28,True,109.0,-0.0032126606870969826,1.1328180889440618,0.0,0.0,1.0,,1,5,0.4
2020-06-04,True,116.0,-0.001360347551901949,1.2413793103448265,0.0,0.0,3.0,,1,5,0.4
2020-06-11,True,114.0,0.00011326381828266618,1.045113871161493,0.0,0.0,3.0,,1,5,0.4
2020-06-18,True,102.0,-0.0014645632484559627,1.1117613264059425,0.0,0.0,2.0,,1,5,0.4
2020-06-29,True,106.0,-0.03010491692888534,1.265824709317479,0.0,0.0,1.0,,1,5,0.4
2020-07-06,True,107.0,0.024397100274662485,1.2797190835599699,1.0,0.0,2.0,,1,5,0.4
2020-07-13,True,101.0,0.0016199316621536078,1.1182884570994207,0.0,0.0,2.0,,1,5,0.4
2020-07-20,True,102.0,-0.0017804625255482057,1.2383131619018826,0.0,0.0,3.0,,1,5,0.4
2020-07-27,True,118.0,-0.012217365390472287,1.203389830508473,0.0,0.0,4.0,,1,5,0.4
2020-08-03,True,118.0,-0.004513048878999163,0.9507389981743464,0.0,0.0,1.0,,1,5,0.4
2020-08-10,True,114.0,-0.006380868438135458,1.080938611939218,0.0,0.0,1.0,,1,5,0.4
2020-08-17,True,110.0,0.007318625609643162,1.118424871499871,0.0,0.0,2.0,,1,5,0.4
2020-08-24,True,118.0,0.00019634911272820845,0.9344586983025571,0.0,0.0,3.0,,1,5,0.4
2020-08-31,True,103.0,-0.0020586423840401845,1.282981301137356,0.0,0.0,3.0,,1,5,0.4
2020-09-07,True,116.0,0.0009854115787257395,1.1551724137931019,0.0,0.0,3.0,,1,5,0.4
2020-09-14,True,99.0,-0.0038186371067684974,1.208033988376945,0.0,0.0,1.0,,1,5,0.4
2020-09-21,True,114.0,0.005420196797181177,1.105263157894738,0.0,0.0,3.0,,1,5,0.4
2020-09-28,True,105.0,-0.002313454012215055,1.2323738542475955,0.0,0.0,4.0,,1,5,0.4
2020-10-13,False,,,,,,,1.0,1,5,0.4
2020-10-20,True,112.0,0.008553958385252265,1.0,0.0,0.0,1.0,,1,5,0.4
2020-10-27,True,112.0,0.005126268893861832,1.1764687782227436,0.0,0.0,3.0,,1,5,0.4
2020-11-03,True,109.0,-0.002142268512728522,1.1792194048931148,0.0,0.0,2.0,,1,5,0.4
2020-11-10,True,109.0,0.0002818354243981306,1.2450544416832021,0.0,0.0,4.0,,1,5,0.4
2020-11-17,True,114.0,-0.00247863309449926,1.1832090878248553,0.0,0.0,3.0,,1,5,0.4
2020-11-24,True,116.0,-0.0012487550496150697,1.1493775838895417,0.0,0.0,2.0,,1,5,0.4
2020-12-01,False,,,,,,,2.0,1,5,0.4
2020-12-08,True,111.0,0.004741655525381701,1.0,0.0,0.0,2.0,,1,5,0.4
2020-12-15,True,81.0,-0.002353481432142598,1.3762455926506691,0.0,0.0,1.0,,1,5,0.4
2020-12-22,True,103.0,0.004761926560519466,1.3009708737864074,0.0,0.0,4.0,,1,5,0.4
2020-12-29,True,106.0,-0.006465362274376246,1.0956680008214685,0.0,0.0,2.0,,1,5,0.4
2021-01-06,True,109.0,0.009556256150733198,1.100035223198325,0.0,0.0,3.0,,1,5,0.4
2021-01-13,True,105.0,0.0076300041102905555,1.200586871827449,0.0,0.0,3.0,,1,5,0.4
2021-01-20,True,112.0,0.015635624385606388,1.0035822938307235,0.0,0.0,1.0,,1,5,0.4
2021-01-27,True,106.0,-0.0023138021223695644,1.3306099511953675,0.0,0.0,4.0,,1,5,0.4
2021-02-03,True,96.0,-0.00956171271441706,1.2715566870131667,0.0,0.0,2.0,,1,5,0.4
2021-02-10,True,103.0,0.005413567606566923,1.1471344321740744,0.0,0.0,2.0,,1,5,0.4
2021-02-24,True,108.0,-0.00510414625487818,1.4172403666302031,0.0,0.0,1.0,,1,5,0.4
2021-03-03,True,104.0,-0.006815834355492073,1.1982431924737929,0.0,0.0,1.0,,1,5,0.4
2021-03-10,True,108.0,0.00452442002649385,1.1363797862249136,0.0,0.0,1.0,,1,5,0.4
2021-03-17,True,106.0,-0.009164963423713125,1.232948521849025,0.0,0.0,1.0,,1,5,0.4
2021-03-24,True,112.0,3.687306023858125e-05,1.1520630224994293,0.0,0.0,3.0,,1,5,0.4
2021-03-31,True,114.0,0.0024974410399176816,1.0760065508474281,0.0,1.0,3.0,,1,5,0.4
2021-04-08,True,114.0,-0.0016182120656916994,1.1104185650602003,0.0,0.0,4.0,,1,5,0.4
2021-04-15,True,100.0,0.00029908470619924993,1.1955594228472877,0.0,0.0,0.0,,1,5,0.4
2021-04-22,True,116.0,0.007120100289858147,1.2586206896551715,0.0,0.0,1.0,,1,5,0.4
2021-04-29,False,,,,,,,1.0,1,5,0.4
2021-05-11,True,107.0,0.004416889014951086,0.9999999999999999,0.0,0.0,3.0,,1,5,0.4
2021-05-18,True,115.0,-0.004940536421095244,1.269565217391302,0.0,0.0,2.0,,1,5,0.4
2021-05-25,True,114.0,0.0007578685440674839,1.1478055059019217,0.0,0.0,2.0,,1,5,0.4
2021-06-01,True,114.0,-0.0038012681970891193,0.8995744490074515,0.0,0.0,2.0,,1,5,0.4
2021-06-08,True,112.0,0.0009700333827578657,1.0075583082408934,0.0,0.0,2.0,,1,5,0.4
2021-06-16,True,95.0,-0.0023640538148891922,1.3668891942521166,0.0,0.0,0.0,,1,5,0.4
2021-06-23,True,93.0,0.0010077855694201436,1.278317533040242,0.0,0.0,0.0,,1,5,0.4
2021-06-30,True,114.0,0.002695350082076192,1.4385964912280718,0.0,0.0,0.0,,1,5,0.4
2021-07-07,True,108.0,-0.0009270100311708331,1.1729160079664935,0.0,0.0,1.0,,1,5,0.4
2021-07-14,True,109.0,-0.000508137324772842,1.1881803163779459,0.0,0.0,1.0,,1,5,0.4
2021-07-21,True,109.0,-0.01068978779098604,1.1731907080932846,0.0,0.0,3.0,,1,5,0.4
2021-07-28,True,99.0,-0.01107912550987937,1.110719005552576,0.0,0.0,4.0,,1,5,0.4
2021-08-04,True,114.0,0.006683038428296383,1.2456140350877203,0.0,0.0,3.0,,1,5,0.4
2021-08-11,True,116.0,-0.011182154708708666,1.1588276322364481,0.0,0.0,2.0,,1,5,0.4
2021-08-18,True,110.0,0.010796521889038322,1.1735641265473638,0.0,0.0,0.0,,1,5,0.4
2021-08-25,True,114.0,-0.020504295430843117,1.1509591381467044,0.0,0.0,1.0,,1,5,0.4
2021-09-01,True,103.0,-0.0033265441649573853,1.1588488017924308,0.0,0.0,2.0,,1,5,0.4
2021-09-08,True,112.0,-0.006139405496143297,1.001735847046826,0.0,0.0,3.0,,1,5,0.4
2021-09-15,True,113.0,0.009231546399505009,1.1498464402119475,0.0,0.0,3.0,,1,5,0.4
2021-09-24,True,103.0,0.012055248226823126,1.224713361845288,0.0,0.0,1.0,,1,5,0.4
2021-10-08,True,110.0,0.011113670581430046,1.3848036651196953,0.0,0.0,2.0,,1,5,0.4
2021-10-15,True,110.0,-0.0001875416366503449,1.1547278207628053,0.0,0.0,2.0,,1,5,0.4
2021-10-22,True,111.0,0.0005339761101021932,1.2692285209759084,0.0,0.0,1.0,,1,5,0.4
2021-10-29,True,111.0,0.0009072170282275753,1.1602343060106353,1.0,0.0,1.0,,1,5,0.4
2021-11-05,True,107.0,0.003626036931817544,1.2722606591845729,0.0,0.0,2.0,,1,5,0.4
2021-11-12,True,108.0,0.004588548958238502,1.0153731827304837,0.0,0.0,2.0,,1,5,0.4
2021-11-19,False,,,,,,,1.0,1,5,0.4
2021-11-26,False,,,,,,,1.0,1,5,0.4
2021-12-03,True,110.0,0.003680470486442003,1.0,0.0,0.0,2.0,,1,5,0.4
2021-12-10,True,110.0,0.00036592005875141914,1.1828960092279999,0.0,0.0,2.0,,1,5,0.4
2021-12-17,True,106.0,0.0036103465783515784,1.133600584567247,0.0,0.0,1.0,,1,5,0.4
2021-12-24,True,99.0,0.006685672770955489,1.2021458734658461,0.0,0.0,1.0,,1,5,0.4
2021-12-31,True,114.0,-0.01518635652621377,1.175438596491229,0.0,0.0,2.0,,1,5,0.4
2022-01-10,True,107.0,0.0010503889654469092,1.1326977657673971,0.0,0.0,2.0,,1,5,0.4
2022-01-17,True,110.0,0.0017425818067647956,1.2243423669877505,0.0,0.0,1.0,,1,5,0.4
2022-01-24,True,113.0,-0.0064516373997485985,1.1451764941862306,0.0,1.0,2.0,,1,5,0.4
2022-02-07,True,86.0,-0.01237248816325786,1.32877035031798,0.0,0.0,2.0,,1,5,0.4
2022-02-14,True,111.0,0.0025476734295595913,1.4234234234234215,0.0,0.0,1.0,,1,5,0.4
2022-02-21,True,115.0,0.016915296641056822,1.116558275168866,0.0,0.0,2.0,,1,5,0.4
2022-02-28,True,98.0,0.006843902348462549,1.4507027813705422,0.0,0.0,3.0,,1,5,0.4
2022-03-07,True,114.0,0.0032276209909700426,1.2464481877671647,0.0,0.0,1.0,,1,5,0.4
2022-03-14,True,88.0,-0.0015639244985452237,1.4021184309405912,0.0,0.0,1.0,,1,5,0.4
2022-03-21,True,119.0,0.00945643635281257,1.2436974789915962,0.0,0.0,2.0,,1,5,0.4
2022-03-28,True,109.0,-0.004354429653568444,1.289097216997909,0.0,0.0,1.0,,1,5,0.4
2022-04-06,True,111.0,-0.0016154109021410158,1.0247644712997777,0.0,0.0,2.0,,1,5,0.4
2022-04-13,True,99.0,0.007840905855800367,1.1932203759478028,0.0,0.0,2.0,,1,5,0.4
2022-04-20,False,,,,,,,1.0,1,5,0.4
2022-04-27,True,82.0,0.01751304760910549,1.0,0.0,0.0,1.0,,1,5,0.4
2022-05-09,True,113.0,-0.004419423261682112,1.4336283185840715,0.0,0.0,1.0,,1,5,0.4
2022-05-16,True,117.0,-0.012369131242550485,1.1657866729963842,0.0,0.0,1.0,,1,5,0.4
2022-05-23,True,115.0,-0.0003620706352691536,1.189694307594944,0.0,0.0,0.0,,1,5,0.4
2022-05-30,True,114.0,0.00040387258690380984,1.2490596991400391,0.0,0.0,1.0,,1,5,0.4
2022-06-07,True,113.0,-0.014695929204223213,1.1100038189574593,0.0,0.0,1.0,,1,5,0.4
2022-06-14,True,101.0,0.007054136270337161,1.1496362232047546,0.0,0.0,1.0,,1,5,0.4
2022-06-21,True,106.0,0.0021769642614978303,1.08221848137119,0.0,0.0,0.0,,1,5,0.4
2022-06-28,True,115.0,-0.00014915165719127496,1.080021751777399,0.0,0.0,0.0,,1,5,0.4
2022-07-05,True,114.0,0.002524734964673609,1.131465910625564,0.0,0.0,0.0,,1,5,0.4
2022-07-12,True,109.0,0.0011034406293646236,1.1946591145105934,0.0,0.0,0.0,,1,5,0.4
2022-07-19,True,105.0,0.0019048699428656814,1.2393713513144657,0.0,0.0,0.0,,1,5,0.4
2022-07-26,True,110.0,-0.01185289020278292,1.310998392135879,0.0,0.0,0.0,,1,5,0.4
2022-08-02,True,109.0,-0.00446160909340404,1.1213470033577022,0.0,0.0,0.0,,1,5,0.4
2022-08-09,False,,,,,,,1.0,1,5,0.4
2022-08-16,True,114.0,-0.0051786682231655615,1.0,0.0,0.0,0.0,,1,5,0.4
2022-08-23,True,108.0,0.0037327525293315844,1.1575213588173763,0.0,0.0,0.0,,1,5,0.4
2022-08-30,True,109.0,-0.0045663067446857775,1.188471123650779,0.0,0.0,0.0,,1,5,0.4
2022-09-06,True,109.0,-0.0006926738098583449,1.0824423165285646,0.0,0.0,0.0,,1,5,0.4
2022-09-14,True,114.0,-0.0022727348608080553,1.1598841651176373,0.0,0.0,1.0,,1,5,0.4
2022-09-21,True,108.0,0.001480673196670234,1.2489389731823544,0.0,0.0,0.0,,1,5,0.4
2022-09-28,True,101.0,0.006400715641263079,1.3484195666573868,0.0,0.0,0.0,,1,5,0.4
2022-10-12,True,99.0,-0.0007921286934945912,1.2836622099525197,0.0,0.0,0.0,,1,5,0.4
2022-10-19,True,115.0,-0.0064136823147065295,1.2003348042910946,0.0,0.0,1.0,,1,5,0.4
2022-10-26,True,106.0,0.0007512647963038842,1.1966045930129374,0.0,0.0,0.0,,1,5,0.4
2022-11-02,True,102.0,0.005551328737746643,1.3334716215583702,0.0,1.0,1.0,,1,5,0.4
2022-11-09,True,116.0,-0.0031033793160085525,1.344827586206895,0.0,0.0,1.0,,1,5,0.4
2022-11-16,True,117.0,-0.004816681812426357,1.171888719614482,0.0,0.0,0.0,,1,5,0.4
2022-11-23,True,110.0,0.007652986113763017,1.2537463885603706,0.0,0.0,0.0,,1,5,0.4
2022-11-30,True,108.0,0.009211805114919477,1.1420394848890716,0.0,0.0,1.0,,1,5,0.4
2022-12-07,True,114.0,-0.006964630286133319,1.298319333152584,0.0,0.0,1.0,,1,5,0.4
2022-12-14,True,109.0,-0.000466329070296579,1.1324335970127457,0.0,0.0,0.0,,1,5,0.4
2022-12-21,True,104.0,0.003210759837025558,1.1590804536830908,0.0,0.0,0.0,,1,5,0.4
2022-12-28,True,112.0,-0.002248985159542572,1.32142857142857,0.0,0.0,0.0,,1,5,0.4
2023-01-05,True,111.0,0.0067959590764975,1.208170623553544,0.0,0.0,0.0,,1,5,0.4
2023-01-12,True,113.0,-0.00372669212088151,1.0890582266253344,0.0,0.0,0.0,,1,5,0.4
2023-01-19,True,117.0,0.0027455217868398015,1.2157874222059364,0.0,0.0,0.0,,1,5,0.4
2023-02-02,True,116.0,0.0023704568178132723,1.2990916834839805,0.0,0.0,0.0,,1,5,0.4
2023-02-09,True,106.0,0.002319205604391906,1.179236951508545,0.0,0.0,0.0,,1,5,0.4
2023-02-16,True,112.0,-0.0005276896422659084,1.2169055810898868,0.0,0.0,0.0,,1,5,0.4
2023-02-23,True,116.0,-0.006485212407029146,1.1389624852835165,0.0,0.0,1.0,,1,5,0.4
2023-03-02,True,116.0,-0.007491584538908112,1.132683064529597,0.0,0.0,1.0,,1,5,0.4
2023-03-09,True,103.0,-0.007452081901254976,1.098400555958798,0.0,0.0,1.0,,1,5,0.4
2023-03-16,True,100.0,-0.010962208763606512,1.067269248030304,0.0,0.0,0.0,,1,5,0.4
2023-03-23,True,112.0,0.009631102789757744,1.1249999999999996,0.0,0.0,0.0,,1,5,0.4
2023-03-30,True,112.0,-0.00916740922917151,1.1569978518033777,0.0,0.0,0.0,,1,5,0.4
2023-04-07,True,115.0,0.006244145777521808,1.1713138829943677,0.0,0.0,0.0,,1,5,0.4
2023-04-14,True,114.0,0.0016919439630033659,1.1449564355768558,0.0,1.0,0.0,,1,5,0.4
2023-04-21,True,108.0,-0.0037243624148586268,1.132951921149427,0.0,1.0,1.0,,1,5,0.4
2023-04-28,True,97.0,-0.0033848221120857678,1.199942857079386,0.0,0.0,0.0,,1,5,0.4
2023-05-10,True,99.0,-0.002782461060930448,1.2604731461544787,0.0,0.0,1.0,,1,5,0.4
2023-05-17,True,108.0,0.00821898995409746,1.0555555555555567,0.0,0.0,0.0,,1,5,0.4
2023-05-24,True,112.0,-0.0008950343511113686,1.1627104282972254,0.0,0.0,0.0,,1,5,0.4
2023-05-31,True,101.0,0.011604275125345901,1.1965964972744658,0.0,0.0,0.0,,1,5,0.4
2023-06-07,True,113.0,-0.0005932227068751461,1.2743362831858411,0.0,0.0,1.0,,1,5,0.4
2023-06-14,True,109.0,-0.000679808453887874,1.1193456931847725,0.0,0.0,1.0,,1,5,0.4
2023-06-21,True,109.0,0.0014266517953730046,1.231385668315654,0.0,0.0,0.0,,1,5,0.4
2023-06-30,True,107.0,0.0034759880217393765,1.0876292761613138,0.0,0.0,0.0,,1,5,0.4
2023-07-07,True,112.0,-2.535979437967746e-05,1.305742348835312,0.0,0.0,0.0,,1,5,0.4
2023-07-14,True,117.0,-0.0016059944490867846,1.1649472785639063,0.0,0.0,1.0,,1,5,0.4
2023-07-21,True,111.0,-0.010608678979920627,1.1007992705164569,0.0,0.0,1.0,,1,5,0.4
2023-07-28,True,114.0,-9.87746502243334e-05,1.2011694610541894,0.0,0.0,0.0,,1,5,0.4
2023-08-04,True,118.0,0.002509543658778847,1.0849959076879658,0.0,0.0,1.0,,1,5,0.4
2023-08-11,True,110.0,0.0027142879099690664,1.253754212605577,0.0,0.0,0.0,,1,5,0.4
2023-08-18,True,104.0,-0.000374631931683949,1.1633254174222658,0.0,0.0,0.0,,1,5,0.4
2023-08-25,True,91.0,-0.008119996995541091,1.1716393795096598,5.0,0.0,0.0,,1,5,0.4
2023-09-01,True,118.0,-0.0017779944763610459,1.372881355932202,0.0,0.0,0.0,,1,5,0.4
2023-09-08,True,110.0,0.00019214053317036413,1.2617772419193476,0.0,0.0,1.0,,1,5,0.4
2023-09-15,True,113.0,-0.0005976671376105606,1.2934283774614417,0.0,0.0,1.0,,1,5,0.4
2023-09-22,True,108.0,-0.004126812049845212,1.1512075759695288,0.0,0.0,0.0,,1,5,0.4
2023-10-09,True,113.0,-0.00221828994583911,1.1699912156025776,0.0,0.0,0.0,,1,5,0.4
2023-10-16,True,115.0,-0.0014591108023445237,1.11855474034445,0.0,0.0,0.0,,1,5,0.4
2023-10-23,True,80.0,-0.004142562982776755,1.4239521121480623,0.0,0.0,0.0,,1,5,0.4
2023-10-30,True,112.0,-0.002737093272097796,1.3214285714285705,0.0,0.0,0.0,,1,5,0.4
2023-11-06,True,114.0,0.0016051800674186508,1.1808861905853696,0.0,0.0,1.0,,1,5,0.4
2023-11-13,True,110.0,4.532967440582414e-05,1.076775903752233,0.0,0.0,0.0,,1,5,0.4
2023-11-20,True,116.0,0.005219654454979187,1.0517241379310331,0.0,0.0,1.0,,1,5,0.4
2023-11-27,True,112.0,-0.004622039360806469,1.1926920437412951,0.0,0.0,0.0,,1,5,0.4
2023-12-04,True,97.0,-0.0037084519474059868,1.3072192202585196,0.0,0.0,0.0,,1,5,0.4
2023-12-11,True,89.0,0.0006496242432276166,1.3835815992835194,0.0,0.0,0.0,,1,5,0.4
2023-12-18,True,104.0,0.0037288673995000236,1.1153846153846148,0.0,0.0,0.0,,1,5,0.4
2023-12-25,True,98.0,-0.006208916523371395,1.3119931403089733,0.0,0.0,0.0,,1,5,0.4
2024-01-02,True,113.0,0.004580283428446654,1.3982300884955763,0.0,0.0,1.0,,1,5,0.4
2024-01-09,True,108.0,-0.007327551988608037,1.2843315931567103,0.0,0.0,0.0,,1,5,0.4
2024-01-16,True,107.0,-0.003925270726459148,1.2467287216891472,0.0,0.0,1.0,,1,5,0.4
2024-01-23,True,112.0,0.013651704806336875,1.1618640768098762,0.0,1.0,1.0,,1,5,0.4
2024-01-30,True,115.0,0.004409448659901359,1.0206316936635478,0.0,0.0,1.0,,1,5,0.4
2024-02-06,True,96.0,-0.0030666953928601,1.4811801466978756,0.0,0.0,0.0,,1,5,0.4
2024-02-21,True,100.0,0.0012212568411328045,1.4205663097382741,0.0,0.0,0.0,,1,5,0.4
2024-02-28,True,113.0,-0.007464907322455864,1.256637168141593,0.0,0.0,0.0,,1,5,0.4
2024-03-06,True,110.0,0.0024044689439689463,1.0697602989494417,0.0,0.0,0.0,,1,5,0.4
2024-03-13,True,116.0,-0.004506184325996037,1.4503252302361802,0.0,0.0,0.0,,1,5,0.4
2024-03-20,True,117.0,0.013252592296504374,1.1188262071043433,0.0,0.0,1.0,,1,5,0.4
2024-03-27,True,105.0,0.0033836447596906453,1.3694380696834336,0.0,0.0,0.0,,1,5,0.4
2024-04-03,True,116.0,-0.0011046328697550782,1.2241379310344815,0.0,0.0,1.0,,1,5,0.4
2024-04-12,True,98.0,0.0018238221979106108,1.3460063165507448,0.0,0.0,1.0,,1,5,0.4
2024-04-19,True,108.0,0.005280412354226924,1.203703703703705,0.0,0.0,0.0,,1,5,0.4
2024-04-26,True,111.0,-0.0014396075195215428,1.3430008053750737,0.0,0.0,1.0,,1,5,0.4
2024-05-08,True,109.0,0.00419864084064409,1.128093068304097,0.0,0.0,1.0,,1,5,0.4
2024-05-15,True,112.0,-0.003951250793148746,1.1294074086997985,0.0,0.0,0.0,,1,5,0.4
2024-05-22,True,116.0,0.006853033883819365,1.0225619456527764,0.0,0.0,0.0,,1,5,0.4
2024-05-29,True,104.0,0.0035815104248475287,1.3015460488426718,0.0,0.0,1.0,,1,5,0.4
2024-06-05,True,110.0,-0.00262515288969567,1.2006549634568409,0.0,0.0,0.0,,1,5,0.4
2024-06-13,True,104.0,0.0013866391257326624,1.3865382619184394,0.0,0.0,0.0,,1,5,0.4
2024-06-20,True,107.0,0.005835712752154831,1.1999305930115496,0.0,0.0,0.0,,1,5,0.4
2024-06-27,True,86.0,-0.0019339741767090256,1.1569776125849998,0.0,0.0,1.0,,1,5,0.4
2024-07-04,True,96.0,-0.0017355973974233236,1.4583333333333344,0.0,0.0,0.0,,1,5,0.4
2024-07-11,True,102.0,0.004874482732009234,1.3333333333333324,0.0,0.0,0.0,,1,5,0.4
2024-07-18,False,,,,,,,1.0,1,5,0.4
2024-07-25,True,108.0,-0.010413585758032067,1.0,0.0,0.0,0.0,,1,5,0.4
2024-08-01,True,110.0,0.0020566343811433945,1.1172994306224813,0.0,0.0,0.0,,1,5,0.4
2024-08-08,True,111.0,0.00948807236535659,1.0914122471572374,0.0,0.0,0.0,,1,5,0.4
2024-08-15,True,107.0,-0.0024609774059513555,1.0770648288824294,0.0,0.0,0.0,,1,5,0.4
2024-08-22,True,103.0,0.004425937423494214,1.2012461361841462,0.0,0.0,1.0,,1,5,0.4
2024-08-29,False,,,,,,,2.0,1,5,0.4
2024-09-05,False,,,,,,,1.0,1,5,0.4
2024-09-12,True,104.0,0.008407361876327235,1.0,0.0,0.0,1.0,,1,5,0.4
2024-09-23,True,112.0,0.003660869915589171,1.2331138722714763,0.0,0.0,0.0,,1,5,0.4
2024-10-14,True,118.0,0.004055530032293936,1.3454172909133981,0.0,0.0,0.0,,1,5,0.4
2024-10-21,True,90.0,-0.007703954480019468,1.2717844695382408,0.0,0.0,0.0,,1,5,0.4
2024-10-28,True,115.0,-0.0028543332398173523,1.0086956521739119,0.0,0.0,0.0,,1,5,0.4
2024-11-04,True,114.0,-0.0020539994810727658,1.019888064938338,0.0,0.0,0.0,,1,5,0.4
2024-11-11,True,104.0,0.01792888793456968,1.1778634692166157,0.0,0.0,0.0,,1,5,0.4
2024-11-18,True,115.0,0.007008663797667635,1.0102516292919148,0.0,0.0,0.0,,1,5,0.4
2024-11-25,True,104.0,0.0012481838690668948,1.2381059124297131,0.0,0.0,0.0,,1,5,0.4
2024-12-02,True,116.0,-0.0002478138884574009,1.4827586206896533,0.0,0.0,1.0,,1,5,0.4
2024-12-09,True,114.0,0.008073590693726554,0.9889747348985299,0.0,0.0,1.0,,1,5,0.4
2024-12-16,True,112.0,0.004638970219952299,1.0805892357058673,0.0,0.0,1.0,,1,5,0.4
2024-12-23,True,94.0,0.00017213051771385393,1.3043700283511612,0.0,0.0,0.0,,1,5,0.4
2024-12-30,True,115.0,0.007967714755532547,1.2869565217391281,0.0,0.0,0.0,,1,5,0.4
2025-01-07,True,95.0,0.005329327537428416,1.3865955519209745,0.0,0.0,0.0,,1,5,0.4
2025-01-14,True,101.0,-0.0010703840762386918,1.3877167042747114,0.0,0.0,0.0,,1,5,0.4
2025-01-21,False,,,,,,,2.0,1,5,0.4
2025-02-05,False,,,,,,,2.0,1,5,0.4
2025-02-12,True,114.0,0.0006590538505524992,1.0,0.0,0.0,0.0,,1,5,0.4
2025-02-19,False,,,,,,,1.0,1,5,0.4
2025-02-26,True,108.0,0.006924501398263618,1.0,0.0,0.0,0.0,,1,5,0.4
2025-03-05,True,113.0,-0.001544380061879455,1.226366584989785,0.0,0.0,1.0,,1,5,0.4
2025-03-12,False,,,,,,,1.0,1,5,0.4
2025-03-19,True,112.0,-0.0024841911844355052,1.0,0.0,0.0,1.0,,1,5,0.4
2025-03-26,True,102.0,0.000587350970712516,1.2661047788522228,0.0,0.0,0.0,,1,5,0.4
2025-04-02,True,106.0,-0.0007206382959835111,1.1730078754644233,0.0,0.0,0.0,,1,5,0.4
2025-04-10,True,101.0,0.0014964838222246788,1.2397626719182253,0.0,0.0,0.0,,1,5,0.4
2025-04-17,True,114.0,0.010919321009226081,1.0877192982456154,0.0,0.0,1.0,,1,5,0.4
2025-04-24,True,114.0,-0.008932693801653657,1.482493435492115,0.0,0.0,0.0,,1,5,0.4
2025-05-06,True,111.0,0.0032175202016729767,1.1164687006880105,0.0,0.0,0.0,,1,5,0.4
2025-05-13,True,115.0,0.0013540330862731838,1.0622890577285022,0.0,0.0,0.0,,1,5,0.4
2025-05-20,False,,,,,,,2.0,1,5,0.4
2025-05-27,True,108.0,-0.003180688239466132,1.0,0.0,0.0,0.0,,1,5,0.4
2025-06-04,True,112.0,-0.00041219508266741,1.2504771172562483,0.0,0.0,0.0,,1,5,0.4
2025-06-11,True,109.0,-0.002379386534254963,1.1333778524043379,0.0,0.0,0.0,,1,5,0.4
2025-06-18,True,102.0,-0.004007450757517685,1.142320576266854,0.0,0.0,0.0,,1,5,0.4
2025-06-25,True,102.0,0.0018725671230969835,1.2040475656202665,0.0,0.0,0.0,,1,5,0.4
2025-07-02,True,116.0,-0.0021706641451079527,1.1379310344827573,0.0,0.0,0.0,,1,5,0.4
2025-07-09,True,113.0,0.0022908957264900507,1.0071514483161146,0.0,0.0,0.0,,1,5,0.4
2025-07-16,True,117.0,-0.0016936638455935585,1.1130706288116505,0.0,0.0,0.0,,1,5,0.4
2025-07-23,True,117.0,0.0007685451678238042,1.130064359719803,0.0,0.0,0.0,,1,5,0.4
2025-07-30,True,110.0,0.0073371450531929195,1.0049900627421846,0.0,0.0,0.0,,1,5,0.4
2025-08-06,True,109.0,-0.00132441985322055,1.2062777180955138,0.0,0.0,0.0,,1,5,0.4
2025-08-13,True,115.0,-0.01234759066170514,1.1304347826086945,0.0,0.0,0.0,,1,5,0.4
2025-08-20,True,105.0,-0.003120349645633541,1.155120453622534,0.0,0.0,0.0,,1,5,0.4
2025-08-27,False,,,,,,,1.0,1,5,0.4
2025-09-03,True,112.0,0.0007298900195126454,1.0,0.0,0.0,0.0,,1,5,0.4
2025-09-10,True,106.0,-0.00025870187990409757,1.29468806058625,0.0,0.0,0.0,,1,5,0.4
2025-09-17,True,116.0,-0.006812514005902394,1.2241379310344809,0.0,0.0,0.0,,1,5,0.4
2025-09-24,True,96.0,0.0008570316988330273,1.4024434205505354,0.0,0.0,0.0,,1,5,0.4
2025-10-09,True,111.0,0.0073012620856328205,1.44144144144144,0.0,0.0,0.0,,1,5,0.4
2025-10-16,True,113.0,0.0031510829866501994,1.0964612556821356,0.0,0.0,0.0,,1,5,0.4
2025-10-23,True,106.0,-0.00899784028872751,1.1901371034963284,0.0,0.0,0.0,,1,5,0.4
2025-10-30,True,114.0,0.0063117576819836825,1.1239545947806704,0.0,0.0,0.0,,1,5,0.4
2025-11-06,True,110.0,-0.0019341436398490745,1.0947423306157391,0.0,0.0,0.0,,1,5,0.4
2025-11-13,False,,,,,,,1.0,1,5,0.4
2025-11-20,True,103.0,-0.000649515171488685,0.9999999999999999,0.0,0.0,0.0,,1,5,0.4
2025-11-27,True,101.0,0.003579457827521202,1.246592101057049,0.0,0.0,0.0,,1,5,0.4
2025-12-04,True,113.0,-0.0010836693587644853,1.3628318584070807,0.0,0.0,0.0,,1,5,0.4
2025-12-11,True,112.0,0.004213986125374284,1.1245148307027446,0.0,0.0,0.0,,1,5,0.4
2025-12-18,True,106.0,-0.0054335941427343,1.125784394205629,0.0,0.0,0.0,,1,5,0.4
2025-12-25,True,107.0,-0.0033524954105075173,1.222330257357499,0.0,0.0,0.0,,1,5,0.4
2026-01-05,True,111.0,-0.01416920638490786,1.1223809740976114,0.0,0.0,0.0,,1,5,0.4
2026-01-12,True,108.0,0.0066285277574742755,1.0976744566996128,0.0,0.0,0.0,,1,5,0.4
2026-01-19,True,113.0,-0.005899622681273656,1.187380832066564,0.0,0.0,0.0,,1,5,0.4
2026-01-26,True,104.0,0.0016857241337945965,1.1458146333057444,0.0,0.0,0.0,,1,5,0.4
2026-02-02,True,104.0,0.004490591540236056,1.0625668538208408,0.0,0.0,0.0,,1,5,0.4
2026-02-09,True,104.0,0.008129920597047842,1.2588738167672893,0.0,0.0,0.0,,1,5,0.4
2026-02-24,True,111.0,0.003560937213677935,1.2076096264589011,0.0,0.0,0.0,,1,5,0.4
2026-03-03,True,102.0,0.006949844030838032,1.223310695394761,0.0,0.0,0.0,,1,5,0.4
2026-03-10,True,112.0,0.010070463892966085,1.2513985479639733,0.0,0.0,0.0,,1,5,0.4
2026-03-17,True,111.0,-0.006255920734583954,1.17320676643834,0.0,0.0,0.0,,1,5,0.4
2026-03-24,True,87.0,0.010798699866119114,1.344375743604126,0.0,0.0,0.0,,1,5,0.4
2026-03-31,True,115.0,-0.0017336839913956181,1.3217391304347808,0.0,0.0,0.0,,1,5,0.4
2026-04-08,True,110.0,-0.0036831563669844497,1.167844236709423,0.0,0.0,0.0,,1,5,0.4
2026-04-15,True,108.0,-0.0035743840922067907,1.0709505628400602,0.0,0.0,0.0,,1,5,0.4
2026-04-22,True,111.0,0.00043329738888532625,1.140523902000298,0.0,0.0,0.0,,1,5,0.4
2026-04-29,True,107.0,-0.009955622376969672,1.219026136660512,0.0,0.0,0.0,,1,5,0.4
2026-05-11,True,108.0,0.010695892879521347,1.219272082073969,0.0,0.0,0.0,,1,5,0.4
2026-05-18,True,107.0,0.0065487154918354665,1.2039287019233815,0.0,0.0,0.0,,1,5,0.4
2026-05-25,True,106.0,0.010629910998377288,1.1382925951535006,0.0,0.0,0.0,,1,5,0.4
2026-06-01,True,105.0,0.004087762502411621,1.2165388229333716,0.0,0.0,0.0,,1,5,0.4
2026-06-08,True,103.0,0.005011499910781699,1.268234201206387,0.0,0.0,0.0,,1,5,0.4
2026-06-15,True,100.0,-0.01593790659427715,1.2224472426674786,0.0,0.0,0.0,,1,5,0.4
2026-06-23,True,100.0,-0.0018061389498295766,1.132072936058491,0.0,0.0,0.0,,1,5,0.4
2026-06-30,True,97.0,0.01564185763881098,1.3159572511817024,1.0,0.0,0.0,,1,5,0.4
2026-07-07,True,116.0,0.0054655607317048,1.2597990303904838,0.0,0.0,0.0,,1,5,0.4
2026-07-14,True,110.0,0.0029862913859296726,1.0028330371857985,0.0,0.0,0.0,,1,5,0.4
2026-07-21,True,95.0,-0.009338475539748047,1.2011836390135335,0.0,0.0,0.0,,1,5,0.4
2026-07-28,True,113.0,-0.002383592139006291,1.3118852778820433,0.0,0.0,0.0,,1,5,0.4
2026-08-04,True,115.0,0.022380531225204354,1.0292690067579515,0.0,0.0,0.0,,1,5,0.4
2026-08-11,True,108.0,0.0007136634371460778,1.2265348198947774,0.0,0.0,0.0,,1,5,0.4
2026-08-18,True,111.0,0.014041043251553637,1.1380311951117588,0.0,0.0,0.0,,1,5,0.4
2026-08-25,True,102.0,-0.0030164763710785053,1.313794749371825,0.0,0.0,0.0,,1,5,0.4
2026-09-01,True,114.0,0.00025855546293814414,1.2300910610931712,0.0,0.0,0.0,,1,5,0.4
2026-09-08,False,,,,,,,2.0,1,5,0.4
2026-09-15,True,100.0,0.0008887307433344781,1.0,0.0,0.0,0.0,,1,5,0.4
2026-09-22,False,,,,,,,108.0,1,5,0.4
2026-09-30,False,,,,,,,111.0,1,5,0.4
2020-01-16,True,56.0,-0.011340200510662465,1.0,0.0,0.0,2.0,,1,10,0.2
2020-02-07,True,58.0,-0.0356407417970871,1.6228208294264823,0.0,0.0,1.0,,1,10,0.2
2020-02-21,True,53.0,-0.008881182310831879,1.594738993901453,0.0,0.0,1.0,,1,10,0.2
2020-03-06,True,58.0,-0.01007038146665401,1.5215552963784589,0.0,0.0,0.0,,1,10,0.2
2020-03-20,True,41.0,0.02629728077855019,1.5243873659616909,0.0,0.0,1.0,,1,10,0.2
2020-04-03,True,56.0,-0.003903728549800643,1.8214285714285703,0.0,0.0,1.0,,1,10,0.2
2020-04-20,True,58.0,0.002891467153519966,1.6580149914631446,0.0,0.0,5.0,,1,10,0.2
2020-05-07,True,57.0,-0.000934973336845368,1.6365384365400522,0.0,0.0,2.0,,1,10,0.2
2020-05-21,False,,,,,,,1.0,1,10,0.2
2020-06-04,True,58.0,-0.0033352570577558534,1.0,0.0,0.0,2.0,,1,10,0.2
2020-06-18,True,51.0,-0.021845321078101998,1.5250835559323106,0.0,0.0,1.0,,1,10,0.2
2020-07-06,True,53.0,0.03699304523854292,1.8224023668717662,0.0,0.0,1.0,,1,10,0.2
2020-07-20,True,51.0,-0.011852232952216688,1.5972969419898972,0.0,0.0,1.0,,1,10,0.2
2020-08-03,True,59.0,-0.005094424510790402,1.6949152542372867,0.0,0.0,0.0,,1,10,0.2
2020-08-17,True,55.0,0.025792964961065805,1.5425668135818948,0.0,0.0,0.0,,1,10,0.2
2020-08-31,True,51.0,0.004968103540677622,1.789660009410681,0.0,0.0,2.0,,1,10,0.2
2020-09-14,True,49.0,0.0020562517012774097,1.8418933963712778,0.0,0.0,0.0,,1,10,0.2
2020-09-28,True,52.0,0.003515423030716544,1.7307692307692297,0.0,0.0,0.0,,1,10,0.2
2020-10-20,True,56.0,0.019647159981616105,1.5378122509357386,0.0,0.0,1.0,,1,10,0.2
2020-11-03,True,54.0,0.008091223513418944,1.6283480845534934,0.0,0.0,1.0,,1,10,0.2
2020-11-17,True,57.0,0.00039210749186496807,1.5840542516468237,0.0,0.0,2.0,,1,10,0.2
2020-12-01,False,,,,,,,1.0,1,10,0.2
2020-12-15,True,40.0,0.0047421859010739606,1.0,0.0,0.0,0.0,,1,10,0.2
2020-12-29,True,53.0,-0.005383736609521184,1.849056603773585,0.0,0.0,0.0,,1,10,0.2
2021-01-13,True,52.0,0.03216747693446915,1.6100200588304905,0.0,0.0,1.0,,1,10,0.2
2021-01-27,True,53.0,-0.03445661680962778,1.745700206312686,0.0,0.0,4.0,,1,10,0.2
2021-02-10,True,51.0,0.007735392371176361,1.5609245158415301,0.0,0.0,1.0,,1,10,0.2
2021-03-03,True,52.0,-0.016206142468889205,1.7915320345440793,0.0,1.0,1.0,,1,10,0.2
2021-03-17,True,53.0,0.008138652818358665,1.5600499294368186,0.0,0.0,0.0,,1,10,0.2
2021-03-31,True,57.0,-0.004669624674571405,1.61913862411084,0.0,0.0,1.0,,1,10,0.2
2021-04-15,True,50.0,0.006737672675686545,1.5066647661029902,0.0,0.0,0.0,,1,10,0.2
2021-04-29,True,54.0,-0.005849170898475776,1.7421104383666335,0.0,0.0,2.0,,1,10,0.2
2021-05-18,True,57.0,-0.0052495574873944115,1.65170177181145,0.0,0.0,1.0,,1,10,0.2
2021-06-01,True,57.0,0.0028972240071595823,1.5251069034623541,0.0,0.0,1.0,,1,10,0.2
2021-06-16,True,47.0,-0.009542797581584148,1.6866654379459072,0.0,0.0,0.0,,1,10,0.2
2021-06-30,True,57.0,-0.009299207017923299,1.6842105263157912,0.0,0.0,0.0,,1,10,0.2
2021-07-14,True,54.0,-0.004305978870836544,1.5959108473568575,0.0,0.0,0.0,,1,10,0.2
2021-07-28,True,49.0,-0.006893937906434139,1.5653274494525786,0.0,0.0,2.0,,1,10,0.2
2021-08-11,True,58.0,-0.0015813535919209478,1.6206896551724135,0.0,0.0,1.0,,1,10,0.2
2021-08-25,True,57.0,-0.04758047699710119,1.5721028724322295,0.0,0.0,1.0,,1,10,0.2
2021-09-08,True,56.0,0.006465887752698282,1.497706775429352,0.0,0.0,3.0,,1,10,0.2
2021-09-24,True,51.0,0.0405943482586639,1.4763568621162566,0.0,0.0,0.0,,1,10,0.2
2021-10-15,True,55.0,-0.0003760647886784114,1.6482205829542058,0.0,0.0,0.0,,1,10,0.2
2021-10-29,True,55.0,-0.010744455652723842,1.7224018037242204,0.0,0.0,0.0,,1,10,0.2
2021-11-12,True,54.0,0.01739610668910231,1.5749208608746514,0.0,0.0,0.0,,1,10,0.2
2021-11-26,False,,,,,,,1.0,1,10,0.2
2021-12-10,True,55.0,-0.0022328998431512988,1.0,0.0,0.0,1.0,,1,10,0.2
2021-12-24,True,49.0,-0.010545688906152614,1.7553926819404846,0.0,0.0,0.0,,1,10,0.2
2022-01-10,True,53.0,-0.0013619331766737824,1.6605016506974037,0.0,0.0,2.0,,1,10,0.2
2022-01-24,True,56.0,-0.015799502362571022,1.7523609332333105,0.0,0.0,2.0,,1,10,0.2
2022-02-14,True,55.0,0.018907984345490063,1.6276211741774056,0.0,0.0,1.0,,1,10,0.2
2022-02-28,True,49.0,0.0017402393108644498,1.646133986512279,0.0,0.0,1.0,,1,10,0.2
2022-03-14,True,44.0,-0.012429554840419611,1.7683852248689982,0.0,0.0,1.0,,1,10,0.2
2022-03-28,True,54.0,0.00037863583482309303,1.4814814814814818,0.0,0.0,0.0,,1,10,0.2
2022-04-13,True,49.0,0.012654421434826452,1.3975057936827582,0.0,0.0,0.0,,1,10,0.2
2022-04-27,True,41.0,0.02028366824544669,1.7654632164126796,0.0,0.0,0.0,,1,10,0.2
2022-05-16,True,58.0,0.005229746957854095,1.758620689655171,0.0,0.0,0.0,,1,10,0.2
2022-05-30,True,57.0,-0.01183791269407529,1.5703540826876394,0.0,0.0,1.0,,1,10,0.2
2022-06-14,True,50.0,0.01131215065542069,1.3906393286282115,0.0,0.0,0.0,,1,10,0.2
2022-06-28,True,57.0,-0.0040706990643546645,1.5438596491228078,0.0,0.0,0.0,,1,10,0.2
2022-07-12,True,54.0,0.011485320980307316,1.6222256597361455,0.0,0.0,0.0,,1,10,0.2
2022-07-26,True,55.0,-0.01654339686893565,1.6405387566044525,0.0,0.0,0.0,,1,10,0.2
2022-08-09,True,56.0,-0.0028709048703227176,1.508718924848813,0.0,0.0,0.0,,1,10,0.2
2022-08-23,True,54.0,0.005279584369446224,1.4365587622561649,0.0,0.0,0.0,,1,10,0.2
2022-09-06,True,54.0,0.001854458003738492,1.6457102166094653,0.0,0.0,0.0,,1,10,0.2
2022-09-21,True,54.0,0.008983321259517032,1.5655664408554935,0.0,0.0,0.0,,1,10,0.2
2022-10-12,True,49.0,-0.00525952405603325,1.6043531825192041,0.0,0.0,0.0,,1,10,0.2
2022-10-26,True,53.0,-0.0013307992658168726,1.8158017761140077,0.0,0.0,0.0,,1,10,0.2
2022-11-09,True,58.0,-8.18635045090263e-05,1.7241379310344818,0.0,0.0,0.0,,1,10,0.2
2022-11-23,True,55.0,0.03886424914633193,1.6967805705989711,0.0,0.0,0.0,,1,10,0.2
2022-12-07,True,57.0,-0.010774456477630659,1.688988717846218,0.0,0.0,0.0,,1,10,0.2
2022-12-21,True,52.0,0.008202741811126148,1.6859074869005353,0.0,0.0,0.0,,1,10,0.2
2023-01-05,True,55.0,0.012636511591863867,1.6392718319578186,0.0,0.0,0.0,,1,10,0.2
2023-01-19,True,58.0,0.0040042413369282956,1.657138199296382,0.0,0.0,0.0,,1,10,0.2
2023-02-09,True,53.0,-0.00439828465326041,1.630552270071696,0.0,0.0,0.0,,1,10,0.2
2023-02-23,True,58.0,-0.005947596532080209,1.6555894861601195,0.0,0.0,0.0,,1,10,0.2
2023-03-09,True,51.0,-0.0349385164613789,1.6988638772487141,0.0,0.0,0.0,,1,10,0.2
2023-03-23,True,56.0,-0.008239032526959594,1.500714461129782,0.0,0.0,0.0,,1,10,0.2
2023-04-07,True,57.0,0.005160746314021636,1.3740912825575486,0.0,0.0,0.0,,1,10,0.2
2023-04-21,True,54.0,-0.015079726410317986,1.60232310175234,0.0,0.0,0.0,,1,10,0.2
2023-05-10,True,49.0,0.012003752982483483,1.5613444492450115,0.0,0.0,1.0,,1,10,0.2
2023-05-24,True,56.0,0.0019770773333549936,1.6785714285714284,0.0,0.0,0.0,,1,10,0.2
2023-06-07,True,56.0,0.0026331016799416938,1.4775385312356122,0.0,0.0,1.0,,1,10,0.2
2023-06-21,True,54.0,0.01834391807081261,1.687360105799404,0.0,0.0,0.0,,1,10,0.2
2023-07-07,True,56.0,0.009421470931802912,1.7164035612992359,0.0,0.0,0.0,,1,10,0.2
2023-07-21,True,55.0,-0.007684889558220463,1.7627242873560964,0.0,0.0,0.0,,1,10,0.2
2023-08-04,True,59.0,0.005462884254068094,1.5596899898113168,0.0,0.0,0.0,,1,10,0.2
2023-08-18,True,52.0,0.004624738036104036,1.6655520849663712,0.0,0.0,0.0,,1,10,0.2
2023-09-01,True,59.0,-0.005998372417940243,1.5593220338983038,0.0,0.0,0.0,,1,10,0.2
2023-09-15,True,56.0,-0.0005841400420741063,1.53347161422855,0.0,0.0,0.0,,1,10,0.2
2023-10-09,True,56.0,-0.012417819674607838,1.7905774186764332,0.0,0.0,0.0,,1,10,0.2
2023-10-23,True,40.0,-0.0027588260977466084,1.6482814762626605,0.0,0.0,0.0,,1,10,0.2
2023-11-06,True,57.0,0.01246808478830459,1.7543859649122822,0.0,0.0,1.0,,1,10,0.2
2023-11-20,True,58.0,0.009488343539911966,1.553940987478506,0.0,0.0,0.0,,1,10,0.2
2023-12-04,True,48.0,-0.008994080052024261,1.6575416236932898,0.0,0.0,0.0,,1,10,0.2
2023-12-18,True,52.0,0.00052305277399399,1.6923076923076918,0.0,0.0,0.0,,1,10,0.2
2024-01-02,True,56.0,-0.004807573375671226,1.5714285714285714,0.0,0.0,0.0,,1,10,0.2
2024-01-16,True,53.0,0.016256983261689614,1.6489137120328095,0.0,0.0,1.0,,1,10,0.2
2024-01-30,True,57.0,-0.0047976612195295976,1.3422750532266037,0.0,0.0,0.0,,1,10,0.2
2024-02-21,True,50.0,0.007636288702737977,1.5939107635089753,0.0,1.0,0.0,,1,10,0.2
2024-03-06,True,55.0,0.0059436954998671986,1.6729957555647506,0.0,0.0,0.0,,1,10,0.2
2024-03-20,True,58.0,0.017223936434036115,1.555885506742959,0.0,0.0,0.0,,1,10,0.2
2024-04-03,True,58.0,0.007877487123071996,1.625920370084886,0.0,0.0,1.0,,1,10,0.2
2024-04-19,True,54.0,0.012554059305390608,1.733384107202013,0.0,0.0,0.0,,1,10,0.2
2024-05-08,True,54.0,-0.005878219056098926,1.825178858825721,0.0,0.0,0.0,,1,10,0.2
2024-05-22,True,58.0,0.017193649277320606,1.6206896551724126,0.0,0.0,0.0,,1,10,0.2
2024-06-05,True,55.0,-0.0035559253249003407,1.492676762287524,0.0,0.0,0.0,,1,10,0.2
2024-06-20,True,53.0,0.0021616595193402234,1.6421735202866365,0.0,0.0,0.0,,1,10,0.2
2024-07-04,True,48.0,-0.0010138802720591616,1.5582452739083834,0.0,0.0,0.0,,1,10,0.2
2024-07-18,False,,,,,,,1.0,1,10,0.2
2024-08-01,True,55.0,0.010519352418609813,1.0,0.0,0.0,0.0,,1,10,0.2
2024-08-15,True,53.0,0.006035503514736789,1.573347474711376,0.0,0.0,0.0,,1,10,0.2
2024-08-29,True,52.0,-0.0035778093913301293,1.7406212406752057,0.0,0.0,1.0,,1,10,0.2
2024-09-12,True,52.0,-0.05165039620105044,1.5485764919297058,0.0,0.0,0.0,,1,10,0.2
2024-10-21,True,45.0,-0.01559471990862249,1.6687114944704007,0.0,0.0,0.0,,1,10,0.2
2024-11-04,True,57.0,0.008599912327395837,1.5087719298245619,0.0,0.0,0.0,,1,10,0.2
2024-11-18,True,57.0,0.009047635392171169,1.6650769208611365,0.0,0.0,0.0,,1,10,0.2
2024-12-02,True,58.0,0.008209064333557043,1.4554495982795281,0.0,0.0,0.0,,1,10,0.2
2024-12-16,True,56.0,0.0040662415722597395,1.561725879070197,0.0,0.0,1.0,,1,10,0.2
2024-12-30,True,57.0,0.007599514184072655,1.6587415744440768,0.0,0.0,0.0,,1,10,0.2
2025-01-14,True,50.0,-0.005936076269942632,1.6528875858293188,0.0,0.0,0.0,,1,10,0.2
2025-02-05,False,,,,,,,1.0,1,10,0.2
2025-02-19,True,55.0,0.005923874172396441,1.0,0.0,0.0,0.0,,1,10,0.2
2025-03-05,True,56.0,-0.012556208281022113,1.472647977373123,0.0,0.0,1.0,,1,10,0.2
2025-03-19,True,56.0,-0.016348981968388687,1.5153088465715197,0.0,0.0,1.0,,1,10,0.2
2025-04-02,True,53.0,0.002315054858155738,1.6453662059874699,0.0,0.0,0.0,,1,10,0.2
2025-04-17,True,57.0,0.018292173013459916,1.7571589743060827,0.0,0.0,0.0,,1,10,0.2
2025-05-06,True,55.0,0.0075492243327419635,1.6634458251543354,0.0,0.0,0.0,,1,10,0.2
2025-05-20,False,,,,,,,2.0,1,10,0.2
2025-06-04,True,56.0,0.0018803418301888346,1.0,0.0,0.0,0.0,,1,10,0.2
2025-06-18,True,51.0,-0.007109934479902033,1.5503386452566217,0.0,0.0,0.0,,1,10,0.2
2025-07-02,True,58.0,-0.012222264934648841,1.6896551724137916,0.0,0.0,0.0,,1,10,0.2
2025-07-16,True,58.0,-0.013220981188268116,1.492004384290857,0.0,0.0,0.0,,1,10,0.2
2025-07-30,True,55.0,0.00638345010698455,1.6285618282914094,0.0,0.0,0.0,,1,10,0.2
2025-08-13,True,57.0,-0.037290888827910665,1.2647837826276978,0.0,0.0,0.0,,1,10,0.2
2025-08-27,True,54.0,0.016932483345253546,1.5544826064407422,0.0,0.0,0.0,,1,10,0.2
2025-09-10,True,53.0,-0.0010007872104383746,1.6386878863267529,0.0,0.0,0.0,,1,10,0.2
2025-09-24,True,48.0,0.02459680538070913,1.5868577370971417,0.0,0.0,0.0,,1,10,0.2
2025-10-16,True,56.0,-0.008583334962532536,1.82148111160989,0.0,0.0,0.0,,1,10,0.2
2025-10-30,True,57.0,0.016759338079240835,1.311766068938609,0.0,0.0,0.0,,1,10,0.2
2025-11-13,False,,,,,,,1.0,1,10,0.2
2025-11-27,True,50.0,-0.0008178931667529935,1.0,0.0,0.0,0.0,,1,10,0.2
2025-12-11,True,56.0,-0.011390731016122884,1.6785714285714277,0.0,0.0,0.0,,1,10,0.2
2025-12-25,True,53.0,-0.0038333401474807474,1.6081994164554194,0.0,0.0,0.0,,1,10,0.2
2026-01-12,True,54.0,0.009980451531697982,1.7182816512249917,0.0,0.0,0.0,,1,10,0.2
2026-01-26,True,52.0,0.01177306236096846,1.6451900471604874,0.0,0.0,0.0,,1,10,0.2
2026-02-09,True,52.0,0.0025786908101369547,1.547213421873601,0.0,0.0,0.0,,1,10,0.2
2026-03-03,True,51.0,0.003448729198996174,1.6364156507787775,0.0,0.0,0.0,,1,10,0.2
2026-03-17,True,55.0,-0.004273498345229332,1.4916492469345564,0.0,0.0,0.0,,1,10,0.2
2026-03-31,True,57.0,-0.003177810896764284,1.4079766638443625,0.0,0.0,0.0,,1,10,0.2
2026-04-15,True,54.0,0.0002882228714243089,1.5161127867198299,0.0,0.0,0.0,,1,10,0.2
2026-04-29,True,53.0,-0.010300290786953088,1.6786409854318949,0.0,0.0,0.0,,1,10,0.2
2026-05-18,True,53.0,0.01317044623394531,1.6717827453006493,0.0,0.0,0.0,,1,10,0.2
2026-06-01,True,52.0,0.0071455227300567655,1.7028892539212048,0.0,0.0,0.0,,1,10,0.2
2026-06-15,True,50.0,-0.031569776986538414,1.5197966850171716,0.0,0.0,0.0,,1,10,0.2
2026-06-30,True,48.0,0.03319800720678988,1.5384110421090917,0.0,0.0,0.0,,1,10,0.2
2026-07-14,True,55.0,0.007818346968054307,1.6363636363636354,0.0,0.0,0.0,,1,10,0.2
2026-07-28,True,56.0,0.020473710907638405,1.7225107403180986,0.0,0.0,0.0,,1,10,0.2
2026-08-11,True,54.0,0.010096801889262532,1.7988377080818052,0.0,0.0,0.0,,1,10,0.2
2026-08-25,True,51.0,-0.0017912278129230772,1.676906341865034,0.0,0.0,0.0,,1,10,0.2
2026-09-08,True,58.0,0.008967913239209886,1.6896551724137918,0.0,0.0,0.0,,1,10,0.2
2026-09-22,False,,,,,,,54.0,1,10,0.2
2020-01-16,True,113.0,-0.007307747039592943,1.0,0.0,0.0,3.0,,1,10,0.4
2020-02-07,True,116.0,-0.023372574973154127,1.2186224121418807,0.0,0.0,2.0,,1,10,0.4
2020-02-21,True,106.0,-0.007038963465649077,1.288843663846298,0.0,0.0,1.0,,1,10,0.4
2020-03-06,True,116.0,-0.00025073800713212857,1.2109371735781047,0.0,0.0,0.0,,1,10,0.4
2020-03-20,False,,,,,,,1.0,1,10,0.4
2020-04-03,True,112.0,0.003640475980896717,1.0,0.0,0.0,2.0,,1,10,0.4
2020-04-20,True,117.0,0.0041805324738338305,1.2670838243131692,0.0,0.0,6.0,,1,10,0.4
2020-05-07,True,114.0,0.00023450290225229473,1.3536164272972264,0.0,0.0,3.0,,1,10,0.4
2020-05-21,False,,,,,,,1.0,1,10,0.4
2020-06-04,True,116.0,-0.0020138495698905287,1.0,0.0,0.0,3.0,,1,10,0.4
2020-06-18,True,102.0,0.010593186277972871,1.238020826606193,0.0,0.0,2.0,,1,10,0.4
2020-07-06,True,107.0,0.01970996295031964,1.4370939065410775,1.0,0.0,2.0,,1,10,0.4
2020-07-20,True,102.0,-0.006041577646335512,1.2485587591694725,0.0,0.0,3.0,,1,10,0.4
2020-08-03,True,118.0,-0.008282035550166014,1.338983050847456,0.0,0.0,1.0,,1,10,0.4
2020-08-17,True,110.0,0.012600475675908171,1.2034938156810007,0.0,0.0,2.0,,1,10,0.4
2020-08-31,True,103.0,-0.0008835155579133766,1.3202969937059275,0.0,0.0,3.0,,1,10,0.4
2020-09-14,True,99.0,0.0006327891595454393,1.3145199078538503,0.0,0.0,1.0,,1,10,0.4
2020-09-28,True,105.0,0.0008817426104285389,1.31502409499025,0.0,0.0,4.0,,1,10,0.4
2020-10-20,True,112.0,0.009522317011554364,1.2546064923573037,0.0,0.0,1.0,,1,10,0.4
2020-11-03,True,109.0,0.0005436094865430632,1.2744387326557585,0.0,0.0,2.0,,1,10,0.4
2020-11-17,True,114.0,-0.0017745868520578426,1.362675006625651,0.0,0.0,3.0,,1,10,0.4
2020-12-01,False,,,,,,,2.0,1,10,0.4
2020-12-15,True,81.0,0.004941541866769802,1.0,0.0,0.0,1.0,,1,10,0.4
2020-12-29,True,106.0,0.0021996817812784952,1.5283018867924558,0.0,0.0,2.0,,1,10,0.4
2021-01-13,True,105.0,0.014161156205267578,1.324291133956222,0.0,0.0,3.0,,1,10,0.4
2021-01-27,True,106.0,-0.007020112038448406,1.2396305014115039,0.0,0.0,4.0,,1,10,0.4
2021-02-10,True,103.0,0.0039927260560367606,1.2444033002384511,0.0,0.0,2.0,,1,10,0.4
2021-03-03,True,104.0,-0.009241053015641668,1.464571277606562,0.0,1.0,1.0,,1,10,0.4
2021-03-17,True,106.0,0.008413745288017131,1.2287566263912957,0.0,0.0,1.0,,1,10,0.4
2021-03-31,True,114.0,-0.0008401641709621585,1.2335391471260058,0.0,0.0,3.0,,1,10,0.4
2021-04-15,True,100.0,0.01005311128348332,1.244208392767663,0.0,0.0,0.0,,1,10,0.4
2021-04-29,True,108.0,-0.0021385909324744476,1.3184669574875945,0.0,0.0,2.0,,1,10,0.4
2021-05-18,True,115.0,-0.005834069188833838,1.2399571033055055,0.0,0.0,2.0,,1,10,0.4
2021-06-01,True,114.0,0.0008778169018022475,1.0849063987404517,0.0,0.0,2.0,,1,10,0.4
2021-06-16,True,95.0,-0.0047197135895168316,1.513265896413582,0.0,0.0,0.0,,1,10,0.4
2021-06-30,True,114.0,6.769973056441891e-05,1.351154758020168,0.0,1.0,0.0,,1,10,0.4
2021-07-14,True,109.0,-0.011808791303273086,1.1768987595581544,0.0,0.0,1.0,,1,10,0.4
2021-07-28,True,99.0,-0.006909694162235497,1.1510907463577777,0.0,0.0,4.0,,1,10,0.4
2021-08-11,True,116.0,-0.003464555230200072,1.4142059764352386,0.0,0.0,2.0,,1,10,0.4
2021-08-25,True,114.0,-0.024121511342591842,1.0694700405083983,0.0,0.0,1.0,,1,10,0.4
2021-09-08,True,112.0,0.0043183278303332295,1.1100471101571006,0.0,0.0,3.0,,1,10,0.4
2021-09-24,True,103.0,0.029756972342088035,1.3372274025686317,0.0,0.0,1.0,,1,10,0.4
2021-10-15,True,110.0,-0.0024926724288956963,1.4128428527226926,0.0,0.0,2.0,,1,10,0.4
2021-10-29,True,111.0,-0.006753163325169132,1.2646142884314366,1.0,0.0,1.0,,1,10,0.4
2021-11-12,True,108.0,0.011628436055201866,1.3117484272910587,0.0,0.0,2.0,,1,10,0.4
2021-11-26,False,,,,,,,1.0,1,10,0.4
2021-12-10,True,110.0,-0.005046645528022076,1.0,0.0,0.0,2.0,,1,10,0.4
2021-12-24,True,99.0,-0.002361892292733046,1.2781638750196147,0.0,0.0,1.0,,1,10,0.4
2022-01-10,False,,,,,,,1.0,1,10,0.4
2022-01-24,True,113.0,-0.01351593248641806,1.0,0.0,0.0,2.0,,1,10,0.4
2022-02-14,True,111.0,0.00520740023559952,1.3294246686195639,0.0,0.0,1.0,,1,10,0.4
2022-02-28,True,98.0,0.0003775320123153292,1.393241761756406,0.0,0.0,3.0,,1,10,0.4
2022-03-14,True,88.0,-0.0046058784311464864,1.465460123023387,0.0,0.0,1.0,,1,10,0.4
2022-03-28,True,109.0,-0.0013493078323605807,1.321100917431191,0.0,0.0,1.0,,1,10,0.4
2022-04-13,True,99.0,0.007096518370481461,1.2650487862770807,0.0,0.0,2.0,,1,10,0.4
2022-04-27,True,82.0,0.016201058904933785,1.5018499710504625,0.0,0.0,1.0,,1,10,0.4
2022-05-16,True,117.0,-0.004078168328973807,1.418803418803418,0.0,0.0,1.0,,1,10,0.4
2022-05-30,True,114.0,-0.016262792066947918,1.268900453394242,0.0,0.0,1.0,,1,10,0.4
2022-06-14,True,101.0,0.006104458001201282,1.1127983903177419,0.0,0.0,1.0,,1,10,0.4
2022-06-28,True,115.0,0.0027124589949665857,1.2008906190283561,0.0,0.0,0.0,,1,10,0.4
2022-07-12,True,109.0,0.006422859558682425,1.295251008421491,0.0,0.0,0.0,,1,10,0.4
2022-07-26,True,110.0,-0.010502354599565934,1.3039927138576397,0.0,0.0,0.0,,1,10,0.4
2022-08-09,False,,,,,,,1.0,1,10,0.4
2022-08-23,True,108.0,0.00027420116030935776,1.0,0.0,0.0,0.0,,1,10,0.4
2022-09-06,True,109.0,-0.0007207200148992912,1.2491674072502597,0.0,0.0,0.0,,1,10,0.4
2022-09-21,True,108.0,0.010576123019945878,1.334235809745669,0.0,0.0,0.0,,1,10,0.4
2022-10-12,True,99.0,0.0019797531072069594,1.3403388305965567,0.0,0.0,0.0,,1,10,0.4
2022-10-26,True,106.0,0.0014414204628153317,1.2755597227991384,0.0,0.0,0.0,,1,10,0.4
2022-11-09,True,116.0,-0.0007999509681805399,1.3797470228297792,0.0,0.0,1.0,,1,10,0.4
2022-11-23,True,110.0,0.015749701817800076,1.308548777723693,0.0,0.0,0.0,,1,10,0.4
2022-12-07,True,114.0,-0.0051349177853219005,1.2208397572876066,0.0,0.0,1.0,,1,10,0.4
2022-12-21,True,104.0,0.0006657376442276569,1.2863744823249526,0.0,0.0,0.0,,1,10,0.4
2023-01-05,True,111.0,0.007653373799102588,1.4065860947013196,0.0,0.0,0.0,,1,10,0.4
2023-01-19,True,117.0,0.000700310134348148,1.2720889771230246,0.0,0.0,0.0,,1,10,0.4
2023-02-09,True,106.0,-0.001843525219387683,1.2986513697652817,0.0,0.0,0.0,,1,10,0.4
2023-02-23,True,116.0,-0.010224971059382412,1.3117343512669961,0.0,0.0,1.0,,1,10,0.4
2023-03-09,True,103.0,-0.009530839690253146,1.2424072338721457,0.0,0.0,1.0,,1,10,0.4
2023-03-23,True,112.0,-0.004761976354810394,1.1097702711833326,0.0,0.0,0.0,,1,10,0.4
2023-04-07,True,115.0,0.011623560708180967,1.0705506757092318,0.0,0.0,0.0,,1,10,0.4
2023-04-21,True,108.0,-0.009867231680768595,1.0826633871371205,0.0,0.0,1.0,,1,10,0.4
2023-05-10,True,99.0,0.0012003177958108055,1.180142612340069,0.0,0.0,1.0,,1,10,0.4
2023-05-24,True,112.0,0.0025542137357942533,1.2505501622855981,0.0,0.0,0.0,,1,10,0.4
2023-06-07,True,113.0,-0.0038385100836270444,1.1697899224686055,0.0,0.0,1.0,,1,10,0.4
2023-06-21,True,109.0,0.005378488464785627,1.235088093701824,0.0,0.0,0.0,,1,10,0.4
2023-07-07,True,112.0,-0.0013735611485865729,1.2358179329859562,0.0,0.0,0.0,,1,10,0.4
2023-07-21,True,111.0,-0.006428095141069831,1.3519275644465336,0.0,0.0,1.0,,1,10,0.4
2023-08-04,True,118.0,-0.0022346589576572942,1.2900446408331243,0.0,0.0,1.0,,1,10,0.4
2023-08-18,True,104.0,0.004078396126791561,1.257911706951307,0.0,0.0,0.0,,1,10,0.4
2023-09-01,True,118.0,-0.0026622392650100316,1.2753789799556101,0.0,0.0,0.0,,1,10,0.4
2023-09-15,True,113.0,-0.002364863688562752,1.2115706914463935,0.0,0.0,1.0,,1,10,0.4
2023-10-09,True,113.0,-0.00515095938230295,1.2333570029087944,0.0,0.0,0.0,,1,10,0.4
2023-10-23,True,80.0,-0.007346362575586449,1.341141228673997,0.0,0.0,0.0,,1,10,0.4
2023-11-06,True,114.0,0.004070204621152306,1.3684210526315808,0.0,0.0,1.0,,1,10,0.4
2023-11-20,True,116.0,0.005669678779953176,1.2002377769385981,0.0,0.0,1.0,,1,10,0.4
2023-12-04,True,97.0,-0.005520480860967951,1.3635548816926448,0.0,0.0,0.0,,1,10,0.4
2023-12-18,True,104.0,0.0046264848979566155,1.1737124227649551,0.0,0.0,0.0,,1,10,0.4
2024-01-02,True,113.0,0.0038049221336696783,1.2037556384430486,0.0,0.0,1.0,,1,10,0.4
2024-01-16,True,107.0,0.013292087736531087,1.2258118260493822,0.0,0.0,1.0,,1,10,0.4
2024-01-30,True,115.0,0.0016282010002188901,1.2249052139777385,0.0,0.0,1.0,,1,10,0.4
2024-02-21,True,100.0,-0.0024611382127881706,1.3342400964799088,0.0,1.0,0.0,,1,10,0.4
2024-03-06,True,110.0,0.003964418298548239,1.3275512640024905,0.0,0.0,0.0,,1,10,0.4
2024-03-20,True,117.0,0.012548439748257052,1.2163242865870179,0.0,0.0,1.0,,1,10,0.4
2024-04-03,True,116.0,0.00034079041774706664,1.2375950773257656,0.0,0.0,1.0,,1,10,0.4
2024-04-19,True,108.0,0.006259732513441307,1.3089731145093586,0.0,0.0,0.0,,1,10,0.4
2024-05-08,True,109.0,-0.00428623869772686,1.470700886571595,0.0,0.0,1.0,,1,10,0.4
2024-05-22,True,116.0,0.010489973220930968,1.2432419450649126,0.0,0.0,0.0,,1,10,0.4
2024-06-05,True,110.0,-0.00443230387081547,1.100785331207847,0.0,0.0,0.0,,1,10,0.4
2024-06-20,True,107.0,0.006437478181197515,1.3327387786507077,0.0,0.0,0.0,,1,10,0.4
2024-07-04,True,96.0,0.0005169202979291854,1.3976538397655502,0.0,0.0,0.0,,1,10,0.4
2024-07-18,False,,,,,,,1.0,1,10,0.4
2024-08-01,True,110.0,0.010749807466325827,1.0,0.0,0.0,0.0,,1,10,0.4
2024-08-15,True,107.0,0.009214095725878932,1.3382231874693395,0.0,0.0,0.0,,1,10,0.4
2024-08-29,False,,,,,,,2.0,1,10,0.4
2024-09-12,True,104.0,-0.045083977636843464,1.0,0.0,0.0,1.0,,1,10,0.4
2024-10-21,True,90.0,-0.0031544917459371997,1.166395702397396,0.0,0.0,0.0,,1,10,0.4
2024-11-04,True,114.0,0.00936269919091148,1.2631578947368434,0.0,0.0,0.0,,1,10,0.4
2024-11-18,True,115.0,0.009011537768932987,1.2372230690948696,0.0,0.0,0.0,,1,10,0.4
2024-12-02,True,116.0,0.009462650810959851,1.0514689518472324,0.0,0.0,1.0,,1,10,0.4
2024-12-16,True,112.0,0.007066650803642173,1.1366498366252278,0.0,0.0,1.0,,1,10,0.4
2024-12-30,False,,,,,,,1.0,1,10,0.4
2025-01-14,True,101.0,0.0012570374205315797,1.0,0.0,0.0,0.0,,1,10,0.4
2025-02-05,False,,,,,,,2.0,1,10,0.4
2025-02-19,False,,,,,,,1.0,1,10,0.4
2025-03-05,True,113.0,-0.0032655754224836554,1.0,0.0,0.0,1.0,,1,10,0.4
2025-03-19,True,112.0,-0.006087889299928484,1.1701298227512495,0.0,0.0,1.0,,1,10,0.4
2025-04-02,True,106.0,-0.0021558700225090717,1.3796599369959233,0.0,0.0,0.0,,1,10,0.4
2025-04-17,True,114.0,0.02389878023831752,1.2947798966678101,0.0,0.0,1.0,,1,10,0.4
2025-05-06,True,111.0,0.002534688702475101,1.4035023959859267,0.0,0.0,0.0,,1,10,0.4
2025-05-20,False,,,,,,,2.0,1,10,0.4
2025-06-04,True,112.0,-0.0007989584436406127,1.0,0.0,0.0,0.0,,1,10,0.4
2025-06-18,True,102.0,-0.006968756408886216,1.2605188449027755,0.0,0.0,0.0,,1,10,0.4
2025-07-02,True,116.0,-0.008523187111186744,1.2413793103448256,0.0,0.0,0.0,,1,10,0.4
2025-07-16,True,117.0,-0.00402928951591091,1.121676307050556,0.0,0.0,0.0,,1,10,0.4
2025-07-30,False,,,,,,,1.0,1,10,0.4
2025-08-13,True,115.0,-0.021072299638864457,1.0,0.0,0.0,0.0,,1,10,0.4
2025-08-27,True,109.0,-0.0015329597140800299,1.2187528895758337,0.0,0.0,0.0,,1,10,0.4
2025-09-10,True,106.0,-0.0008791831075856717,1.1911623303375551,0.0,0.0,0.0,,1,10,0.4
2025-09-24,True,96.0,0.014785280119557563,1.3289143828335699,0.0,0.0,0.0,,1,10,0.4
2025-10-16,True,113.0,-0.003033780951353489,1.4526294183201096,0.0,0.0,0.0,,1,10,0.4
2025-10-30,True,114.0,0.014806193287668641,1.1295065119477425,0.0,0.0,0.0,,1,10,0.4
2025-11-13,False,,,,,,,1.0,1,10,0.4
2025-11-27,True,101.0,0.000867610825400887,1.0,0.0,0.0,0.0,,1,10,0.4
2025-12-11,True,112.0,-0.008955045280531022,1.3035714285714275,0.0,0.0,0.0,,1,10,0.4
2025-12-25,True,107.0,-0.006633022046857381,1.0571428806154894,0.0,0.0,0.0,,1,10,0.4
2026-01-12,True,108.0,0.004322741918079568,1.1626038118894197,0.0,0.0,0.0,,1,10,0.4
2026-01-26,True,104.0,0.009992438124022698,1.2668757186851887,0.0,0.0,0.0,,1,10,0.4
2026-02-09,True,104.0,0.019582626950687222,1.3777027251398595,0.0,0.0,0.0,,1,10,0.4
2026-03-03,True,102.0,0.006752492388589136,1.3944896600384686,0.0,0.0,0.0,,1,10,0.4
2026-03-17,True,111.0,-0.0020230183665980034,1.2080013703442438,0.0,0.0,0.0,,1,10,0.4
2026-03-31,True,115.0,-0.005368895554525414,1.1400251360919986,0.0,0.0,0.0,,1,10,0.4
2026-04-15,True,108.0,0.0018737186918295207,1.2632133423505474,0.0,0.0,0.0,,1,10,0.4
2026-04-29,True,107.0,-0.007648451273971275,1.1905644998867835,0.0,0.0,0.0,,1,10,0.4
2026-05-18,True,107.0,0.008187155856498742,1.2970184010551156,0.0,0.0,0.0,,1,10,0.4
2026-06-01,True,105.0,0.0010182457724443195,1.3692200983089682,0.0,0.0,0.0,,1,10,0.4
2026-06-15,True,100.0,-0.035188268741884896,1.2931974140058502,0.0,0.0,0.0,,1,10,0.4
2026-06-30,True,97.0,0.02856518167287971,1.2419117858127955,1.0,0.0,0.0,,1,10,0.4
2026-07-14,True,110.0,0.008760958928728229,1.3326116992416845,0.0,0.0,0.0,,1,10,0.4
2026-07-28,True,113.0,0.008184249712178095,1.3761708128799968,0.0,0.0,0.0,,1,10,0.4
2026-08-11,True,108.0,0.009872782892242549,1.2766282128494533,0.0,0.0,0.0,,1,10,0.4
2026-08-25,True,102.0,-0.0018013604891999784,1.28996929148055,0.0,0.0,0.0,,1,10,0.4
2026-09-08,False,,,,,,,1.0,1,10,0.4
2026-09-22,False,,,,,,,108.0,1,10,0.4
2020-01-23,True,45.0,-0.014764512892024448,1.0,0.0,0.0,1.0,,5,5,0.2
2020-02-07,True,40.0,-0.007417896444164511,1.3698628190480884,0.0,0.0,0.0,,5,5,0.2
2020-02-14,True,55.0,0.011722920910014874,1.6727272727272717,0.0,0.0,0.0,,5,5,0.2
2020-02-21,True,49.0,-0.0010606702976610274,1.4961039820459554,0.0,0.0,1.0,,5,5,0.2
2020-02-28,True,50.0,0.004194553769066141,1.4037775762684999,0.0,0.0,1.0,,5,5,0.2
2020-03-06,True,56.0,0.000495405075124071,1.3214285714285714,0.0,0.0,0.0,,5,5,0.2
2020-03-13,True,52.0,-0.007176857240930756,1.3645355806867157,0.0,0.0,0.0,,5,5,0.2
2020-04-03,True,53.0,0.0002723823521786359,1.4802533051195477,0.0,0.0,1.0,,5,5,0.2
2020-04-13,True,53.0,-0.0006474478187378108,1.2989132623734978,0.0,0.0,2.0,,5,5,0.2
2020-04-20,True,55.0,0.00518780398894344,1.3090909090909086,0.0,0.0,4.0,,5,5,0.2
2020-04-27,True,55.0,-0.00909081391774482,1.4232512215271602,0.0,0.0,3.0,,5,5,0.2
2020-05-07,True,53.0,-0.0011312715950521218,1.4245310238571878,0.0,0.0,2.0,,5,5,0.2
2020-05-14,True,52.0,0.0005696254378021355,1.5472201770018532,0.0,0.0,2.0,,5,5,0.2
2020-05-21,True,51.0,0.006232615923352173,1.4663270387358327,0.0,0.0,1.0,,5,5,0.2
2020-05-28,True,51.0,-0.007586371853695557,1.3034384362810523,0.0,0.0,0.0,,5,5,0.2
2020-06-04,True,54.0,-0.00020970182300255637,1.6296296296296309,0.0,0.0,2.0,,5,5,0.2
2020-06-11,True,55.0,0.0016581604164485342,1.239987703962672,0.0,0.0,1.0,,5,5,0.2
2020-06-18,True,48.0,-0.0015235833792439264,1.4236364328992837,0.0,0.0,3.0,,5,5,0.2
2020-06-29,True,48.0,-0.039024550323899856,1.5534691498617172,0.0,0.0,0.0,,5,5,0.2
2020-07-06,True,46.0,0.0047354896878792005,1.5611478882842926,1.0,0.0,1.0,,5,5,0.2
2020-07-20,True,45.0,-0.009314597248733108,1.6710498031900114,0.0,0.0,2.0,,5,5,0.2
2020-07-27,True,50.0,-0.008502445190422793,1.3600000000000003,0.0,0.0,2.0,,5,5,0.2
2020-08-03,True,57.0,-0.0035019435446312086,1.4035087719298258,0.0,0.0,1.0,,5,5,0.2
2020-08-10,True,56.0,-0.00785012630945126,1.2062448471399057,0.0,0.0,0.0,,5,5,0.2
2020-08-17,True,52.0,0.012381025960473788,1.4053915656266438,0.0,0.0,1.0,,5,5,0.2
2020-08-24,True,55.0,-0.0008589691327490247,1.2769371123886768,0.0,0.0,1.0,,5,5,0.2
2020-08-31,True,51.0,-0.007211143247102831,1.3873417339011163,0.0,0.0,2.0,,5,5,0.2
2020-09-07,True,54.0,0.001506021993686114,1.2592592592592597,0.0,0.0,1.0,,5,5,0.2
2020-09-14,True,46.0,-0.005550249421109254,1.4485719998859865,0.0,0.0,0.0,,5,5,0.2
2020-09-21,True,48.0,0.013716807973288728,1.3778052432344636,0.0,0.0,1.0,,5,5,0.2
2020-09-28,True,51.0,0.009017366539790787,1.4522399401860202,0.0,0.0,1.0,,5,5,0.2
2020-10-13,True,45.0,0.011350127004690428,1.4560116171003872,0.0,0.0,0.0,,5,5,0.2
2020-10-20,True,51.0,0.002556682201438582,1.2156862745098045,0.0,0.0,1.0,,5,5,0.2
2020-10-27,True,52.0,0.009799988256784051,1.5018250627337215,0.0,0.0,1.0,,5,5,0.2
2020-11-03,True,48.0,0.003491806168201401,1.7336550735406513,0.0,0.0,2.0,,5,5,0.2
2020-11-10,True,50.0,0.005911651805006263,1.2034825655930506,0.0,0.0,1.0,,5,5,0.2
2020-11-17,True,50.0,-0.0019304939702784914,1.5351969148752267,0.0,0.0,2.0,,5,5,0.2
2020-11-24,True,54.0,0.004499853747406801,1.4814814814814825,0.0,0.0,2.0,,5,5,0.2
2020-12-01,True,54.0,0.01839169497323894,1.2397941017777216,0.0,0.0,1.0,,5,5,0.2
2020-12-08,True,52.0,0.02243497549833705,1.1176531683568922,0.0,0.0,0.0,,5,5,0.2
2020-12-29,True,45.0,-0.015381654419499104,1.7653682495561815,0.0,0.0,0.0,,5,5,0.2
2021-01-06,True,49.0,0.006094451771247024,1.3877551020408165,0.0,0.0,0.0,,5,5,0.2
2021-01-13,True,45.0,0.013955796634386263,1.5547131319789613,0.0,0.0,2.0,,5,5,0.2
2021-01-20,True,51.0,0.02427267861686902,1.4901960784313724,0.0,0.0,1.0,,5,5,0.2
2021-01-27,True,50.0,-0.0022295436455590633,1.4968117153937703,0.0,0.0,1.0,,5,5,0.2
2021-02-03,True,43.0,-0.023839710176802628,1.4716095837603276,0.0,0.0,1.0,,5,5,0.2
2021-02-10,True,46.0,-0.0014784762823265227,1.2179203599130315,0.0,0.0,0.0,,5,5,0.2
2021-02-24,True,50.0,0.0008713888162828753,1.7277964073450687,0.0,0.0,0.0,,5,5,0.2
2021-03-03,True,43.0,-0.022090695640437988,1.6035984749863044,0.0,0.0,1.0,,5,5,0.2
2021-03-10,True,50.0,-0.0023666248005918267,1.6400000000000006,0.0,0.0,1.0,,5,5,0.2
2021-03-17,True,47.0,-0.012266094878597165,1.403042479680116,0.0,0.0,1.0,,5,5,0.2
2021-03-24,True,51.0,0.003482271322648837,1.4162406767085802,0.0,0.0,2.0,,5,5,0.2
2021-03-31,True,53.0,0.000896093649037746,1.396310605004585,0.0,0.0,1.0,,5,5,0.2
2021-04-08,True,53.0,-0.007153234524221078,1.1530959596625348,0.0,0.0,1.0,,5,5,0.2
2021-04-15,True,48.0,0.0031105010962414192,1.4371801828086819,0.0,0.0,1.0,,5,5,0.2
2021-04-22,True,48.0,0.01222772632100896,1.470937218893302,0.0,0.0,0.0,,5,5,0.2
2021-04-29,True,51.0,-0.008101961800485016,1.5700368230906867,0.0,0.0,0.0,,5,5,0.2
2021-05-11,True,48.0,0.0043929115185263115,1.2230981716096083,0.0,0.0,2.0,,5,5,0.2
2021-05-18,True,50.0,0.003456652439190376,1.4005187874212832,0.0,0.0,2.0,,5,5,0.2
2021-05-25,True,54.0,0.008506977048373119,1.5555555555555558,0.0,0.0,1.0,,5,5,0.2
2021-06-01,True,54.0,-0.0011706609613084899,1.198135084642595,0.0,0.0,1.0,,5,5,0.2
2021-06-08,True,53.0,0.004562755069857361,1.2684962672209226,0.0,0.0,0.0,,5,5,0.2
2021-06-16,True,44.0,-0.015293571389605872,1.545108937777735,0.0,0.0,0.0,,5,5,0.2
2021-06-30,True,49.0,-0.0005533399652500916,1.510204081632654,0.0,0.0,0.0,,5,5,0.2
2021-07-07,True,51.0,7.785975024320914e-05,1.2561147956520415,0.0,0.0,1.0,,5,5,0.2
2021-07-14,True,47.0,0.0023737664511060477,1.422733458361072,0.0,0.0,0.0,,5,5,0.2
2021-07-21,True,51.0,-0.018087539426068604,1.3729031263616525,0.0,0.0,1.0,,5,5,0.2
2021-07-28,True,46.0,-0.0069441574813509654,1.2145642512060126,0.0,0.0,3.0,,5,5,0.2
2021-08-04,True,44.0,0.005830782816984546,1.3143049480438749,0.0,0.0,0.0,,5,5,0.2
2021-08-11,True,55.0,-0.01637250658387482,1.272727272727272,0.0,0.0,0.0,,5,5,0.2
2021-08-18,True,54.0,0.020763596133695043,1.4983806100477668,0.0,0.0,0.0,,5,5,0.2
2021-08-25,True,53.0,-0.03490697629651288,1.5279600506828446,0.0,0.0,0.0,,5,5,0.2
2021-09-01,True,49.0,-0.011124288640936262,1.3386701201361961,0.0,0.0,1.0,,5,5,0.2
2021-09-08,True,46.0,-0.002296132050417097,1.2644923745738916,0.0,0.0,1.0,,5,5,0.2
2021-09-15,True,53.0,0.012108806398967498,1.4339622641509435,0.0,0.0,3.0,,5,5,0.2
2021-09-24,True,48.0,0.018065868709842333,1.3527497027419817,0.0,0.0,0.0,,5,5,0.2
2021-10-08,True,53.0,0.010849016130562075,1.584905660377358,0.0,0.0,2.0,,5,5,0.2
2021-10-15,True,50.0,0.0006179259822511974,1.411004762791573,0.0,0.0,0.0,,5,5,0.2
2021-10-22,True,49.0,-0.012438407534461043,1.5191967250133491,0.0,0.0,1.0,,5,5,0.2
2021-10-29,True,51.0,-0.0023069429267960654,1.298209445191085,1.0,0.0,0.0,,5,5,0.2
2021-11-05,True,48.0,-0.004769922962803826,1.5312327617752057,0.0,0.0,2.0,,5,5,0.2
2021-11-12,True,50.0,0.00779352973454471,1.3614931167754476,0.0,0.0,1.0,,5,5,0.2
2021-11-19,True,55.0,-0.0010700507357227704,1.2363636363636359,0.0,0.0,0.0,,5,5,0.2
2021-11-26,True,54.0,-0.007258881635016954,1.4939961961857369,0.0,0.0,1.0,,5,5,0.2
2021-12-03,True,50.0,0.013830840543296506,1.4854117203376742,0.0,0.0,1.0,,5,5,0.2
2021-12-10,True,50.0,-0.00528946738308779,1.100749776557727,0.0,0.0,1.0,,5,5,0.2
2021-12-17,True,49.0,0.00012533997446759443,1.4828599950971804,0.0,0.0,1.0,,5,5,0.2
2021-12-24,True,45.0,-0.0007552290067467625,1.5431088802755546,0.0,0.0,1.0,,5,5,0.2
2021-12-31,True,50.0,-0.023823401929087457,1.3600000000000005,0.0,0.0,1.0,,5,5,0.2
2022-01-10,True,50.0,0.01275382489356808,1.4192823240007728,0.0,0.0,2.0,,5,5,0.2
2022-01-17,True,46.0,0.002338305805848791,1.5982442608572924,0.0,0.0,2.0,,5,5,0.2
2022-01-24,True,52.0,-0.0027410475625859534,1.5384615384615374,0.0,0.0,1.0,,5,5,0.2
2022-02-07,True,41.0,-0.0009987297252355715,1.4643686236023916,0.0,0.0,1.0,,5,5,0.2
2022-02-21,True,53.0,0.03339238779442912,1.5471698113207548,0.0,0.0,0.0,,5,5,0.2
2022-02-28,True,47.0,0.0002549852001084152,1.4367766020354933,0.0,0.0,1.0,,5,5,0.2
2022-03-07,True,45.0,-0.0019553326024749837,1.3010162838381722,0.0,0.0,1.0,,5,5,0.2
2022-03-21,True,46.0,0.006741669082581718,1.7828195875956356,0.0,0.0,1.0,,5,5,0.2
2022-03-28,True,54.0,0.0012699618058249155,1.3333333333333333,0.0,0.0,0.0,,5,5,0.2
2022-04-06,True,48.0,-0.0002250367618335629,1.3009254838504434,0.0,0.0,2.0,,5,5,0.2
2022-04-13,True,45.0,0.017465429036752543,1.292755438721124,0.0,0.0,2.0,,5,5,0.2
2022-04-20,True,45.0,0.004294868265188587,1.4430332075293215,0.0,0.0,0.0,,5,5,0.2
2022-05-16,True,55.0,-0.007855762457851516,1.6727272727272708,0.0,0.0,1.0,,5,5,0.2
2022-05-23,True,56.0,0.004304016682626765,1.3273463198916449,0.0,0.0,0.0,,5,5,0.2
2022-05-30,True,55.0,0.00515972214162036,1.2301624242148683,0.0,0.0,0.0,,5,5,0.2
2022-06-07,True,53.0,-0.02415358164666185,1.3222216671792344,0.0,0.0,1.0,,5,5,0.2
2022-06-14,True,47.0,0.017634416799337242,1.2131238748145283,0.0,0.0,0.0,,5,5,0.2
2022-06-21,True,50.0,0.0003448291733035326,1.3610216431240487,0.0,0.0,0.0,,5,5,0.2
2022-06-28,True,50.0,0.0037640689734655714,1.3350687354738024,0.0,0.0,0.0,,5,5,0.2
2022-07-05,True,54.0,0.008275626204268208,1.2241829404191227,0.0,0.0,0.0,,5,5,0.2
2022-07-12,True,51.0,0.00560746157096,1.2570222645035611,0.0,0.0,0.0,,5,5,0.2
2022-07-19,True,48.0,0.0019344440760216356,1.304110990058949,0.0,0.0,0.0,,5,5,0.2
2022-07-26,True,50.0,-0.02180934899967923,1.4400000000000002,0.0,0.0,0.0,,5,5,0.2
2022-08-02,True,51.0,-0.009610099808617257,1.5327695303703983,0.0,0.0,0.0,,5,5,0.2
2022-08-09,True,45.0,0.0022869586817438822,1.5674537574581422,0.0,0.0,0.0,,5,5,0.2
2022-08-16,True,54.0,-0.0065979658939307635,1.555555555555556,0.0,0.0,0.0,,5,5,0.2
2022-08-23,True,51.0,0.004289240291343019,1.2361784570162424,0.0,0.0,0.0,,5,5,0.2
2022-08-30,True,47.0,-0.0032117344230485796,1.4115880785641082,0.0,0.0,0.0,,5,5,0.2
2022-09-06,True,51.0,-0.004534581635427828,1.5294117647058825,0.0,0.0,0.0,,5,5,0.2
2022-09-14,True,51.0,0.0034434068427819514,1.3034916538750694,0.0,0.0,0.0,,5,5,0.2
2022-09-21,True,52.0,-0.004836016954459031,1.3493604341325427,0.0,0.0,0.0,,5,5,0.2
2022-09-28,True,42.0,0.014515153161469462,1.356966846854784,0.0,0.0,0.0,,5,5,0.2
2022-10-12,True,43.0,-0.0018480928016599927,1.3584014528752935,0.0,0.0,0.0,,5,5,0.2
2022-10-19,True,48.0,-0.007426460809365232,1.2916666666666663,0.0,0.0,0.0,,5,5,0.2
2022-10-26,True,51.0,-0.005628665352699342,1.3333333333333333,0.0,0.0,0.0,,5,5,0.2
2022-11-02,True,47.0,0.007341680929224249,1.3687958555449964,0.0,0.0,0.0,,5,5,0.2
2022-11-09,True,53.0,0.011592291425890501,1.207547169811321,0.0,0.0,1.0,,5,5,0.2
2022-11-16,True,56.0,0.004310315686306264,1.4688129327662405,0.0,0.0,0.0,,5,5,0.2
2022-11-23,True,52.0,-0.0027341499941073155,1.291406643782304,0.0,0.0,0.0,,5,5,0.2
2022-11-30,True,49.0,0.02267719671299697,1.3458177775042808,0.0,0.0,0.0,,5,5,0.2
2022-12-07,True,54.0,-0.007225504897270146,1.296296296296296,0.0,0.0,1.0,,5,5,0.2
2022-12-14,True,52.0,0.0031575959568105154,1.4904056801159282,0.0,0.0,0.0,,5,5,0.2
2022-12-21,True,47.0,0.004815314569222001,1.3075560847125622,0.0,0.0,0.0,,5,5,0.2
2022-12-28,True,45.0,-0.004163543985401856,1.4922882658309864,0.0,0.0,0.0,,5,5,0.2
2023-01-05,True,53.0,0.014678004435607326,1.4716981132075468,0.0,0.0,0.0,,5,5,0.2
2023-01-12,True,53.0,0.004804483528828278,1.2923622902742968,0.0,0.0,0.0,,5,5,0.2
2023-01-19,True,54.0,-0.006492998274311854,1.4519290749748681,0.0,0.0,0.0,,5,5,0.2
2023-02-02,True,54.0,0.011695648071248626,1.5338631840126151,0.0,0.0,0.0,,5,5,0.2
2023-02-09,True,50.0,0.0019743343175751705,1.4516085116712432,0.0,0.0,0.0,,5,5,0.2
2023-02-16,True,50.0,-0.0004020619419679381,1.3763321091390417,0.0,0.0,0.0,,5,5,0.2
2023-02-23,True,53.0,-0.00873099211468314,1.5471698113207544,0.0,0.0,0.0,,5,5,0.2
2023-03-02,True,55.0,-0.006701079918457302,1.4927708345866026,0.0,0.0,1.0,,5,5,0.2
2023-03-09,True,49.0,-0.011791785952409326,1.3912644365538474,0.0,0.0,1.0,,5,5,0.2
2023-03-16,True,45.0,-0.016692877683053813,1.2269010679772445,0.0,0.0,0.0,,5,5,0.2
2023-03-23,True,49.0,0.01709937482349881,1.4702007025645396,0.0,0.0,0.0,,5,5,0.2
2023-03-30,True,52.0,-0.020863559296580587,1.2704066841700623,0.0,0.0,0.0,,5,5,0.2
2023-04-07,True,53.0,0.010683040730609591,1.4730739516874076,0.0,0.0,0.0,,5,5,0.2
2023-04-14,True,55.0,-0.00348404690190399,1.2012825653687478,0.0,0.0,0.0,,5,5,0.2
2023-04-21,True,50.0,-0.00972273767038207,1.3518809727621148,0.0,1.0,0.0,,5,5,0.2
2023-04-28,True,44.0,-0.00797971109318913,1.0698719920278503,0.0,0.0,0.0,,5,5,0.2
2023-05-10,True,43.0,0.003862558400075139,1.4647221466836275,0.0,0.0,0.0,,5,5,0.2
2023-05-17,True,45.0,0.01243534851054276,1.1561871976508555,0.0,0.0,0.0,,5,5,0.2
2023-05-24,True,50.0,-0.013667190617306361,1.560000000000001,0.0,0.0,0.0,,5,5,0.2
2023-05-31,True,43.0,0.021638196566016815,1.5956072116232234,0.0,0.0,0.0,,5,5,0.2
2023-06-07,True,47.0,-0.00297813657961871,1.574468085106382,0.0,0.0,1.0,,5,5,0.2
2023-06-14,True,49.0,0.0043723571373129036,1.2653402180500088,0.0,0.0,1.0,,5,5,0.2
2023-06-21,True,50.0,0.0067940511288858765,1.523581802645312,0.0,0.0,0.0,,5,5,0.2
2023-06-30,True,48.0,-0.002366177840504279,1.3623382789323109,0.0,0.0,0.0,,5,5,0.2
2023-07-07,True,50.0,0.0011040995472203843,1.6000000000000008,0.0,0.0,0.0,,5,5,0.2
2023-07-14,True,55.0,0.005486408415794184,1.490909090909089,0.0,0.0,0.0,,5,5,0.2
2023-07-21,True,54.0,-0.013956899420634342,1.3557957497526134,0.0,0.0,0.0,,5,5,0.2
2023-07-28,True,52.0,0.008730910849878848,1.5993855091547777,0.0,0.0,1.0,,5,5,0.2
2023-08-04,True,47.0,0.0017584927623699315,1.49170241346702,0.0,0.0,0.0,,5,5,0.2
2023-08-11,True,54.0,0.007936839539233902,1.4814814814814818,0.0,0.0,0.0,,5,5,0.2
2023-08-18,True,47.0,-0.0008508787525153758,1.3740935201708235,0.0,0.0,0.0,,5,5,0.2
2023-08-25,True,41.0,-0.008243758149719057,1.1454081477737101,3.0,0.0,0.0,,5,5,0.2
2023-09-01,True,47.0,-0.003957664225438421,1.659574468085106,0.0,0.0,0.0,,5,5,0.2
2023-09-08,True,54.0,7.988523168969523e-05,1.5555555555555565,0.0,0.0,0.0,,5,5,0.2
2023-09-15,True,53.0,2.9230318812286347e-05,1.5568691294072516,0.0,0.0,1.0,,5,5,0.2
2023-09-22,True,50.0,-0.008466543154107907,1.2456468855886003,0.0,0.0,0.0,,5,5,0.2
2023-10-09,True,50.0,-0.006715565105738895,1.494330431826805,0.0,0.0,0.0,,5,5,0.2
2023-10-16,True,54.0,-0.007719585865055605,1.1481481481481481,0.0,0.0,0.0,,5,5,0.2
2023-11-06,True,55.0,0.0024634646002868778,1.7454545454545445,0.0,0.0,0.0,,5,5,0.2
2023-11-13,True,52.0,0.0011497825510059154,1.3411245224591242,0.0,0.0,0.0,,5,5,0.2
2023-11-20,True,53.0,0.013092630706471837,1.2097073989022264,0.0,0.0,0.0,,5,5,0.2
2023-11-27,True,53.0,-0.00022524431733990033,1.211123021287711,0.0,0.0,0.0,,5,5,0.2
2023-12-04,True,42.0,-0.0031565873486858465,1.358538713099261,0.0,0.0,0.0,,5,5,0.2
2023-12-18,True,44.0,0.0031005599083801538,1.5909090909090904,0.0,0.0,0.0,,5,5,0.2
2023-12-25,True,40.0,-0.0027984361275514083,1.410094056875252,0.0,0.0,0.0,,5,5,0.2
2024-01-02,True,51.0,0.0016430794349369532,1.4901960784313724,0.0,0.0,0.0,,5,5,0.2
2024-01-09,True,51.0,-0.009161022096853842,1.4609530253352636,0.0,0.0,0.0,,5,5,0.2
2024-01-16,True,44.0,-0.007101053283955851,1.5654952063503742,0.0,0.0,0.0,,5,5,0.2
2024-01-23,True,49.0,0.017919002111508223,1.3061224489795924,0.0,0.0,0.0,,5,5,0.2
2024-01-30,True,54.0,-0.006944273589011866,1.3742007422314997,0.0,0.0,0.0,,5,5,0.2
2024-02-06,True,45.0,0.010311298326357889,1.482982638444349,0.0,0.0,0.0,,5,5,0.2
2024-02-28,True,47.0,-0.0017803635554625233,1.8300314639058637,0.0,0.0,0.0,,5,5,0.2
2024-03-06,True,51.0,-0.006022903958812184,1.3725490196078431,0.0,0.0,0.0,,5,5,0.2
2024-03-13,True,54.0,-0.010778269353667061,1.3344357199742425,0.0,0.0,0.0,,5,5,0.2
2024-03-20,True,58.0,0.03053478122252084,1.4482758620689646,0.0,0.0,0.0,,5,5,0.2
2024-03-27,True,51.0,0.0070448452386799,1.4479942733271196,0.0,0.0,0.0,,5,5,0.2
2024-04-03,True,44.0,-0.0016688457561200472,1.3399659422010446,0.0,0.0,0.0,,5,5,0.2
2024-04-12,True,45.0,-0.005225398122424876,1.7351747326953106,0.0,0.0,1.0,,5,5,0.2
2024-04-19,True,42.0,-0.0010121564090795586,1.3327593537258506,0.0,0.0,0.0,,5,5,0.2
2024-04-26,True,52.0,0.004885799807516206,1.4615384615384612,0.0,0.0,1.0,,5,5,0.2
2024-05-08,True,49.0,-0.0009416907898018136,1.6928132192604077,0.0,0.0,1.0,,5,5,0.2
2024-05-15,True,52.0,-0.009540168448356406,1.3846153846153841,0.0,0.0,0.0,,5,5,0.2
2024-05-22,True,52.0,0.012085106269202107,1.3187148193808862,0.0,0.0,0.0,,5,5,0.2
2024-05-29,True,49.0,0.0031550869827844208,1.431967971456882,0.0,0.0,0.0,,5,5,0.2
2024-06-05,True,46.0,-0.004079588240552429,1.2712569165645635,0.0,0.0,0.0,,5,5,0.2
2024-06-13,True,49.0,-0.002910488344932474,1.3877551020408165,0.0,0.0,0.0,,5,5,0.2
2024-06-20,True,47.0,0.006509415368083525,1.3931278722131408,0.0,0.0,0.0,,5,5,0.2
2024-06-27,True,40.0,-0.0001806054795601801,1.3594556402414009,0.0,0.0,0.0,,5,5,0.2
2024-07-11,True,41.0,0.0060189418440465305,1.610155734626565,0.0,0.0,0.0,,5,5,0.2
2024-07-18,True,52.0,0.01176086081078738,1.4230769230769227,0.0,0.0,0.0,,5,5,0.2
2024-07-25,True,48.0,-0.01583765737546794,1.4620206214383522,0.0,0.0,0.0,,5,5,0.2
2024-08-01,True,49.0,0.0003153643379711756,1.3112837236131516,0.0,0.0,0.0,,5,5,0.2
2024-08-08,True,54.0,0.015917863230347603,1.3333333333333326,0.0,0.0,0.0,,5,5,0.2
2024-08-15,True,49.0,0.0010402959646974436,1.4881995853965435,0.0,0.0,0.0,,5,5,0.2
2024-08-22,True,46.0,0.01456006579214811,1.4261443652068537,0.0,0.0,0.0,,5,5,0.2
2024-08-29,False,,,,,,,1.0,5,5,0.2
2024-09-05,True,45.0,-0.0042834779511655985,1.0,0.0,0.0,0.0,,5,5,0.2
2024-09-12,True,45.0,0.01472497187593813,1.2127422595062478,0.0,0.0,0.0,,5,5,0.2
2024-09-23,True,48.0,-0.05337576100548175,1.4166666666666667,0.0,0.0,0.0,,5,5,0.2
2024-10-21,True,43.0,-0.016223866466542617,1.56034561917951,0.0,0.0,0.0,,5,5,0.2
2024-10-28,True,55.0,-0.002529120705524147,1.2363636363636352,0.0,0.0,0.0,,5,5,0.2
2024-11-04,True,54.0,-0.044331098150882625,0.9489453802371642,0.0,0.0,0.0,,5,5,0.2
2024-11-11,True,50.0,0.03400456418492924,1.0836932182121113,0.0,0.0,0.0,,5,5,0.2
2024-11-18,True,48.0,0.008668704031047601,1.363222343796433,0.0,0.0,0.0,,5,5,0.2
2024-11-25,True,45.0,0.006193615653229175,1.664511494978886,0.0,0.0,0.0,,5,5,0.2
2024-12-02,True,51.0,-0.007061306387079261,1.5294117647058827,0.0,0.0,0.0,,5,5,0.2
2024-12-09,True,56.0,0.012437980994389461,1.464285714285714,0.0,0.0,0.0,,5,5,0.2
2024-12-16,True,54.0,0.0017197888751961385,1.2541529971015193,0.0,0.0,1.0,,5,5,0.2
2024-12-23,True,44.0,-0.0018459367406553143,1.4049524342563937,0.0,0.0,0.0,,5,5,0.2
2024-12-30,True,49.0,0.01625446243057653,1.387755102040817,0.0,0.0,0.0,,5,5,0.2
2025-01-07,True,45.0,-0.006171248983316038,1.5059098116609801,0.0,0.0,0.0,,5,5,0.2
2025-01-21,True,49.0,6.298594965667859e-05,1.6326530612244905,0.0,0.0,0.0,,5,5,0.2
2025-02-05,False,,,,,,,1.0,5,5,0.2
2025-02-12,True,55.0,0.0036294360135159316,1.0,0.0,0.0,0.0,,5,5,0.2
2025-02-19,True,54.0,-0.00957559347454395,1.2094281114680678,0.0,0.0,0.0,,5,5,0.2
2025-02-26,True,50.0,0.014068630042948414,1.2655377263714938,0.0,0.0,0.0,,5,5,0.2
2025-03-05,True,52.0,0.000486178163174404,1.615384615384615,0.0,0.0,1.0,,5,5,0.2
2025-03-12,True,55.0,0.0005155400568205709,1.1636363636363636,0.0,0.0,1.0,,5,5,0.2
2025-03-19,True,54.0,-0.0003216468234433986,1.5368642002718698,0.0,0.0,1.0,,5,5,0.2
2025-03-26,True,48.0,-0.0015237482495481219,1.3031666894164438,0.0,0.0,0.0,,5,5,0.2
2025-04-02,True,46.0,-0.0035662917479796982,1.3800199633150796,0.0,0.0,0.0,,5,5,0.2
2025-04-10,True,47.0,0.002285913759023599,1.5444390546418802,0.0,0.0,0.0,,5,5,0.2
2025-04-17,True,51.0,0.004906838923766104,1.529411764705882,0.0,0.0,0.0,,5,5,0.2
2025-04-24,True,50.0,-0.00029429795066676645,1.3767473144601545,0.0,0.0,0.0,,5,5,0.2
2025-05-06,True,53.0,0.004774090590497346,1.3594126253364573,0.0,0.0,0.0,,5,5,0.2
2025-05-13,True,54.0,-0.0010746246501331588,1.3727150453558563,0.0,0.0,0.0,,5,5,0.2
2025-05-20,False,,,,,,,1.0,5,5,0.2
2025-05-27,True,52.0,-0.008061758165369713,1.0,0.0,0.0,0.0,,5,5,0.2
2025-06-04,True,49.0,0.00634101372902632,1.2728288796436933,0.0,0.0,0.0,,5,5,0.2
2025-06-11,True,51.0,-0.006196411267697186,1.4509803921568618,0.0,0.0,1.0,,5,5,0.2
2025-06-18,True,48.0,-0.001242527760063259,1.3737702117795754,0.0,0.0,0.0,,5,5,0.2
2025-06-25,True,46.0,-0.007086606342887891,1.541582883544548,0.0,0.0,0.0,,5,5,0.2
2025-07-02,True,52.0,-0.0016459557221961615,1.4999999999999991,0.0,0.0,0.0,,5,5,0.2
2025-07-09,True,54.0,0.0019945664869710517,1.187151611853948,0.0,0.0,0.0,,5,5,0.2
2025-07-16,True,54.0,-0.005332720567892548,1.3443053835163097,0.0,0.0,0.0,,5,5,0.2
2025-07-23,True,57.0,-0.00047401440001870396,1.2982456140350884,0.0,0.0,0.0,,5,5,0.2
2025-07-30,True,49.0,0.008058667151295712,1.4119326744060465,0.0,0.0,0.0,,5,5,0.2
2025-08-06,True,51.0,-0.008326050036494373,1.4509803921568634,0.0,0.0,0.0,,5,5,0.2
2025-08-13,True,54.0,-0.013946289104555596,1.2962962962962967,0.0,0.0,0.0,,5,5,0.2
2025-08-20,True,51.0,-0.019811732916008233,1.2278584473161998,0.0,0.0,0.0,,5,5,0.2
2025-08-27,False,,,,,,,1.0,5,5,0.2
2025-09-03,True,52.0,-0.0054807395735775154,1.0,0.0,0.0,0.0,,5,5,0.2
2025-09-10,True,48.0,-0.0006766879840641518,1.3168148759153673,0.0,0.0,0.0,,5,5,0.2
2025-09-17,True,53.0,-0.011956728715513766,1.433962264150943,0.0,0.0,0.0,,5,5,0.2
2025-09-24,True,45.0,-0.014788360642237867,1.6567668752119082,0.0,0.0,0.0,,5,5,0.2
2025-10-09,True,46.0,0.016542887299134675,1.3517656313709212,0.0,0.0,0.0,,5,5,0.2
2025-10-16,True,52.0,0.003369341857272199,1.4999999999999991,0.0,0.0,0.0,,5,5,0.2
2025-10-23,True,49.0,-0.01554763995063824,1.3530260918228867,0.0,0.0,0.0,,5,5,0.2
2025-10-30,True,52.0,-0.0056658114500405116,1.5384615384615377,0.0,0.0,0.0,,5,5,0.2
2025-11-06,True,51.0,0.0052995326117201745,1.4678628145308263,0.0,0.0,0.0,,5,5,0.2
2025-11-13,True,54.0,0.0005209845907681657,1.370370370370371,0.0,0.0,0.0,,5,5,0.2
2025-11-20,True,49.0,0.004724029173393277,1.5201112317245105,0.0,0.0,0.0,,5,5,0.2
2025-11-27,True,42.0,0.006363555366524795,1.348208521842351,0.0,0.0,0.0,,5,5,0.2
2025-12-04,True,50.0,-0.0035020846883496277,1.5200000000000007,0.0,0.0,0.0,,5,5,0.2
2025-12-11,True,52.0,-0.0005877629783528618,1.4230769230769227,0.0,0.0,0.0,,5,5,0.2
2025-12-18,True,49.0,-0.015461676986656356,1.3843620939256653,0.0,0.0,0.0,,5,5,0.2
2025-12-25,True,51.0,-0.010067614192961554,1.4901960784313721,0.0,0.0,0.0,,5,5,0.2
2026-01-05,True,49.0,-0.012361893652934119,1.3811447053513568,0.0,0.0,0.0,,5,5,0.2
2026-01-12,True,50.0,0.0007686705653281081,1.405736234255178,0.0,0.0,0.0,,5,5,0.2
2026-01-19,True,50.0,-0.008938127379712762,1.4044089190526725,0.0,0.0,0.0,,5,5,0.2
2026-01-26,True,48.0,0.008900174147333151,1.3294196008537542,0.0,0.0,0.0,,5,5,0.2
2026-02-02,True,45.0,0.010148325633406997,1.1240343152757628,0.0,0.0,0.0,,5,5,0.2
2026-02-09,True,46.0,0.004346635114084872,1.4787712178825074,0.0,0.0,0.0,,5,5,0.2
2026-02-24,True,49.0,0.010178423629860444,1.3061224489795922,0.0,0.0,0.0,,5,5,0.2
2026-03-03,True,45.0,0.005867513813440755,1.520902257945379,0.0,0.0,0.0,,5,5,0.2
2026-03-10,True,46.0,-0.004016503847654972,1.391455759784606,0.0,0.0,0.0,,5,5,0.2
2026-03-17,True,51.0,-0.010510955620682244,1.4515637587745136,0.0,0.0,0.0,,5,5,0.2
2026-03-24,True,40.0,0.008886619038659345,1.3609014641695947,0.0,0.0,0.0,,5,5,0.2
2026-03-31,True,42.0,-0.008063548508236389,1.2910724088221428,0.0,0.0,0.0,,5,5,0.2
2026-04-08,True,51.0,-0.006449877827927006,1.215686274509804,0.0,0.0,0.0,,5,5,0.2
2026-04-15,True,50.0,-0.005640853353497607,1.1848087183667502,0.0,0.0,0.0,,5,5,0.2
2026-04-22,True,51.0,-0.0007424214024746899,1.2994689490053821,0.0,0.0,0.0,,5,5,0.2
2026-04-29,True,51.0,-0.0021930431320696664,1.263205184334445,0.0,0.0,0.0,,5,5,0.2
2026-05-11,True,49.0,0.019282410773744003,1.4256404420862099,0.0,0.0,0.0,,5,5,0.2
2026-05-18,True,48.0,0.008348975007926885,1.2721012479702314,0.0,0.0,0.0,,5,5,0.2
2026-05-25,True,46.0,0.005826874777184735,1.3378560381983324,0.0,0.0,0.0,,5,5,0.2
2026-06-01,True,45.0,0.0009758994062993923,1.261208384871988,0.0,0.0,0.0,,5,5,0.2
2026-06-08,True,46.0,0.01120730555668054,1.395856325350101,0.0,0.0,0.0,,5,5,0.2
2026-06-15,True,40.0,-0.02040601010220815,1.526832024594967,0.0,0.0,0.0,,5,5,0.2
2026-06-23,True,47.0,-0.016696988004240996,1.5319148936170204,0.0,0.0,0.0,,5,5,0.2
2026-06-30,True,40.0,0.017230124822143377,1.3250751447506592,1.0,0.0,0.0,,5,5,0.2
2026-07-07,True,46.0,0.003926380040576521,1.4782608695652186,0.0,0.0,0.0,,5,5,0.2
2026-07-14,True,49.0,0.01652573815655854,1.5102040816326534,0.0,0.0,0.0,,5,5,0.2
2026-07-21,True,43.0,-0.005094214537266327,1.5557003593274388,0.0,0.0,0.0,,5,5,0.2
2026-07-28,True,44.0,0.002506503546250715,1.3428215914325197,0.0,0.0,0.0,,5,5,0.2
2026-08-04,True,52.0,0.023766801261886388,1.3846153846153844,0.0,0.0,0.0,,5,5,0.2
2026-08-11,True,51.0,0.006254177767803271,1.402580421119557,0.0,0.0,0.0,,5,5,0.2
2026-08-18,True,50.0,0.027724198293945866,1.3428995253240439,0.0,0.0,0.0,,5,5,0.2
2026-08-25,True,45.0,-0.006356925468085313,1.3256238604512594,0.0,0.0,0.0,,5,5,0.2
2026-09-01,True,49.0,0.001141010753213819,1.6326530612244905,0.0,0.0,0.0,,5,5,0.2
2026-09-08,False,,,,,,,1.0,5,5,0.2
2026-09-15,True,48.0,-0.0026624452385487288,1.0,0.0,0.0,0.0,,5,5,0.2
2026-09-22,False,,,,,,,40.0,5,5,0.2
2026-09-30,False,,,,,,,50.0,5,5,0.2
2020-01-23,True,90.0,-0.007181551413866803,1.0,0.0,0.0,3.0,,5,5,0.4
2020-02-07,True,80.0,-0.0050400789478856275,1.1311831449049843,0.0,0.0,2.0,,5,5,0.4
2020-02-14,True,110.0,0.00850967106990709,1.4545454545454521,0.0,0.0,1.0,,5,5,0.4
2020-02-21,True,99.0,-0.0035143253492860987,1.295985388103854,0.0,0.0,3.0,,5,5,0.4
2020-02-28,True,101.0,0.0008525228409589879,1.1934262173192671,0.0,0.0,2.0,,5,5,0.4
2020-03-06,True,112.0,0.0030000602083107425,0.982279852460452,0.0,0.0,1.0,,5,5,0.4
2020-03-13,True,104.0,0.003926327184107889,1.0868359122878966,0.0,0.0,1.0,,5,5,0.4
2020-04-03,True,106.0,-0.004337352782889313,1.1703143207752602,0.0,0.0,3.0,,5,5,0.4
2020-04-13,True,106.0,0.004527314115472383,0.9969975245441218,0.0,0.0,3.0,,5,5,0.4
2020-04-20,True,111.0,0.0073686143848505515,1.0095454218170028,0.0,0.0,5.0,,5,5,0.4
2020-04-27,True,110.0,-0.002363040433135264,1.1608307057374212,0.0,0.0,3.0,,5,5,0.4
2020-05-07,True,107.0,-0.000375598053229665,1.0624531848239145,0.0,0.0,3.0,,5,5,0.4
2020-05-14,True,105.0,0.0011629687505024747,1.1272455870061773,0.0,0.0,2.0,,5,5,0.4
2020-05-21,True,102.0,-0.0023357804984350406,1.0881222150657626,0.0,0.0,2.0,,5,5,0.4
2020-05-28,False,,,,,,,1.0,5,5,0.4
2020-06-04,True,108.0,0.0009505299841170364,1.0,0.0,0.0,3.0,,5,5,0.4
2020-06-11,True,111.0,-0.0025411327235533993,0.9402435956060112,0.0,0.0,3.0,,5,5,0.4
2020-06-18,True,96.0,0.0032353723934352603,1.207767833518062,0.0,0.0,3.0,,5,5,0.4
2020-06-29,True,97.0,-0.030290429214912706,1.1080993150194505,0.0,0.0,0.0,,5,5,0.4
2020-07-06,True,93.0,0.003214987811587258,1.1367287383806008,1.0,0.0,2.0,,5,5,0.4
2020-07-20,True,90.0,9.490863645524039e-05,1.4516548401938898,0.0,0.0,3.0,,5,5,0.4
2020-07-27,True,100.0,-0.00878224798556066,0.9600000000000003,0.0,0.0,2.0,,5,5,0.4
2020-08-03,True,115.0,-0.0027814812494687015,1.0260869565217379,0.0,0.0,2.0,,5,5,0.4
2020-08-10,True,112.0,-0.004980790760628788,0.8999752922588563,0.0,0.0,1.0,,5,5,0.4
2020-08-17,True,104.0,0.008925854591246674,1.0647392514787568,0.0,0.0,2.0,,5,5,0.4
2020-08-24,True,111.0,0.0001581714725808355,0.8500117313756536,0.0,0.0,3.0,,5,5,0.4
2020-08-31,True,102.0,-0.0003259638968586484,1.087887682570168,0.0,0.0,3.0,,5,5,0.4
2020-09-07,True,109.0,0.00020799304538450525,1.046653577364614,0.0,0.0,3.0,,5,5,0.4
2020-09-14,True,93.0,-0.0018493960550313628,1.1165277971452523,0.0,0.0,1.0,,5,5,0.4
2020-09-21,True,96.0,0.003984639404633544,0.9209404823925017,0.0,0.0,1.0,,5,5,0.4
2020-09-28,True,102.0,-0.0009393738600374513,1.020720422414219,0.0,0.0,4.0,,5,5,0.4
2020-10-13,False,,,,,,,1.0,5,5,0.4
2020-10-20,True,102.0,0.004665850193238549,1.0,0.0,0.0,2.0,,5,5,0.4
2020-10-27,True,104.0,0.007134732206357593,1.1594595663740086,0.0,0.0,1.0,,5,5,0.4
2020-11-03,True,97.0,-0.0003133567584237343,1.3756248316255733,0.0,0.0,4.0,,5,5,0.4
2020-11-10,True,100.0,0.004138250572210604,0.9840660364820667,0.0,0.0,2.0,,5,5,0.4
2020-11-17,True,101.0,-0.0010677658738427187,1.1245033790760266,0.0,0.0,3.0,,5,5,0.4
2020-11-24,False,,,,,,,1.0,5,5,0.4
2020-12-01,False,,,,,,,1.0,5,5,0.4
2020-12-08,True,104.0,0.010219406506806781,1.0,0.0,0.0,1.0,,5,5,0.4
2020-12-29,True,91.0,-0.012122075448380627,1.3437728985579904,0.0,0.0,2.0,,5,5,0.4
2021-01-06,True,98.0,0.00806269166774441,1.0024868863238332,0.0,0.0,1.0,,5,5,0.4
2021-01-13,True,90.0,0.00911453739780571,1.088992394249127,0.0,0.0,3.0,,5,5,0.4
2021-01-20,True,102.0,0.017558408376386128,1.196078431372548,0.0,0.0,1.0,,5,5,0.4
2021-01-27,True,100.0,-0.001131335734495682,1.093055047980862,0.0,0.0,1.0,,5,5,0.4
2021-02-03,True,86.0,-0.0016639239985761917,1.1389502219720382,0.0,0.0,1.0,,5,5,0.4
2021-02-10,True,93.0,-0.0021668150136073816,1.1631370041914266,1.0,0.0,0.0,,5,5,0.4
2021-02-24,True,101.0,-0.0036038373508790102,1.2895356062153827,0.0,0.0,0.0,,5,5,0.4
2021-03-03,True,86.0,-0.016094498451287617,1.2624289995819944,0.0,0.0,1.0,,5,5,0.4
2021-03-10,True,100.0,0.002586001893669535,1.221329383606137,0.0,0.0,1.0,,5,5,0.4
2021-03-17,True,94.0,-0.01326000506879716,0.9987698192981825,0.0,0.0,1.0,,5,5,0.4
2021-03-24,True,102.0,-0.002543080854436223,1.2207619051718963,0.0,0.0,3.0,,5,5,0.4
2021-03-31,True,106.0,0.0028777891468223203,1.0400246425619115,0.0,1.0,2.0,,5,5,0.4
2021-04-08,True,107.0,0.000850003696287769,0.9875612275410837,0.0,0.0,1.0,,5,5,0.4
2021-04-15,True,96.0,0.0024688186666540143,1.1995307666680883,0.0,0.0,3.0,,5,5,0.4
2021-04-22,True,96.0,0.010644808597775621,1.0955035192172067,0.0,0.0,0.0,,5,5,0.4
2021-04-29,True,103.0,-0.0031073067055644235,1.2252143997323675,0.0,0.0,2.0,,5,5,0.4
2021-05-11,True,97.0,0.007580899119012337,1.0419334838795729,0.0,0.0,2.0,,5,5,0.4
2021-05-18,True,100.0,0.004001753350511488,1.0433981904017453,0.0,0.0,3.0,,5,5,0.4
2021-05-25,True,108.0,-0.00037033938605839437,1.1851851851851865,0.0,0.0,1.0,,5,5,0.4
2021-06-01,True,108.0,-0.0019892292964053,0.9064900409993393,0.0,0.0,3.0,,5,5,0.4
2021-06-08,True,107.0,-0.0004486968038421371,0.9385959780374327,0.0,0.0,2.0,,5,5,0.4
2021-06-16,True,89.0,-0.000285664133719523,1.1211502122811248,0.0,0.0,0.0,,5,5,0.4
2021-06-30,True,98.0,0.002716995588817748,1.3479501160253078,0.0,0.0,0.0,,5,5,0.4
2021-07-07,True,103.0,-0.0022372400827019943,1.1679296385545663,0.0,0.0,1.0,,5,5,0.4
2021-07-14,True,95.0,0.0009923079606032337,1.0959087621257688,0.0,0.0,1.0,,5,5,0.4
2021-07-21,True,103.0,-0.016256018218417233,1.0686097749802717,0.0,0.0,2.0,,5,5,0.4
2021-07-28,True,92.0,-0.006486866500590136,0.8755918917695391,0.0,0.0,3.0,,5,5,0.4
2021-08-04,True,89.0,0.004603436018559729,0.9499736237057491,0.0,0.0,2.0,,5,5,0.4
2021-08-11,True,110.0,-0.012542586679814482,1.0727272727272716,0.0,0.0,1.0,,5,5,0.4
2021-08-18,True,108.0,0.006661520782999742,1.1405578759558157,0.0,0.0,1.0,,5,5,0.4
2021-08-25,True,106.0,-0.025844898374479137,1.0513878590191343,0.0,0.0,1.0,,5,5,0.4
2021-09-01,True,98.0,-0.004346954671837308,1.068309488520619,0.0,0.0,1.0,,5,5,0.4
2021-09-08,True,93.0,-0.008870296544918749,1.03426474013619,0.0,0.0,2.0,,5,5,0.4
2021-09-15,True,106.0,0.010596377405741899,1.2075471698113225,0.0,0.0,3.0,,5,5,0.4
2021-09-24,True,96.0,0.016996794851004794,1.1152102338488716,0.0,0.0,0.0,,5,5,0.4
2021-10-08,True,107.0,0.015573638236600157,1.140325724200471,0.0,0.0,2.0,,5,5,0.4
2021-10-15,True,101.0,-2.90987779923283e-05,1.1511387158394362,0.0,0.0,0.0,,5,5,0.4
2021-10-22,True,99.0,-0.004482554864758918,1.171409322563719,0.0,0.0,3.0,,5,5,0.4
2021-10-29,True,102.0,0.004729467334206658,1.0672236231190058,1.0,0.0,1.0,,5,5,0.4
2021-11-05,True,96.0,0.0031374061020332366,1.2766151334920102,0.0,0.0,2.0,,5,5,0.4
2021-11-12,True,101.0,0.005588903162423406,1.0117889493572816,0.0,0.0,3.0,,5,5,0.4
2021-11-19,True,111.0,0.002375464399029109,1.0990990990990988,0.0,0.0,2.0,,5,5,0.4
2021-11-26,False,,,,,,,1.0,5,5,0.4
2021-12-03,True,100.0,0.006358067854290026,1.0,0.0,0.0,3.0,,5,5,0.4
2021-12-10,True,101.0,-0.0036750866150031744,1.0828017893836075,0.0,0.0,2.0,,5,5,0.4
2021-12-17,True,98.0,0.0020944398670290965,1.0713484817072727,0.0,0.0,2.0,,5,5,0.4
2021-12-24,True,91.0,0.0045904917915859725,1.1903626731903063,0.0,0.0,2.0,,5,5,0.4
2021-12-31,True,101.0,-0.016731064324962682,1.08910891089109,0.0,0.0,2.0,,5,5,0.4
2022-01-10,True,100.0,0.00463807219417323,1.2173718087186316,0.0,0.0,2.0,,5,5,0.4
2022-01-17,True,93.0,0.0026177775658409105,1.1254666263964412,0.0,0.0,2.0,,5,5,0.4
2022-01-24,True,105.0,-0.0008651227611092757,1.219047619047618,0.0,0.0,2.0,,5,5,0.4
2022-02-07,True,82.0,-0.005909361248749781,1.257573172663615,0.0,0.0,2.0,,5,5,0.4
2022-02-21,True,107.0,0.016723261216696136,1.3457943925233617,0.0,0.0,1.0,,5,5,0.4
2022-02-28,True,94.0,-0.0025250888751976314,1.189016352894561,0.0,0.0,1.0,,5,5,0.4
2022-03-07,True,90.0,-0.00014988790093491133,1.1176129667072536,0.0,0.0,2.0,,5,5,0.4
2022-03-21,True,92.0,0.006573770815107002,1.2650588085292824,0.0,0.0,1.0,,5,5,0.4
2022-03-28,True,109.0,0.004964941131071746,1.064220183486238,0.0,0.0,0.0,,5,5,0.4
2022-04-06,True,96.0,0.0007601500201547332,1.1647730934761933,0.0,0.0,2.0,,5,5,0.4
2022-04-13,True,91.0,0.016496333677160257,1.1692494219693859,0.0,0.0,2.0,,5,5,0.4
2022-04-20,True,90.0,0.007379568523285647,1.0512557870324597,0.0,0.0,0.0,,5,5,0.4
2022-05-16,True,111.0,-0.007150238349695168,1.3153153153153148,0.0,0.0,1.0,,5,5,0.4
2022-05-23,True,112.0,0.002880326907518137,0.9923068282581552,0.0,0.0,0.0,,5,5,0.4
2022-05-30,True,111.0,0.0005625200683761697,0.9459973298665151,0.0,0.0,1.0,,5,5,0.4
2022-06-07,True,106.0,-0.016160151338550543,1.023302222243428,0.0,0.0,2.0,,5,5,0.4
2022-06-14,True,95.0,0.004406773791127971,0.9499984702442292,0.0,0.0,0.0,,5,5,0.4
2022-06-21,True,101.0,0.0020216511272417026,1.0156264815818334,0.0,0.0,0.0,,5,5,0.4
2022-06-28,True,101.0,0.0003760487394153815,1.0292920745721568,0.0,0.0,0.0,,5,5,0.4
2022-07-05,True,109.0,0.004015363314673035,1.066554420504186,0.0,0.0,0.0,,5,5,0.4
2022-07-12,True,102.0,-0.00020413166913282036,1.1189268267438823,0.0,0.0,0.0,,5,5,0.4
2022-07-19,True,96.0,-0.0003584996430782937,1.0780584187325293,0.0,0.0,0.0,,5,5,0.4
2022-07-26,True,100.0,-0.010580224127144672,1.1608445165915595,0.0,0.0,0.0,,5,5,0.4
2022-08-02,True,102.0,-0.004491488182150357,1.2012563162647576,0.0,0.0,0.0,,5,5,0.4
2022-08-09,False,,,,,,,1.0,5,5,0.4
2022-08-16,True,109.0,-0.002386245848457402,1.0,0.0,0.0,0.0,,5,5,0.4
2022-08-23,True,102.0,0.007205252664669962,1.1347027660194937,0.0,0.0,1.0,,5,5,0.4
2022-08-30,True,95.0,-0.00030452238499258577,1.001217044642245,0.0,0.0,0.0,,5,5,0.4
2022-09-06,True,102.0,-0.0007492444519073011,1.1385615195490877,0.0,0.0,0.0,,5,5,0.4
2022-09-14,True,103.0,0.00035509973144331325,1.074821342020334,0.0,0.0,1.0,,5,5,0.4
2022-09-21,True,104.0,-0.004807266082112285,1.1609247959093596,0.0,0.0,0.0,,5,5,0.4
2022-09-28,True,85.0,0.0030418780971881512,1.218684978959887,0.0,0.0,0.0,,5,5,0.4
2022-10-12,True,87.0,0.002230482557380122,1.1104334440868593,0.0,0.0,0.0,,5,5,0.4
2022-10-19,True,96.0,-0.006547708133819599,1.0833333333333333,0.0,0.0,0.0,,5,5,0.4
2022-10-26,True,103.0,-0.0028934411458272687,1.1085320964900018,0.0,0.0,0.0,,5,5,0.4
2022-11-02,True,94.0,0.008565190294586054,1.053292189799087,0.0,0.0,0.0,,5,5,0.4
2022-11-09,True,107.0,0.0008061471914850293,1.065420560747663,0.0,0.0,1.0,,5,5,0.4
2022-11-16,True,113.0,0.0004983688758321931,1.2099632809033505,0.0,0.0,0.0,,5,5,0.4
2022-11-23,True,104.0,-0.005363998136189742,1.050033529097391,0.0,0.0,0.0,,5,5,0.4
2022-11-30,True,98.0,0.01201185673369753,1.1181997731430418,0.0,0.0,0.0,,5,5,0.4
2022-12-07,True,108.0,-0.0014343544203305912,1.0555555555555567,0.0,0.0,1.0,,5,5,0.4
2022-12-14,True,104.0,0.002020570389761077,1.2142210466609717,0.0,0.0,0.0,,5,5,0.4
2022-12-21,True,94.0,0.0038437754296854294,1.0016106517050027,0.0,0.0,0.0,,5,5,0.4
2022-12-28,True,90.0,-0.002008785491779349,1.1526963246582875,0.0,0.0,0.0,,5,5,0.4
2023-01-05,True,106.0,0.005850329355317638,1.2264150943396237,0.0,0.0,0.0,,5,5,0.4
2023-01-12,True,106.0,-0.0003141654275600342,0.9962499134252425,0.0,0.0,1.0,,5,5,0.4
2023-01-19,True,108.0,-0.0006619835451159226,1.1542625779478255,0.0,0.0,0.0,,5,5,0.4
2023-02-02,True,108.0,0.002958517232366706,1.1300694581271737,0.0,0.0,0.0,,5,5,0.4
2023-02-09,True,100.0,0.005078121189810861,1.114495872432312,0.0,0.0,0.0,,5,5,0.4
2023-02-16,True,100.0,0.0027927355456815028,1.1563700742559124,0.0,0.0,0.0,,5,5,0.4
2023-02-23,True,106.0,-0.00801028350699937,1.2075471698113218,0.0,0.0,0.0,,5,5,0.4
2023-03-02,True,110.0,-0.00804178067897364,1.0755046459121829,0.0,0.0,1.0,,5,5,0.4
2023-03-09,True,99.0,-0.006092930932416326,1.1184959140633732,0.0,0.0,1.0,,5,5,0.4
2023-03-16,True,90.0,-0.007708089095711246,1.17215464136889,0.0,0.0,1.0,,5,5,0.4
2023-03-23,True,99.0,0.00761802581408813,0.9902762560151411,0.0,0.0,0.0,,5,5,0.4
2023-03-30,True,104.0,-0.010920129591535172,0.9826207795886912,0.0,0.0,0.0,,5,5,0.4
2023-04-07,True,106.0,0.011610653798495383,0.9552494009203277,0.0,0.0,0.0,,5,5,0.4
2023-04-14,True,110.0,0.003699714917646868,0.9502025442652545,0.0,0.0,0.0,,5,5,0.4
2023-04-21,True,101.0,-0.005264373223057469,1.0089389674884004,0.0,1.0,0.0,,5,5,0.4
2023-04-28,True,88.0,-0.003989008862557437,0.9578824180169172,0.0,0.0,0.0,,5,5,0.4
2023-05-10,True,86.0,0.0041574842188518224,1.1903764655153986,0.0,0.0,0.0,,5,5,0.4
2023-05-17,True,91.0,0.012835768389211603,0.9674404161159439,0.0,0.0,1.0,,5,5,0.4
2023-05-24,True,101.0,-0.004086840134338158,1.2475247524752477,0.0,0.0,0.0,,5,5,0.4
2023-05-31,True,87.0,0.011087248711671863,1.2812038489856412,0.0,0.0,0.0,,5,5,0.4
2023-06-07,True,94.0,-0.0047626238282166035,1.1283901668454537,0.0,0.0,1.0,,5,5,0.4
2023-06-14,True,98.0,0.003251700634353017,1.0816326530612248,0.0,0.0,1.0,,5,5,0.4
2023-06-21,True,101.0,0.002476720939687616,1.1509364138509024,0.0,0.0,0.0,,5,5,0.4
2023-06-30,True,97.0,0.0006256367509687589,1.0916442924694525,0.0,0.0,0.0,,5,5,0.4
2023-07-07,True,101.0,-0.003149176944090365,1.129973652082452,0.0,0.0,0.0,,5,5,0.4
2023-07-14,True,111.0,0.0018253982305916749,1.153597635767267,0.0,0.0,0.0,,5,5,0.4
2023-07-21,True,108.0,-0.0054374236175853685,1.0352544468602398,0.0,0.0,1.0,,5,5,0.4
2023-07-28,True,105.0,0.0034594009635794632,1.0892968612025267,0.0,0.0,1.0,,5,5,0.4
2023-08-04,True,95.0,-0.0019360426912985312,1.005669873208446,0.0,0.0,0.0,,5,5,0.4
2023-08-11,True,108.0,0.0028293107024351567,1.2592592592592617,0.0,0.0,1.0,,5,5,0.4
2023-08-18,True,95.0,0.0018484519057398834,1.111804452350715,0.0,0.0,0.0,,5,5,0.4
2023-08-25,True,83.0,-0.010338367636908426,1.1353634175216671,5.0,0.0,0.0,,5,5,0.4
2023-09-01,True,94.0,-0.001228123437303854,1.1922605407680296,0.0,0.0,0.0,,5,5,0.4
2023-09-08,True,109.0,-0.0007475709754883337,1.2110091743119256,0.0,0.0,0.0,,5,5,0.4
2023-09-15,True,106.0,-0.0008172515217274227,1.2099596993978377,0.0,0.0,1.0,,5,5,0.4
2023-09-22,True,101.0,-0.005950289978714702,1.0552197988963745,0.0,0.0,0.0,,5,5,0.4
2023-10-09,True,101.0,-0.0027856552766190885,1.139228488109813,0.0,0.0,0.0,,5,5,0.4
2023-10-16,True,108.0,-0.003288107323543281,0.9822969767173042,0.0,0.0,0.0,,5,5,0.4
2023-11-06,True,110.0,0.002960819505497565,1.2770464426925772,0.0,0.0,0.0,,5,5,0.4
2023-11-13,True,105.0,0.002146216918253496,1.0363312425165143,0.0,0.0,0.0,,5,5,0.4
2023-11-20,True,106.0,0.00706952844551248,0.966992819098895,0.0,0.0,1.0,,5,5,0.4
2023-11-27,True,107.0,-0.0030684703328634454,1.0883221684780047,0.0,0.0,0.0,,5,5,0.4
2023-12-04,True,85.0,-0.0004418468681603484,1.1768469487406477,0.0,0.0,0.0,,5,5,0.4
2023-12-18,True,88.0,0.00328301916793781,1.3181928614108738,0.0,0.0,0.0,,5,5,0.4
2023-12-25,True,80.0,-0.0024438308081416293,1.023669345477069,0.0,0.0,0.0,,5,5,0.4
2024-01-02,True,102.0,0.0020196730940800905,1.2549019607843133,0.0,0.0,0.0,,5,5,0.4
2024-01-09,True,103.0,-0.007212518782513066,1.1978309098505502,0.0,0.0,0.0,,5,5,0.4
2024-01-16,True,88.0,-0.0045190306849768255,1.278786833083364,0.0,0.0,0.0,,5,5,0.4
2024-01-23,True,98.0,0.016273096576294215,1.1224489795918362,0.0,0.0,0.0,,5,5,0.4
2024-01-30,True,108.0,0.004678184845601683,1.0588029177469835,0.0,0.0,1.0,,5,5,0.4
2024-02-06,True,91.0,0.0006309868585174863,1.1988770020888342,0.0,0.0,0.0,,5,5,0.4
2024-02-28,True,94.0,-0.001946946067905915,1.3841258539402574,0.0,1.0,0.0,,5,5,0.4
2024-03-06,True,103.0,0.001498467688636023,1.1067961165048543,0.0,0.0,0.0,,5,5,0.4
2024-03-13,True,108.0,-0.003018798017277267,1.1135956972189578,0.0,0.0,0.0,,5,5,0.4
2024-03-20,True,116.0,0.017725918652520378,1.1060178728273926,0.0,0.0,0.0,,5,5,0.4
2024-03-27,True,102.0,0.0023828327070167694,1.1032581763496085,0.0,0.0,1.0,,5,5,0.4
2024-04-03,True,88.0,-0.0018677797699041508,1.2010632304051438,0.0,0.0,0.0,,5,5,0.4
2024-04-12,True,91.0,0.0006612703585002835,1.3016681760754927,0.0,0.0,1.0,,5,5,0.4
2024-04-19,True,85.0,-0.001464279027470386,1.1892794105017161,0.0,0.0,1.0,,5,5,0.4
2024-04-26,True,105.0,0.005796794954617386,1.2571428571428556,0.0,0.0,1.0,,5,5,0.4
2024-05-08,True,99.0,-0.0011781994188240167,1.1582061964148536,0.0,0.0,1.0,,5,5,0.4
2024-05-15,True,104.0,-0.008688267022260466,0.8856008350293194,0.0,0.0,0.0,,5,5,0.4
2024-05-22,True,105.0,0.008670998400155953,0.9427212091064958,0.0,0.0,1.0,,5,5,0.4
2024-05-29,True,99.0,0.007770672729400727,1.2307515843181145,0.0,0.0,0.0,,5,5,0.4
2024-06-05,True,93.0,-0.002641745146803572,1.0798373238903434,0.0,0.0,0.0,,5,5,0.4
2024-06-13,True,99.0,0.0022444339496771066,1.07070707070707,0.0,0.0,0.0,,5,5,0.4
2024-06-20,True,94.0,0.005633528510669526,1.114820538750598,0.0,0.0,0.0,,5,5,0.4
2024-06-27,True,80.0,-0.004430274023054091,1.2312137122929083,0.0,0.0,0.0,,5,5,0.4
2024-07-11,True,83.0,0.0074712948716633,1.4231409733701457,0.0,0.0,0.0,,5,5,0.4
2024-07-18,True,104.0,0.008754746885428127,1.2692307692307683,0.0,0.0,0.0,,5,5,0.4
2024-07-25,True,96.0,-0.008895589788083361,1.2560993831466434,0.0,0.0,1.0,,5,5,0.4
2024-08-01,True,98.0,0.0052351483402210824,1.1075225386815932,0.0,0.0,0.0,,5,5,0.4
2024-08-08,True,108.0,0.009507251298108607,1.1296296296296304,0.0,0.0,0.0,,5,5,0.4
2024-08-15,True,98.0,0.004801846880234266,0.9691557403759388,0.0,0.0,0.0,,5,5,0.4
2024-08-22,True,92.0,0.005896927312211687,1.0294353005733516,0.0,0.0,0.0,,5,5,0.4
2024-08-29,False,,,,,,,2.0,5,5,0.4
2024-09-05,True,91.0,-0.003998571568261347,1.0,0.0,0.0,1.0,,5,5,0.4
2024-09-12,True,90.0,0.005478664556321513,0.9984572509218137,0.0,0.0,0.0,,5,5,0.4
2024-09-23,True,96.0,-0.04630010792416611,1.0639568351163569,0.0,0.0,1.0,,5,5,0.4
2024-10-21,True,87.0,-0.009848701516146995,1.4879335671306009,0.0,0.0,0.0,,5,5,0.4
2024-10-28,True,111.0,-0.0003548834406823416,0.9909909909909915,0.0,0.0,0.0,,5,5,0.4
2024-11-04,True,109.0,-0.03158980574539234,0.8383608762993856,0.0,0.0,0.0,,5,5,0.4
2024-11-11,True,100.0,0.021216874154192045,1.0032639105694843,0.0,0.0,0.0,,5,5,0.4
2024-11-18,True,97.0,0.007432965555073744,0.961619857335478,0.0,0.0,0.0,,5,5,0.4
2024-11-25,True,91.0,0.004467927552545572,1.3761825246307589,0.0,0.0,0.0,,5,5,0.4
2024-12-02,True,103.0,-0.0008016708479735429,1.0485436893203883,1.0,0.0,0.0,,5,5,0.4
2024-12-09,True,112.0,0.009498369578786511,1.1785714285714273,0.0,0.0,1.0,,5,5,0.4
2024-12-16,True,108.0,0.004158946041093079,0.9140929520021617,0.0,0.0,1.0,,5,5,0.4
2024-12-23,True,89.0,-0.004566135158223716,1.2792354032408664,0.0,0.0,0.0,,5,5,0.4
2024-12-30,True,98.0,0.008037488627083693,1.1020408163265307,0.0,0.0,0.0,,5,5,0.4
2025-01-07,True,91.0,-0.0014705923243455215,1.134348435903159,0.0,0.0,0.0,,5,5,0.4
2025-01-21,True,99.0,0.0001657199889762897,1.3338525980942237,0.0,0.0,0.0,,5,5,0.4
2025-02-05,False,,,,,,,1.0,5,5,0.4
2025-02-12,True,111.0,0.002821151995898806,1.0,0.0,0.0,0.0,,5,5,0.4
2025-02-19,True,108.0,-0.004006889077722354,0.9271840705168856,0.0,0.0,0.0,,5,5,0.4
2025-02-26,True,101.0,0.008848741914410539,1.0623610291918117,0.0,0.0,1.0,,5,5,0.4
2025-03-05,True,104.0,-0.0027028940659900623,1.005101380902093,0.0,0.0,1.0,,5,5,0.4
2025-03-12,False,,,,,,,1.0,5,5,0.4
2025-03-19,True,108.0,0.0004314196363917923,1.0,0.0,0.0,1.0,,5,5,0.4
2025-03-26,True,97.0,0.00014957938236714007,1.184292339656181,0.0,0.0,0.0,,5,5,0.4
2025-04-02,True,92.0,-2.3289143084311015e-05,1.0502489390687568,0.0,0.0,0.0,,5,5,0.4
2025-04-10,True,95.0,0.0009236199831466558,1.174006970735854,0.0,0.0,0.0,,5,5,0.4
2025-04-17,True,102.0,0.006111835539506557,0.9803921568627442,0.0,0.0,1.0,,5,5,0.4
2025-04-24,True,101.0,-0.005312560664059416,1.0457282615895163,0.0,0.0,0.0,,5,5,0.4
2025-05-06,True,106.0,0.00012272155398088212,1.077408790288595,0.0,0.0,0.0,,5,5,0.4
2025-05-13,True,109.0,0.0008469019399970368,1.101889355763858,0.0,0.0,0.0,,5,5,0.4
2025-05-20,False,,,,,,,2.0,5,5,0.4
2025-05-27,True,104.0,-0.0034296117934702035,1.0,0.0,0.0,0.0,,5,5,0.4
2025-06-04,True,98.0,0.003057553750502394,0.9818905532625829,0.0,0.0,0.0,,5,5,0.4
2025-06-11,True,103.0,-0.005996978467318713,1.0679652262098054,0.0,0.0,1.0,,5,5,0.4
2025-06-18,True,96.0,-0.0020024791318124513,1.0059810286194608,0.0,0.0,0.0,,5,5,0.4
2025-06-25,True,92.0,-0.004865801814046651,1.2295613056767436,0.0,0.0,0.0,,5,5,0.4
2025-07-02,True,104.0,-0.003606053891390565,1.0576923076923064,0.0,0.0,0.0,,5,5,0.4
2025-07-09,True,109.0,0.00204908960211286,1.0833175700387725,0.0,0.0,0.0,,5,5,0.4
2025-07-16,True,108.0,-0.005234578935235806,0.927892801412774,0.0,0.0,0.0,,5,5,0.4
2025-07-23,True,114.0,-0.0025541569529565003,0.9482910814856286,0.0,0.0,0.0,,5,5,0.4
2025-07-30,True,98.0,0.0038131541879239165,1.1110844803773496,0.0,0.0,0.0,,5,5,0.4
2025-08-06,True,102.0,-0.0030665648690626542,1.3139084390024869,0.0,0.0,0.0,,5,5,0.4
2025-08-13,True,108.0,-0.010787868433567563,1.1666666666666679,0.0,0.0,0.0,,5,5,0.4
2025-08-20,True,102.0,-0.004548026232794208,1.0949052828380987,0.0,0.0,0.0,,5,5,0.4
2025-08-27,False,,,,,,,1.0,5,5,0.4
2025-09-03,True,104.0,-0.002356956905612677,1.0,0.0,0.0,0.0,,5,5,0.4
2025-09-10,True,97.0,-0.0002181078350292666,1.1573538165353843,0.0,0.0,0.0,,5,5,0.4
2025-09-17,True,106.0,-0.012112289068294261,1.18867924528302,0.0,0.0,0.0,,5,5,0.4
2025-09-24,True,90.0,-0.0035176096936978957,1.3375659884096356,0.0,0.0,0.0,,5,5,0.4
2025-10-09,True,92.0,0.016220892828653174,1.0983738871471236,0.0,0.0,0.0,,5,5,0.4
2025-10-16,True,105.0,0.005895521162576934,1.2761904761904754,0.0,0.0,0.0,,5,5,0.4
2025-10-23,True,98.0,-0.010655432898377686,1.0911689942021572,0.0,0.0,0.0,,5,5,0.4
2025-10-30,True,105.0,0.0014126072432182574,1.2198462252404485,0.0,0.0,0.0,,5,5,0.4
2025-11-06,True,102.0,-0.003331865938596432,1.0372780586145005,0.0,0.0,0.0,,5,5,0.4
2025-11-13,False,,,,,,,1.0,5,5,0.4
2025-11-20,True,98.0,0.001453488287640167,0.9999999999999999,0.0,0.0,0.0,,5,5,0.4
2025-11-27,True,84.0,0.0067261019634119144,1.1799935757264228,0.0,0.0,0.0,,5,5,0.4
2025-12-04,True,101.0,-0.0017464446705309578,1.2079207920792079,0.0,0.0,0.0,,5,5,0.4
2025-12-11,True,104.0,0.00467244771925953,1.1156700950525205,0.0,0.0,0.0,,5,5,0.4
2025-12-18,True,98.0,-0.006977908389304651,1.095334356622829,0.0,0.0,0.0,,5,5,0.4
2025-12-25,True,102.0,-0.007544732894175671,0.9411764705882351,0.0,0.0,0.0,,5,5,0.4
2026-01-05,True,98.0,-0.013545457170995454,1.1046585680617567,0.0,0.0,0.0,,5,5,0.4
2026-01-12,True,101.0,0.00787579766137058,1.0941294028655126,0.0,0.0,0.0,,5,5,0.4
2026-01-19,True,100.0,-0.002643723422503778,1.1386390365986538,0.0,0.0,0.0,,5,5,0.4
2026-01-26,True,97.0,0.004464814368248443,0.9783789506280516,0.0,0.0,0.0,,5,5,0.4
2026-02-02,True,90.0,0.005341570827520643,0.9850692885663508,0.0,0.0,0.0,,5,5,0.4
2026-02-09,True,92.0,0.004454166945869608,1.1329088837436871,0.0,0.0,0.0,,5,5,0.4
2026-02-24,True,98.0,0.01678279022602379,0.8989719509641297,0.0,0.0,0.0,,5,5,0.4
2026-03-03,True,91.0,-0.002656978278878676,1.1358082745335332,0.0,0.0,0.0,,5,5,0.4
2026-03-10,True,93.0,0.0001509375310699973,1.1850174298955576,0.0,0.0,0.0,,5,5,0.4
2026-03-17,True,103.0,-0.008058613637607563,1.2042821397335786,0.0,0.0,0.0,,5,5,0.4
2026-03-24,True,81.0,0.011918201656153645,1.2947566463229532,0.0,0.0,0.0,,5,5,0.4
2026-03-31,True,84.0,-0.005626061938768025,0.932860450590234,0.0,0.0,0.0,,5,5,0.4
2026-04-08,True,103.0,0.00039894596466615376,1.2233009708737859,0.0,0.0,0.0,,5,5,0.4
2026-04-15,True,101.0,-0.0003549076996743599,1.1218132116693977,0.0,0.0,0.0,,5,5,0.4
2026-04-22,True,102.0,0.007172529155299748,1.227036482340207,0.0,0.0,0.0,,5,5,0.4
2026-04-29,True,103.0,-0.006335338658519651,0.9737497801013762,0.0,0.0,0.0,,5,5,0.4
2026-05-11,True,99.0,0.010069788048987553,1.1797162398794219,0.0,0.0,0.0,,5,5,0.4
2026-05-18,True,96.0,0.010783710779575602,0.9409396577938273,0.0,0.0,0.0,,5,5,0.4
2026-05-25,True,92.0,0.012825495404875138,1.1975572837246906,0.0,0.0,0.0,,5,5,0.4
2026-06-01,True,91.0,0.004666310338164871,1.1360369172207312,0.0,0.0,0.0,,5,5,0.4
2026-06-08,True,93.0,0.004716257559454203,1.1670780403331942,0.0,0.0,0.0,,5,5,0.4
2026-06-15,True,81.0,-0.015123295488632036,1.2869354490493559,0.0,0.0,0.0,,5,5,0.4
2026-06-23,True,95.0,-0.010854746778310744,1.3263157894736843,0.0,0.0,0.0,,5,5,0.4
2026-06-30,True,81.0,0.013390795449902787,1.1247932428611889,1.0,0.0,0.0,,5,5,0.4
2026-07-07,True,92.0,0.007435635706050521,1.1305119300404414,0.0,0.0,0.0,,5,5,0.4
2026-07-14,True,98.0,0.016645039825088553,1.104274422212347,0.0,0.0,0.0,,5,5,0.4
2026-07-21,True,86.0,-0.0034804450168165815,1.2118055744064975,0.0,0.0,0.0,,5,5,0.4
2026-07-28,True,89.0,-0.0019628168243114724,0.9979697597367218,0.0,0.0,0.0,,5,5,0.4
2026-08-04,True,104.0,0.02114629516812384,1.0384615384615374,0.0,0.0,0.0,,5,5,0.4
2026-08-11,True,102.0,0.006228720978444837,1.0397229290525827,0.0,0.0,0.0,,5,5,0.4
2026-08-18,True,100.0,0.013502712879335783,1.03319670113368,0.0,0.0,0.0,,5,5,0.4
2026-08-25,True,90.0,0.0014218539235925677,1.220577277773591,0.0,0.0,0.0,,5,5,0.4
2026-09-01,True,99.0,0.003754147391188221,1.2323232323232318,0.0,0.0,0.0,,5,5,0.4
2026-09-08,False,,,,,,,1.0,5,5,0.4
2026-09-15,True,97.0,0.002157869462409973,1.0,0.0,0.0,0.0,,5,5,0.4
2026-09-22,False,,,,,,,81.0,5,5,0.4
2026-09-30,False,,,,,,,100.0,5,5,0.4
2020-02-07,True,40.0,-0.026523897423893127,1.0,0.0,0.0,0.0,,5,10,0.2
2020-02-21,True,49.0,-0.0004182014541618557,1.5918367346938784,0.0,0.0,1.0,,5,10,0.2
2020-03-06,True,56.0,0.010961422266287865,1.4999999999999996,0.0,0.0,0.0,,5,10,0.2
2020-04-03,True,53.0,0.004663031772984962,1.464329132958624,0.0,0.0,1.0,,5,10,0.2
2020-04-20,True,55.0,0.005103697012247232,1.4911738081147192,0.0,0.0,4.0,,5,10,0.2
2020-05-07,True,53.0,0.00020526629776270247,1.7169449277483733,0.0,0.0,2.0,,5,10,0.2
2020-05-21,False,,,,,,,1.0,5,10,0.2
2020-06-04,True,54.0,0.009174305501340976,1.0,0.0,0.0,2.0,,5,10,0.2
2020-06-18,True,48.0,0.01030133293486718,1.6776329826993857,0.0,0.0,3.0,,5,10,0.2
2020-07-06,True,46.0,0.018264590029308178,1.6445644978391727,1.0,0.0,1.0,,5,10,0.2
2020-07-20,True,45.0,-0.002483648920992173,1.6764004420502012,0.0,0.0,2.0,,5,10,0.2
2020-08-03,True,57.0,-0.0039786474325173155,1.6491228070175457,0.0,0.0,1.0,,5,10,0.2
2020-08-17,True,52.0,0.03542034431551847,1.6741251989695891,0.0,0.0,1.0,,5,10,0.2
2020-08-31,True,51.0,-0.01193373863310241,1.5164670445295276,0.0,0.0,2.0,,5,10,0.2
2020-09-14,True,46.0,0.0020701187667434093,1.5694415876231569,0.0,0.0,0.0,,5,10,0.2
2020-09-28,True,51.0,0.009542373791059773,1.6470588235294106,0.0,0.0,1.0,,5,10,0.2
2020-10-20,True,51.0,0.012048604104740408,1.5422608567481417,0.0,0.0,1.0,,5,10,0.2
2020-11-03,True,48.0,0.0021837191150679974,1.5875625265939635,0.0,0.0,2.0,,5,10,0.2
2020-11-17,False,,,,,,,1.0,5,10,0.2
2020-12-01,True,54.0,0.034835036672852725,1.0,0.0,0.0,1.0,,5,10,0.2
2020-12-29,True,45.0,-0.019885680301483688,1.6312017586144967,0.0,0.0,0.0,,5,10,0.2
2021-01-13,True,45.0,0.020574760871729023,1.533158282159069,0.0,0.0,2.0,,5,10,0.2
2021-01-27,True,50.0,-0.004365233381506427,1.600099007209049,0.0,0.0,1.0,,5,10,0.2
2021-02-10,True,46.0,0.0018250914897361692,1.7341417260836562,0.0,0.0,0.0,,5,10,0.2
2021-03-03,True,43.0,-0.024183311147400965,1.724476709244361,0.0,1.0,1.0,,5,10,0.2
2021-03-17,True,47.0,0.004296678494999295,1.7037090948553657,0.0,0.0,1.0,,5,10,0.2
2021-03-31,True,53.0,0.0013631637264492884,1.5849056603773584,0.0,0.0,1.0,,5,10,0.2
2021-04-15,True,48.0,0.013890823005476931,1.6636548643666342,0.0,0.0,1.0,,5,10,0.2
2021-04-29,True,51.0,-0.001092432545899893,1.8081091584590574,0.0,0.0,0.0,,5,10,0.2
2021-05-18,True,50.0,-0.005629690107834189,1.6961611672428407,0.0,0.0,2.0,,5,10,0.2
2021-06-01,True,54.0,0.005861178968350242,1.7053779282034347,0.0,0.0,1.0,,5,10,0.2
2021-06-16,True,44.0,-0.012923628768129351,1.6762166152066558,0.0,0.0,0.0,,5,10,0.2
2021-06-30,True,49.0,-0.010240307336136612,1.5102040816326536,0.0,0.0,0.0,,5,10,0.2
2021-07-14,True,47.0,-0.017591770908599855,1.444641168089629,0.0,0.0,0.0,,5,10,0.2
2021-07-28,True,46.0,-0.006280159872573611,1.4555430978572637,0.0,0.0,3.0,,5,10,0.2
2021-08-11,True,55.0,-0.007988060689917403,1.527272727272726,0.0,0.0,0.0,,5,10,0.2
2021-08-25,True,53.0,-0.04726590429294034,1.5702491013946296,0.0,0.0,0.0,,5,10,0.2
2021-09-08,True,46.0,0.017468686753503066,1.5447706867991082,0.0,0.0,1.0,,5,10,0.2
2021-09-24,True,48.0,0.036480854871247206,1.7094275689897123,0.0,0.0,0.0,,5,10,0.2
2021-10-15,True,50.0,-0.006777339230303664,1.6953389515657165,0.0,0.0,0.0,,5,10,0.2
2021-10-29,True,51.0,-0.009328050438701543,1.7263084314997845,1.0,0.0,0.0,,5,10,0.2
2021-11-12,True,50.0,0.022882831568423828,1.6512721383426556,0.0,0.0,1.0,,5,10,0.2
2021-11-26,True,54.0,-0.009226288242839789,1.8148148148148169,0.0,0.0,1.0,,5,10,0.2
2021-12-10,True,50.0,-0.003823453675002836,1.568500832765107,0.0,0.0,1.0,,5,10,0.2
2021-12-24,True,45.0,-0.02947799285133586,1.5774923966465095,0.0,0.0,1.0,,5,10,0.2
2022-01-10,True,50.0,0.013820632411272335,1.6064499517649558,0.0,0.0,2.0,,5,10,0.2
2022-01-24,True,52.0,0.0024334907435646716,1.769735054450886,0.0,0.0,1.0,,5,10,0.2
2022-02-28,True,47.0,-0.0032813979134417304,1.6180682319071242,0.0,0.0,1.0,,5,10,0.2
2022-03-28,True,54.0,0.011101049361892016,1.6666666666666674,0.0,0.0,0.0,,5,10,0.2
2022-04-13,True,45.0,0.030863812285650154,1.62891672139867,0.0,0.0,2.0,,5,10,0.2
2022-05-16,True,55.0,0.003861954136158044,1.6727272727272708,0.0,0.0,1.0,,5,10,0.2
2022-05-30,True,55.0,-0.0024373699156467615,1.5818536264588385,0.0,0.0,0.0,,5,10,0.2
2022-06-14,True,47.0,0.0044732005198734465,1.554471307601788,0.0,0.0,0.0,,5,10,0.2
2022-06-28,True,50.0,0.0028796012577525128,1.6400000000000006,0.0,0.0,0.0,,5,10,0.2
2022-07-12,True,51.0,0.016842087758618784,1.4634047699071153,0.0,0.0,0.0,,5,10,0.2
2022-07-26,True,50.0,-0.017640523349507185,1.7350791530505154,0.0,0.0,0.0,,5,10,0.2
2022-08-09,True,45.0,-0.002366516161372766,1.722441696311121,0.0,0.0,0.0,,5,10,0.2
2022-08-23,True,51.0,-0.001066684027750682,1.6078431372549016,0.0,0.0,0.0,,5,10,0.2
2022-09-06,True,51.0,-0.0014917439428944468,1.7374658292223508,0.0,0.0,0.0,,5,10,0.2
2022-09-21,True,52.0,0.008975125482774196,1.5448704848022279,0.0,0.0,0.0,,5,10,0.2
2022-10-12,True,43.0,0.0056344508826939735,1.7375138438680053,0.0,0.0,0.0,,5,10,0.2
2022-10-26,True,51.0,0.0021885611916889706,1.6470588235294112,0.0,0.0,0.0,,5,10,0.2
2022-11-09,True,53.0,0.012166388127726132,1.5964330021301514,0.0,0.0,1.0,,5,10,0.2
2022-11-23,True,52.0,0.004438548987924715,1.6432632345372218,0.0,0.0,0.0,,5,10,0.2
2022-12-07,True,54.0,-0.007865325864652627,1.5987433492290966,0.0,0.0,1.0,,5,10,0.2
2022-12-21,True,47.0,0.004478738282578103,1.6699500849740962,0.0,0.0,0.0,,5,10,0.2
2023-01-05,True,53.0,0.011473348607687187,1.7735849056603774,0.0,0.0,0.0,,5,10,0.2
2023-01-19,True,54.0,-0.008826705071728082,1.5637109698793639,0.0,0.0,0.0,,5,10,0.2
2023-02-09,True,50.0,-0.007722138505651156,1.6357162180945504,0.0,0.0,0.0,,5,10,0.2
2023-02-23,True,53.0,-0.010205312966822004,1.4768272008563341,0.0,0.0,0.0,,5,10,0.2
2023-03-09,True,49.0,-0.0191068636294793,1.7843360478245645,0.0,0.0,1.0,,5,10,0.2
2023-03-23,True,49.0,-0.007935708141265159,1.5638101357778544,0.0,0.0,0.0,,5,10,0.2
2023-04-07,True,53.0,0.01329805069458714,1.6226415094339626,0.0,0.0,0.0,,5,10,0.2
2023-04-21,True,50.0,-0.021986401068104316,1.7072339906336387,0.0,0.0,0.0,,5,10,0.2
2023-05-10,True,43.0,0.010419743627123609,1.6556238985098712,0.0,0.0,0.0,,5,10,0.2
2023-05-24,True,50.0,-0.00575908067724718,1.5999999999999999,0.0,0.0,0.0,,5,10,0.2
2023-06-07,True,47.0,-0.009984077049117471,1.683438464043981,0.0,0.0,1.0,,5,10,0.2
2023-06-21,True,50.0,0.011331007298223558,1.7200000000000006,0.0,0.0,0.0,,5,10,0.2
2023-07-07,True,50.0,0.006184208279860742,1.5351195518616425,0.0,0.0,0.0,,5,10,0.2
2023-07-21,True,54.0,-0.010873521300628443,1.7454733596835081,0.0,0.0,0.0,,5,10,0.2
2023-08-04,True,47.0,-0.002537972930287867,1.6429621427229815,0.0,0.0,0.0,,5,10,0.2
2023-08-18,True,47.0,0.008053359518202543,1.7078838773147516,0.0,0.0,0.0,,5,10,0.2
2023-09-01,True,47.0,-0.003383294368782694,1.497465635516942,0.0,0.0,0.0,,5,10,0.2
2023-09-15,True,53.0,-0.00037340449780112533,1.8113207547169812,0.0,0.0,1.0,,5,10,0.2
2023-10-09,True,50.0,-0.009711006356482643,1.740622359421608,0.0,0.0,0.0,,5,10,0.2
2023-11-06,True,55.0,0.0014411036404306547,1.6727272727272713,0.0,0.0,0.0,,5,10,0.2
2023-11-20,True,53.0,0.01584430723306234,1.4992322793723267,0.0,0.0,0.0,,5,10,0.2
2023-12-04,True,42.0,-0.005884453728161328,1.5179075634502794,0.0,0.0,0.0,,5,10,0.2
2023-12-18,True,44.0,0.0019462957772908573,1.5921553947090918,0.0,0.0,0.0,,5,10,0.2
2024-01-02,True,51.0,-0.007227972345345342,1.6078431372549011,0.0,0.0,0.0,,5,10,0.2
2024-01-16,True,44.0,0.004466059495684658,1.499469519085425,0.0,0.0,0.0,,5,10,0.2
2024-01-30,True,54.0,0.002701640629644099,1.7037037037037053,0.0,0.0,0.0,,5,10,0.2
2024-03-06,True,51.0,-0.006205418236316122,1.5159889568942797,0.0,0.0,0.0,,5,10,0.2
2024-03-20,True,58.0,0.036895073951364696,1.5517241379310338,0.0,0.0,0.0,,5,10,0.2
2024-04-03,True,44.0,0.008442014671868846,1.6648617589028307,0.0,0.0,0.0,,5,10,0.2
2024-04-19,True,42.0,0.007643887516315798,1.7740489136778415,0.0,0.0,0.0,,5,10,0.2
2024-05-08,True,49.0,-0.009993135448317016,1.7551020408163276,0.0,0.0,1.0,,5,10,0.2
2024-05-22,True,52.0,0.015853622042691973,1.7692307692307678,0.0,0.0,0.0,,5,10,0.2
2024-06-05,True,46.0,-0.006468624535772172,1.663549390220899,0.0,0.0,0.0,,5,10,0.2
2024-06-20,True,47.0,-2.9507968883145386e-05,1.8790042712218733,0.0,0.0,0.0,,5,10,0.2
2024-07-18,True,52.0,0.012919555219494692,1.6923076923076907,0.0,0.0,0.0,,5,10,0.2
2024-08-01,True,49.0,0.0058261166239967355,1.6229853784079074,0.0,0.0,0.0,,5,10,0.2
2024-08-15,True,49.0,0.007637708800925198,1.6769274412899093,0.0,0.0,0.0,,5,10,0.2
2024-08-29,False,,,,,,,1.0,5,10,0.2
2024-09-12,True,45.0,-0.09066517241379579,1.0,0.0,0.0,0.0,,5,10,0.2
2024-10-21,True,43.0,-0.010649310459633103,1.618732783800427,0.0,0.0,0.0,,5,10,0.2
2024-11-04,True,54.0,-0.007784599730087242,1.2962962962962963,0.0,0.0,0.0,,5,10,0.2
2024-11-18,True,48.0,0.008128726933463443,1.524477338715326,0.0,0.0,0.0,,5,10,0.2
2024-12-02,True,51.0,0.00031291374718920954,1.607919457882945,0.0,0.0,0.0,,5,10,0.2
2024-12-16,True,54.0,0.0005243005620222188,1.5942107455474674,0.0,0.0,1.0,,5,10,0.2
2024-12-30,True,49.0,0.011115315295520477,1.7137574047299693,0.0,0.0,0.0,,5,10,0.2
2025-02-05,False,,,,,,,1.0,5,10,0.2
2025-02-19,True,54.0,-0.006126236144645619,1.0,0.0,0.0,0.0,,5,10,0.2
2025-03-05,True,52.0,-0.003776347098778724,1.423645515491406,0.0,0.0,1.0,,5,10,0.2
2025-03-19,True,54.0,-0.005534467014898174,1.6316361132587587,0.0,0.0,1.0,,5,10,0.2
2025-04-02,True,46.0,-0.004473404057801705,1.6662724914603884,0.0,0.0,0.0,,5,10,0.2
2025-04-17,True,51.0,0.018190512020340027,1.8431372549019602,0.0,0.0,0.0,,5,10,0.2
2025-05-06,True,53.0,0.005953688533760049,1.737129220186985,0.0,0.0,0.0,,5,10,0.2
2025-05-20,False,,,,,,,1.0,5,10,0.2
2025-06-04,True,49.0,0.01492128309587503,0.9999999999999999,0.0,0.0,0.0,,5,10,0.2
2025-06-18,True,48.0,-0.006453636654220805,1.6513373488148013,0.0,0.0,0.0,,5,10,0.2
2025-07-02,True,52.0,-0.014560289162397582,1.6538461538461533,0.0,0.0,0.0,,5,10,0.2
2025-07-16,True,54.0,-0.010500250408720872,1.4087541164522208,0.0,0.0,0.0,,5,10,0.2
2025-07-30,True,49.0,-0.0014705578341174226,1.4952993077717212,0.0,0.0,0.0,,5,10,0.2
2025-08-13,True,54.0,-0.03310541921350752,1.4074074074074074,0.0,0.0,0.0,,5,10,0.2
2025-08-27,True,51.0,0.0010523527353798225,1.4550600010238224,0.0,0.0,0.0,,5,10,0.2
2025-09-10,True,48.0,-0.011692964983351747,1.54513917102862,0.0,0.0,0.0,,5,10,0.2
2025-09-24,True,45.0,0.021432658974487342,1.5428028998311947,0.0,0.0,0.0,,5,10,0.2
2025-10-16,True,52.0,-0.006762277058052747,1.7307692307692293,0.0,0.0,0.0,,5,10,0.2
2025-10-30,True,52.0,0.013464028903326453,1.5132825940946077,0.0,0.0,0.0,,5,10,0.2
2025-11-13,True,54.0,0.010523347618740679,1.5264246175397023,0.0,0.0,0.0,,5,10,0.2
2025-11-27,True,42.0,0.005819265094706874,1.7018416458220411,0.0,0.0,0.0,,5,10,0.2
2025-12-11,True,52.0,-0.01843792048184349,1.8846153846153835,0.0,0.0,0.0,,5,10,0.2
2025-12-25,True,51.0,-0.0025210781443354632,1.5025331875603423,0.0,0.0,0.0,,5,10,0.2
2026-01-12,True,50.0,-0.010416802446600721,1.5853930855590241,0.0,0.0,0.0,,5,10,0.2
2026-01-26,True,48.0,0.013595890553901703,1.6098788976036253,0.0,0.0,0.0,,5,10,0.2
2026-02-09,True,46.0,0.015431387837501092,1.5920166261707878,0.0,0.0,0.0,,5,10,0.2
2026-03-03,True,45.0,0.00839538959892747,1.8751175867661964,0.0,0.0,0.0,,5,10,0.2
2026-03-17,True,51.0,-0.00691207901051083,1.6470588235294108,0.0,0.0,0.0,,5,10,0.2
2026-03-31,True,42.0,-0.01533834812989239,1.5325371406535293,0.0,0.0,0.0,,5,10,0.2
2026-04-15,True,50.0,0.0014349184156194732,1.6000000000000005,0.0,0.0,0.0,,5,10,0.2
2026-04-29,True,51.0,-0.010166820453379181,1.8093007153752347,0.0,0.0,0.0,,5,10,0.2
2026-05-18,True,48.0,0.017317895255937212,1.7380260080993262,0.0,0.0,0.0,,5,10,0.2
2026-06-01,True,45.0,-0.016964366268241146,1.7106588529319984,0.0,0.0,0.0,,5,10,0.2
2026-06-15,True,40.0,-0.03714424078933675,1.6857526287058784,0.0,0.0,0.0,,5,10,0.2
2026-06-30,True,40.0,0.021609917447653535,1.6083791829790717,1.0,0.0,0.0,,5,10,0.2
2026-07-14,True,49.0,0.02436767905826648,1.6734693877551028,0.0,0.0,0.0,,5,10,0.2
2026-07-28,True,44.0,0.038996810329427846,1.838992093659031,0.0,0.0,0.0,,5,10,0.2
2026-08-11,True,51.0,0.00911393000513459,1.6473062850398625,0.0,0.0,0.0,,5,10,0.2
2026-08-25,True,45.0,-0.006094014570332136,1.6965356163524832,0.0,0.0,0.0,,5,10,0.2
2026-09-08,True,53.0,0.003719396012636892,1.6603773584905661,0.0,0.0,0.0,,5,10,0.2
2026-09-22,False,,,,,,,40.0,5,10,0.2
2020-02-07,True,80.0,-0.0209387444464397,1.0,0.0,0.0,2.0,,5,10,0.4
2020-02-21,True,99.0,-0.004363638580306689,1.3939393939393945,0.0,0.0,3.0,,5,10,0.4
2020-03-06,True,112.0,0.008779849651678398,1.2512157649242006,0.0,0.0,1.0,,5,10,0.4
2020-04-03,True,106.0,-0.0008635735645739009,1.1486225463603867,0.0,0.0,3.0,,5,10,0.4
2020-04-20,True,111.0,0.01239858814214257,1.2087403727085055,0.0,0.0,5.0,,5,10,0.4
2020-05-07,True,107.0,-0.005172895632618043,1.423167785597501,0.0,0.0,3.0,,5,10,0.4
2020-05-21,False,,,,,,,1.0,5,10,0.4
2020-06-04,True,108.0,-0.00011145118595229028,1.0,0.0,0.0,3.0,,5,10,0.4
2020-06-18,True,96.0,0.02694470636852153,1.4167274820567077,0.0,0.0,3.0,,5,10,0.4
2020-07-06,True,93.0,0.011288147119580571,1.4092660213307249,1.0,0.0,2.0,,5,10,0.4
2020-07-20,True,90.0,0.0012646881880708505,1.4543684222130437,0.0,0.0,3.0,,5,10,0.4
2020-08-03,True,115.0,-0.0016519772118897668,1.3565217391304325,0.0,0.0,2.0,,5,10,0.4
2020-08-17,True,104.0,0.01776708248152878,1.2352511368091417,0.0,0.0,2.0,,5,10,0.4
2020-08-31,True,102.0,-0.005473705640826901,1.272413680037888,0.0,0.0,3.0,,5,10,0.4
2020-09-14,True,93.0,-0.0009156492921460549,1.2742787350532037,0.0,0.0,1.0,,5,10,0.4
2020-09-28,True,102.0,-0.004940266981192092,1.3137254901960778,0.0,0.0,4.0,,5,10,0.4
2020-10-20,True,102.0,0.0026096578186442995,1.313877407064976,0.0,0.0,2.0,,5,10,0.4
2020-11-03,True,97.0,0.0023773074072783347,1.3518844095893836,0.0,0.0,4.0,,5,10,0.4
2020-11-17,False,,,,,,,1.0,5,10,0.4
2020-12-01,False,,,,,,,1.0,5,10,0.4
2020-12-29,True,91.0,-0.017728747034527786,1.0,0.0,0.0,2.0,,5,10,0.4
2021-01-13,True,90.0,0.012941883575672795,1.3106408711238198,0.0,0.0,3.0,,5,10,0.4
2021-01-27,True,100.0,-0.0019132122570704596,1.4058310221333645,0.0,0.0,1.0,,5,10,0.4
2021-02-10,True,93.0,-0.0058698679183827734,1.4154122863979741,1.0,0.0,0.0,,5,10,0.4
2021-03-03,True,86.0,-0.019737784056110444,1.4992684999401427,0.0,1.0,1.0,,5,10,0.4
2021-03-17,True,94.0,0.002053236139371954,1.494183292119318,0.0,0.0,1.0,,5,10,0.4
2021-03-31,True,106.0,-3.745303580137381e-05,1.3220022220245171,0.0,0.0,2.0,,5,10,0.4
2021-04-15,True,96.0,0.008989079013170514,1.2654755121090746,0.0,0.0,3.0,,5,10,0.4
2021-04-29,True,103.0,-0.0018344076302125884,1.382812917803914,0.0,0.0,2.0,,5,10,0.4
2021-05-18,True,100.0,0.003605067179159982,1.3922870756185863,0.0,0.0,3.0,,5,10,0.4
2021-06-01,True,108.0,0.0006209218429227489,1.3189836707527616,0.0,0.0,3.0,,5,10,0.4
2021-06-16,True,89.0,-0.0005138961528099589,1.3804144880838978,0.0,0.0,0.0,,5,10,0.4
2021-06-30,True,98.0,-0.005320139883825625,1.3473492095529243,0.0,0.0,0.0,,5,10,0.4
2021-07-14,True,95.0,-0.008218227712312232,1.1976848848422577,0.0,0.0,1.0,,5,10,0.4
2021-07-28,True,92.0,-0.00691108146349638,1.1512995661276735,0.0,0.0,3.0,,5,10,0.4
2021-08-11,True,110.0,-0.005703598399176126,1.2545454545454529,0.0,0.0,1.0,,5,10,0.4
2021-08-25,True,106.0,-0.03075499483441502,1.1191042556061455,0.0,0.0,1.0,,5,10,0.4
2021-09-08,True,93.0,0.0055217494886099314,1.1435353522765455,0.0,0.0,2.0,,5,10,0.4
2021-09-24,True,96.0,0.03180162176149157,1.259279392725597,0.0,0.0,0.0,,5,10,0.4
2021-10-15,True,101.0,-0.004226673225584456,1.3805066006335989,0.0,0.0,0.0,,5,10,0.4
2021-10-29,True,102.0,0.002886259097312124,1.4018600499252252,1.0,0.0,1.0,,5,10,0.4
2021-11-12,True,101.0,0.015801255477368784,1.4434611657079208,0.0,0.0,3.0,,5,10,0.4
2021-11-26,False,,,,,,,1.0,5,10,0.4
2021-12-10,True,101.0,-0.0038429700765517036,1.0,0.0,0.0,2.0,,5,10,0.4
2021-12-24,True,91.0,-0.013647759399182575,1.3396161547281478,0.0,0.0,2.0,,5,10,0.4
2022-01-10,True,100.0,0.004110577225400879,1.3695380243460251,0.0,0.0,2.0,,5,10,0.4
2022-01-24,True,105.0,0.000460359924282297,1.3379152058888266,0.0,0.0,2.0,,5,10,0.4
2022-02-28,True,94.0,-0.01131809081269361,1.3593202906146948,0.0,0.0,1.0,,5,10,0.4
2022-03-28,True,109.0,0.013066627343204903,1.3761467889908232,0.0,0.0,0.0,,5,10,0.4
2022-04-13,True,91.0,0.01743244073976899,1.4098985988209434,0.0,0.0,2.0,,5,10,0.4
2022-05-16,True,111.0,0.0005160339300506189,1.3693693693693687,0.0,0.0,1.0,,5,10,0.4
2022-05-30,True,111.0,-0.009728252141808433,1.2317914209920402,0.0,0.0,1.0,,5,10,0.4
2022-06-14,True,95.0,-0.004334829891575416,1.2540463703004034,0.0,0.0,0.0,,5,10,0.4
2022-06-28,True,101.0,-0.00022895953439529965,1.270177667616949,0.0,0.0,0.0,,5,10,0.4
2022-07-12,True,102.0,0.0027590111253482097,1.2752232990634953,0.0,0.0,0.0,,5,10,0.4
2022-07-26,True,100.0,-0.008030260810756577,1.323887587056982,0.0,0.0,0.0,,5,10,0.4
2022-08-09,False,,,,,,,1.0,5,10,0.4
2022-08-23,True,102.0,0.005747915899214667,1.0,0.0,0.0,1.0,,5,10,0.4
2022-09-06,True,102.0,0.005170378307150406,1.2909772316303563,0.0,0.0,0.0,,5,10,0.4
2022-09-21,True,104.0,0.002704089572148273,1.3572615664740122,0.0,0.0,0.0,,5,10,0.4
2022-10-12,True,87.0,0.012831996084213166,1.4098231906064957,0.0,0.0,0.0,,5,10,0.4
2022-10-26,True,103.0,0.002736360131179923,1.4757281553398052,0.0,1.0,0.0,,5,10,0.4
2022-11-09,True,107.0,0.0004057586795742571,1.3009873596768762,0.0,0.0,1.0,,5,10,0.4
2022-11-23,True,104.0,0.0002633498269638823,1.4253475875636952,0.0,0.0,0.0,,5,10,0.4
2022-12-07,True,108.0,-0.00019317865863959643,1.1762232266329165,0.0,0.0,1.0,,5,10,0.4
2022-12-21,True,94.0,0.002009721465926855,1.3723353581261133,0.0,0.0,0.0,,5,10,0.4
2023-01-05,True,106.0,0.006243478801279685,1.3584905660377384,0.0,0.0,0.0,,5,10,0.4
2023-01-19,True,108.0,0.002073385395225443,1.3269735170302857,0.0,0.0,0.0,,5,10,0.4
2023-02-09,True,100.0,0.0008479452664123297,1.2743918688360059,0.0,0.0,0.0,,5,10,0.4
2023-02-23,True,106.0,-0.00970154323301251,1.2504266850244476,0.0,0.0,0.0,,5,10,0.4
2023-03-09,True,99.0,-0.005881759936259364,1.3132487976686023,0.0,0.0,1.0,,5,10,0.4
2023-03-23,True,99.0,-0.015031217857505613,1.1567997991872392,0.0,0.0,0.0,,5,10,0.4
2023-04-07,True,106.0,0.012643536390315895,1.188923243027369,0.0,0.0,0.0,,5,10,0.4
2023-04-21,True,101.0,-0.01526589144841921,1.244015039660472,0.0,0.0,0.0,,5,10,0.4
2023-05-10,True,86.0,0.005836143411634746,1.327666146306601,0.0,0.0,0.0,,5,10,0.4
2023-05-24,True,101.0,0.0014990418258891414,1.3267326732673275,0.0,0.0,0.0,,5,10,0.4
2023-06-07,True,94.0,-0.006455426074209304,1.2963785031600314,0.0,0.0,1.0,,5,10,0.4
2023-06-21,True,101.0,0.007139357635356759,1.3267326732673272,0.0,0.0,0.0,,5,10,0.4
2023-07-07,True,101.0,0.0012580419378134488,1.360288774756418,0.0,0.0,0.0,,5,10,0.4
2023-07-21,True,108.0,-0.0017598198685479308,1.282047969158662,0.0,0.0,1.0,,5,10,0.4
2023-08-04,True,95.0,-0.002541978248336879,1.351310801168281,0.0,0.0,0.0,,5,10,0.4
2023-08-18,True,95.0,0.006418615550858087,1.3842618813233452,0.0,0.0,0.0,,5,10,0.4
2023-09-01,True,94.0,-0.004814183683558175,1.2893060889721502,0.0,0.0,0.0,,5,10,0.4
2023-09-15,True,106.0,-0.002160369746906783,1.3962264150943418,0.0,0.0,1.0,,5,10,0.4
2023-10-09,True,101.0,-0.005775340920877559,1.133802312084646,0.0,0.0,0.0,,5,10,0.4
2023-11-06,True,110.0,0.004186374512346743,1.2181919762140196,0.0,0.0,0.0,,5,10,0.4
2023-11-20,True,106.0,0.008988925026509276,1.2656537427248606,0.0,0.0,1.0,,5,10,0.4
2023-12-04,True,85.0,-0.002650392974654532,1.4728885851965567,0.0,0.0,0.0,,5,10,0.4
2023-12-18,True,88.0,0.0026658779557657067,1.3193873770816353,0.0,0.0,0.0,,5,10,0.4
2024-01-02,True,102.0,-0.00476606120402091,1.2745098039215674,0.0,0.0,0.0,,5,10,0.4
2024-01-16,True,88.0,0.0022180668435730633,1.221735737982534,0.0,0.0,0.0,,5,10,0.4
2024-01-30,True,108.0,0.0019750415252507356,1.3148148148148158,0.0,0.0,1.0,,5,10,0.4
2024-03-06,True,103.0,0.004632517984881929,1.2008589288072278,0.0,0.0,0.0,,5,10,0.4
2024-03-20,True,116.0,0.01667691491000775,1.2758620689655151,0.0,0.0,0.0,,5,10,0.4
2024-04-03,True,88.0,0.005538789781394191,1.4683493386297741,0.0,0.0,0.0,,5,10,0.4
2024-04-19,True,85.0,0.003266195166412994,1.4007496477944383,0.0,0.0,1.0,,5,10,0.4
2024-05-08,True,99.0,-0.0038765743385342846,1.3333333333333337,0.0,0.0,1.0,,5,10,0.4
2024-05-22,True,105.0,0.010274673610939627,1.2579918177485538,0.0,0.0,1.0,,5,10,0.4
2024-06-05,True,93.0,-0.0009725981886859782,1.4375856318437956,0.0,0.0,0.0,,5,10,0.4
2024-06-20,True,94.0,0.005273581855954397,1.4147287442348027,0.0,0.0,0.0,,5,10,0.4
2024-07-18,True,104.0,0.011526489833175182,1.3859356567915024,0.0,0.0,0.0,,5,10,0.4
2024-08-01,True,98.0,0.006058677165693376,1.3973457406971148,0.0,0.0,0.0,,5,10,0.4
2024-08-15,True,98.0,0.009510921811012034,1.2813069895501268,0.0,0.0,0.0,,5,10,0.4
2024-08-29,False,,,,,,,2.0,5,10,0.4
2024-09-12,True,90.0,-0.05279286890218743,1.0,0.0,0.0,0.0,,5,10,0.4
2024-10-21,True,87.0,-0.004517410100124594,1.4269283840870026,0.0,0.0,0.0,,5,10,0.4
2024-11-04,True,109.0,-0.0015386804579877837,1.1926605504587144,0.0,0.0,0.0,,5,10,0.4
2024-11-18,True,97.0,0.0033681040859065794,1.295404810560197,0.0,0.0,0.0,,5,10,0.4
2024-12-02,True,103.0,0.006233268960889526,1.3401566264537166,1.0,0.0,0.0,,5,10,0.4
2024-12-16,True,108.0,0.006201761994332472,1.2628006317624838,0.0,0.0,1.0,,5,10,0.4
2024-12-30,True,98.0,0.006719182594227949,1.4892909351192423,0.0,0.0,0.0,,5,10,0.4
2025-02-05,False,,,,,,,1.0,5,10,0.4
2025-02-19,True,108.0,0.0005255490601097845,1.0,0.0,0.0,0.0,,5,10,0.4
2025-03-05,True,104.0,-0.004671610367329743,1.096840649264349,0.0,0.0,1.0,,5,10,0.4
2025-03-19,True,108.0,-0.0008750474431961641,1.2623943242367268,0.0,0.0,1.0,,5,10,0.4
2025-04-02,True,92.0,0.0007549592827638049,1.5118537928450042,0.0,0.0,0.0,,5,10,0.4
2025-04-17,True,102.0,0.019589042987254585,1.4549110510903955,0.0,0.0,1.0,,5,10,0.4
2025-05-06,True,106.0,0.0012559910344835624,1.4018353441553781,0.0,0.0,0.0,,5,10,0.4
2025-05-20,False,,,,,,,2.0,5,10,0.4
2025-06-04,True,98.0,0.004158247158956641,0.9999999999999999,0.0,0.0,0.0,,5,10,0.4
2025-06-18,True,96.0,-0.004241535732462939,1.4007631870447002,0.0,0.0,0.0,,5,10,0.4
2025-07-02,True,104.0,-0.00717946672630633,1.269265969303765,0.0,0.0,0.0,,5,10,0.4
2025-07-16,True,108.0,-0.011647785978379413,1.168781219638529,0.0,0.0,0.0,,5,10,0.4
2025-07-30,True,98.0,0.00233509785789776,1.2188990392664008,0.0,0.0,0.0,,5,10,0.4
2025-08-13,True,108.0,-0.020670367071544304,1.0925925925925941,0.0,0.0,0.0,,5,10,0.4
2025-08-27,True,102.0,0.006800886779146132,1.2139199526734716,0.0,0.0,0.0,,5,10,0.4
2025-09-10,True,97.0,-0.0031869358307432885,1.2544039933513778,0.0,0.0,0.0,,5,10,0.4
2025-09-24,True,90.0,0.012892297851130444,1.4489126650929063,0.0,0.0,0.0,,5,10,0.4
2025-10-16,True,105.0,0.0013659744996342479,1.5821169163409414,0.0,0.0,0.0,,5,10,0.4
2025-10-30,True,105.0,0.013500021365126125,1.1312696020753346,0.0,0.0,0.0,,5,10,0.4
2025-11-13,False,,,,,,,1.0,5,10,0.4
2025-11-27,True,84.0,0.004237631728633783,1.0,0.0,0.0,0.0,,5,10,0.4
2025-12-11,True,104.0,-0.01064139346136406,1.5576923076923062,0.0,0.0,0.0,,5,10,0.4
2025-12-25,True,102.0,0.0015687041869753698,1.0665912813184502,0.0,0.0,0.0,,5,10,0.4
2026-01-12,True,101.0,0.007115745143963852,1.29884560955729,0.0,0.0,0.0,,5,10,0.4
2026-01-26,True,97.0,0.006445787052132895,1.2886502918414127,0.0,0.0,0.0,,5,10,0.4
2026-02-09,True,92.0,0.016568702065254865,1.2636510172251323,0.0,0.0,0.0,,5,10,0.4
2026-03-03,True,91.0,0.0024448502183340116,1.3241617216209465,0.0,0.0,0.0,,5,10,0.4
2026-03-17,True,103.0,-0.0030709554204675776,1.340404509401335,0.0,0.0,0.0,,5,10,0.4
2026-03-31,True,84.0,-0.011744538060039956,1.2646331977481031,0.0,0.0,0.0,,5,10,0.4
2026-04-15,True,101.0,0.004659202609841076,1.2673267326732673,0.0,0.0,0.0,,5,10,0.4
2026-04-29,True,103.0,-0.0090537870677014,1.260857177060398,0.0,0.0,0.0,,5,10,0.4
2026-05-18,True,96.0,0.015951570356807353,1.3319924194210817,0.0,0.0,0.0,,5,10,0.4
2026-06-01,True,91.0,-0.01172419931745242,1.4469962809463885,0.0,0.0,0.0,,5,10,0.4
2026-06-15,True,81.0,-0.02800479635376,1.4311305105555383,0.0,0.0,0.0,,5,10,0.4
2026-06-30,True,81.0,0.020057240191833962,1.3997801242799528,1.0,0.0,0.0,,5,10,0.4
2026-07-14,True,98.0,0.025358190038352674,1.4081632653061202,0.0,0.0,0.0,,5,10,0.4
2026-07-28,True,89.0,0.02412006842939248,1.573828142515515,0.0,0.0,0.0,,5,10,0.4
2026-08-11,True,102.0,0.004264467605619365,1.392228562536775,0.0,0.0,0.0,,5,10,0.4
2026-08-25,True,90.0,0.004475004695875695,1.3613825350534035,0.0,0.0,0.0,,5,10,0.4
2026-09-08,True,106.0,-0.0006439188501632439,1.2830188679245298,0.0,0.0,0.0,,5,10,0.4
2026-09-22,False,,,,,,,81.0,5,10,0.4
2020-02-21,True,48.0,-0.003473173581071763,1.0,0.0,0.0,0.0,,10,5,0.2
2020-02-28,True,46.0,0.0029156539870603716,1.339711487081573,0.0,0.0,1.0,,10,5,0.2
2020-03-06,True,48.0,-0.003213863874938855,0.7968074449085534,0.0,0.0,0.0,,10,5,0.2
2020-03-13,True,50.0,0.008340971485649565,1.003326780015211,0.0,0.0,0.0,,10,5,0.2
2020-04-13,True,49.0,0.005668905951039848,1.5599327757615495,0.0,0.0,2.0,,10,5,0.2
2020-04-20,True,52.0,0.005556088723375075,0.9233149181844814,0.0,0.0,3.0,,10,5,0.2
2020-04-27,True,51.0,-0.00475720403858081,0.9274056830162662,0.0,0.0,5.0,,10,5,0.2
2020-05-07,True,52.0,-0.0006101543872631212,1.2011683882549473,0.0,0.0,1.0,,10,5,0.2
2020-05-14,True,49.0,-0.00045970698395062133,1.155642061017584,0.0,0.0,1.0,,10,5,0.2
2020-05-21,True,46.0,-0.006885246800141248,1.3466481492863114,0.0,0.0,0.0,,10,5,0.2
2020-05-28,False,,,,,,,1.0,10,5,0.2
2020-06-04,True,49.0,-0.004361935084519432,0.9999999999999999,0.0,0.0,0.0,,10,5,0.2
2020-06-11,True,50.0,0.004845233739855757,1.2031011837646992,0.0,0.0,2.0,,10,5,0.2
2020-06-18,True,46.0,-0.005059143323014232,1.1229441079907845,0.0,0.0,3.0,,10,5,0.2
2020-06-29,True,45.0,-0.0135037691788015,0.9339967928400136,0.0,0.0,1.0,,10,5,0.2
2020-07-06,True,42.0,0.0006337024929472315,1.031146279891339,0.0,0.0,1.0,,10,5,0.2
2020-07-27,True,43.0,-0.003540028496582741,1.7697351951633429,0.0,0.0,2.0,,10,5,0.2
2020-08-03,True,48.0,-0.0009586644575705454,1.041666666666667,0.0,0.0,2.0,,10,5,0.2
2020-08-10,True,55.0,-0.0023668285806899836,1.0909090909090902,0.0,0.0,1.0,,10,5,0.2
2020-08-17,True,50.0,0.013443569584931566,1.199246828901966,0.0,0.0,1.0,,10,5,0.2
2020-08-24,True,51.0,0.009231256345888415,0.831123845352696,0.0,0.0,2.0,,10,5,0.2
2020-08-31,True,48.0,-0.009842583875269852,1.0708671073439957,0.0,0.0,3.0,,10,5,0.2
2020-09-07,True,49.0,0.00032642607313487434,1.0675003421627305,0.0,0.0,2.0,,10,5,0.2
2020-09-14,True,44.0,0.0008300255876469501,1.1435201440896652,0.0,0.0,0.0,,10,5,0.2
2020-09-21,True,44.0,0.011306422501542207,0.9782325416851898,0.0,0.0,0.0,,10,5,0.2
2020-09-28,True,42.0,0.016018348269463044,1.1854934631916776,0.0,0.0,1.0,,10,5,0.2
2020-10-13,True,43.0,0.0018754941711125236,0.9948850347358569,0.0,0.0,1.0,,10,5,0.2
2020-10-20,True,40.0,0.009784223667735164,1.1604791332699278,0.0,0.0,0.0,,10,5,0.2
2020-10-27,True,46.0,0.007593483851114477,1.2608695652173916,0.0,0.0,0.0,,10,5,0.2
2020-11-03,True,44.0,-0.00033297512966167994,0.9701502933045337,0.0,0.0,0.0,,10,5,0.2
2020-11-10,True,44.0,-0.003416792325704004,1.0595645208238458,0.0,0.0,1.0,,10,5,0.2
2020-11-17,True,45.0,-0.006622775852364942,0.992586773480877,0.0,0.0,1.0,,10,5,0.2
2020-11-24,True,47.0,-0.0011240221572423586,1.1947799257907907,0.0,0.0,2.0,,10,5,0.2
2020-12-01,True,50.0,0.02047963920148769,0.9209138604128402,0.0,0.0,1.0,,10,5,0.2
2020-12-08,True,48.0,0.02506391156430403,1.0447270396621628,0.0,0.0,1.0,,10,5,0.2
2021-01-06,True,40.0,-0.0032592128367996704,1.6273619938152848,0.0,0.0,0.0,,10,5,0.2
2021-01-13,True,41.0,0.017126017302289697,1.225461891321115,0.0,0.0,1.0,,10,5,0.2
2021-01-20,True,43.0,0.017526614207996824,0.7968096503369003,0.0,0.0,2.0,,10,5,0.2
2021-01-27,True,44.0,0.01089979910184985,1.0163463378251338,0.0,0.0,0.0,,10,5,0.2
2021-02-03,True,40.0,-0.007069484743614636,1.2671116400578033,0.0,0.0,1.0,,10,5,0.2
2021-02-24,True,41.0,-0.0076256113359208545,1.6150056934546468,0.0,0.0,0.0,,10,5,0.2
2021-03-17,True,42.0,-0.02298784950273105,1.5763493276178584,0.0,0.0,0.0,,10,5,0.2
2021-03-24,True,44.0,0.011154794337074333,1.0078815764457338,0.0,0.0,1.0,,10,5,0.2
2021-03-31,True,47.0,0.009115333512256725,1.2340425531914894,0.0,0.0,1.0,,10,5,0.2
2021-04-08,True,49.0,-0.004023485578750194,0.9397423096651084,0.0,0.0,1.0,,10,5,0.2
2021-04-15,True,44.0,0.0069019634705483335,1.0989719932399797,0.0,0.0,1.0,,10,5,0.2
2021-04-22,True,45.0,0.022932989283330492,1.113973416283342,0.0,0.0,0.0,,10,5,0.2
2021-04-29,True,42.0,-0.008232473477867014,1.1192008361666674,0.0,0.0,0.0,,10,5,0.2
2021-05-11,True,45.0,0.00962801266582685,1.1581525888213404,0.0,0.0,2.0,,10,5,0.2
2021-05-18,True,44.0,0.00050338214287457,0.8183297631360827,0.0,0.0,1.0,,10,5,0.2
2021-05-25,True,46.0,0.0026627953829505505,1.2243277921002929,0.0,0.0,0.0,,10,5,0.2
2021-06-01,True,50.0,-0.0045881057345214474,1.2000000000000002,0.0,0.0,2.0,,10,5,0.2
2021-06-08,True,50.0,0.002992734892249563,0.6954912986659214,0.0,0.0,1.0,,10,5,0.2
2021-06-16,True,42.0,-0.014801336386231996,1.202122791750158,0.0,0.0,0.0,,10,5,0.2
2021-07-07,True,43.0,-0.0030184273362858366,1.4452448593420828,0.0,0.0,0.0,,10,5,0.2
2021-07-14,True,43.0,0.00011400548512001396,1.1753323381182885,0.0,0.0,0.0,,10,5,0.2
2021-07-21,True,42.0,-0.008180468494704128,0.8446595284508839,0.0,0.0,1.0,,10,5,0.2
2021-07-28,True,42.0,-0.00015846612028615897,1.1187506034463783,0.0,0.0,2.0,,10,5,0.2
2021-08-04,True,40.0,0.0030612349991412536,0.9618632874600556,0.0,0.0,1.0,,10,5,0.2
2021-08-11,True,42.0,-0.021226160884576448,0.723355633265064,0.0,0.0,0.0,,10,5,0.2
2021-08-18,True,50.0,0.009515514920318071,1.1600000000000004,0.0,0.0,0.0,,10,5,0.2
2021-08-25,True,50.0,-0.028163582934751793,1.1028538110495327,0.0,0.0,0.0,,10,5,0.2
2021-09-01,True,45.0,-0.008201365867184996,1.0635197717116516,0.0,0.0,1.0,,10,5,0.2
2021-09-08,True,43.0,-0.012931638862765545,0.9939014133379495,0.0,0.0,1.0,,10,5,0.2
2021-09-15,True,43.0,0.020939927759625377,0.9029805348378016,0.0,0.0,2.0,,10,5,0.2
2021-09-24,True,44.0,0.014111704588008984,1.4130114531377338,0.0,0.0,0.0,,10,5,0.2
2021-10-08,True,44.0,0.018249468015079023,1.1191615687566607,0.0,0.0,0.0,,10,5,0.2
2021-10-15,True,48.0,-0.0009100159703473375,1.2083333333333333,0.0,0.0,0.0,,10,5,0.2
2021-10-22,True,44.0,-0.007705486088001018,0.8664502857369467,0.0,0.0,0.0,,10,5,0.2
2021-10-29,True,44.0,-0.004252857558986976,1.0636008634972725,1.0,0.0,0.0,,10,5,0.2
2021-11-05,True,43.0,-0.0026873739795831766,1.3231136827849281,0.0,0.0,0.0,,10,5,0.2
2021-11-12,True,44.0,0.001451266689953943,1.2745190826408022,0.0,0.0,1.0,,10,5,0.2
2021-11-19,True,48.0,0.009554873324063658,0.9166666666666669,0.0,0.0,0.0,,10,5,0.2
2021-11-26,True,51.0,-0.011497266681554213,1.216118228359102,0.0,0.0,1.0,,10,5,0.2
2021-12-03,True,48.0,0.007116539038907837,1.0119607137108626,0.0,0.0,1.0,,10,5,0.2
2021-12-10,True,45.0,-0.0026494380751290354,0.6764743184318504,0.0,0.0,1.0,,10,5,0.2
2021-12-17,True,44.0,0.003929460678677272,1.2048081660954215,0.0,0.0,1.0,,10,5,0.2
2021-12-24,True,42.0,0.002427143403102858,1.1416156643059485,0.0,0.0,1.0,,10,5,0.2
2021-12-31,True,42.0,-0.030069395043409716,0.9262745027007688,0.0,0.0,0.0,,10,5,0.2
2022-01-10,True,44.0,0.01847995226533279,1.1955403172964278,0.0,0.0,1.0,,10,5,0.2
2022-01-17,True,42.0,-0.004660434666333495,1.2871206248223759,0.0,0.0,2.0,,10,5,0.2
2022-01-24,True,43.0,-0.005156450756888472,1.031414028336091,0.0,0.0,0.0,,10,5,0.2
2022-02-28,True,43.0,-0.020393067375479974,1.49756587136535,0.0,0.0,0.0,,10,5,0.2
2022-03-07,True,43.0,-0.0022128910374986863,1.0452821540462072,0.0,0.0,1.0,,10,5,0.2
2022-03-28,True,42.0,0.011696176538909335,1.6713221265077078,0.0,0.0,1.0,,10,5,0.2
2022-04-06,True,47.0,0.0011868821553057372,1.191489361702127,0.0,0.0,2.0,,10,5,0.2
2022-04-20,True,41.0,0.005909120426257901,1.5290276432777592,0.0,0.0,0.0,,10,5,0.2
2022-05-23,True,53.0,0.0100222547495743,1.6226415094339621,0.0,0.0,0.0,,10,5,0.2
2022-05-30,True,53.0,0.0008252972918542795,1.0729657580352636,0.0,0.0,0.0,,10,5,0.2
2022-06-07,True,51.0,-0.013380863074927501,0.9184258313015973,0.0,0.0,1.0,,10,5,0.2
2022-06-14,True,44.0,0.008765094262662799,0.9140140414341713,0.0,0.0,0.0,,10,5,0.2
2022-06-21,True,46.0,-0.008996997080335696,0.9580638601996663,0.0,0.0,0.0,,10,5,0.2
2022-06-28,True,48.0,-0.004598011789582407,1.045384454829358,0.0,0.0,0.0,,10,5,0.2
2022-07-05,True,46.0,0.001433813421573303,1.166295017130825,0.0,0.0,0.0,,10,5,0.2
2022-07-12,True,48.0,0.008978167196544422,1.2093410794679695,0.0,0.0,0.0,,10,5,0.2
2022-07-19,True,44.0,0.006778530327133998,1.0904391589497258,0.0,0.0,0.0,,10,5,0.2
2022-07-26,True,44.0,-0.012441935671790125,1.0988071331288767,0.0,0.0,0.0,,10,5,0.2
2022-08-02,True,44.0,0.0020888435305667745,1.0618090004771172,0.0,0.0,0.0,,10,5,0.2
2022-08-09,True,41.0,0.00039747229217486357,1.2368990613676378,0.0,0.0,0.0,,10,5,0.2
2022-08-16,True,42.0,-0.013895491863893016,0.8631936551320527,0.0,0.0,0.0,,10,5,0.2
2022-08-23,True,49.0,0.017650454707325597,1.020514661668718,0.0,0.0,0.0,,10,5,0.2
2022-08-30,True,44.0,-0.003419626717836819,1.1502664294791267,0.0,0.0,0.0,,10,5,0.2
2022-09-06,True,43.0,-0.001907123311214707,1.2336273912759912,0.0,0.0,0.0,,10,5,0.2
2022-09-14,True,47.0,0.000504480549586718,1.0212765957446808,0.0,0.0,0.0,,10,5,0.2
2022-09-21,True,46.0,-0.0011603031113975011,1.1491658623596506,0.0,0.0,0.0,,10,5,0.2
2022-09-28,True,40.0,0.006296451229501274,1.0937778737247998,0.0,0.0,0.0,,10,5,0.2
2022-10-19,True,41.0,0.0016788248714296565,1.7161592188336914,0.0,0.0,0.0,,10,5,0.2
2022-10-26,True,42.0,0.005477239765588296,0.9570525266986992,0.0,0.0,0.0,,10,5,0.2
2022-11-02,True,46.0,0.005540193471750606,1.0940088569476896,0.0,0.0,0.0,,10,5,0.2
2022-11-09,True,45.0,0.01195501781444699,1.011008368957557,0.0,0.0,0.0,,10,5,0.2
2022-11-16,True,52.0,0.0008366062660778422,1.0384615384615385,0.0,0.0,0.0,,10,5,0.2
2022-11-23,True,50.0,-0.006253883253317747,1.1227761066271316,0.0,0.0,0.0,,10,5,0.2
2022-11-30,True,45.0,0.012710261187186208,1.2014177678186682,0.0,0.0,0.0,,10,5,0.2
2022-12-07,True,46.0,0.002456582068755616,0.8755823836458881,0.0,0.0,0.0,,10,5,0.2
2022-12-14,True,49.0,0.001986942388382873,1.183748075340825,0.0,0.0,0.0,,10,5,0.2
2022-12-21,True,44.0,0.0019261568710166911,1.018503113696766,0.0,0.0,0.0,,10,5,0.2
2022-12-28,True,40.0,0.0012142012339645923,1.0471318006540962,0.0,0.0,0.0,,10,5,0.2
2023-01-05,True,40.0,0.006853620207784411,1.305932420589723,0.0,0.0,0.0,,10,5,0.2
2023-01-12,True,50.0,0.0013724956435977598,1.2400000000000004,0.0,0.0,0.0,,10,5,0.2
2023-01-19,True,50.0,-0.007268338640325317,1.019243107511935,0.0,0.0,0.0,,10,5,0.2
2023-02-02,True,50.0,0.005883971950328061,0.9814584194058518,0.0,0.0,0.0,,10,5,0.2
2023-02-09,True,46.0,0.0026303886827081426,1.2855957523165347,0.0,0.0,0.0,,10,5,0.2
2023-02-16,True,45.0,-0.0041842951274802314,0.7932244868740258,0.0,0.0,0.0,,10,5,0.2
2023-02-23,True,46.0,-0.008088840396147717,0.9614015405371173,0.0,0.0,0.0,,10,5,0.2
2023-03-02,True,50.0,-0.0067702377012657175,1.0800000000000003,0.0,0.0,1.0,,10,5,0.2
2023-03-09,True,46.0,-0.0017236535400379262,1.212961180928165,0.0,0.0,1.0,,10,5,0.2
2023-03-23,True,40.0,0.010216973131274112,1.3534607125847335,0.0,0.0,0.0,,10,5,0.2
2023-03-30,True,44.0,-0.03087011163337345,1.0454545454545452,0.0,0.0,0.0,,10,5,0.2
2023-04-07,True,49.0,0.00892329739806456,0.9387755102040821,0.0,0.0,0.0,,10,5,0.2
2023-04-14,True,49.0,-0.0009731966583879093,1.1153206180584005,0.0,0.0,0.0,,10,5,0.2
2023-04-21,True,48.0,-0.000557545283940461,0.9951543822907408,0.0,1.0,0.0,,10,5,0.2
2023-04-28,True,40.0,-0.015067449548240682,0.9124131255819075,0.0,0.0,0.0,,10,5,0.2
2023-05-24,True,41.0,-0.01657507666196277,1.4673917125383917,0.0,0.0,0.0,,10,5,0.2
2023-06-14,True,41.0,-0.0013254669062997496,1.4717489377020163,0.0,0.0,1.0,,10,5,0.2
2023-06-21,True,44.0,0.005459358636202718,1.0909090909090906,0.0,0.0,0.0,,10,5,0.2
2023-06-30,True,44.0,-0.00017482845750241424,1.0065025134439265,0.0,0.0,0.0,,10,5,0.2
2023-07-07,True,45.0,0.004606987304522902,1.2066852708112903,0.0,0.0,0.0,,10,5,0.2
2023-07-14,True,49.0,0.006271215197695912,1.1020408163265307,0.0,0.0,0.0,,10,5,0.2
2023-07-21,True,51.0,-0.016759564693488632,1.0629274811160316,0.0,0.0,0.0,,10,5,0.2
2023-07-28,True,50.0,0.008457717913526766,0.915267507722196,0.0,0.0,1.0,,10,5,0.2
2023-08-04,True,43.0,0.002707644300190437,1.246898713965459,0.0,0.0,0.0,,10,5,0.2
2023-08-11,True,44.0,0.002842645113368597,0.9999999999999996,0.0,0.0,0.0,,10,5,0.2
2023-08-18,True,45.0,0.0012470140317593255,1.1172921642308282,0.0,0.0,0.0,,10,5,0.2
2023-09-01,True,41.0,0.0012100926419316097,1.514872590616472,0.0,0.0,0.0,,10,5,0.2
2023-09-08,True,42.0,-0.0022499017879712094,1.2901559110170777,0.0,0.0,0.0,,10,5,0.2
2023-09-15,True,51.0,-0.0009505426608384768,1.3333333333333328,0.0,0.0,1.0,,10,5,0.2
2023-09-22,True,47.0,-0.002214568854237547,1.0914555190937714,0.0,0.0,1.0,,10,5,0.2
2023-10-09,True,46.0,-0.010063574590803972,1.1523773317936525,0.0,0.0,0.0,,10,5,0.2
2023-10-16,True,47.0,-0.005043438145670862,0.8970936608337797,0.0,0.0,0.0,,10,5,0.2
2023-11-13,True,50.0,0.0016905214972918218,1.6800000000000008,0.0,0.0,0.0,,10,5,0.2
2023-11-20,True,50.0,0.015364520008708539,1.1255556466197671,0.0,0.0,0.0,,10,5,0.2
2023-11-27,True,48.0,0.0004935426497899142,0.8421175996638779,0.0,0.0,0.0,,10,5,0.2
2024-01-09,True,46.0,-0.009363170917196566,1.5773783345409846,0.0,0.0,0.0,,10,5,0.2
2024-01-16,True,41.0,-0.009796742138865656,1.3046971917554095,0.0,0.0,0.0,,10,5,0.2
2024-01-30,True,46.0,0.003646910953550058,1.3913043478260876,0.0,0.0,0.0,,10,5,0.2
2024-02-06,True,43.0,-0.0016071211844969346,0.8648061487662413,0.0,0.0,0.0,,10,5,0.2
2024-03-06,True,42.0,-0.008032872431304693,1.7215979911911767,0.0,0.0,0.0,,10,5,0.2
2024-03-13,True,48.0,-0.0011039588190914443,0.9166666666666667,0.0,0.0,0.0,,10,5,0.2
2024-03-20,True,52.0,0.023314786794792798,1.3076923076923075,0.0,0.0,0.0,,10,5,0.2
2024-03-27,True,50.0,0.0022300975807535497,0.8357870870542535,0.0,0.0,0.0,,10,5,0.2
2024-04-03,True,42.0,-0.008492869179760571,1.2817187603829752,0.0,0.0,0.0,,10,5,0.2
2024-05-08,True,46.0,-0.009989235483326798,1.608695652173914,0.0,0.0,1.0,,10,5,0.2
2024-05-15,True,46.0,-0.008385594088297544,1.057376325868605,0.0,0.0,1.0,,10,5,0.2
2024-05-22,True,48.0,0.009120680667092288,1.29180976010071,0.0,0.0,0.0,,10,5,0.2
2024-05-29,True,45.0,0.002662789993418561,1.1421056471935358,0.0,0.0,0.0,,10,5,0.2
2024-06-05,True,43.0,0.0032988743858438346,0.936780487969264,0.0,0.0,0.0,,10,5,0.2
2024-06-13,True,41.0,-0.0012075761179011213,1.0321683395571661,0.0,0.0,0.0,,10,5,0.2
2024-06-20,True,43.0,0.006719234807648912,1.3052345021448475,0.0,0.0,0.0,,10,5,0.2
2024-07-25,True,44.0,-0.011034712140128584,1.7727272727272723,0.0,0.0,0.0,,10,5,0.2
2024-08-01,True,42.0,-0.003671452398753718,1.1390423086169637,0.0,0.0,0.0,,10,5,0.2
2024-08-08,True,45.0,0.008516355764397417,1.0666666666666667,0.0,0.0,0.0,,10,5,0.2
2024-08-15,True,46.0,0.013362697362543668,1.2214934392188141,0.0,0.0,0.0,,10,5,0.2
2024-08-22,True,40.0,0.013661376052116394,1.1057224407454291,0.0,0.0,0.0,,10,5,0.2
2024-09-23,True,40.0,-0.08137891939625641,1.712021410436993,0.0,0.0,0.0,,10,5,0.2
2024-10-28,True,42.0,0.004047839563786377,1.6853545052911711,0.0,0.0,0.0,,10,5,0.2
2024-11-04,True,52.0,-0.05269738166648392,0.6153846153846153,0.0,0.0,0.0,,10,5,0.2
2024-11-11,True,46.0,0.03537321497780587,0.8463760205843247,0.0,0.0,0.0,,10,5,0.2
2024-11-18,True,46.0,0.007122110937885558,1.0568400108313094,0.0,0.0,0.0,,10,5,0.2
2024-12-02,True,42.0,-0.007185000518305621,1.7383513208253687,0.0,0.0,0.0,,10,5,0.2
2024-12-09,True,49.0,0.015714751993852912,1.2244897959183676,0.0,0.0,0.0,,10,5,0.2
2024-12-16,True,52.0,0.0026222573658851137,1.077610373772291,0.0,0.0,1.0,,10,5,0.2
2024-12-23,True,43.0,-0.0008453378929958611,1.2687540233107746,0.0,0.0,1.0,,10,5,0.2
2024-12-30,True,42.0,0.012482641169141488,0.7954531112552985,0.0,0.0,0.0,,10,5,0.2
2025-02-05,True,46.0,-0.015653451415894273,1.5652173913043488,0.0,0.0,0.0,,10,5,0.2
2025-02-12,True,52.0,-0.001258643469773598,0.884615384615385,0.0,0.0,0.0,,10,5,0.2
2025-02-19,True,51.0,-0.016689121094686427,0.9272106621498962,0.0,0.0,0.0,,10,5,0.2
2025-02-26,True,48.0,0.012620113579046948,1.0617631168394754,0.0,0.0,0.0,,10,5,0.2
2025-03-05,True,47.0,0.0035332309719877672,0.7152384824502447,0.0,0.0,0.0,,10,5,0.2
2025-03-12,True,50.0,-0.003251983669825636,0.9200000000000002,0.0,0.0,1.0,,10,5,0.2
2025-03-19,True,51.0,0.008235383016904076,1.064366022521534,0.0,0.0,1.0,,10,5,0.2
2025-03-26,True,46.0,-0.004721731874874039,1.2215724999147692,0.0,0.0,0.0,,10,5,0.2
2025-04-02,True,42.0,-0.005877556768880007,1.1275111786646204,0.0,0.0,0.0,,10,5,0.2
2025-04-17,True,45.0,0.0005455306229514706,1.6469707421475461,0.0,0.0,0.0,,10,5,0.2
2025-04-24,True,45.0,0.009986558292615043,0.9834973973270522,0.0,0.0,0.0,,10,5,0.2
2025-05-06,True,46.0,-0.0013217542775355888,1.3078593044252718,0.0,0.0,0.0,,10,5,0.2
2025-05-13,True,50.0,0.0015929972204735876,1.0000000000000004,0.0,0.0,0.0,,10,5,0.2
2025-05-20,True,51.0,0.003214800929686854,0.9836051520396535,0.0,0.0,0.0,,10,5,0.2
2025-05-27,True,48.0,-0.000955456235531886,1.214686997950395,0.0,0.0,0.0,,10,5,0.2
2025-06-04,True,46.0,0.0001238577702425605,1.297912246814242,0.0,0.0,0.0,,10,5,0.2
2025-06-11,True,45.0,-0.0024516320296502506,1.0452179944186608,0.0,0.0,0.0,,10,5,0.2
2025-06-18,True,44.0,-0.0008804716828264142,1.0763376341747521,0.0,0.0,0.0,,10,5,0.2
2025-06-25,True,41.0,-0.00545873465146555,1.043421932172174,0.0,0.0,0.0,,10,5,0.2
2025-07-02,True,43.0,-0.007748772485304816,1.0697674418604655,0.0,0.0,0.0,,10,5,0.2
2025-07-09,True,49.0,-0.005607459563871906,0.938775510204082,0.0,0.0,0.0,,10,5,0.2
2025-07-16,True,51.0,-0.009460072161868463,0.9026870547787428,0.0,0.0,0.0,,10,5,0.2
2025-07-23,True,53.0,-0.006780449194844152,0.8316435808029297,0.0,0.0,0.0,,10,5,0.2
2025-07-30,True,47.0,0.0023229236151525723,1.022454161458248,0.0,0.0,0.0,,10,5,0.2
2025-08-06,True,44.0,-0.00584308082075342,0.9820435139911884,0.0,0.0,0.0,,10,5,0.2
2025-08-13,True,48.0,-0.016696574833633127,1.0000000000000002,0.0,0.0,0.0,,10,5,0.2
2025-08-20,True,47.0,-0.00914488212845983,1.0878894088320938,0.0,0.0,0.0,,10,5,0.2
2025-08-27,True,46.0,-0.011321347947346965,0.7801750381948379,0.0,0.0,0.0,,10,5,0.2
2025-09-03,True,48.0,-0.004157266721176852,1.0464690967271821,0.0,0.0,0.0,,10,5,0.2
2025-09-10,True,44.0,-0.016317328246199754,1.0111955886370763,0.0,0.0,0.0,,10,5,0.2
2025-09-17,True,47.0,-0.0133626886290266,1.021276595744681,0.0,0.0,0.0,,10,5,0.2
2025-09-24,True,41.0,-0.01741438187285485,1.2299286863681937,0.0,0.0,0.0,,10,5,0.2
2025-10-09,True,40.0,0.021783462133711417,0.9769478513803724,0.0,0.0,0.0,,10,5,0.2
2025-10-16,True,43.0,0.010981810700385841,1.2093023255813962,0.0,0.0,0.0,,10,5,0.2
2025-10-23,True,45.0,-0.015520521069124979,1.069021654445636,0.0,0.0,0.0,,10,5,0.2
2025-10-30,True,45.0,-0.0031184843519492973,0.864318995482292,0.0,0.0,0.0,,10,5,0.2
2025-11-06,True,47.0,0.006129504074440517,1.0655784793920373,0.0,0.0,0.0,,10,5,0.2
2025-11-13,True,49.0,0.0034581385874672133,0.9010357791666743,0.0,0.0,0.0,,10,5,0.2
2025-11-20,True,45.0,-0.0026142192028071644,1.1434674843260224,0.0,0.0,0.0,,10,5,0.2
2025-12-04,True,40.0,-0.0042837582829272575,1.507983865115266,0.0,0.0,0.0,,10,5,0.2
2025-12-11,True,46.0,0.003125305152102762,1.2608695652173916,0.0,0.0,0.0,,10,5,0.2
2025-12-18,True,45.0,-0.019056590403652256,0.9594449615464997,0.0,0.0,0.0,,10,5,0.2
2025-12-25,True,45.0,-0.009545670626914474,0.8971067618088155,0.0,0.0,0.0,,10,5,0.2
2026-01-05,True,46.0,-0.010030283573646773,1.2182604817078395,0.0,0.0,0.0,,10,5,0.2
2026-01-12,True,43.0,0.006585851180680311,1.009490199303655,0.0,0.0,0.0,,10,5,0.2
2026-01-19,True,46.0,-0.0026403663790408143,1.043478260869565,0.0,0.0,0.0,,10,5,0.2
2026-01-26,True,42.0,0.014057571669252762,1.058290946302842,0.0,0.0,0.0,,10,5,0.2
2026-02-02,True,40.0,0.015148800997485137,0.9978179866666369,0.0,0.0,0.0,,10,5,0.2
2026-02-24,True,41.0,0.02230452885048802,1.6104485381512572,0.0,0.0,0.0,,10,5,0.2
2026-03-10,True,41.0,-0.0025589011671017688,1.7193340114253888,0.0,0.0,0.0,,10,5,0.2
2026-03-17,True,42.0,-0.0073878708099648985,0.9139567171028967,0.0,0.0,0.0,,10,5,0.2
2026-04-15,True,46.0,-0.002897032512552006,1.7391304347826102,0.0,0.0,0.0,,10,5,0.2
2026-04-22,True,46.0,0.004059050643636396,1.0949803693027782,0.0,0.0,0.0,,10,5,0.2
2026-04-29,True,46.0,-0.020089846278708412,0.8523325785652849,0.0,0.0,0.0,,10,5,0.2
2026-05-11,True,46.0,0.01746327862611416,1.1058253344723723,0.0,0.0,0.0,,10,5,0.2
2026-05-18,True,42.0,0.007554819178734687,1.0142027271130023,0.0,0.0,0.0,,10,5,0.2
2026-05-25,True,40.0,0.020014344300386625,0.8249610009919063,0.0,0.0,0.0,,10,5,0.2
2026-08-04,True,41.0,0.03630044913783231,1.7077841299598282,0.0,0.0,0.0,,10,5,0.2
2026-08-11,True,46.0,0.012864516211670658,1.2173913043478266,0.0,0.0,0.0,,10,5,0.2
2026-08-18,True,46.0,0.01714115706776198,1.1451848791898611,0.0,0.0,0.0,,10,5,0.2
2026-08-25,True,40.0,-0.011659775100409333,1.0374861705549674,0.0,0.0,0.0,,10,5,0.2
2026-09-01,True,42.0,0.005909795632972939,1.0008962665205507,0.0,0.0,0.0,,10,5,0.2
2026-09-08,True,45.0,0.0011488302493031337,1.1111111111111112,0.0,0.0,0.0,,10,5,0.2
2026-09-15,True,44.0,-0.003102896016499636,1.0224805340704175,0.0,0.0,0.0,,10,5,0.2
2020-02-21,True,96.0,-0.001422846631629525,1.0,0.0,0.0,1.0,,10,5,0.4
2020-02-28,True,93.0,0.0025839190981743997,1.065156862092002,0.0,0.0,2.0,,10,5,0.4
2020-03-06,True,96.0,-0.0012564886722311527,0.5868133138760684,0.0,0.0,2.0,,10,5,0.4
2020-03-13,True,100.0,0.003925428321203614,0.8620970221613318,0.0,0.0,0.0,,10,5,0.4
2020-04-13,True,98.0,0.0059719725805490054,1.1182663229121708,0.0,0.0,2.0,,10,5,0.4
2020-04-20,True,104.0,0.00409633961223983,0.8847400532226312,0.0,0.0,5.0,,10,5,0.4
2020-04-27,True,103.0,-0.0019322549929360958,0.6640875200721829,0.0,0.0,5.0,,10,5,0.4
2020-05-07,True,105.0,0.00040434330482829546,0.9066879286068265,0.0,0.0,4.0,,10,5,0.4
2020-05-14,True,98.0,-0.002833482527895826,0.8220211603270702,0.0,0.0,3.0,,10,5,0.4
2020-05-21,True,92.0,-0.0020010294039987542,0.8397445749324491,0.0,0.0,2.0,,10,5,0.4
2020-05-28,False,,,,,,,1.0,10,5,0.4
2020-06-04,True,98.0,-0.003019667991900111,0.9999999999999999,0.0,0.0,2.0,,10,5,0.4
2020-06-11,True,101.0,0.0014600195261338447,0.9319539839539325,0.0,0.0,2.0,,10,5,0.4
2020-06-18,True,92.0,0.0009500150330418837,0.8737934668520577,0.0,0.0,3.0,,10,5,0.4
2020-06-29,True,90.0,-0.01688935469075012,0.5646882542835935,0.0,0.0,2.0,,10,5,0.4
2020-07-06,True,84.0,0.000646134656883568,0.998531276366622,1.0,0.0,1.0,,10,5,0.4
2020-07-27,True,87.0,0.0015090349433471012,1.5669343232347221,0.0,0.0,3.0,,10,5,0.4
2020-08-03,True,97.0,-0.006596501761746148,0.7835051546391748,0.0,0.0,2.0,,10,5,0.4
2020-08-10,True,110.0,-0.0022909623655302733,0.7818875084956561,0.0,0.0,1.0,,10,5,0.4
2020-08-17,True,100.0,0.011333995895203751,0.819664441326502,0.0,0.0,2.0,,10,5,0.4
2020-08-24,True,103.0,0.0073583574983339135,0.5715515783673585,0.0,0.0,2.0,,10,5,0.4
2020-08-31,True,96.0,0.0015102387792947577,0.9244126057361322,0.0,0.0,3.0,,10,5,0.4
2020-09-07,True,98.0,-0.0027224207856835943,0.7659789450224553,0.0,0.0,3.0,,10,5,0.4
2020-09-14,True,88.0,-0.003683590460372489,0.9340538687484421,0.0,0.0,1.0,,10,5,0.4
2020-09-21,True,88.0,0.007800949708582713,0.6390348929333044,0.0,0.0,1.0,,10,5,0.4
2020-09-28,True,85.0,0.005355610332829518,0.8206592943774694,0.0,0.0,2.0,,10,5,0.4
2020-10-13,True,87.0,0.0034547062125498476,0.7955706257776165,1.0,0.0,2.0,,10,5,0.4
2020-10-20,True,81.0,0.005836711059438102,0.7855656661986332,0.0,0.0,2.0,,10,5,0.4
2020-10-27,True,92.0,0.007072491633137739,0.9782608695652186,0.0,0.0,2.0,,10,5,0.4
2020-11-03,True,89.0,-0.0002961322577474737,0.9100408733357533,0.0,0.0,2.0,,10,5,0.4
2020-11-10,True,89.0,0.002010524387825811,0.7636214037374791,0.0,0.0,4.0,,10,5,0.4
2020-11-17,True,91.0,-0.0019287840725430196,0.8268059955522342,0.0,0.0,2.0,,10,5,0.4
2020-11-24,False,,,,,,,1.0,10,5,0.4
2020-12-01,False,,,,,,,1.0,10,5,0.4
2020-12-08,True,97.0,0.014115905518747914,1.0,0.0,0.0,1.0,,10,5,0.4
2021-01-06,True,81.0,0.002828303675982441,1.3615495041240138,0.0,0.0,1.0,,10,5,0.4
2021-01-13,True,82.0,0.007536303538017484,0.9386268634109847,0.0,0.0,1.0,,10,5,0.4
2021-01-20,True,86.0,0.01367288222834304,0.704580388165633,0.0,0.0,3.0,,10,5,0.4
2021-01-27,True,89.0,0.0013488086372774972,0.7742603056762091,0.0,0.0,0.0,,10,5,0.4
2021-02-03,True,80.0,-0.005610923901605634,1.0516804381831573,0.0,0.0,1.0,,10,5,0.4
2021-02-24,True,82.0,-0.005951509724659913,1.3730570455641924,0.0,0.0,0.0,,10,5,0.4
2021-03-17,True,85.0,-0.021170959400104772,1.2994653938627034,0.0,0.0,1.0,,10,5,0.4
2021-03-24,True,88.0,0.0067057960357026734,0.8535683661164468,0.0,0.0,2.0,,10,5,0.4
2021-03-31,True,94.0,0.006040744740136517,0.9403318735722894,0.0,1.0,1.0,,10,5,0.4
2021-04-08,True,99.0,0.0008372783263814222,0.6669132225829375,0.0,0.0,1.0,,10,5,0.4
2021-04-15,True,89.0,0.0037172793417783734,0.865775845850758,0.0,0.0,1.0,,10,5,0.4
2021-04-22,True,91.0,0.013771603437717779,0.7302264511061912,0.0,0.0,1.0,,10,5,0.4
2021-04-29,True,84.0,-0.013747385275800644,0.8811953269510042,0.0,0.0,0.0,,10,5,0.4
2021-05-11,True,91.0,0.0054590689428487965,0.9018355705073787,0.0,0.0,2.0,,10,5,0.4
2021-05-18,True,89.0,0.0055998659006509174,0.7809305088951841,0.0,0.0,2.0,,10,5,0.4
2021-05-25,True,93.0,-0.0004123849584105523,0.8660516460362135,0.0,0.0,1.0,,10,5,0.4
2021-06-01,True,101.0,-0.004809364492981525,0.7938619339694452,0.0,0.0,2.0,,10,5,0.4
2021-06-08,True,101.0,0.002043261214152381,0.654460124160732,0.0,0.0,2.0,,10,5,0.4
2021-06-16,True,84.0,-0.005782777218284858,0.9515049832059161,0.0,0.0,0.0,,10,5,0.4
2021-07-07,True,86.0,-0.001172687445837946,1.1269635023755031,0.0,0.0,0.0,,10,5,0.4
2021-07-14,True,87.0,-0.0008125438142353716,0.8884427275766376,0.0,0.0,0.0,,10,5,0.4
2021-07-21,True,84.0,-0.016252467345246588,0.6919553995249204,0.0,0.0,1.0,,10,5,0.4
2021-07-28,True,84.0,-0.00243286496535668,0.7205235106086147,0.0,0.0,2.0,,10,5,0.4
2021-08-04,True,80.0,-0.0017721568640379892,0.6750957095279358,0.0,0.0,2.0,,10,5,0.4
2021-08-11,True,85.0,-0.021013270070710216,0.6387528069367191,0.0,0.0,1.0,,10,5,0.4
2021-08-18,True,101.0,0.008489420607744321,0.9900990099009908,0.0,0.0,1.0,,10,5,0.4
2021-08-25,True,101.0,-0.024704199015124502,0.7251221959998132,0.0,0.0,0.0,,10,5,0.4
2021-09-01,True,90.0,-0.006912572885061214,0.8264128217102341,0.0,0.0,1.0,,10,5,0.4
2021-09-08,True,86.0,-0.009494282209170316,0.5945826300117532,0.0,0.0,2.0,,10,5,0.4
2021-09-15,True,87.0,0.00875214332754846,0.7728233232726596,0.0,0.0,2.0,,10,5,0.4
2021-09-24,True,88.0,0.01413163002387001,0.8406697606946577,0.0,0.0,1.0,,10,5,0.4
2021-10-08,True,89.0,0.015590600714731409,0.704821723078347,0.0,0.0,0.0,,10,5,0.4
2021-10-15,True,97.0,0.0004770485558197638,0.9484536082474222,0.0,0.0,2.0,,10,5,0.4
2021-10-22,True,89.0,-0.004166508283519807,0.905854328473523,0.0,0.0,1.0,,10,5,0.4
2021-10-29,True,88.0,-0.0013712499467986251,0.8773673926881429,1.0,0.0,0.0,,10,5,0.4
2021-11-05,True,87.0,0.0006688012461938189,0.987563531600002,0.0,0.0,1.0,,10,5,0.4
2021-11-12,True,88.0,0.002753733857029293,0.8505387982583315,0.0,0.0,2.0,,10,5,0.4
2021-11-19,True,97.0,0.007081109945532991,0.8247422680412364,0.0,0.0,2.0,,10,5,0.4
2021-11-26,True,102.0,-0.012641493971039945,0.8452056669320933,0.0,0.0,1.0,,10,5,0.4
2021-12-03,True,97.0,0.0024546899064588727,0.8018584941927218,0.0,0.0,2.0,,10,5,0.4
2021-12-10,True,90.0,0.0004863427222105282,0.7662890500840099,0.0,0.0,2.0,,10,5,0.4
2021-12-17,True,88.0,-0.0014087190113412208,0.9448138778473321,0.0,0.0,1.0,,10,5,0.4
2021-12-24,True,85.0,-0.00257749154918247,0.896289483811369,0.0,0.0,1.0,,10,5,0.4
2021-12-31,True,85.0,-0.01933591126632329,0.7030232908541747,0.0,0.0,3.0,,10,5,0.4
2022-01-10,True,89.0,0.006759563283698913,0.9170759458014734,0.0,0.0,1.0,,10,5,0.4
2022-01-17,True,85.0,-0.0013059756121925874,0.90838671732155,0.0,0.0,2.0,,10,5,0.4
2022-01-24,True,87.0,-0.004537661789989832,0.8119467379415343,0.0,0.0,1.0,,10,5,0.4
2022-02-28,True,86.0,-0.009400733339377,1.3688840343089013,0.0,0.0,2.0,,10,5,0.4
2022-03-07,True,86.0,-0.00546858956144361,0.8840750547319167,0.0,0.0,1.0,,10,5,0.4
2022-03-28,True,84.0,0.010343520494903448,1.3258307032123877,0.0,0.0,1.0,,10,5,0.4
2022-04-06,True,95.0,0.003751452367296796,1.0321025082101436,0.0,0.0,2.0,,10,5,0.4
2022-04-20,True,82.0,0.002921199874341286,1.326568218109569,0.0,0.0,0.0,,10,5,0.4
2022-05-23,True,106.0,0.007078974288277412,1.339622641509436,0.0,0.0,1.0,,10,5,0.4
2022-05-30,True,106.0,-0.002709148699280947,0.8140575700235585,0.0,0.0,0.0,,10,5,0.4
2022-06-07,True,102.0,-0.01370877604043841,0.6955034395347234,0.0,0.0,2.0,,10,5,0.4
2022-06-14,True,89.0,0.0028985468814447177,0.758501668978384,0.0,0.0,1.0,,10,5,0.4
2022-06-21,True,92.0,-0.006566006037910244,0.6814961421280341,0.0,0.0,0.0,,10,5,0.4
2022-06-28,True,96.0,-0.0013960531727768711,0.7336008120342565,0.0,0.0,0.0,,10,5,0.4
2022-07-05,True,92.0,-0.0004536239433196691,0.9038990601119707,0.0,0.0,0.0,,10,5,0.4
2022-07-12,True,97.0,0.005901139314644992,0.8922701055161198,0.0,0.0,0.0,,10,5,0.4
2022-07-19,True,88.0,0.0020447433385560355,0.825915637053008,0.0,0.0,0.0,,10,5,0.4
2022-07-26,True,88.0,-0.007620926244884203,0.896115750356881,0.0,0.0,0.0,,10,5,0.4
2022-08-02,True,89.0,0.0013253990245017042,0.8679716078070258,0.0,0.0,0.0,,10,5,0.4
2022-08-09,False,,,,,,,1.0,10,5,0.4
2022-08-16,False,,,,,,,1.0,10,5,0.4
2022-08-23,True,98.0,0.007324893439874549,0.9999999999999999,0.0,0.0,0.0,,10,5,0.4
2022-08-30,True,88.0,-0.003465819334791311,0.7975868206256294,0.0,0.0,0.0,,10,5,0.4
2022-09-06,True,87.0,0.0011261501990331435,0.8274108733691848,0.0,0.0,0.0,,10,5,0.4
2022-09-14,True,94.0,0.0031989873931060273,0.872501557862044,0.0,0.0,1.0,,10,5,0.4
2022-09-21,True,92.0,-0.00016411025798891872,0.8974247071092316,0.0,0.0,0.0,,10,5,0.4
2022-09-28,True,80.0,0.009431335232632131,0.8932270046448039,0.0,0.0,0.0,,10,5,0.4
2022-10-19,True,82.0,-0.000898107849287462,1.3012440717634142,0.0,0.0,0.0,,10,5,0.4
2022-10-26,True,84.0,0.0030130468190942344,0.938281445753071,0.0,0.0,0.0,,10,5,0.4
2022-11-02,True,92.0,0.005756241117522615,0.8968356204802856,0.0,0.0,0.0,,10,5,0.4
2022-11-09,True,90.0,0.0025797767291551726,0.7249140687660763,0.0,0.0,1.0,,10,5,0.4
2022-11-16,True,104.0,-0.0003007435187536295,0.8654380674664192,0.0,0.0,1.0,,10,5,0.4
2022-11-23,True,100.0,-0.004400233603715151,1.0401682105851078,0.0,0.0,0.0,,10,5,0.4
2022-11-30,True,91.0,0.010327942838547335,0.8063096029909108,0.0,0.0,0.0,,10,5,0.4
2022-12-07,True,92.0,0.003410160834383843,0.6205517301821284,0.0,0.0,1.0,,10,5,0.4
2022-12-14,True,98.0,-0.0007194593904279907,0.8980354412424627,0.0,0.0,1.0,,10,5,0.4
2022-12-21,True,88.0,0.007506872421324971,0.8553547197910281,0.0,0.0,0.0,,10,5,0.4
2022-12-28,True,81.0,-0.0029895710013274762,0.8411194759252453,0.0,0.0,0.0,,10,5,0.4
2023-01-05,True,81.0,0.0031289940436098236,0.8830541357868588,0.0,0.0,0.0,,10,5,0.4
2023-01-12,True,100.0,-5.353955143364009e-05,0.9800000000000003,0.0,0.0,0.0,,10,5,0.4
2023-01-19,True,100.0,-0.005408563670528998,0.6211535832103832,0.0,0.0,0.0,,10,5,0.4
2023-02-02,True,100.0,0.0032373125550111516,0.7786438245654366,0.0,0.0,0.0,,10,5,0.4
2023-02-09,True,92.0,0.0030473773804838705,0.9639152669734403,0.0,0.0,0.0,,10,5,0.4
2023-02-16,True,91.0,-0.0047473967153073985,0.6637370856315452,0.0,0.0,0.0,,10,5,0.4
2023-02-23,True,92.0,-0.0025394613771388607,0.8993552708609067,0.0,0.0,0.0,,10,5,0.4
2023-03-02,True,100.0,-0.0041587141422093875,0.9000000000000005,0.0,0.0,1.0,,10,5,0.4
2023-03-09,True,92.0,-0.008080400718102381,0.9124542375008347,0.0,0.0,1.0,,10,5,0.4
2023-03-23,True,80.0,0.00932451543996702,1.2818973162680691,0.0,0.0,0.0,,10,5,0.4
2023-03-30,True,89.0,-0.01914010172779444,0.7865168539325846,0.0,0.0,0.0,,10,5,0.4
2023-04-07,True,98.0,0.0033343887120793007,0.7755102040816327,0.0,0.0,0.0,,10,5,0.4
2023-04-14,True,99.0,0.006545077545995849,0.7388163426686348,0.0,0.0,0.0,,10,5,0.4
2023-04-21,True,97.0,-0.0005857222674178972,0.7440415623626252,0.0,1.0,0.0,,10,5,0.4
2023-04-28,True,80.0,-0.008042195957476628,0.8665542848218846,0.0,0.0,0.0,,10,5,0.4
2023-05-24,True,82.0,-0.00729986141804838,1.2985981316923683,0.0,0.0,0.0,,10,5,0.4
2023-06-14,True,82.0,-0.0024645260162869057,1.4229800297776272,0.0,0.0,1.0,,10,5,0.4
2023-06-21,True,88.0,0.006629193183488842,0.909090909090909,0.0,0.0,0.0,,10,5,0.4
2023-06-30,True,89.0,0.002723007379615395,0.8361114894130534,0.0,0.0,0.0,,10,5,0.4
2023-07-07,True,90.0,0.0013284767601160746,0.6773314214606532,0.0,0.0,0.0,,10,5,0.4
2023-07-14,True,98.0,0.004218655226300034,0.9796764894400861,0.0,0.0,0.0,,10,5,0.4
2023-07-21,True,103.0,-0.004633138538899219,0.797994335158395,0.0,0.0,0.0,,10,5,0.4
2023-07-28,True,101.0,0.002522281394707805,0.6819913337119653,0.0,0.0,1.0,,10,5,0.4
2023-08-04,True,86.0,-0.0009502307973450475,0.86857196129246,0.0,0.0,1.0,,10,5,0.4
2023-08-11,True,88.0,-0.001694601638253173,0.9129797085312882,0.0,0.0,0.0,,10,5,0.4
2023-08-18,True,90.0,-0.0031453600483664357,0.9383546455161441,0.0,0.0,0.0,,10,5,0.4
2023-09-01,True,82.0,-0.0031816737077068127,1.1123199094544283,0.0,0.0,0.0,,10,5,0.4
2023-09-08,True,85.0,-0.003024663746824731,1.1083842013930076,0.0,0.0,0.0,,10,5,0.4
2023-09-15,True,102.0,0.000269833750924636,0.9999999999999992,0.0,0.0,1.0,,10,5,0.4
2023-09-22,True,95.0,-0.003768508687552387,0.8576405261343172,0.0,0.0,1.0,,10,5,0.4
2023-10-09,True,93.0,-0.002796909325354391,0.805410575584884,0.0,0.0,0.0,,10,5,0.4
2023-10-16,True,95.0,-0.00265950174157753,0.6176752750519447,0.0,0.0,0.0,,10,5,0.4
2023-11-13,True,100.0,0.0027923544556455585,1.2600000000000002,0.0,0.0,0.0,,10,5,0.4
2023-11-20,True,100.0,0.009749238488776754,0.6905363230787801,0.0,0.0,0.0,,10,5,0.4
2023-11-27,True,97.0,-0.0018462740882729776,0.762502045973769,0.0,0.0,0.0,,10,5,0.4
2024-01-09,True,92.0,-0.006108342260596857,1.4197392673655562,0.0,0.0,0.0,,10,5,0.4
2024-01-16,True,82.0,-0.007158002143481567,0.9990412714014438,0.0,0.0,0.0,,10,5,0.4
2024-01-30,True,93.0,0.002955303050519883,1.1397849462365588,0.0,0.0,0.0,,10,5,0.4
2024-02-06,True,87.0,0.00038663289690044067,1.0046895129203166,0.0,0.0,0.0,,10,5,0.4
2024-03-06,True,84.0,-0.00608334038723642,1.4537151123323184,0.0,0.0,0.0,,10,5,0.4
2024-03-13,True,97.0,-0.0016274545283740194,0.8659793814432986,0.0,0.0,0.0,,10,5,0.4
2024-03-20,True,105.0,0.020155674181140115,0.8,0.0,0.0,0.0,,10,5,0.4
2024-03-27,True,100.0,0.0042713837337725186,0.9064263539971171,0.0,0.0,0.0,,10,5,0.4
2024-04-03,True,84.0,-0.0035113114366769997,0.9848428450858601,0.0,0.0,0.0,,10,5,0.4
2024-05-08,True,92.0,-0.003076342890485433,1.391304347826089,0.0,0.0,1.0,,10,5,0.4
2024-05-15,True,92.0,-0.008929388872525024,0.6283661098395433,0.0,0.0,1.0,,10,5,0.4
2024-05-22,True,96.0,0.008246041704647534,0.8570334996084253,0.0,0.0,0.0,,10,5,0.4
2024-05-29,True,91.0,0.0066793255493971925,0.9240604757867326,0.0,0.0,1.0,,10,5,0.4
2024-06-05,True,86.0,0.001566479238837546,0.8404644543419062,0.0,0.0,0.0,,10,5,0.4
2024-06-13,True,83.0,-0.0013790461575523012,1.0060381425454383,0.0,0.0,0.0,,10,5,0.4
2024-06-20,True,86.0,0.005189017361642182,0.8655425394898709,0.0,0.0,0.0,,10,5,0.4
2024-07-25,True,89.0,-0.005839915950751657,1.4831460674157313,0.0,0.0,0.0,,10,5,0.4
2024-08-01,True,84.0,-0.0007838768698240038,0.8621543655528291,0.0,0.0,0.0,,10,5,0.4
2024-08-08,True,91.0,0.007566512762716154,0.8791208791208786,0.0,0.0,0.0,,10,5,0.4
2024-08-15,True,93.0,0.0068023698124622875,0.8450098684670344,0.0,0.0,0.0,,10,5,0.4
2024-08-22,True,81.0,0.007635845525293149,0.8479550100942173,0.0,0.0,0.0,,10,5,0.4
2024-09-23,True,81.0,-0.06729130764933655,1.3241876260281085,0.0,0.0,0.0,,10,5,0.4
2024-10-28,True,84.0,0.002764092869096584,1.5285515758924495,0.0,0.0,0.0,,10,5,0.4
2024-11-04,True,104.0,-0.04269682519122937,0.7499999999999998,0.0,0.0,0.0,,10,5,0.4
2024-11-11,True,93.0,0.025307162274308303,0.6259501974459599,0.0,0.0,0.0,,10,5,0.4
2024-11-18,True,93.0,0.003201845393475549,0.7036086451601631,0.0,0.0,0.0,,10,5,0.4
2024-12-02,True,85.0,-0.005482596220188145,1.399271872551405,0.0,0.0,0.0,,10,5,0.4
2024-12-09,True,98.0,0.010208846147240512,0.9183673469387759,0.0,0.0,1.0,,10,5,0.4
2024-12-16,True,105.0,0.0006192150816268512,0.8381477850296652,0.0,0.0,1.0,,10,5,0.4
2024-12-23,True,86.0,0.0010288297434754325,1.0022042655682408,0.0,0.0,1.0,,10,5,0.4
2024-12-30,True,85.0,0.00953831570102047,0.7979593998325261,0.0,0.0,0.0,,10,5,0.4
2025-02-05,False,,,,,,,1.0,10,5,0.4
2025-02-12,True,105.0,0.003208132584460472,1.0,0.0,0.0,0.0,,10,5,0.4
2025-02-19,False,,,,,,,1.0,10,5,0.4
2025-02-26,True,97.0,0.0070483782264625025,1.0,0.0,0.0,0.0,,10,5,0.4
2025-03-05,True,95.0,-0.001684182286701697,0.6489973440993968,0.0,0.0,1.0,,10,5,0.4
2025-03-12,True,101.0,-0.0006999842696360625,0.6733252518299278,0.0,0.0,1.0,,10,5,0.4
2025-03-19,True,102.0,0.005575723294897597,0.7541360090086263,0.0,0.0,1.0,,10,5,0.4
2025-03-26,True,92.0,-0.0018775003646236983,0.8232468721358371,0.0,0.0,1.0,,10,5,0.4
2025-04-02,True,85.0,-0.00029546765924282764,0.995521982813419,0.0,0.0,0.0,,10,5,0.4
2025-04-17,True,90.0,0.0047709104965172975,1.4039677670110946,0.0,0.0,0.0,,10,5,0.4
2025-04-24,True,91.0,0.006825454142119006,0.7521664714908315,0.0,0.0,0.0,,10,5,0.4
2025-05-06,True,93.0,0.0016189129491590943,0.9972247149469194,0.0,0.0,0.0,,10,5,0.4
2025-05-13,True,100.0,0.0031947244960225238,0.8003066605942306,0.0,0.0,0.0,,10,5,0.4
2025-05-20,False,,,,,,,1.0,10,5,0.4
2025-05-27,True,96.0,-0.005819405082244066,1.0,0.0,0.0,0.0,,10,5,0.4
2025-06-04,True,92.0,0.0011281082647466275,0.8556465096837794,0.0,0.0,0.0,,10,5,0.4
2025-06-11,True,90.0,-0.003371830576194618,0.8291574976805316,0.0,0.0,1.0,,10,5,0.4
2025-06-18,True,88.0,-0.004256270939359921,0.9387226970897602,0.0,0.0,0.0,,10,5,0.4
2025-06-25,True,83.0,-0.0037905957078384787,0.8190366279386462,0.0,0.0,0.0,,10,5,0.4
2025-07-02,True,86.0,-0.006235146635368993,0.7923459249805312,0.0,0.0,0.0,,10,5,0.4
2025-07-09,True,98.0,-0.0028384282937622156,0.8367346938775517,0.0,0.0,0.0,,10,5,0.4
2025-07-16,True,102.0,0.0029134986635652727,0.7847298609192727,0.0,0.0,0.0,,10,5,0.4
2025-07-23,True,106.0,-0.002471232692210213,0.7392331333942971,0.0,0.0,0.0,,10,5,0.4
2025-07-30,True,95.0,0.0022963176277910387,0.9639093550007782,0.0,0.0,0.0,,10,5,0.4
2025-08-06,True,88.0,-0.007153401857557541,0.8615622259726657,0.0,0.0,0.0,,10,5,0.4
2025-08-13,True,96.0,-0.007521053158852757,0.7499999999999998,0.0,0.0,0.0,,10,5,0.4
2025-08-20,True,94.0,-0.00998789605910504,0.9423618473678426,0.0,0.0,0.0,,10,5,0.4
2025-08-27,False,,,,,,,1.0,10,5,0.4
2025-09-03,True,96.0,-0.0021102811485678953,1.0,0.0,0.0,0.0,,10,5,0.4
2025-09-10,True,88.0,-0.01216497942064505,0.8605085015852887,0.0,0.0,0.0,,10,5,0.4
2025-09-17,True,94.0,-0.010083376537685023,0.7021609667339674,0.0,0.0,0.0,,10,5,0.4
2025-09-24,True,82.0,-0.01897121542987933,1.189906775431082,0.0,0.0,0.0,,10,5,0.4
2025-10-09,True,80.0,0.024784094196956732,0.7436161770249118,0.0,0.0,0.0,,10,5,0.4
2025-10-16,True,86.0,0.012738404801579815,0.9777424347033874,0.0,0.0,0.0,,10,5,0.4
2025-10-23,True,90.0,-0.009309999771961909,0.980283228145113,0.0,0.0,0.0,,10,5,0.4
2025-10-30,True,91.0,0.001223602097658345,0.6747721217663876,0.0,0.0,0.0,,10,5,0.4
2025-11-06,True,94.0,0.005825850558509741,0.9193584155314528,0.0,0.0,0.0,,10,5,0.4
2025-11-13,True,99.0,0.0045599200319001686,0.6084798363820121,0.0,0.0,0.0,,10,5,0.4
2025-11-20,True,90.0,0.00226302404855695,1.0111529883941432,0.0,0.0,0.0,,10,5,0.4
2025-12-04,True,80.0,-0.000794015480963504,1.3727990752768486,0.0,0.0,0.0,,10,5,0.4
2025-12-11,True,93.0,0.004057026852334445,1.0322580645161283,0.0,0.0,0.0,,10,5,0.4
2025-12-18,True,90.0,-0.01649634151789673,0.9910776417471289,0.0,0.0,0.0,,10,5,0.4
2025-12-25,False,,,,,,,1.0,10,5,0.4
2026-01-05,True,92.0,0.0015659759349351612,1.0,0.0,0.0,0.0,,10,5,0.4
2026-01-12,True,86.0,0.001725064797251409,0.8073830649899394,0.0,0.0,0.0,,10,5,0.4
2026-01-19,True,93.0,-0.0034071160540000978,0.8172759487867802,0.0,0.0,0.0,,10,5,0.4
2026-01-26,True,84.0,0.007330123561932543,0.8468019423347137,0.0,0.0,0.0,,10,5,0.4
2026-02-02,True,80.0,0.00416963975784896,0.7390214813461854,0.0,0.0,0.0,,10,5,0.4
2026-02-24,True,82.0,0.018040293820640353,1.2212687387657886,0.0,0.0,0.0,,10,5,0.4
2026-03-10,True,83.0,0.006171373525537024,1.3395377283415388,0.0,0.0,0.0,,10,5,0.4
2026-03-17,True,85.0,-0.003371502715690526,0.9094196718234816,0.0,0.0,0.0,,10,5,0.4
2026-04-15,True,93.0,-0.002542933653711381,1.3764398436551069,0.0,0.0,0.0,,10,5,0.4
2026-04-22,True,92.0,0.0060710748535038345,0.8077003272839792,0.0,0.0,0.0,,10,5,0.4
2026-04-29,True,92.0,-0.01184981902490352,0.8344279693810001,0.0,0.0,0.0,,10,5,0.4
2026-05-11,True,92.0,0.004432560008217384,0.9108132542672791,0.0,0.0,0.0,,10,5,0.4
2026-05-18,True,85.0,0.008666781217994992,0.8007583811579724,0.0,0.0,0.0,,10,5,0.4
2026-05-25,True,80.0,0.010157431693896303,0.8627181102695521,0.0,0.0,0.0,,10,5,0.4
2026-08-04,True,82.0,0.016840362697951937,1.3682839221826415,0.0,0.0,0.0,,10,5,0.4
2026-08-11,True,93.0,0.008546557910908633,0.9032258064516127,0.0,0.0,0.0,,10,5,0.4
2026-08-18,True,93.0,0.008518637284017593,0.7718470979935305,0.0,0.0,0.0,,10,5,0.4
2026-08-25,True,80.0,-0.0031812789610989878,0.873019637682298,0.0,0.0,0.0,,10,5,0.4
2026-09-01,True,84.0,0.0034334262617451696,0.8841965740553206,0.0,0.0,0.0,,10,5,0.4
2026-09-08,False,,,,,,,1.0,10,5,0.4
2026-09-15,True,88.0,-0.00250219753707674,1.0,0.0,0.0,0.0,,10,5,0.4
2020-02-21,True,48.0,-0.003915922462430591,1.0,0.0,0.0,0.0,,10,10,0.2
2020-03-06,True,48.0,0.01643047462559369,1.4696584131447628,0.0,0.0,0.0,,10,10,0.2
2020-04-20,True,52.0,0.014465929310809453,1.6538461538461533,0.0,0.0,3.0,,10,10,0.2
2020-05-07,True,52.0,1.2325562773418675e-05,1.5560804680390155,0.0,0.0,1.0,,10,10,0.2
2020-05-21,False,,,,,,,1.0,10,10,0.2
2020-06-04,True,49.0,-0.00844126154147629,0.9999999999999999,0.0,0.0,0.0,,10,10,0.2
2020-06-18,True,46.0,-0.029523444110791858,1.5555899278813698,0.0,0.0,3.0,,10,10,0.2
2020-07-06,True,42.0,0.016386088500047205,1.4852957914011922,0.0,0.0,1.0,,10,10,0.2
2020-08-03,True,48.0,0.0035159773662122784,1.624999999999999,0.0,0.0,2.0,,10,10,0.2
2020-08-17,True,50.0,0.03807998538110673,1.572768372046793,0.0,0.0,1.0,,10,10,0.2
2020-08-31,True,48.0,-0.007445330285795318,1.4939196464308924,0.0,0.0,3.0,,10,10,0.2
2020-09-14,True,44.0,0.004028891010126583,1.4979462978708153,0.0,0.0,0.0,,10,10,0.2
2020-09-28,True,42.0,0.020278134799192223,1.4651554061803589,0.0,0.0,1.0,,10,10,0.2
2020-10-20,True,40.0,0.01705422668890834,1.6274101651101753,0.0,0.0,0.0,,10,10,0.2
2020-11-03,True,44.0,-0.0016754317162533845,1.6823347408928953,0.0,0.0,0.0,,10,10,0.2
2020-11-17,False,,,,,,,1.0,10,10,0.2
2020-12-01,True,50.0,0.03233392111081858,1.0,0.0,0.0,1.0,,10,10,0.2
2021-01-13,True,41.0,0.02777625945542169,1.674027994051707,0.0,0.0,1.0,,10,10,0.2
2021-01-27,True,44.0,0.021219856659547225,1.414971882890725,0.0,0.0,0.0,,10,10,0.2
2021-03-17,True,42.0,-0.003003795230250156,1.6752630191382034,0.0,0.0,0.0,,10,10,0.2
2021-03-31,True,47.0,0.007263000374995013,1.4042553191489355,0.0,0.0,1.0,,10,10,0.2
2021-04-15,True,44.0,0.0059218907932333704,1.370111641778037,0.0,0.0,1.0,,10,10,0.2
2021-04-29,True,42.0,-0.0007859661427013481,1.680962966915108,0.0,0.0,0.0,,10,10,0.2
2021-05-18,True,44.0,-0.0012816793949944512,1.4198686378387433,0.0,0.0,1.0,,10,10,0.2
2021-06-01,True,50.0,-0.002478361471155356,1.560110136588258,0.0,0.0,2.0,,10,10,0.2
2021-06-16,True,42.0,-0.012259320516407688,1.5259765965841026,0.0,0.0,0.0,,10,10,0.2
2021-07-14,True,43.0,-0.031228450819308577,1.674703667615832,0.0,0.0,0.0,,10,10,0.2
2021-07-28,True,42.0,0.0036999696620126712,1.5845277849181982,0.0,0.0,2.0,,10,10,0.2
2021-08-11,True,42.0,-0.034594803099501276,1.309904887188631,0.0,0.0,0.0,,10,10,0.2
2021-08-25,True,50.0,-0.036003053631933,1.5600000000000005,0.0,0.0,0.0,,10,10,0.2
2021-09-08,True,43.0,0.01898752093929067,1.5459697975774624,0.0,0.0,1.0,,10,10,0.2
2021-09-24,True,44.0,0.03302713092284336,1.4199382601214712,0.0,0.0,0.0,,10,10,0.2
2021-10-15,True,48.0,-0.00715707256408535,1.6294391648971815,0.0,0.0,0.0,,10,10,0.2
2021-10-29,True,44.0,-0.008913263586676897,1.616087626204199,1.0,0.0,0.0,,10,10,0.2
2021-11-12,True,44.0,0.01257675187364268,1.7331836819921753,0.0,0.0,1.0,,10,10,0.2
2021-11-26,True,51.0,-0.006072171871951609,1.4901960784313726,0.0,0.0,1.0,,10,10,0.2
2021-12-10,True,45.0,-0.0007003848179188733,1.4561063157845562,0.0,0.0,1.0,,10,10,0.2
2021-12-24,True,42.0,-0.027616545181981922,1.4791259289368337,0.0,0.0,1.0,,10,10,0.2
2022-01-10,True,44.0,0.00628335032270062,1.5135856020095662,0.0,0.0,1.0,,10,10,0.2
2022-01-24,True,43.0,-0.006234570382178242,1.6851575281381803,0.0,0.0,0.0,,10,10,0.2
2022-02-28,True,43.0,-0.022265306903958185,1.5135029404810012,0.0,0.0,0.0,,10,10,0.2
2022-03-28,True,42.0,0.02288855428339508,1.8194146221033818,0.0,0.0,1.0,,10,10,0.2
2022-05-30,True,53.0,-0.009895734190694214,1.7358490566037736,0.0,0.0,0.0,,10,10,0.2
2022-06-14,True,44.0,-0.002706091403801257,1.45838138975214,0.0,0.0,0.0,,10,10,0.2
2022-06-28,True,48.0,-0.0038175155549527093,1.4583333333333337,0.0,0.0,0.0,,10,10,0.2
2022-07-12,True,48.0,0.022211903420857413,1.7210287632097914,0.0,0.0,0.0,,10,10,0.2
2022-07-26,True,44.0,-0.0016178444400666162,1.5528938328985213,0.0,0.0,0.0,,10,10,0.2
2022-08-09,True,41.0,-0.018816705877050952,1.7801822253572916,0.0,0.0,0.0,,10,10,0.2
2022-08-23,True,49.0,0.018470179955598562,1.4693877551020413,0.0,0.0,0.0,,10,10,0.2
2022-09-06,True,43.0,0.0003201616395888604,1.5982060363590191,0.0,0.0,0.0,,10,10,0.2
2022-09-21,True,46.0,0.007518105383280686,1.5652173913043488,0.0,0.0,0.0,,10,10,0.2
2022-10-26,True,42.0,0.00590226433588103,1.9194823106062702,0.0,0.0,0.0,,10,10,0.2
2022-11-09,True,45.0,0.00812465876185808,1.5197838350180173,0.0,0.0,0.0,,10,10,0.2
2022-11-23,True,50.0,-0.007875913915690591,1.6488930066888368,0.0,0.0,0.0,,10,10,0.2
2022-12-07,True,46.0,0.005754918333382403,1.6104382317797183,0.0,0.0,0.0,,10,10,0.2
2022-12-21,True,44.0,-0.0035451063866873446,1.6582949698895697,0.0,0.0,0.0,,10,10,0.2
2023-01-05,True,40.0,0.005564219851006927,1.638385567277808,0.0,0.0,0.0,,10,10,0.2
2023-01-19,True,50.0,-0.004345751646339729,1.6800000000000004,0.0,0.0,0.0,,10,10,0.2
2023-02-09,True,46.0,-0.012199316935883971,1.5331546107957537,0.0,0.0,0.0,,10,10,0.2
2023-02-23,True,46.0,-0.009503783421806309,1.3656742143071072,0.0,0.0,0.0,,10,10,0.2
2023-03-09,True,46.0,-0.0035892456805037814,1.5381664212411088,0.0,0.0,1.0,,10,10,0.2
2023-03-23,True,40.0,-0.011039999374705303,1.358814497574964,0.0,0.0,0.0,,10,10,0.2
2023-04-07,True,49.0,0.007692549992704752,1.4693877551020413,0.0,0.0,0.0,,10,10,0.2
2023-04-21,True,48.0,-0.014926736147614694,1.4456952388622957,0.0,0.0,0.0,,10,10,0.2
2023-05-24,True,41.0,-0.011693831121435978,1.6352520633157455,0.0,0.0,0.0,,10,10,0.2
2023-06-21,True,44.0,0.013112119963148679,1.682016640903771,0.0,0.0,0.0,,10,10,0.2
2023-07-07,True,45.0,0.011865878303008977,1.6055238727768202,0.0,0.0,0.0,,10,10,0.2
2023-07-21,True,51.0,-0.021817385770930443,1.8039215686274501,0.0,0.0,0.0,,10,10,0.2
2023-08-04,True,43.0,-0.001083385649880829,1.660145835054273,0.0,0.0,0.0,,10,10,0.2
2023-08-18,True,45.0,0.020151500778492558,1.7350667924685355,0.0,0.0,0.0,,10,10,0.2
2023-09-01,True,41.0,0.006389887397492897,1.5154944601352758,0.0,0.0,0.0,,10,10,0.2
2023-09-15,True,51.0,-0.0005099144943190249,1.6470588235294112,0.0,0.0,1.0,,10,10,0.2
2023-10-09,True,46.0,-0.013122679719810557,1.6856932562913425,0.0,0.0,0.0,,10,10,0.2
2023-11-20,True,50.0,0.022841788802321555,1.6800000000000006,0.0,0.0,0.0,,10,10,0.2
2024-01-16,True,41.0,0.002869155693286135,1.8054143297633034,0.0,0.0,0.0,,10,10,0.2
2024-01-30,True,46.0,-0.001035345638850993,1.3927183716423266,0.0,0.0,0.0,,10,10,0.2
2024-03-06,True,42.0,-0.004846641976534711,1.6096254544073179,0.0,0.0,0.0,,10,10,0.2
2024-03-20,True,52.0,0.021468073482839856,1.5384615384615379,0.0,0.0,0.0,,10,10,0.2
2024-04-03,True,42.0,0.0021415530107023253,1.7272128067244823,0.0,0.0,0.0,,10,10,0.2
2024-05-08,True,46.0,-0.007933766696414152,1.6099193003952836,0.0,0.0,1.0,,10,10,0.2
2024-05-22,True,48.0,0.009383742299134638,1.7084025556824158,0.0,0.0,0.0,,10,10,0.2
2024-06-05,True,43.0,0.00254452084289631,1.50343119078242,0.0,0.0,0.0,,10,10,0.2
2024-06-20,True,43.0,0.005844120844490618,1.8158284456391758,0.0,0.0,0.0,,10,10,0.2
2024-08-01,True,42.0,0.0040051021343024094,1.6840408836577279,0.0,0.0,0.0,,10,10,0.2
2024-08-15,True,46.0,0.01191779807492958,1.6521739130434794,0.0,0.0,0.0,,10,10,0.2
2024-11-04,True,52.0,-0.011990369352251843,1.4615384615384617,0.0,0.0,0.0,,10,10,0.2
2024-11-18,True,46.0,0.0017860376100767659,1.3100592311667256,0.0,0.0,0.0,,10,10,0.2
2024-12-02,True,42.0,-0.007677074694704937,1.7419802731163998,0.0,0.0,0.0,,10,10,0.2
2024-12-16,True,52.0,0.0011867559951674617,1.5384615384615372,0.0,0.0,1.0,,10,10,0.2
2024-12-30,True,42.0,0.005020344983061205,1.6186668790785805,0.0,0.0,0.0,,10,10,0.2
2025-02-05,True,46.0,-0.01084026955256696,1.5652173913043494,0.0,0.0,0.0,,10,10,0.2
2025-02-19,True,51.0,-0.011646906054795543,1.2156862745098038,0.0,0.0,0.0,,10,10,0.2
2025-03-05,True,47.0,0.006402140969033772,1.3069977207006658,0.0,0.0,0.0,,10,10,0.2
2025-03-19,True,51.0,0.008305845973058449,1.4901960784313726,0.0,0.0,1.0,,10,10,0.2
2025-04-02,True,42.0,0.003425683698089172,1.6871074002590916,0.0,0.0,0.0,,10,10,0.2
2025-04-17,True,45.0,0.010721965563413878,1.6492653445637977,0.0,0.0,0.0,,10,10,0.2
2025-05-06,True,46.0,0.006590975159939046,1.6129445413133052,0.0,0.0,0.0,,10,10,0.2
2025-05-20,True,51.0,-0.00010111160384166122,1.6470588235294108,0.0,0.0,0.0,,10,10,0.2
2025-06-04,True,46.0,0.0007607743187660514,1.7302070251795751,0.0,0.0,0.0,,10,10,0.2
2025-06-18,True,44.0,-0.0013636322299903116,1.5780412872228098,0.0,0.0,0.0,,10,10,0.2
2025-07-02,True,43.0,-0.017422699199443968,1.6389268450660903,0.0,0.0,0.0,,10,10,0.2
2025-07-16,True,51.0,-0.015328697767166388,1.4117647058823528,0.0,0.0,0.0,,10,10,0.2
2025-07-30,True,47.0,-0.006571902790180986,1.5060884402078512,0.0,0.0,0.0,,10,10,0.2
2025-08-13,True,48.0,-0.03392930432695561,1.5021611736339715,0.0,0.0,0.0,,10,10,0.2
2025-08-27,True,46.0,-0.0007611215705408802,1.5856131296557285,0.0,0.0,0.0,,10,10,0.2
2025-09-10,True,44.0,-0.026811375224294692,1.5746719718036508,0.0,0.0,0.0,,10,10,0.2
2025-09-24,True,41.0,0.00048715053296122593,1.5839420456376312,0.0,0.0,0.0,,10,10,0.2
2025-10-16,True,43.0,0.003247206719535968,1.535549538963563,0.0,0.0,0.0,,10,10,0.2
2025-10-30,True,45.0,0.011733875008306877,1.4281931254363114,0.0,0.0,0.0,,10,10,0.2
2025-11-13,True,49.0,0.005469183907090551,1.5102040816326534,0.0,0.0,0.0,,10,10,0.2
2025-12-11,True,46.0,-0.01119156220039425,1.6336720717320048,0.0,0.0,0.0,,10,10,0.2
2025-12-25,True,45.0,-0.0030973379414346233,1.4402038405106359,0.0,0.0,0.0,,10,10,0.2
2026-01-12,True,43.0,-0.0010528087394980623,1.525532752045609,0.0,0.0,0.0,,10,10,0.2
2026-01-26,True,42.0,0.016547479759739733,1.5442713829823607,0.0,0.0,0.0,,10,10,0.2
2026-03-17,True,42.0,0.002171366227476719,1.7685791549845653,0.0,0.0,0.0,,10,10,0.2
2026-04-15,True,46.0,0.008985823091138623,1.7391304347826104,0.0,0.0,0.0,,10,10,0.2
2026-04-29,True,46.0,-0.024793517230631945,1.6234322836653858,0.0,0.0,0.0,,10,10,0.2
2026-05-18,True,42.0,0.025372713306729217,1.5783499017140459,0.0,0.0,0.0,,10,10,0.2
2026-08-11,True,46.0,0.009498460919859187,1.6521739130434798,0.0,0.0,0.0,,10,10,0.2
2026-08-25,True,40.0,-0.008838601227703382,1.692393993939857,0.0,0.0,0.0,,10,10,0.2
2026-09-08,True,45.0,-0.002549829547478495,1.5555555555555554,0.0,0.0,0.0,,10,10,0.2
2020-02-21,True,96.0,-0.0016056194962979047,1.0,0.0,0.0,1.0,,10,10,0.4
2020-03-06,True,96.0,0.008867925040691477,1.2393950261251203,0.0,0.0,2.0,,10,10,0.4
2020-04-20,True,104.0,0.007926500822793149,1.2906100902037214,0.0,0.0,5.0,,10,10,0.4
2020-05-07,True,105.0,0.0018985407697665237,1.2598205526810329,0.0,0.0,4.0,,10,10,0.4
2020-05-21,False,,,,,,,1.0,10,10,0.4
2020-06-04,True,98.0,-0.00651933582810209,0.9999999999999999,0.0,0.0,2.0,,10,10,0.4
2020-06-18,True,92.0,-0.007332885853988752,1.1746629852121484,0.0,0.0,3.0,,10,10,0.4
2020-07-06,True,84.0,0.012964437751337805,1.2638776235095461,1.0,0.0,1.0,,10,10,0.4
2020-08-03,True,97.0,-0.004611497610987083,1.4432989690721638,0.0,0.0,2.0,,10,10,0.4
2020-08-17,True,100.0,0.02224747422309832,1.196512339393249,0.0,0.0,2.0,,10,10,0.4
2020-08-31,True,96.0,0.0028585853241844955,1.1791857392279985,0.0,0.0,3.0,,10,10,0.4
2020-09-14,True,88.0,-0.0026943880571479693,1.271378455042174,0.0,0.0,1.0,,10,10,0.4
2020-09-28,True,85.0,0.000492431378079923,1.1497014324262973,0.0,0.0,2.0,,10,10,0.4
2020-10-20,True,81.0,0.013652262182875765,1.288895889606767,0.0,0.0,2.0,,10,10,0.4
2020-11-03,True,89.0,-0.0011026299606115217,1.3496443959387112,0.0,0.0,2.0,,10,10,0.4
2020-11-17,False,,,,,,,1.0,10,10,0.4
2020-12-01,False,,,,,,,1.0,10,10,0.4
2021-01-13,True,82.0,0.012672606086528423,1.0,0.0,0.0,1.0,,10,10,0.4
2021-01-27,True,89.0,0.009371177450869718,1.1717631287925416,0.0,0.0,0.0,,10,10,0.4
2021-03-17,True,85.0,-0.0040740358224643485,1.4260257165998875,0.0,0.0,1.0,,10,10,0.4
2021-03-31,True,94.0,0.007500230602001054,1.2792855761668185,0.0,0.0,1.0,,10,10,0.4
2021-04-15,True,89.0,0.011205865429626583,1.1570659221607487,0.0,0.0,1.0,,10,10,0.4
2021-04-29,True,84.0,-0.012486854161317413,1.1773382292480368,0.0,0.0,0.0,,10,10,0.4
2021-05-18,True,89.0,0.002162847951517142,1.2211099055945493,0.0,0.0,2.0,,10,10,0.4
2021-06-01,True,101.0,-9.815289031292473e-05,1.229819110700314,0.0,0.0,2.0,,10,10,0.4
2021-06-16,True,84.0,-0.008674190423943226,1.2191161472861143,0.0,0.0,0.0,,10,10,0.4
2021-07-14,True,87.0,-0.013765330160701847,1.2504334622701723,0.0,0.0,0.0,,10,10,0.4
2021-07-28,True,84.0,0.0037743630556075977,1.2259835974899245,0.0,0.0,2.0,,10,10,0.4
2021-08-11,True,85.0,-0.023440020178337993,1.0150016287964265,0.0,0.0,1.0,,10,10,0.4
2021-08-25,True,101.0,-0.035955293925915725,1.2871287128712872,0.0,0.0,0.0,,10,10,0.4
2021-09-08,True,86.0,0.010803566695721196,1.1900558402218722,0.0,0.0,2.0,,10,10,0.4
2021-09-24,True,88.0,0.034954717014416214,1.2420223709101144,0.0,0.0,1.0,,10,10,0.4
2021-10-15,True,97.0,-6.635420619039573e-05,1.260842451125859,0.0,0.0,2.0,,10,10,0.4
2021-10-29,True,88.0,-0.006947472294696518,1.3192063773399798,1.0,0.0,0.0,,10,10,0.4
2021-11-12,True,88.0,0.011064208231414279,1.4859318356168025,0.0,0.0,2.0,,10,10,0.4
2021-11-26,True,102.0,-0.011142177501513285,1.3725490196078411,0.0,0.0,1.0,,10,10,0.4
2021-12-10,True,90.0,0.001173221972549876,1.2216957445125907,0.0,0.0,2.0,,10,10,0.4
2021-12-24,True,85.0,-0.012345075098284627,1.22905580362845,0.0,0.0,1.0,,10,10,0.4
2022-01-10,True,89.0,0.009584592748048425,1.2512505884136136,0.0,0.0,1.0,,10,10,0.4
2022-01-24,True,87.0,-0.007388582276722157,1.2470172636988004,0.0,0.0,1.0,,10,10,0.4
2022-02-28,True,86.0,-0.009301772033212169,1.388892255765575,0.0,0.0,2.0,,10,10,0.4
2022-03-28,True,84.0,0.0205561108102575,1.6109378229459632,0.0,0.0,1.0,,10,10,0.4
2022-05-30,True,106.0,-0.012650800871541336,1.528456068999665,0.0,0.0,0.0,,10,10,0.4
2022-06-14,True,89.0,-0.004865354983365815,1.1407990877117065,0.0,0.0,1.0,,10,10,0.4
2022-06-28,True,96.0,-0.002445121620948086,1.1480273579193239,0.0,0.0,0.0,,10,10,0.4
2022-07-12,True,97.0,0.012767123425929833,1.2567305181736927,0.0,0.0,0.0,,10,10,0.4
2022-07-26,True,88.0,0.0002833700249430934,1.2659941767323142,0.0,0.0,0.0,,10,10,0.4
2022-08-09,False,,,,,,,1.0,10,10,0.4
2022-08-23,True,98.0,0.007698630045596714,0.9999999999999999,0.0,0.0,0.0,,10,10,0.4
2022-09-06,True,87.0,0.0050740039684170415,1.171917068355987,0.0,0.0,0.0,,10,10,0.4
2022-09-21,True,92.0,0.0011092244109715162,1.2401145651570813,0.0,0.0,0.0,,10,10,0.4
2022-10-26,True,84.0,0.007897621240088757,1.52520013239287,0.0,0.0,0.0,,10,10,0.4
2022-11-09,True,90.0,0.0008473593157658776,1.2508971466087164,0.0,0.0,1.0,,10,10,0.4
2022-11-23,True,100.0,-0.0014173111425950374,1.3259404622790592,0.0,0.0,0.0,,10,10,0.4
2022-12-07,True,92.0,0.004981364571652866,1.1665386447566655,0.0,0.0,1.0,,10,10,0.4
2022-12-21,True,88.0,0.007733907232525206,1.331938736859884,0.0,0.0,0.0,,10,10,0.4
2023-01-05,True,81.0,-1.6837465308568167e-05,1.3508496270539094,0.0,0.0,0.0,,10,10,0.4
2023-01-19,True,100.0,-0.0018347399160552288,1.260000000000001,0.0,0.0,0.0,,10,10,0.4
2023-02-09,True,92.0,-0.005650080776318514,1.2113248606736031,0.0,0.0,0.0,,10,10,0.4
2023-02-23,True,92.0,0.000485328399523019,1.16725781247626,0.0,0.0,0.0,,10,10,0.4
2023-03-09,True,92.0,-0.013563734595878361,1.3270990878694426,0.0,0.0,1.0,,10,10,0.4
2023-03-23,True,80.0,-0.005812947988271356,1.289856167563505,0.0,0.0,0.0,,10,10,0.4
2023-04-07,True,98.0,0.0008261863126345151,1.1836734693877546,0.0,0.0,0.0,,10,10,0.4
2023-04-21,True,97.0,-0.0057126478044911555,1.1823457042053294,0.0,0.0,0.0,,10,10,0.4
2023-05-24,True,82.0,0.0018606465521184834,1.47070028202448,0.0,0.0,0.0,,10,10,0.4
2023-06-21,True,88.0,0.009435691822124578,1.3424190101444806,0.0,0.0,0.0,,10,10,0.4
2023-07-07,True,90.0,0.006240882943923201,1.1410942307431435,0.0,0.0,0.0,,10,10,0.4
2023-07-21,True,103.0,-0.002608569390241372,1.3398058252427176,0.0,0.0,0.0,,10,10,0.4
2023-08-04,True,86.0,-0.005545259087367235,1.3039021590483058,0.0,0.0,1.0,,10,10,0.4
2023-08-18,True,90.0,0.008962341790939951,1.3384084886525316,0.0,0.0,0.0,,10,10,0.4
2023-09-01,True,82.0,-0.0022057590371193578,1.1127203090894824,0.0,0.0,0.0,,10,10,0.4
2023-09-15,True,102.0,-0.0026095241410075253,1.490196078431371,0.0,0.0,1.0,,10,10,0.4
2023-10-09,True,93.0,-0.004657835245744674,1.2002381776089803,0.0,0.0,0.0,,10,10,0.4
2023-11-20,True,100.0,0.013786627040297646,1.3214599125202515,0.0,0.0,0.0,,10,10,0.4
2024-01-16,True,82.0,0.008188601163893007,1.4301574597344342,0.0,0.0,0.0,,10,10,0.4
2024-01-30,True,93.0,0.00015477386660325138,1.140554729289786,0.0,0.0,0.0,,10,10,0.4
2024-03-06,True,84.0,-0.004531293465138857,1.3560947063976299,0.0,0.0,0.0,,10,10,0.4
2024-03-20,True,105.0,0.01812437642552866,1.3523809523809514,0.0,0.0,0.0,,10,10,0.4
2024-04-03,True,84.0,0.005032397432805979,1.4057741550061462,0.0,0.0,0.0,,10,10,0.4
2024-05-08,True,92.0,0.0006683676668132084,1.394585608705075,0.0,0.0,1.0,,10,10,0.4
2024-05-22,True,96.0,0.009357946860308605,1.1920256833713552,0.0,0.0,0.0,,10,10,0.4
2024-06-05,True,86.0,0.003864690459209997,1.3975659057770302,0.0,0.0,0.0,,10,10,0.4
2024-06-20,True,86.0,0.004467844392731249,1.3606927276030438,0.0,0.0,0.0,,10,10,0.4
2024-08-01,True,84.0,0.0019473111228527733,1.3982079315211422,0.0,0.0,0.0,,10,10,0.4
2024-08-15,True,93.0,0.0050890740613300095,1.3548387096774195,0.0,0.0,0.0,,10,10,0.4
2024-11-04,True,104.0,-0.005143009173880184,1.2884615384615377,0.0,0.0,0.0,,10,10,0.4
2024-11-18,True,93.0,0.0026075870730121096,1.0140499199819455,0.0,0.0,0.0,,10,10,0.4
2024-12-02,True,85.0,-0.009060224194098883,1.406592982519216,0.0,0.0,0.0,,10,10,0.4
2024-12-16,True,105.0,0.0035656362042711474,1.390476190476189,0.0,0.0,1.0,,10,10,0.4
2024-12-30,True,85.0,0.006936877707436319,1.3566254503732547,0.0,0.0,0.0,,10,10,0.4
2025-02-05,False,,,,,,,1.0,10,10,0.4
2025-02-19,False,,,,,,,1.0,10,10,0.4
2025-03-05,True,95.0,-0.0003604844269781901,1.0,0.0,0.0,1.0,,10,10,0.4
2025-03-19,True,102.0,0.004015224282181304,1.1179836504501501,0.0,0.0,1.0,,10,10,0.4
2025-04-02,True,85.0,0.002971149339583097,1.4302851456653098,0.0,0.0,0.0,,10,10,0.4
2025-04-17,True,90.0,0.01483243421146506,1.4057194854095747,0.0,0.0,0.0,,10,10,0.4
2025-05-06,True,93.0,0.0039988333002631896,1.3402052905752602,0.0,0.0,0.0,,10,10,0.4
2025-05-20,False,,,,,,,1.0,10,10,0.4
2025-06-04,True,92.0,0.0006253830181388318,1.0,0.0,0.0,0.0,,10,10,0.4
2025-06-18,True,88.0,-0.006280328116556041,1.4033452866852527,0.0,0.0,0.0,,10,10,0.4
2025-07-02,True,86.0,-0.013340329365162436,1.1675304186329083,0.0,0.0,0.0,,10,10,0.4
2025-07-16,True,102.0,-0.007940461426390037,1.3137254901960769,0.0,0.0,0.0,,10,10,0.4
2025-07-30,True,95.0,0.0020404145779541315,1.195073162418872,0.0,0.0,0.0,,10,10,0.4
2025-08-13,True,96.0,-0.021761972077649096,1.2150994871478829,0.0,0.0,0.0,,10,10,0.4
2025-08-27,True,93.0,0.0025079539663488155,1.3253194148193208,0.0,0.0,0.0,,10,10,0.4
2025-09-10,True,88.0,-0.019978971427569832,1.2620600239141118,0.0,0.0,0.0,,10,10,0.4
2025-09-24,True,82.0,-0.0025614059522563563,1.429202106764351,0.0,0.0,0.0,,10,10,0.4
2025-10-16,True,86.0,0.00047880767974657276,1.2184881335420965,0.0,0.0,0.0,,10,10,0.4
2025-10-30,True,91.0,0.010554887340733666,1.1684903885465499,0.0,0.0,0.0,,10,10,0.4
2025-11-13,True,99.0,0.0097942085642546,1.155692780946579,0.0,0.0,0.0,,10,10,0.4
2025-12-11,True,93.0,-0.00944613232109525,1.2510567642868355,0.0,0.0,0.0,,10,10,0.4
2025-12-25,False,,,,,,,1.0,10,10,0.4
2026-01-12,True,86.0,-0.0005146873356204687,1.0,0.0,0.0,0.0,,10,10,0.4
2026-01-26,True,84.0,0.015710453322482425,1.194941651296036,0.0,0.0,0.0,,10,10,0.4
2026-03-17,True,85.0,0.0037480569957153292,1.5840689885081403,0.0,0.0,0.0,,10,10,0.4
2026-04-15,True,93.0,0.0035838779482151584,1.3769043531287597,0.0,0.0,0.0,,10,10,0.4
2026-04-29,True,92.0,-0.01510017020635592,1.292685293366923,0.0,0.0,0.0,,10,10,0.4
2026-05-18,True,85.0,0.01849050940529574,1.3310325923912143,0.0,0.0,0.0,,10,10,0.4
2026-08-11,True,93.0,0.0053610186033802056,1.4628028772190231,0.0,0.0,0.0,,10,10,0.4
2026-08-25,True,80.0,-0.0037168170080243666,1.2897141515964718,0.0,0.0,0.0,,10,10,0.4
2026-09-08,True,91.0,-0.0036708041239954647,1.362637362637361,0.0,0.0,0.0,,10,10,0.4
