date,window,factor,names,rank_ic,period
2020-01-23,10,team_coin,300,-0.014113047268641654,discovery_2020_23
2020-02-28,10,team_coin,299,-0.23225067899710444,discovery_2020_23
2020-03-31,10,team_coin,297,0.013258384943662055,discovery_2020_23
2020-04-30,10,team_coin,297,0.046380294135031044,discovery_2020_23
2020-05-29,10,team_coin,278,-0.0323817851341548,discovery_2020_23
2020-06-30,10,team_coin,279,0.011931837018864171,discovery_2020_23
2020-07-31,10,team_coin,297,-0.24811109833651002,discovery_2020_23
2020-08-31,10,team_coin,299,-0.1389187828464895,discovery_2020_23
2020-09-30,10,team_coin,296,-0.1674014538421318,discovery_2020_23
2020-10-30,10,team_coin,298,0.016792694061442237,discovery_2020_23
2020-11-30,10,team_coin,274,-0.03183648468320001,discovery_2020_23
2020-12-31,10,team_coin,298,0.08657221583979681,discovery_2020_23
2021-01-29,10,team_coin,299,0.03258468189094338,discovery_2020_23
2021-02-26,10,team_coin,297,-0.11077352520305542,discovery_2020_23
2021-03-31,10,team_coin,299,-0.05579942088842002,discovery_2020_23
2021-04-30,10,team_coin,299,0.144924244124711,discovery_2020_23
2021-05-31,10,team_coin,274,0.1551609779433575,discovery_2020_23
2021-06-30,10,team_coin,296,0.17398307398307394,discovery_2020_23
2021-07-30,10,team_coin,299,0.01727413526071244,discovery_2020_23
2021-08-31,10,team_coin,300,-0.1638085595655934,discovery_2020_23
2021-09-30,10,team_coin,299,-0.11985680678961343,discovery_2020_23
2021-10-29,10,team_coin,298,-0.013374768891871457,discovery_2020_23
2021-11-30,10,team_coin,270,-0.2141084413760374,discovery_2020_23
2021-12-31,10,team_coin,299,-0.05470766299641996,discovery_2020_23
2022-01-28,10,team_coin,299,-0.0815786493657442,discovery_2020_23
2022-02-28,10,team_coin,299,-0.07104262530582928,discovery_2020_23
2022-03-31,10,team_coin,298,-0.11980596064185746,discovery_2020_23
2022-04-29,10,team_coin,298,0.027231188263045925,discovery_2020_23
2022-05-31,10,team_coin,271,0.0933504108106049,discovery_2020_23
2022-06-30,10,team_coin,299,-0.08787142825076877,discovery_2020_23
2022-07-29,10,team_coin,299,-0.12730269906521857,discovery_2020_23
2022-08-31,10,team_coin,298,-0.05501242589074512,discovery_2020_23
2022-09-30,10,team_coin,300,-0.0695467804694257,discovery_2020_23
2022-10-31,10,team_coin,299,-0.12927072344055127,discovery_2020_23
2022-11-30,10,team_coin,285,-0.15838365553541167,discovery_2020_23
2022-12-30,10,team_coin,299,0.026360581437135953,discovery_2020_23
2023-01-31,10,team_coin,300,-0.2538873851657624,discovery_2020_23
2023-02-28,10,team_coin,300,-0.09775264169601884,discovery_2020_23
2023-03-31,10,team_coin,300,-0.27607284525383613,discovery_2020_23
2023-04-28,10,team_coin,300,-0.025152735098274735,discovery_2020_23
2023-05-31,10,team_coin,291,0.07430423328090228,discovery_2020_23
2023-06-30,10,team_coin,299,-0.2750420865973828,discovery_2020_23
2023-07-31,10,team_coin,300,-0.05001700018889098,discovery_2020_23
2023-08-31,10,team_coin,300,0.06840653785042056,discovery_2020_23
2023-09-28,10,team_coin,300,-0.05846227009444835,discovery_2020_23
2023-10-31,10,team_coin,300,-0.019003277401165693,discovery_2020_23
2023-11-30,10,team_coin,286,-0.08734883015930196,discovery_2020_23
2023-12-29,10,team_coin,300,-0.29308176603780006,discovery_2020_23
2024-01-31,10,team_coin,300,-0.03372215621530885,review_2024_25
2024-02-29,10,team_coin,300,-0.08739098072100641,review_2024_25
2024-03-29,10,team_coin,299,-0.112798391236651,review_2024_25
2024-04-30,10,team_coin,300,-0.07287903198924432,review_2024_25
2024-05-31,10,team_coin,288,-0.1922947084142122,review_2024_25
2024-06-28,10,team_coin,288,-0.003273332288439049,review_2024_25
2024-07-31,10,team_coin,298,-0.2316290139423717,review_2024_25
2024-08-30,10,team_coin,297,-0.046191554580816335,review_2024_25
2024-09-30,10,team_coin,296,0.08382681603020585,review_2024_25
2024-10-31,10,team_coin,300,-0.06869988207645485,review_2024_25
2024-11-29,10,team_coin,283,-0.21005727621877418,review_2024_25
2024-12-31,10,team_coin,299,-0.00724921999506184,review_2024_25
2025-01-27,10,team_coin,297,0.129429671936901,review_2024_25
2025-02-28,10,team_coin,298,-0.12725741480906597,review_2024_25
2025-03-31,10,team_coin,298,-0.07640163453649505,review_2024_25
2025-04-30,10,team_coin,298,0.0038337648368789033,review_2024_25
2025-05-30,10,team_coin,291,-0.0009739517813517281,review_2024_25
2025-06-30,10,team_coin,293,0.19427497472415564,review_2024_25
2025-07-31,10,team_coin,298,0.10224237390855423,review_2024_25
2025-08-29,10,team_coin,296,0.2783339579949749,review_2024_25
2025-09-30,10,team_coin,300,-0.2697955620820774,review_2024_25
2025-10-31,10,team_coin,298,-0.17384071688127714,review_2024_25
2025-11-28,10,team_coin,286,0.0561915691742882,review_2024_25
2025-12-31,10,team_coin,296,0.087313132159101,review_2024_25
2026-01-30,10,team_coin,299,0.03821396132678992,seen_2026
2026-02-27,10,team_coin,298,-0.25108555092411,seen_2026
2026-03-31,10,team_coin,299,0.07414917734730982,seen_2026
2026-04-30,10,team_coin,299,0.0696886714102938,seen_2026
2026-05-29,10,team_coin,281,0.13156226676329652,seen_2026
2026-06-30,10,team_coin,281,-0.48561423054873487,seen_2026
2026-07-31,10,team_coin,300,0.13223081725695002,seen_2026
2020-01-23,10,interday_volflip,300,-0.1332290506815696,discovery_2020_23
2020-02-28,10,interday_volflip,299,-0.035129626719938946,discovery_2020_23
2020-03-31,10,interday_volflip,297,-0.2634376273606409,discovery_2020_23
2020-04-30,10,interday_volflip,297,0.17004489390775746,discovery_2020_23
2020-05-29,10,interday_volflip,278,-0.1325357041771795,discovery_2020_23
2020-06-30,10,interday_volflip,300,0.04004933388148757,discovery_2020_23
2020-07-31,10,interday_volflip,297,-0.16502461813154945,discovery_2020_23
2020-08-31,10,interday_volflip,299,-0.15186125472618608,discovery_2020_23
2020-09-30,10,interday_volflip,296,-0.06037701800413663,discovery_2020_23
2020-10-30,10,interday_volflip,298,0.08491391887948642,discovery_2020_23
2020-11-30,10,interday_volflip,274,-0.009502614174147021,discovery_2020_23
2020-12-31,10,interday_volflip,299,0.09783663666359903,discovery_2020_23
2021-01-29,10,interday_volflip,299,0.07598752844914061,discovery_2020_23
2021-02-26,10,interday_volflip,297,-0.07485246075850104,discovery_2020_23
2021-03-31,10,interday_volflip,299,-0.07840676976947769,discovery_2020_23
2021-04-30,10,interday_volflip,299,0.06557697919238625,discovery_2020_23
2021-05-31,10,interday_volflip,274,0.11545668267027405,discovery_2020_23
2021-06-30,10,interday_volflip,296,0.09272940120397746,discovery_2020_23
2021-07-30,10,interday_volflip,299,0.11303449978676124,discovery_2020_23
2021-08-31,10,interday_volflip,300,-0.1426496483959511,discovery_2020_23
2021-09-30,10,interday_volflip,299,-0.09098405097349735,discovery_2020_23
2021-10-29,10,interday_volflip,298,0.023264479763113043,discovery_2020_23
2021-11-30,10,interday_volflip,270,-0.15950960453803156,discovery_2020_23
2021-12-31,10,interday_volflip,299,0.002892865656378669,discovery_2020_23
2022-01-28,10,interday_volflip,299,-0.2023548520072348,discovery_2020_23
2022-02-28,10,interday_volflip,299,-0.04002873111714664,discovery_2020_23
2022-03-31,10,interday_volflip,298,-0.06540320325238502,discovery_2020_23
2022-04-29,10,interday_volflip,298,-0.10754101943823771,discovery_2020_23
2022-05-31,10,interday_volflip,271,0.08691726462708788,discovery_2020_23
2022-06-30,10,interday_volflip,299,0.011074947812619246,discovery_2020_23
2022-07-29,10,interday_volflip,299,-0.05107676643701731,discovery_2020_23
2022-08-31,10,interday_volflip,299,0.04745033781508833,discovery_2020_23
2022-09-30,10,interday_volflip,300,0.023522263972073607,discovery_2020_23
2022-10-31,10,interday_volflip,299,0.0964557473457386,discovery_2020_23
2022-11-30,10,interday_volflip,285,-0.040793771503253945,discovery_2020_23
2022-12-30,10,interday_volflip,299,0.008055937701945771,discovery_2020_23
2023-01-31,10,interday_volflip,300,-0.24943532580495995,discovery_2020_23
2023-02-28,10,interday_volflip,300,-0.06746919410215668,discovery_2020_23
2023-03-31,10,interday_volflip,300,-0.17228235869287437,discovery_2020_23
2023-04-28,10,interday_volflip,300,-0.10526566084764687,discovery_2020_23
2023-05-31,10,interday_volflip,291,0.057424677013279836,discovery_2020_23
2023-06-30,10,interday_volflip,299,-0.03448856366860452,discovery_2020_23
2023-07-31,10,interday_volflip,300,0.023723819153546148,discovery_2020_23
2023-08-31,10,interday_volflip,300,0.1382624251380571,discovery_2020_23
2023-09-28,10,interday_volflip,300,-0.1384950260504039,discovery_2020_23
2023-10-31,10,interday_volflip,300,0.02321825246306166,discovery_2020_23
2023-11-30,10,interday_volflip,286,0.030246600021218283,discovery_2020_23
2023-12-29,10,interday_volflip,300,-0.25878471067117176,discovery_2020_23
2024-01-31,10,interday_volflip,300,-0.13837710845421794,review_2024_25
2024-02-29,10,interday_volflip,300,-0.08995967621414473,review_2024_25
2024-03-29,10,interday_volflip,299,0.04412225182874835,review_2024_25
2024-04-30,10,interday_volflip,300,-0.02042289358770653,review_2024_25
2024-05-31,10,interday_volflip,288,-0.1595955455352873,review_2024_25
2024-06-28,10,interday_volflip,299,0.00471459675428161,review_2024_25
2024-07-31,10,interday_volflip,298,-0.048400329346792434,review_2024_25
2024-08-30,10,interday_volflip,297,-0.1645357987639867,review_2024_25
2024-09-30,10,interday_volflip,296,-0.03707991504601674,review_2024_25
2024-10-31,10,interday_volflip,300,0.0009831221439262879,review_2024_25
2024-11-29,10,interday_volflip,283,-0.12836692359252877,review_2024_25
2024-12-31,10,interday_volflip,299,-0.06076765953626181,review_2024_25
2025-01-27,10,interday_volflip,297,0.11004297924052993,review_2024_25
2025-02-28,10,interday_volflip,298,0.14690327064763128,review_2024_25
2025-03-31,10,interday_volflip,298,0.08301215246091644,review_2024_25
2025-04-30,10,interday_volflip,298,-0.032219813098015866,review_2024_25
2025-05-30,10,interday_volflip,291,-0.1280133002855271,review_2024_25
2025-06-30,10,interday_volflip,300,0.10378294245302151,review_2024_25
2025-07-31,10,interday_volflip,298,-0.05137659733516167,review_2024_25
2025-08-29,10,interday_volflip,296,0.07259262344008106,review_2024_25
2025-09-30,10,interday_volflip,300,-0.17686115484002898,review_2024_25
2025-10-31,10,interday_volflip,298,-0.08361748163323884,review_2024_25
2025-11-28,10,interday_volflip,286,-0.07102192685644668,review_2024_25
2025-12-31,10,interday_volflip,296,-0.03913019789398799,review_2024_25
2026-01-30,10,interday_volflip,299,0.0029606521694970187,seen_2026
2026-02-27,10,interday_volflip,298,-0.14391112579308538,seen_2026
2026-03-31,10,interday_volflip,299,-0.118598011267985,seen_2026
2026-04-30,10,interday_volflip,299,0.06558505981908375,seen_2026
2026-05-29,10,interday_volflip,281,0.15993520751982168,seen_2026
2026-06-30,10,interday_volflip,299,-0.03825907387039572,seen_2026
2026-07-31,10,interday_volflip,300,-0.05898088411881103,seen_2026
2020-01-23,10,interday_turn,300,0.12020112670153373,discovery_2020_23
2020-02-28,10,interday_turn,299,-0.052681645754304056,discovery_2020_23
2020-03-31,10,interday_turn,297,0.011720238229520851,discovery_2020_23
2020-04-30,10,interday_turn,297,-0.023598502528691563,discovery_2020_23
2020-05-29,10,interday_turn,278,0.007283332381491973,discovery_2020_23
2020-06-30,10,interday_turn,279,0.04032976383869862,discovery_2020_23
2020-07-31,10,interday_turn,297,-0.09117022353511738,discovery_2020_23
2020-08-31,10,interday_turn,299,-0.07759265533800136,discovery_2020_23
2020-09-30,10,interday_turn,296,-0.08608531489887422,discovery_2020_23
2020-10-30,10,interday_turn,298,0.06373378914960473,discovery_2020_23
2020-11-30,10,interday_turn,274,-0.1776107104574258,discovery_2020_23
2020-12-31,10,interday_turn,299,0.017746851922515766,discovery_2020_23
2021-01-29,10,interday_turn,299,0.06994501469608073,discovery_2020_23
2021-02-26,10,interday_turn,297,-0.00933651772577947,discovery_2020_23
2021-03-31,10,interday_turn,299,-0.03586316805458912,discovery_2020_23
2021-04-30,10,interday_turn,299,0.11715921079212588,discovery_2020_23
2021-05-31,10,interday_turn,274,0.19123269611094829,discovery_2020_23
2021-06-30,10,interday_turn,296,0.19391116848743964,discovery_2020_23
2021-07-30,10,interday_turn,299,0.01399923682970079,discovery_2020_23
2021-08-31,10,interday_turn,300,-0.07845023986944624,discovery_2020_23
2021-09-30,10,interday_turn,299,-0.12006218940789164,discovery_2020_23
2021-10-29,10,interday_turn,298,-0.18488333694036438,discovery_2020_23
2021-11-30,10,interday_turn,270,-0.08565550901559624,discovery_2020_23
2021-12-31,10,interday_turn,299,0.06551460820840067,discovery_2020_23
2022-01-28,10,interday_turn,299,-0.022841689618829084,discovery_2020_23
2022-02-28,10,interday_turn,299,-0.1631635653520684,discovery_2020_23
2022-03-31,10,interday_turn,298,-0.022057347289118488,discovery_2020_23
2022-04-29,10,interday_turn,298,-0.012833148661798627,discovery_2020_23
2022-05-31,10,interday_turn,271,-0.0648593421935441,discovery_2020_23
2022-06-30,10,interday_turn,299,-0.17124913021032076,discovery_2020_23
2022-07-29,10,interday_turn,299,-0.0744742315432867,discovery_2020_23
2022-08-31,10,interday_turn,299,0.055071266638234834,discovery_2020_23
2022-09-30,10,interday_turn,300,-0.16767277054998164,discovery_2020_23
2022-10-31,10,interday_turn,299,-0.27191623083656935,discovery_2020_23
2022-11-30,10,interday_turn,285,-0.2050491713878836,discovery_2020_23
2022-12-30,10,interday_turn,299,-0.07946983894185267,discovery_2020_23
2023-01-31,10,interday_turn,300,-0.07861749267787427,discovery_2020_23
2023-02-28,10,interday_turn,300,-0.03145279391993244,discovery_2020_23
2023-03-31,10,interday_turn,300,-0.2758012866809631,discovery_2020_23
2023-04-28,10,interday_turn,300,0.03655820022809514,discovery_2020_23
2023-05-31,10,interday_turn,291,-0.019866179041534173,discovery_2020_23
2023-06-30,10,interday_turn,299,-0.3461354402819241,discovery_2020_23
2023-07-31,10,interday_turn,300,-0.004488938765986288,discovery_2020_23
2023-08-31,10,interday_turn,300,-0.07251680574228603,discovery_2020_23
2023-09-28,10,interday_turn,300,0.10847177021059176,discovery_2020_23
2023-10-31,10,interday_turn,300,0.013703169043163965,discovery_2020_23
2023-11-30,10,interday_turn,286,-0.172013559263536,discovery_2020_23
2023-12-29,10,interday_turn,300,-0.14545675962105706,discovery_2020_23
2024-01-31,10,interday_turn,300,-0.14117758432622496,review_2024_25
2024-02-29,10,interday_turn,300,0.06753386899119687,review_2024_25
2024-03-29,10,interday_turn,299,-0.09703914548251585,review_2024_25
2024-04-30,10,interday_turn,300,-0.08515561284014267,review_2024_25
2024-05-31,10,interday_turn,288,-0.06087312973970077,review_2024_25
2024-06-28,10,interday_turn,288,0.011325046517889797,review_2024_25
2024-07-31,10,interday_turn,298,-0.15689454497552954,review_2024_25
2024-08-30,10,interday_turn,297,-0.05910547521285777,review_2024_25
2024-09-30,10,interday_turn,296,0.20061587010739548,review_2024_25
2024-10-31,10,interday_turn,300,0.03448994260935616,review_2024_25
2024-11-29,10,interday_turn,283,-0.1484522502279295,review_2024_25
2024-12-31,10,interday_turn,299,0.032979731094700454,review_2024_25
2025-01-27,10,interday_turn,297,0.1426330888391999,review_2024_25
2025-02-28,10,interday_turn,298,-0.24225286265415896,review_2024_25
2025-03-31,10,interday_turn,298,-0.058949830939343056,review_2024_25
2025-04-30,10,interday_turn,298,0.035493783424145824,review_2024_25
2025-05-30,10,interday_turn,291,-0.04171995501803729,review_2024_25
2025-06-30,10,interday_turn,300,0.19029546887137405,review_2024_25
2025-07-31,10,interday_turn,298,0.07135687643420355,review_2024_25
2025-08-29,10,interday_turn,296,0.29609609609609605,review_2024_25
2025-09-30,10,interday_turn,300,-0.22386969804986626,review_2024_25
2025-10-31,10,interday_turn,298,-0.06220200705172983,review_2024_25
2025-11-28,10,interday_turn,286,0.03809849176478133,review_2024_25
2025-12-31,10,interday_turn,296,0.06968726079938932,review_2024_25
2026-01-30,10,interday_turn,299,0.08007587709320572,seen_2026
2026-02-27,10,interday_turn,298,-0.21185573631034915,seen_2026
2026-03-31,10,interday_turn,299,0.11729074543781284,seen_2026
2026-04-30,10,interday_turn,299,0.003759736032861215,seen_2026
2026-05-29,10,interday_turn,281,0.00945710608010903,seen_2026
2026-06-30,10,interday_turn,299,-0.46082736638908217,seen_2026
2026-07-31,10,interday_turn,300,0.09756376154888022,seen_2026
2020-01-23,10,interday_revised,300,-0.04497383803973828,discovery_2020_23
2020-02-28,10,interday_revised,299,-0.07887275257569976,discovery_2020_23
2020-03-31,10,interday_revised,297,-0.163062560957049,discovery_2020_23
2020-04-30,10,interday_revised,297,0.0488899739687759,discovery_2020_23
2020-05-29,10,interday_revised,278,-0.06860240028809445,discovery_2020_23
2020-06-30,10,interday_revised,279,0.006146603454563538,discovery_2020_23
2020-07-31,10,interday_revised,297,-0.17446282820169232,discovery_2020_23
2020-08-31,10,interday_revised,299,-0.1510347860917594,discovery_2020_23
2020-09-30,10,interday_revised,296,-0.1000097169588695,discovery_2020_23
2020-10-30,10,interday_revised,298,0.10467381725041486,discovery_2020_23
2020-11-30,10,interday_revised,274,-0.08096691629538345,discovery_2020_23
2020-12-31,10,interday_revised,299,0.06383021705461157,discovery_2020_23
2021-01-29,10,interday_revised,299,0.1134807426859946,discovery_2020_23
2021-02-26,10,interday_revised,297,-0.04758861973627075,discovery_2020_23
2021-03-31,10,interday_revised,299,-0.07881843280734438,discovery_2020_23
2021-04-30,10,interday_revised,299,0.13912594554555455,discovery_2020_23
2021-05-31,10,interday_revised,274,0.17357004101032922,discovery_2020_23
2021-06-30,10,interday_revised,296,0.17517640907471416,discovery_2020_23
2021-07-30,10,interday_revised,299,0.0896051716010864,discovery_2020_23
2021-08-31,10,interday_revised,300,-0.11558844679984112,discovery_2020_23
2021-09-30,10,interday_revised,299,-0.10800185270834085,discovery_2020_23
2021-10-29,10,interday_revised,298,-0.08168063641142642,discovery_2020_23
2021-11-30,10,interday_revised,270,-0.14776580501269126,discovery_2020_23
2021-12-31,10,interday_revised,299,0.030625140008146565,discovery_2020_23
2022-01-28,10,interday_revised,299,-0.1452483833413831,discovery_2020_23
2022-02-28,10,interday_revised,299,-0.09517721263271307,discovery_2020_23
2022-03-31,10,interday_revised,298,-0.1037546690621366,discovery_2020_23
2022-04-29,10,interday_revised,298,-0.07970174112888619,discovery_2020_23
2022-05-31,10,interday_revised,271,0.03260859570710606,discovery_2020_23
2022-06-30,10,interday_revised,299,-0.06909294965320645,discovery_2020_23
2022-07-29,10,interday_revised,299,-0.05404729592929814,discovery_2020_23
2022-08-31,10,interday_revised,299,0.01060941393010258,discovery_2020_23
2022-09-30,10,interday_revised,300,-0.10863788582516382,discovery_2020_23
2022-10-31,10,interday_revised,299,-0.09961796592669077,discovery_2020_23
2022-11-30,10,interday_revised,285,-0.16387801576825012,discovery_2020_23
2022-12-30,10,interday_revised,299,-0.06425805576935714,discovery_2020_23
2023-01-31,10,interday_revised,300,-0.2150664231083947,discovery_2020_23
2023-02-28,10,interday_revised,300,-0.09066278514205713,discovery_2020_23
2023-03-31,10,interday_revised,300,-0.2882454249491661,discovery_2020_23
2023-04-28,10,interday_revised,300,-0.042865384222221914,discovery_2020_23
2023-05-31,10,interday_revised,291,0.06088561424696492,discovery_2020_23
2023-06-30,10,interday_revised,299,-0.16693138201162713,discovery_2020_23
2023-07-31,10,interday_revised,300,0.013221480238669318,discovery_2020_23
2023-08-31,10,interday_revised,300,0.02656029511439016,discovery_2020_23
2023-09-28,10,interday_revised,300,-0.04281652331308915,discovery_2020_23
2023-10-31,10,interday_revised,300,0.010837332674828944,discovery_2020_23
2023-11-30,10,interday_revised,286,-0.07895950752096308,discovery_2020_23
2023-12-29,10,interday_revised,300,-0.2181562502152856,discovery_2020_23
2024-01-31,10,interday_revised,300,-0.08336560221398091,review_2024_25
2024-02-29,10,interday_revised,300,-0.01020055891738347,review_2024_25
2024-03-29,10,interday_revised,299,-0.07620391825187466,review_2024_25
2024-04-30,10,interday_revised,300,-0.032388359870665226,review_2024_25
2024-05-31,10,interday_revised,288,-0.16645919486876531,review_2024_25
2024-06-28,10,interday_revised,288,0.0002968906357377959,review_2024_25
2024-07-31,10,interday_revised,298,-0.1455614874204431,review_2024_25
2024-08-30,10,interday_revised,297,-0.14815486627567168,review_2024_25
2024-09-30,10,interday_revised,296,0.10063808029909724,review_2024_25
2024-10-31,10,interday_revised,300,-0.019299327692455334,review_2024_25
2024-11-29,10,interday_revised,283,-0.20529855321690307,review_2024_25
2024-12-31,10,interday_revised,299,-0.05409036834190029,review_2024_25
2025-01-27,10,interday_revised,297,0.15090692472840103,review_2024_25
2025-02-28,10,interday_revised,298,-0.04904333327249466,review_2024_25
2025-03-31,10,interday_revised,298,-0.028410308290561886,review_2024_25
2025-04-30,10,interday_revised,298,0.02400767977305556,review_2024_25
2025-05-30,10,interday_revised,291,-0.12621684622482382,review_2024_25
2025-06-30,10,interday_revised,300,0.16037557754814902,review_2024_25
2025-07-31,10,interday_revised,298,0.03700378342922842,review_2024_25
2025-08-29,10,interday_revised,296,0.2277830989695396,review_2024_25
2025-09-30,10,interday_revised,300,-0.17432868113144365,review_2024_25
2025-10-31,10,interday_revised,298,-0.11525345257472482,review_2024_25
2025-11-28,10,interday_revised,286,-0.0015304338191248952,review_2024_25
2025-12-31,10,interday_revised,296,0.012542281789757689,review_2024_25
2026-01-30,10,interday_revised,299,-0.0172514665497371,seen_2026
2026-02-27,10,interday_revised,298,-0.21872358959435684,seen_2026
2026-03-31,10,interday_revised,299,-0.016326008394873293,seen_2026
2026-04-30,10,interday_revised,299,0.004675091468204978,seen_2026
2026-05-29,10,interday_revised,281,0.09556241819814167,seen_2026
2026-06-30,10,interday_revised,299,-0.3572929900563399,seen_2026
2026-07-31,10,interday_revised,300,0.08602229869468588,seen_2026
2020-01-23,10,intraday_volflip,300,-0.02451449732935907,discovery_2020_23
2020-02-28,10,intraday_volflip,299,-0.20574038742115777,discovery_2020_23
2020-03-31,10,intraday_volflip,297,-0.2022882795213251,discovery_2020_23
2020-04-30,10,intraday_volflip,297,0.14764237131078842,discovery_2020_23
2020-05-29,10,intraday_volflip,278,-0.11821982286812883,discovery_2020_23
2020-06-30,10,intraday_volflip,300,0.025032722585806508,discovery_2020_23
2020-07-31,10,intraday_volflip,297,-0.16640885840487982,discovery_2020_23
2020-08-31,10,intraday_volflip,299,-0.12758076447001993,discovery_2020_23
2020-09-30,10,intraday_volflip,296,-0.11994660299745044,discovery_2020_23
2020-10-30,10,intraday_volflip,298,0.06663184107012528,discovery_2020_23
2020-11-30,10,intraday_volflip,274,-0.057366575030808616,discovery_2020_23
2020-12-31,10,intraday_volflip,299,0.08701981998159412,discovery_2020_23
2021-01-29,10,intraday_volflip,299,0.008073893748052143,discovery_2020_23
2021-02-26,10,intraday_volflip,297,-0.011767869150419486,discovery_2020_23
2021-03-31,10,intraday_volflip,299,-0.030489551300756434,discovery_2020_23
2021-04-30,10,intraday_volflip,299,0.037011065969338515,discovery_2020_23
2021-05-31,10,intraday_volflip,274,0.11064659522474009,discovery_2020_23
2021-06-30,10,intraday_volflip,296,0.04557346252261506,discovery_2020_23
2021-07-30,10,intraday_volflip,299,0.16297995555655315,discovery_2020_23
2021-08-31,10,intraday_volflip,300,-0.06155271127578082,discovery_2020_23
2021-09-30,10,intraday_volflip,299,-0.07882203304325801,discovery_2020_23
2021-10-29,10,intraday_volflip,298,0.04668948396045977,discovery_2020_23
2021-11-30,10,intraday_volflip,270,-0.20436405991913859,discovery_2020_23
2021-12-31,10,intraday_volflip,299,0.045790238508787134,discovery_2020_23
2022-01-28,10,intraday_volflip,299,-0.22965682360180878,discovery_2020_23
2022-02-28,10,intraday_volflip,299,-0.05974456241161814,discovery_2020_23
2022-03-31,10,intraday_volflip,298,0.02920022305615749,discovery_2020_23
2022-04-29,10,intraday_volflip,298,0.026878396274958107,discovery_2020_23
2022-05-31,10,intraday_volflip,271,0.0926663671023524,discovery_2020_23
2022-06-30,10,intraday_volflip,299,0.014058494758815739,discovery_2020_23
2022-07-29,10,intraday_volflip,299,0.05492898248254577,discovery_2020_23
2022-08-31,10,intraday_volflip,299,0.009920316042288612,discovery_2020_23
2022-09-30,10,intraday_volflip,300,0.06256003539595316,discovery_2020_23
2022-10-31,10,intraday_volflip,299,0.09817916545083163,discovery_2020_23
2022-11-30,10,intraday_volflip,285,-0.05934728099410409,discovery_2020_23
2022-12-30,10,intraday_volflip,299,-0.011081684155616124,discovery_2020_23
2023-01-31,10,intraday_volflip,300,-0.19729151944296863,discovery_2020_23
2023-02-28,10,intraday_volflip,300,-0.0745390504338937,discovery_2020_23
2023-03-31,10,intraday_volflip,300,-0.103301147790531,discovery_2020_23
2023-04-28,10,intraday_volflip,300,-0.0898592605959091,discovery_2020_23
2023-05-31,10,intraday_volflip,291,0.02729304744605526,discovery_2020_23
2023-06-30,10,intraday_volflip,299,-0.11072433839868916,discovery_2020_23
2023-07-31,10,intraday_volflip,300,-0.06339670440782674,discovery_2020_23
2023-08-31,10,intraday_volflip,300,0.25808686763186256,discovery_2020_23
2023-09-28,10,intraday_volflip,300,-0.10128234900655039,discovery_2020_23
2023-10-31,10,intraday_volflip,300,-0.10693063058643838,discovery_2020_23
2023-11-30,10,intraday_volflip,286,0.0039044501061919644,discovery_2020_23
2023-12-29,10,intraday_volflip,300,-0.3472450465549806,discovery_2020_23
2024-01-31,10,intraday_volflip,300,-0.014337272007163726,review_2024_25
2024-02-29,10,intraday_volflip,300,-0.15478062587146907,review_2024_25
2024-03-29,10,intraday_volflip,299,0.051861249323529236,review_2024_25
2024-04-30,10,intraday_volflip,300,-0.029965666285180947,review_2024_25
2024-05-31,10,intraday_volflip,288,-0.145623600946835,review_2024_25
2024-06-28,10,intraday_volflip,299,0.013292630917375592,review_2024_25
2024-07-31,10,intraday_volflip,298,-0.13951008587707492,review_2024_25
2024-08-30,10,intraday_volflip,297,-0.07851322951994094,review_2024_25
2024-09-30,10,intraday_volflip,296,-0.038034027864536336,review_2024_25
2024-10-31,10,intraday_volflip,300,-0.06982011687020086,review_2024_25
2024-11-29,10,intraday_volflip,283,-0.19108221239322254,review_2024_25
2024-12-31,10,intraday_volflip,299,-0.021949226728917418,review_2024_25
2025-01-27,10,intraday_volflip,297,0.11257510373787279,review_2024_25
2025-02-28,10,intraday_volflip,298,0.1523411430573781,review_2024_25
2025-03-31,10,intraday_volflip,298,0.09510770432784031,review_2024_25
2025-04-30,10,intraday_volflip,298,-0.011540291941114156,review_2024_25
2025-05-30,10,intraday_volflip,291,-0.04605257951738046,review_2024_25
2025-06-30,10,intraday_volflip,300,0.04014711720653779,review_2024_25
2025-07-31,10,intraday_volflip,298,-0.04853114657608384,review_2024_25
2025-08-29,10,intraday_volflip,296,0.09746803814600424,review_2024_25
2025-09-30,10,intraday_volflip,300,-0.16739571212824558,review_2024_25
2025-10-31,10,intraday_volflip,298,-0.01793676932282126,review_2024_25
2025-11-28,10,intraday_volflip,286,0.02375365632488921,review_2024_25
2025-12-31,10,intraday_volflip,296,-0.02408001500113554,review_2024_25
2026-01-30,10,intraday_volflip,299,0.0774916474929465,seen_2026
2026-02-27,10,intraday_volflip,298,-0.108922280301419,seen_2026
2026-03-31,10,intraday_volflip,299,-0.048252115552961765,seen_2026
2026-04-30,10,intraday_volflip,299,0.08789791474938834,seen_2026
2026-05-29,10,intraday_volflip,281,0.15173771484818654,seen_2026
2026-06-30,10,intraday_volflip,299,-0.1692155058247851,seen_2026
2026-07-31,10,intraday_volflip,300,-0.1934875046931094,seen_2026
2020-01-23,10,intraday_turn,300,0.16946990182889932,discovery_2020_23
2020-02-28,10,intraday_turn,299,-0.13992637651231174,discovery_2020_23
2020-03-31,10,intraday_turn,297,-0.012129051791870767,discovery_2020_23
2020-04-30,10,intraday_turn,297,-0.0020131489084337707,discovery_2020_23
2020-05-29,10,intraday_turn,278,0.057037317443679354,discovery_2020_23
2020-06-30,10,intraday_turn,279,0.04547956105161954,discovery_2020_23
2020-07-31,10,intraday_turn,297,-0.1398297961612443,discovery_2020_23
2020-08-31,10,intraday_turn,299,-0.06954345239651817,discovery_2020_23
2020-09-30,10,intraday_turn,296,-0.08911515521685012,discovery_2020_23
2020-10-30,10,intraday_turn,298,0.09141605727540947,discovery_2020_23
2020-11-30,10,intraday_turn,274,-0.1202916791237959,discovery_2020_23
2020-12-31,10,intraday_turn,299,0.042161118717873904,discovery_2020_23
2021-01-29,10,intraday_turn,299,0.0719703342203697,discovery_2020_23
2021-02-26,10,intraday_turn,297,-0.003750547374708449,discovery_2020_23
2021-03-31,10,intraday_turn,299,-0.04011178200264865,discovery_2020_23
2021-04-30,10,intraday_turn,299,0.140557563242127,discovery_2020_23
2021-05-31,10,intraday_turn,274,0.20498276173886149,discovery_2020_23
2021-06-30,10,intraday_turn,296,0.18252798252798252,discovery_2020_23
2021-07-30,10,intraday_turn,299,-0.012555947116787503,discovery_2020_23
2021-08-31,10,intraday_turn,300,-0.030836800780812072,discovery_2020_23
2021-09-30,10,intraday_turn,299,-0.0781598705034539,discovery_2020_23
2021-10-29,10,intraday_turn,298,-0.12406339490822967,discovery_2020_23
2021-11-30,10,intraday_turn,270,-0.05356026123819185,discovery_2020_23
2021-12-31,10,intraday_turn,299,0.057544413164430014,discovery_2020_23
2022-01-28,10,intraday_turn,299,-0.05065610768064807,discovery_2020_23
2022-02-28,10,intraday_turn,299,-0.1666157886467195,discovery_2020_23
2022-03-31,10,intraday_turn,298,0.008949680521595048,discovery_2020_23
2022-04-29,10,intraday_turn,298,0.053813928527421444,discovery_2020_23
2022-05-31,10,intraday_turn,271,-0.07667258710666632,discovery_2020_23
2022-06-30,10,intraday_turn,299,-0.17666225225023008,discovery_2020_23
2022-07-29,10,intraday_turn,299,-0.06160223635934106,discovery_2020_23
2022-08-31,10,intraday_turn,299,0.07208996431056541,discovery_2020_23
2022-09-30,10,intraday_turn,300,-0.15620241960493209,discovery_2020_23
2022-10-31,10,intraday_turn,299,-0.276863818993962,discovery_2020_23
2022-11-30,10,intraday_turn,285,-0.15452687280757715,discovery_2020_23
2022-12-30,10,intraday_turn,299,-0.10610336605314762,discovery_2020_23
2023-01-31,10,intraday_turn,300,0.0433143553026221,discovery_2020_23
2023-02-28,10,intraday_turn,300,-0.013308147868309646,discovery_2020_23
2023-03-31,10,intraday_turn,300,-0.28329514772386355,discovery_2020_23
2023-04-28,10,intraday_turn,300,0.038115107107908115,discovery_2020_23
2023-05-31,10,intraday_turn,291,-0.059407155622866435,discovery_2020_23
2023-06-30,10,intraday_turn,299,-0.3475149828286683,discovery_2020_23
2023-07-31,10,intraday_turn,300,0.010519227991422126,discovery_2020_23
2023-08-31,10,intraday_turn,300,0.03941510461227347,discovery_2020_23
2023-09-28,10,intraday_turn,300,0.10457527814235296,discovery_2020_23
2023-10-31,10,intraday_turn,300,0.04972434992220867,discovery_2020_23
2023-11-30,10,intraday_turn,286,-0.13444409548472153,discovery_2020_23
2023-12-29,10,intraday_turn,300,-0.14669277362921584,discovery_2020_23
2024-01-31,10,intraday_turn,300,-0.13319349472699718,review_2024_25
2024-02-29,10,intraday_turn,300,0.0806495717340833,review_2024_25
2024-03-29,10,intraday_turn,299,-0.07217684724851413,review_2024_25
2024-04-30,10,intraday_turn,300,-0.04160135112612362,review_2024_25
2024-05-31,10,intraday_turn,288,-0.0034677429077800423,review_2024_25
2024-06-28,10,intraday_turn,288,-0.03984513461051566,review_2024_25
2024-07-31,10,intraday_turn,298,-0.14273780233909772,review_2024_25
2024-08-30,10,intraday_turn,297,-0.049599477451826454,review_2024_25
2024-09-30,10,intraday_turn,296,0.13964611761221932,review_2024_25
2024-10-31,10,intraday_turn,300,0.06294426193005093,review_2024_25
2024-11-29,10,intraday_turn,283,-0.11944670050223904,review_2024_25
2024-12-31,10,intraday_turn,299,0.09150501672240803,review_2024_25
2025-01-27,10,intraday_turn,297,0.15425667625681427,review_2024_25
2025-02-28,10,intraday_turn,298,-0.21442888565900725,review_2024_25
2025-03-31,10,intraday_turn,298,-0.048317589632311336,review_2024_25
2025-04-30,10,intraday_turn,298,0.08520553119602593,review_2024_25
2025-05-30,10,intraday_turn,291,-0.07431836462782497,review_2024_25
2025-06-30,10,intraday_turn,300,0.22277516669909433,review_2024_25
2025-07-31,10,intraday_turn,298,0.06253892655993618,review_2024_25
2025-08-29,10,intraday_turn,296,0.2486070045392079,review_2024_25
2025-09-30,10,intraday_turn,300,-0.21333979859324925,review_2024_25
2025-10-31,10,intraday_turn,298,-0.011236016196623141,review_2024_25
2025-11-28,10,intraday_turn,286,0.06312404708565518,review_2024_25
2025-12-31,10,intraday_turn,296,0.05316449575513481,review_2024_25
2026-01-30,10,intraday_turn,299,0.08258693212126965,seen_2026
2026-02-27,10,intraday_turn,298,-0.17948243852210333,seen_2026
2026-03-31,10,intraday_turn,299,0.07271935534555903,seen_2026
2026-04-30,10,intraday_turn,299,-0.011102332158649638,seen_2026
2026-05-29,10,intraday_turn,281,0.00510443595928566,seen_2026
2026-06-30,10,intraday_turn,299,-0.369516284707414,seen_2026
2026-07-31,10,intraday_turn,300,0.06734964470156873,seen_2026
2020-01-23,10,intraday_revised,300,0.05912755243142209,discovery_2020_23
2020-02-28,10,intraday_revised,299,-0.175070368790824,discovery_2020_23
2020-03-31,10,intraday_revised,297,-0.1293018895775313,discovery_2020_23
2020-04-30,10,intraday_revised,297,0.05711708831334449,discovery_2020_23
2020-05-29,10,intraday_revised,278,-0.08356367197803576,discovery_2020_23
2020-06-30,10,intraday_revised,279,0.006178651548807037,discovery_2020_23
2020-07-31,10,intraday_revised,297,-0.2013909278669948,discovery_2020_23
2020-08-31,10,intraday_revised,299,-0.12957780179769354,discovery_2020_23
2020-09-30,10,intraday_revised,296,-0.16013779573101605,discovery_2020_23
2020-10-30,10,intraday_revised,298,0.08504768907453471,discovery_2020_23
2020-11-30,10,intraday_revised,274,-0.08738852388487425,discovery_2020_23
2020-12-31,10,intraday_revised,299,0.07853336625440507,discovery_2020_23
2021-01-29,10,intraday_revised,299,0.0556259181192253,discovery_2020_23
2021-02-26,10,intraday_revised,297,0.0011524642397125618,discovery_2020_23
2021-03-31,10,intraday_revised,299,-0.07347264932324751,discovery_2020_23
2021-04-30,10,intraday_revised,299,0.11835065430630065,discovery_2020_23
2021-05-31,10,intraday_revised,274,0.18228046738750345,discovery_2020_23
2021-06-30,10,intraday_revised,296,0.11824567248296061,discovery_2020_23
2021-07-30,10,intraday_revised,299,0.09491100087540123,discovery_2020_23
2021-08-31,10,intraday_revised,300,-0.03252526473639572,discovery_2020_23
2021-09-30,10,intraday_revised,299,-0.08711634835540766,discovery_2020_23
2021-10-29,10,intraday_revised,298,-0.04592404541530029,discovery_2020_23
2021-11-30,10,intraday_revised,270,-0.1725995589940377,discovery_2020_23
2021-12-31,10,intraday_revised,299,0.045751182128882587,discovery_2020_23
2022-01-28,10,intraday_revised,299,-0.15957713177898822,discovery_2020_23
2022-02-28,10,intraday_revised,299,-0.13838342573679605,discovery_2020_23
2022-03-31,10,intraday_revised,298,-0.02775890572340397,discovery_2020_23
2022-04-29,10,intraday_revised,298,0.042971469875527094,discovery_2020_23
2022-05-31,10,intraday_revised,271,0.03850270700725796,discovery_2020_23
2022-06-30,10,intraday_revised,299,-0.08714911000875401,discovery_2020_23
2022-07-29,10,intraday_revised,299,0.012973003063009124,discovery_2020_23
2022-08-31,10,intraday_revised,299,0.025324684069942312,discovery_2020_23
2022-09-30,10,intraday_revised,300,-0.08124002280470086,discovery_2020_23
2022-10-31,10,intraday_revised,299,-0.09438620906376963,discovery_2020_23
2022-11-30,10,intraday_revised,285,-0.1417440226347719,discovery_2020_23
2022-12-30,10,intraday_revised,299,-0.09041033656042438,discovery_2020_23
2023-01-31,10,intraday_revised,300,-0.11612999284463578,discovery_2020_23
2023-02-28,10,intraday_revised,300,-0.09589662107356747,discovery_2020_23
2023-03-31,10,intraday_revised,300,-0.2134183713152368,discovery_2020_23
2023-04-28,10,intraday_revised,300,-0.024950510539235363,discovery_2020_23
2023-05-31,10,intraday_revised,291,0.012743670531631517,discovery_2020_23
2023-06-30,10,intraday_revised,299,-0.24499113375681805,discovery_2020_23
2023-07-31,10,intraday_revised,300,-0.028496316625740287,discovery_2020_23
2023-08-31,10,intraday_revised,300,0.18846653851709463,discovery_2020_23
2023-09-28,10,intraday_revised,300,-0.003205150285172131,discovery_2020_23
2023-10-31,10,intraday_revised,300,-0.026207646913033955,discovery_2020_23
2023-11-30,10,intraday_revised,286,-0.06823490154708732,discovery_2020_23
2023-12-29,10,intraday_revised,300,-0.24667524009717162,discovery_2020_23
2024-01-31,10,intraday_revised,300,-0.002492694640239867,review_2024_25
2024-02-29,10,intraday_revised,300,-0.05090657128485584,review_2024_25
2024-03-29,10,intraday_revised,299,-0.05914930285499977,review_2024_25
2024-04-30,10,intraday_revised,300,-0.03905465616284625,review_2024_25
2024-05-31,10,intraday_revised,288,-0.1617139682271761,review_2024_25
2024-06-28,10,intraday_revised,288,-0.04538508373220164,review_2024_25
2024-07-31,10,intraday_revised,298,-0.16485931398328454,review_2024_25
2024-08-30,10,intraday_revised,297,-0.08377443947913747,review_2024_25
2024-09-30,10,intraday_revised,296,0.06471679692018674,review_2024_25
2024-10-31,10,intraday_revised,300,-0.03640063071818939,review_2024_25
2024-11-29,10,intraday_revised,283,-0.21636676687445927,review_2024_25
2024-12-31,10,intraday_revised,299,0.01773158851653162,review_2024_25
2025-01-27,10,intraday_revised,297,0.16978929957535563,review_2024_25
2025-02-28,10,intraday_revised,298,-0.02732675992566475,review_2024_25
2025-03-31,10,intraday_revised,298,0.008875769830817814,review_2024_25
2025-04-30,10,intraday_revised,298,0.049868871140024716,review_2024_25
2025-05-30,10,intraday_revised,291,-0.05339398455726445,review_2024_25
2025-06-30,10,intraday_revised,300,0.12739009626663667,review_2024_25
2025-07-31,10,intraday_revised,298,0.02152045017525029,review_2024_25
2025-08-29,10,intraday_revised,296,0.22358120832697098,review_2024_25
2025-09-30,10,intraday_revised,300,-0.18144165221466574,review_2024_25
2025-10-31,10,intraday_revised,298,-0.06187642400073097,review_2024_25
2025-11-28,10,intraday_revised,286,0.09252725355866977,review_2024_25
2025-12-31,10,intraday_revised,296,0.013876975651727587,review_2024_25
2026-01-30,10,intraday_revised,299,0.031967411726719214,seen_2026
2026-02-27,10,intraday_revised,298,-0.13859069909332228,seen_2026
2026-03-31,10,intraday_revised,299,0.017908464456465625,seen_2026
2026-04-30,10,intraday_revised,299,0.026980763619222917,seen_2026
2026-05-29,10,intraday_revised,281,0.0764302480286428,seen_2026
2026-06-30,10,intraday_revised,299,-0.36406859554218757,seen_2026
2026-07-31,10,intraday_revised,300,-0.031046348409021225,seen_2026
2020-01-23,10,overnight_volflip,300,-0.08574962896805895,discovery_2020_23
2020-02-28,10,overnight_volflip,299,-0.2458234383066598,discovery_2020_23
2020-03-31,10,overnight_volflip,297,0.1254537744657087,discovery_2020_23
2020-04-30,10,overnight_volflip,297,0.054660084730901094,discovery_2020_23
2020-05-29,10,overnight_volflip,278,-0.0379113089513918,discovery_2020_23
2020-06-30,10,overnight_volflip,300,0.04519827998088867,discovery_2020_23
2020-07-31,10,overnight_volflip,297,-0.15075897317039783,discovery_2020_23
2020-08-31,10,overnight_volflip,299,0.04296290127751383,discovery_2020_23
2020-09-30,10,overnight_volflip,296,-0.054183613505647404,discovery_2020_23
2020-10-30,10,overnight_volflip,298,-0.1488343061147263,discovery_2020_23
2020-11-30,10,overnight_volflip,274,0.03612475116124751,discovery_2020_23
2020-12-31,10,overnight_volflip,299,0.1397405220982694,discovery_2020_23
2021-01-29,10,overnight_volflip,299,-0.06895311765764198,discovery_2020_23
2021-02-26,10,overnight_volflip,297,-0.20049717197368205,discovery_2020_23
2021-03-31,10,overnight_volflip,299,-0.015872146528697447,discovery_2020_23
2021-04-30,10,overnight_volflip,299,0.14748310924558372,discovery_2020_23
2021-05-31,10,overnight_volflip,274,-0.11806633959679108,discovery_2020_23
2021-06-30,10,overnight_volflip,296,0.1728091728091728,discovery_2020_23
2021-07-30,10,overnight_volflip,299,-0.10994186438014861,discovery_2020_23
2021-08-31,10,overnight_volflip,300,0.04354050313470719,discovery_2020_23
2021-09-30,10,overnight_volflip,299,-0.023788918743565812,discovery_2020_23
2021-10-29,10,overnight_volflip,298,0.041549754582432416,discovery_2020_23
2021-11-30,10,overnight_volflip,270,-0.16188336097940276,discovery_2020_23
2021-12-31,10,overnight_volflip,299,-0.1266189879549354,discovery_2020_23
2022-01-28,10,overnight_volflip,299,0.13101323550686214,discovery_2020_23
2022-02-28,10,overnight_volflip,299,0.09929474085879104,discovery_2020_23
2022-03-31,10,overnight_volflip,298,-0.06124249625641839,discovery_2020_23
2022-04-29,10,overnight_volflip,298,0.004883992426349433,discovery_2020_23
2022-05-31,10,overnight_volflip,271,0.026507372010493392,discovery_2020_23
2022-06-30,10,overnight_volflip,299,-0.0027420259926825433,discovery_2020_23
2022-07-29,10,overnight_volflip,299,-0.1544082756428858,discovery_2020_23
2022-08-31,10,overnight_volflip,299,-0.017043388476128483,discovery_2020_23
2022-09-30,10,overnight_volflip,300,-0.02746853048017556,discovery_2020_23
2022-10-31,10,overnight_volflip,299,-0.0317415995151624,discovery_2020_23
2022-11-30,10,overnight_volflip,285,-0.021360044664035106,discovery_2020_23
2022-12-30,10,overnight_volflip,299,0.033620577230720074,discovery_2020_23
2023-01-31,10,overnight_volflip,300,-0.18241709889510235,discovery_2020_23
2023-02-28,10,overnight_volflip,300,0.08117112412360136,discovery_2020_23
2023-03-31,10,overnight_volflip,300,-0.0987406526739186,discovery_2020_23
2023-04-28,10,overnight_volflip,300,0.17856073003512027,discovery_2020_23
2023-05-31,10,overnight_volflip,291,0.09854929899829072,discovery_2020_23
2023-06-30,10,overnight_volflip,299,-0.12789836367309373,discovery_2020_23
2023-07-31,10,overnight_volflip,300,-0.007752530583673151,discovery_2020_23
2023-08-31,10,overnight_volflip,300,-0.07804042267136302,discovery_2020_23
2023-09-28,10,overnight_volflip,300,-0.12124348186485318,discovery_2020_23
2023-10-31,10,overnight_volflip,300,0.07636178339978666,discovery_2020_23
2023-11-30,10,overnight_volflip,286,0.004061674563598236,discovery_2020_23
2023-12-29,10,overnight_volflip,300,-0.004228270142617276,discovery_2020_23
2024-01-31,10,overnight_volflip,300,0.041051794025688766,review_2024_25
2024-02-29,10,overnight_volflip,300,-0.036750856870727336,review_2024_25
2024-03-29,10,overnight_volflip,299,-0.053496005363742986,review_2024_25
2024-04-30,10,overnight_volflip,300,-0.15493905487838752,review_2024_25
2024-05-31,10,overnight_volflip,288,-0.12436402107471398,review_2024_25
2024-06-28,10,overnight_volflip,299,0.013153913492401968,review_2024_25
2024-07-31,10,overnight_volflip,298,-0.13567745598988512,review_2024_25
2024-08-30,10,overnight_volflip,297,0.09560185566896978,review_2024_25
2024-09-30,10,overnight_volflip,296,-0.04405206439104744,review_2024_25
2024-10-31,10,overnight_volflip,300,-0.17305905321826495,review_2024_25
2024-11-29,10,overnight_volflip,283,-0.11414422933359876,review_2024_25
2024-12-31,10,overnight_volflip,299,-0.009782047541020402,review_2024_25
2025-01-27,10,overnight_volflip,297,0.02078467460047572,review_2024_25
2025-02-28,10,overnight_volflip,298,-0.17367136989877902,review_2024_25
2025-03-31,10,overnight_volflip,298,-0.04289014491853719,review_2024_25
2025-04-30,10,overnight_volflip,298,-0.07436152477233181,review_2024_25
2025-05-30,10,overnight_volflip,291,0.04062791158319667,review_2024_25
2025-06-30,10,overnight_volflip,300,0.1134232728611739,review_2024_25
2025-07-31,10,overnight_volflip,298,-0.0569160437850254,review_2024_25
2025-08-29,10,overnight_volflip,296,0.0730150797947408,review_2024_25
2025-09-30,10,overnight_volflip,300,-0.2679510963238062,review_2024_25
2025-10-31,10,overnight_volflip,298,-0.1581007262361216,review_2024_25
2025-11-28,10,overnight_volflip,286,0.13961239525716956,review_2024_25
2025-12-31,10,overnight_volflip,296,0.0017407239759857018,review_2024_25
2026-01-30,10,overnight_volflip,299,0.12176899752744094,seen_2026
2026-02-27,10,overnight_volflip,298,-0.1695335625489675,seen_2026
2026-03-31,10,overnight_volflip,299,0.014571165630401112,seen_2026
2026-04-30,10,overnight_volflip,299,0.155914794280712,seen_2026
2026-05-29,10,overnight_volflip,281,0.17672392346050253,seen_2026
2026-06-30,10,overnight_volflip,299,-0.23471302552131265,seen_2026
2026-07-31,10,overnight_volflip,300,0.231474153209943,seen_2026
2020-01-23,10,overnight_turn,300,0.10736876047164595,discovery_2020_23
2020-02-28,10,overnight_turn,299,-0.17449709321900744,discovery_2020_23
2020-03-31,10,overnight_turn,297,0.3060499712170561,discovery_2020_23
2020-04-30,10,overnight_turn,297,-0.02820240689243851,discovery_2020_23
2020-05-29,10,overnight_turn,278,0.15372578895902253,discovery_2020_23
2020-06-30,10,overnight_turn,279,0.019884184818044184,discovery_2020_23
2020-07-31,10,overnight_turn,297,-0.21901823376989737,discovery_2020_23
2020-08-31,10,overnight_turn,299,-0.11589707480158484,discovery_2020_23
2020-09-30,10,overnight_turn,296,-0.1814410712715797,discovery_2020_23
2020-10-30,10,overnight_turn,298,-0.055135766545162515,discovery_2020_23
2020-11-30,10,overnight_turn,274,-0.021200113754858283,discovery_2020_23
2020-12-31,10,overnight_turn,298,-0.019454947672047175,discovery_2020_23
2021-01-29,10,overnight_turn,299,0.02014657585088741,discovery_2020_23
2021-02-26,10,overnight_turn,297,-0.2007582628387998,discovery_2020_23
2021-03-31,10,overnight_turn,299,-0.024841193239208997,discovery_2020_23
2021-04-30,10,overnight_turn,299,0.04852012300509528,discovery_2020_23
2021-05-31,10,overnight_turn,274,0.18226121653725758,discovery_2020_23
2021-06-30,10,overnight_turn,296,0.06585923365584381,discovery_2020_23
2021-07-30,10,overnight_turn,299,-0.04168166820048933,discovery_2020_23
2021-08-31,10,overnight_turn,300,-0.2519366890462094,discovery_2020_23
2021-09-30,10,overnight_turn,299,-0.06130861948201195,discovery_2020_23
2021-10-29,10,overnight_turn,298,0.04726605689302511,discovery_2020_23
2021-11-30,10,overnight_turn,270,-0.10858678271562801,discovery_2020_23
2021-12-31,10,overnight_turn,299,-0.1527966388169393,discovery_2020_23
2022-01-28,10,overnight_turn,299,0.10880946654502398,discovery_2020_23
2022-02-28,10,overnight_turn,299,0.045758344369374426,discovery_2020_23
2022-03-31,10,overnight_turn,298,-0.2294367695990661,discovery_2020_23
2022-04-29,10,overnight_turn,298,0.043099572364774914,discovery_2020_23
2022-05-31,10,overnight_turn,271,0.19799764217459798,discovery_2020_23
2022-06-30,10,overnight_turn,299,0.00039191039482839885,discovery_2020_23
2022-07-29,10,overnight_turn,299,-0.19875701948646005,discovery_2020_23
2022-08-31,10,overnight_turn,298,-0.2733330930004405,discovery_2020_23
2022-09-30,10,overnight_turn,300,0.12631763978684726,discovery_2020_23
2022-10-31,10,overnight_turn,299,-0.0640434558146843,discovery_2020_23
2022-11-30,10,overnight_turn,285,-0.14397359555310738,discovery_2020_23
2022-12-30,10,overnight_turn,299,0.16735093877824458,discovery_2020_23
2023-01-31,10,overnight_turn,300,-0.1899069765379339,discovery_2020_23
2023-02-28,10,overnight_turn,300,0.0050778341981577565,discovery_2020_23
2023-03-31,10,overnight_turn,300,-0.057744197157746195,discovery_2020_23
2023-04-28,10,overnight_turn,300,0.0011306797322992404,discovery_2020_23
2023-05-31,10,overnight_turn,291,0.034834842146784256,discovery_2020_23
2023-06-30,10,overnight_turn,299,-0.21842337994657807,discovery_2020_23
2023-07-31,10,overnight_turn,300,-0.18178113090145445,discovery_2020_23
2023-08-31,10,overnight_turn,300,-0.15500794453271702,discovery_2020_23
2023-09-28,10,overnight_turn,300,-0.03408374991251997,discovery_2020_23
2023-10-31,10,overnight_turn,300,-0.010162429987900169,discovery_2020_23
2023-11-30,10,overnight_turn,286,-0.008262363247774284,discovery_2020_23
2023-12-29,10,overnight_turn,300,-0.24343209223038462,discovery_2020_23
2024-01-31,10,overnight_turn,300,0.17905334270973597,review_2024_25
2024-02-29,10,overnight_turn,300,-0.13429350707158016,review_2024_25
2024-03-29,10,overnight_turn,299,-0.11415324328370992,review_2024_25
2024-04-30,10,overnight_turn,300,0.08278047533861488,review_2024_25
2024-05-31,10,overnight_turn,288,-0.03692344943716368,review_2024_25
2024-06-28,10,overnight_turn,288,0.06666274831309855,review_2024_25
2024-07-31,10,overnight_turn,298,-0.22825369679077476,review_2024_25
2024-08-30,10,overnight_turn,297,0.12042839056261877,review_2024_25
2024-09-30,10,overnight_turn,296,0.049458395221107086,review_2024_25
2024-10-31,10,overnight_turn,300,0.02202291381269959,review_2024_25
2024-11-29,10,overnight_turn,283,-0.0019748594567177515,review_2024_25
2024-12-31,10,overnight_turn,299,0.12358869610109763,review_2024_25
2025-01-27,10,overnight_turn,297,0.039472834399153625,review_2024_25
2025-02-28,10,overnight_turn,298,-0.2571521433218583,review_2024_25
2025-03-31,10,overnight_turn,298,-0.178582611181806,review_2024_25
2025-04-30,10,overnight_turn,298,-0.14859993556356324,review_2024_25
2025-05-30,10,overnight_turn,291,0.24836622632277755,review_2024_25
2025-06-30,10,overnight_turn,293,0.25943435776094775,review_2024_25
2025-07-31,10,overnight_turn,298,0.2553434957870324,review_2024_25
2025-08-29,10,overnight_turn,296,0.14864633508701305,review_2024_25
2025-09-30,10,overnight_turn,300,-0.21587493899931645,review_2024_25
2025-10-31,10,overnight_turn,298,-0.1701382299573137,review_2024_25
2025-11-28,10,overnight_turn,286,0.03836985073589481,review_2024_25
2025-12-31,10,overnight_turn,296,0.10047706803225495,review_2024_25
2026-01-30,10,overnight_turn,299,0.0604635205117196,seen_2026
2026-02-27,10,overnight_turn,298,-0.24633534808652643,seen_2026
2026-03-31,10,overnight_turn,299,0.2716446319947925,seen_2026
2026-04-30,10,overnight_turn,299,0.15960853852887702,seen_2026
2026-05-29,10,overnight_turn,281,0.16312831939772196,seen_2026
2026-06-30,10,overnight_turn,281,-0.4133852177957576,seen_2026
2026-07-31,10,overnight_turn,300,0.1477047686868495,seen_2026
2020-01-23,10,overnight_revised,300,0.06687008376427375,discovery_2020_23
2020-02-28,10,overnight_revised,299,-0.3051608269174654,discovery_2020_23
2020-03-31,10,overnight_revised,297,0.30134850073642916,discovery_2020_23
2020-04-30,10,overnight_revised,297,0.02949961683753167,discovery_2020_23
2020-05-29,10,overnight_revised,278,0.07950226466116314,discovery_2020_23
2020-06-30,10,overnight_revised,279,0.0228580269425013,discovery_2020_23
2020-07-31,10,overnight_revised,297,-0.2694687989402737,discovery_2020_23
2020-08-31,10,overnight_revised,299,-0.07506521459285075,discovery_2020_23
2020-09-30,10,overnight_revised,296,-0.1559516373075695,discovery_2020_23
2020-10-30,10,overnight_revised,298,-0.19686052688678893,discovery_2020_23
2020-11-30,10,overnight_revised,274,0.03303645259849639,discovery_2020_23
2020-12-31,10,overnight_revised,298,0.09965131324921227,discovery_2020_23
2021-01-29,10,overnight_revised,299,-0.07746807899576703,discovery_2020_23
2021-02-26,10,overnight_revised,297,-0.28050274191213787,discovery_2020_23
2021-03-31,10,overnight_revised,299,0.04375524679580705,discovery_2020_23
2021-04-30,10,overnight_revised,299,0.1754232228232812,discovery_2020_23
2021-05-31,10,overnight_revised,274,0.016614942159963068,discovery_2020_23
2021-06-30,10,overnight_revised,296,0.10336253048117455,discovery_2020_23
2021-07-30,10,overnight_revised,299,-0.14607483558169287,discovery_2020_23
2021-08-31,10,overnight_revised,300,-0.11908893169433357,discovery_2020_23
2021-09-30,10,overnight_revised,299,-0.033946043180405054,discovery_2020_23
2021-10-29,10,overnight_revised,298,0.1076638287323023,discovery_2020_23
2021-11-30,10,overnight_revised,270,-0.20131996953471162,discovery_2020_23
2021-12-31,10,overnight_revised,299,-0.22877296975287698,discovery_2020_23
2022-01-28,10,overnight_revised,299,0.1630850220068047,discovery_2020_23
2022-02-28,10,overnight_revised,299,0.0222522502300734,discovery_2020_23
2022-03-31,10,overnight_revised,298,-0.2445686743950343,discovery_2020_23
2022-04-29,10,overnight_revised,298,0.04760900671636787,discovery_2020_23
2022-05-31,10,overnight_revised,271,0.19837388128781927,discovery_2020_23
2022-06-30,10,overnight_revised,299,-0.04110255662050235,discovery_2020_23
2022-07-29,10,overnight_revised,299,-0.20000188548042933,discovery_2020_23
2022-08-31,10,overnight_revised,298,-0.24825095469974368,discovery_2020_23
2022-09-30,10,overnight_revised,300,0.0021453574090109367,discovery_2020_23
2022-10-31,10,overnight_revised,299,-0.12235954299566788,discovery_2020_23
2022-11-30,10,overnight_revised,285,-0.09819814635973388,discovery_2020_23
2022-12-30,10,overnight_revised,299,0.1476198396489094,discovery_2020_23
2023-01-31,10,overnight_revised,300,-0.26699155988812445,discovery_2020_23
2023-02-28,10,overnight_revised,300,0.0014395715507950087,discovery_2020_23
2023-03-31,10,overnight_revised,300,-0.15171546350515008,discovery_2020_23
2023-04-28,10,overnight_revised,300,0.07088037461766925,discovery_2020_23
2023-05-31,10,overnight_revised,291,0.04871121846222772,discovery_2020_23
2023-06-30,10,overnight_revised,299,-0.25044645462503645,discovery_2020_23
2023-07-31,10,overnight_revised,300,-0.13606862298469982,discovery_2020_23
2023-08-31,10,overnight_revised,300,-0.1706676740852676,discovery_2020_23
2023-09-28,10,overnight_revised,300,-0.0571546985574621,discovery_2020_23
2023-10-31,10,overnight_revised,300,-0.1054497114209154,discovery_2020_23
2023-11-30,10,overnight_revised,286,0.017593750212464294,discovery_2020_23
2023-12-29,10,overnight_revised,300,-0.23128506567519447,discovery_2020_23
2024-01-31,10,overnight_revised,300,0.10666164142508776,review_2024_25
2024-02-29,10,overnight_revised,300,-0.15415617441929164,review_2024_25
2024-03-29,10,overnight_revised,299,-0.13580394060828171,review_2024_25
2024-04-30,10,overnight_revised,300,-0.10268469649662774,review_2024_25
2024-05-31,10,overnight_revised,288,-0.12767904866394192,review_2024_25
2024-06-28,10,overnight_revised,288,0.052344682492796266,review_2024_25
2024-07-31,10,overnight_revised,298,-0.26136499802689106,review_2024_25
2024-08-30,10,overnight_revised,297,0.2183654062848694,review_2024_25
2024-09-30,10,overnight_revised,296,0.01708472725421878,review_2024_25
2024-10-31,10,overnight_revised,300,-0.10472184187844838,review_2024_25
2024-11-29,10,overnight_revised,283,-0.13044449691911336,review_2024_25
2024-12-31,10,overnight_revised,299,0.0025292361563152344,review_2024_25
2025-01-27,10,overnight_revised,297,0.04902006140677253,review_2024_25
2025-02-28,10,overnight_revised,298,-0.278125725179081,review_2024_25
2025-03-31,10,overnight_revised,298,-0.14824895868926624,review_2024_25
2025-04-30,10,overnight_revised,298,-0.15706872639608446,review_2024_25
2025-05-30,10,overnight_revised,291,0.17764734399088322,review_2024_25
2025-06-30,10,overnight_revised,293,0.17053780392288884,review_2024_25
2025-07-31,10,overnight_revised,298,0.1865615822429362,review_2024_25
2025-08-29,10,overnight_revised,296,0.17343522258776492,review_2024_25
2025-09-30,10,overnight_revised,300,-0.3629793055386777,review_2024_25
2025-10-31,10,overnight_revised,298,-0.2838152347927661,review_2024_25
2025-11-28,10,overnight_revised,286,0.17121340420983575,review_2024_25
2025-12-31,10,overnight_revised,296,0.08960818556709915,review_2024_25
2026-01-30,10,overnight_revised,299,0.1476009682836498,seen_2026
2026-02-27,10,overnight_revised,298,-0.26917808522001463,seen_2026
2026-03-31,10,overnight_revised,299,0.18594195416488968,seen_2026
2026-04-30,10,overnight_revised,299,0.18367623622365378,seen_2026
2026-05-29,10,overnight_revised,281,0.17615387943622968,seen_2026
2026-06-30,10,overnight_revised,281,-0.43788142651624135,seen_2026
2026-07-31,10,overnight_revised,300,0.25172993608039534,seen_2026
2020-02-28,20,team_coin,299,-0.21594756571120738,discovery_2020_23
2020-03-31,20,team_coin,296,-0.09251660704423634,discovery_2020_23
2020-04-30,20,team_coin,297,0.03465822503020087,discovery_2020_23
2020-05-29,20,team_coin,277,0.08923840057048163,discovery_2020_23
2020-06-30,20,team_coin,277,0.021642017730972966,discovery_2020_23
2020-07-31,20,team_coin,297,-0.2806347900531042,discovery_2020_23
2020-08-31,20,team_coin,298,-0.23733261293918584,discovery_2020_23
2020-09-30,20,team_coin,296,-0.06335410911682098,discovery_2020_23
2020-10-30,20,team_coin,295,-0.07651565436069069,discovery_2020_23
2020-11-30,20,team_coin,274,0.01087758956372095,discovery_2020_23
2020-12-31,20,team_coin,271,-0.053487446639172265,discovery_2020_23
2021-01-29,20,team_coin,299,-0.03439047769864645,discovery_2020_23
2021-02-26,20,team_coin,297,-0.24138125312621958,discovery_2020_23
2021-03-31,20,team_coin,299,-0.1726547103319791,discovery_2020_23
2021-04-30,20,team_coin,298,0.1299037829530972,discovery_2020_23
2021-05-31,20,team_coin,273,0.1300788936896194,discovery_2020_23
2021-06-30,20,team_coin,271,0.1691086028507344,discovery_2020_23
2021-07-30,20,team_coin,298,0.0450730736695137,discovery_2020_23
2021-08-31,20,team_coin,299,-0.25421124294013603,discovery_2020_23
2021-09-30,20,team_coin,299,-0.3503721970743885,discovery_2020_23
2021-10-29,20,team_coin,297,-0.014534763548153827,discovery_2020_23
2021-11-30,20,team_coin,270,-0.11801230591675771,discovery_2020_23
2021-12-31,20,team_coin,271,-0.20317213587598446,discovery_2020_23
2022-01-28,20,team_coin,299,-0.00783057707240887,discovery_2020_23
2022-02-28,20,team_coin,298,-0.05209442180553941,discovery_2020_23
2022-03-31,20,team_coin,298,-0.17895098534796863,discovery_2020_23
2022-04-29,20,team_coin,296,-0.060412435723730035,discovery_2020_23
2022-05-31,20,team_coin,270,0.04510594492318114,discovery_2020_23
2022-06-30,20,team_coin,271,-0.07454115717627764,discovery_2020_23
2022-07-29,20,team_coin,299,-0.25080301263858,discovery_2020_23
2022-08-31,20,team_coin,298,-0.285639497486594,discovery_2020_23
2022-09-30,20,team_coin,300,-0.08147180318356957,discovery_2020_23
2022-10-31,20,team_coin,299,-0.2501151489304393,discovery_2020_23
2022-11-30,20,team_coin,285,-0.16217201147291366,discovery_2020_23
2022-12-30,20,team_coin,284,0.1099877962180625,discovery_2020_23
2023-01-31,20,team_coin,300,-0.32412254385694067,discovery_2020_23
2023-02-28,20,team_coin,300,-0.030276336403737815,discovery_2020_23
2023-03-31,20,team_coin,300,-0.1603835598173313,discovery_2020_23
2023-04-28,20,team_coin,300,-0.01587618345812153,discovery_2020_23
2023-05-31,20,team_coin,291,0.02920053177760788,discovery_2020_23
2023-06-30,20,team_coin,290,-0.26234228870653675,discovery_2020_23
2023-07-31,20,team_coin,300,-0.10230602562250692,discovery_2020_23
2023-08-31,20,team_coin,300,0.029894998833320374,discovery_2020_23
2023-09-28,20,team_coin,300,0.0038176022151405415,discovery_2020_23
2023-10-31,20,team_coin,300,-0.053029306379240186,discovery_2020_23
2023-11-30,20,team_coin,286,-0.0018838721690849357,discovery_2020_23
2023-12-29,20,team_coin,286,-0.1350367392603222,discovery_2020_23
2024-01-31,20,team_coin,300,0.004193158167663907,review_2024_25
2024-02-29,20,team_coin,300,-0.09197592106311471,review_2024_25
2024-03-29,20,team_coin,299,-0.1295623284690227,review_2024_25
2024-04-30,20,team_coin,300,-0.09834909276769742,review_2024_25
2024-05-31,20,team_coin,288,-0.1794224145899393,review_2024_25
2024-06-28,20,team_coin,288,0.07405838949640114,review_2024_25
2024-07-31,20,team_coin,298,-0.28971339959191206,review_2024_25
2024-08-30,20,team_coin,296,-0.1222652544686443,review_2024_25
2024-09-30,20,team_coin,295,0.10982686249030077,review_2024_25
2024-10-31,20,team_coin,298,0.0008071558446755597,review_2024_25
2024-11-29,20,team_coin,283,-0.31975198306597724,review_2024_25
2024-12-31,20,team_coin,283,-0.07219090802237679,review_2024_25
2025-01-27,20,team_coin,296,0.028292095620475098,review_2024_25
2025-02-28,20,team_coin,297,-0.28145621385451536,review_2024_25
2025-03-31,20,team_coin,296,-0.14717775426171392,review_2024_25
2025-04-30,20,team_coin,298,-0.12052722712172766,review_2024_25
2025-05-30,20,team_coin,291,0.18624685124432827,review_2024_25
2025-06-30,20,team_coin,291,0.24110906811198046,review_2024_25
2025-07-31,20,team_coin,298,0.09289297092040016,review_2024_25
2025-08-29,20,team_coin,296,0.3227895075352702,review_2024_25
2025-09-30,20,team_coin,298,-0.2624370627951859,review_2024_25
2025-10-31,20,team_coin,298,-0.28561637111389077,review_2024_25
2025-11-28,20,team_coin,286,0.18631589031198612,review_2024_25
2025-12-31,20,team_coin,285,0.11323022404970158,review_2024_25
2026-01-30,20,team_coin,297,0.0795051548847306,seen_2026
2026-02-27,20,team_coin,298,-0.3106293922399921,seen_2026
2026-03-31,20,team_coin,298,0.17778172286488597,seen_2026
2026-04-30,20,team_coin,299,0.0271405804583511,seen_2026
2026-05-29,20,team_coin,280,0.132569657411811,seen_2026
2026-06-30,20,team_coin,281,-0.6028626594122164,seen_2026
2026-07-31,20,team_coin,299,0.10631704185282573,seen_2026
2020-02-28,20,interday_volflip,299,-0.025786177639110234,discovery_2020_23
2020-03-31,20,interday_volflip,296,-0.3089256681136591,discovery_2020_23
2020-04-30,20,interday_volflip,297,0.08947588046064718,discovery_2020_23
2020-05-29,20,interday_volflip,277,-0.011097104107232875,discovery_2020_23
2020-06-30,20,interday_volflip,277,-0.04433194928910113,discovery_2020_23
2020-07-31,20,interday_volflip,297,-0.24164978354643796,discovery_2020_23
2020-08-31,20,interday_volflip,299,-0.18223543604357326,discovery_2020_23
2020-09-30,20,interday_volflip,296,-0.053382658467404226,discovery_2020_23
2020-10-30,20,interday_volflip,296,-0.006838888194820398,discovery_2020_23
2020-11-30,20,interday_volflip,274,0.150468801271721,discovery_2020_23
2020-12-31,20,interday_volflip,297,-0.06644441879341209,discovery_2020_23
2021-01-29,20,interday_volflip,299,-0.08141860804680172,discovery_2020_23
2021-02-26,20,interday_volflip,297,-0.11400326500997643,discovery_2020_23
2021-03-31,20,interday_volflip,299,-0.1740540055217616,discovery_2020_23
2021-04-30,20,interday_volflip,299,-0.022888375120648244,discovery_2020_23
2021-05-31,20,interday_volflip,273,0.04504899559694772,discovery_2020_23
2021-06-30,20,interday_volflip,296,0.0320127523517354,discovery_2020_23
2021-07-30,20,interday_volflip,298,0.11543030130716152,discovery_2020_23
2021-08-31,20,interday_volflip,299,-0.1967054372317036,discovery_2020_23
2021-09-30,20,interday_volflip,299,-0.17195822450205767,discovery_2020_23
2021-10-29,20,interday_volflip,297,0.04707565838786106,discovery_2020_23
2021-11-30,20,interday_volflip,270,-0.006701205579897619,discovery_2020_23
2021-12-31,20,interday_volflip,298,-0.030082209757659,discovery_2020_23
2022-01-28,20,interday_volflip,299,-0.1781645954259843,discovery_2020_23
2022-02-28,20,interday_volflip,298,-0.02084797153370249,discovery_2020_23
2022-03-31,20,interday_volflip,298,-0.07461090156927243,discovery_2020_23
2022-04-29,20,interday_volflip,296,-0.13723804011018698,discovery_2020_23
2022-05-31,20,interday_volflip,270,0.05283719070025267,discovery_2020_23
2022-06-30,20,interday_volflip,299,0.04230163183766919,discovery_2020_23
2022-07-29,20,interday_volflip,299,0.020075428194847568,discovery_2020_23
2022-08-31,20,interday_volflip,298,-0.04248065263530685,discovery_2020_23
2022-09-30,20,interday_volflip,300,0.010445672779216809,discovery_2020_23
2022-10-31,20,interday_volflip,299,-0.004698435500886625,discovery_2020_23
2022-11-30,20,interday_volflip,285,-0.04498646756544823,discovery_2020_23
2022-12-30,20,interday_volflip,299,-0.031974373633448676,discovery_2020_23
2023-01-31,20,interday_volflip,300,-0.2732671991188852,discovery_2020_23
2023-02-28,20,interday_volflip,300,-0.030489227658085087,discovery_2020_23
2023-03-31,20,interday_volflip,300,-0.12893832153690596,discovery_2020_23
2023-04-28,20,interday_volflip,300,-0.14392210754436804,discovery_2020_23
2023-05-31,20,interday_volflip,291,0.053575620041977315,discovery_2020_23
2023-06-30,20,interday_volflip,290,-0.15965838291570156,discovery_2020_23
2023-07-31,20,interday_volflip,300,0.03133012589028766,discovery_2020_23
2023-08-31,20,interday_volflip,300,0.19672840809342326,discovery_2020_23
2023-09-28,20,interday_volflip,300,0.07435513100720266,discovery_2020_23
2023-10-31,20,interday_volflip,300,0.012295362483501871,discovery_2020_23
2023-11-30,20,interday_volflip,286,-0.1395742807980009,discovery_2020_23
2023-12-29,20,interday_volflip,300,0.07985134942640656,discovery_2020_23
2024-01-31,20,interday_volflip,300,-0.2276036653300234,review_2024_25
2024-02-29,20,interday_volflip,300,-0.1712321438273929,review_2024_25
2024-03-29,20,interday_volflip,299,0.20393845344402511,review_2024_25
2024-04-30,20,interday_volflip,300,-0.022914921276903078,review_2024_25
2024-05-31,20,interday_volflip,288,-0.08694173508714821,review_2024_25
2024-06-28,20,interday_volflip,288,0.009216670886432049,review_2024_25
2024-07-31,20,interday_volflip,298,-0.1251563155920411,review_2024_25
2024-08-30,20,interday_volflip,297,-0.1947545471035404,review_2024_25
2024-09-30,20,interday_volflip,295,-0.0058508698944534305,review_2024_25
2024-10-31,20,interday_volflip,298,0.03188945773978019,review_2024_25
2024-11-29,20,interday_volflip,283,-0.17775482305153376,review_2024_25
2024-12-31,20,interday_volflip,299,-0.030225135238266254,review_2024_25
2025-01-27,20,interday_volflip,296,-0.018916151397694664,review_2024_25
2025-02-28,20,interday_volflip,297,-0.13314948564521203,review_2024_25
2025-03-31,20,interday_volflip,297,0.05294741948206517,review_2024_25
2025-04-30,20,interday_volflip,298,-0.07925796958972116,review_2024_25
2025-05-30,20,interday_volflip,291,0.05066156283468217,review_2024_25
2025-06-30,20,interday_volflip,291,0.10015121818845286,review_2024_25
2025-07-31,20,interday_volflip,298,-0.0514246639137214,review_2024_25
2025-08-29,20,interday_volflip,296,0.17782913884608798,review_2024_25
2025-09-30,20,interday_volflip,299,-0.12348729478005993,review_2024_25
2025-10-31,20,interday_volflip,298,-0.07630047869324204,review_2024_25
2025-11-28,20,interday_volflip,286,0.0623074053427201,review_2024_25
2025-12-31,20,interday_volflip,296,0.03781007947200841,review_2024_25
2026-01-30,20,interday_volflip,297,0.05898318150935999,seen_2026
2026-02-27,20,interday_volflip,298,-0.11457305140165747,seen_2026
2026-03-31,20,interday_volflip,298,-0.010314135496510753,seen_2026
2026-04-30,20,interday_volflip,299,0.10926488743238089,seen_2026
2026-05-29,20,interday_volflip,280,0.16316698645937538,seen_2026
2026-06-30,20,interday_volflip,299,-0.12711992996790195,seen_2026
2026-07-31,20,interday_volflip,299,-0.20279973544923197,seen_2026
2020-02-28,20,interday_turn,299,-0.13937375143094433,discovery_2020_23
2020-03-31,20,interday_turn,296,-0.13754687133989407,discovery_2020_23
2020-04-30,20,interday_turn,297,0.009235291989042478,discovery_2020_23
2020-05-29,20,interday_turn,277,0.04094994869823125,discovery_2020_23
2020-06-30,20,interday_turn,277,0.049859468883847555,discovery_2020_23
2020-07-31,20,interday_turn,297,-0.15651305202995303,discovery_2020_23
2020-08-31,20,interday_turn,299,-0.15165946349795426,discovery_2020_23
2020-09-30,20,interday_turn,296,-0.03797896509760916,discovery_2020_23
2020-10-30,20,interday_turn,296,-0.008198799724223452,discovery_2020_23
2020-11-30,20,interday_turn,274,-0.10318878202089882,discovery_2020_23
2020-12-31,20,interday_turn,271,0.0782969153220944,discovery_2020_23
2021-01-29,20,interday_turn,299,0.07560998357051332,discovery_2020_23
2021-02-26,20,interday_turn,297,-0.025199849025352383,discovery_2020_23
2021-03-31,20,interday_turn,299,-0.1886305582366277,discovery_2020_23
2021-04-30,20,interday_turn,299,0.10219523691948554,discovery_2020_23
2021-05-31,20,interday_turn,273,0.19483317551471055,discovery_2020_23
2021-06-30,20,interday_turn,271,0.2289294069411282,discovery_2020_23
2021-07-30,20,interday_turn,298,0.033898047612666814,discovery_2020_23
2021-08-31,20,interday_turn,299,-0.10374586597198233,discovery_2020_23
2021-09-30,20,interday_turn,299,-0.24278357868326103,discovery_2020_23
2021-10-29,20,interday_turn,297,-0.19068497618302324,discovery_2020_23
2021-11-30,20,interday_turn,270,-0.11329862980876713,discovery_2020_23
2021-12-31,20,interday_turn,271,-0.07091866105302715,discovery_2020_23
2022-01-28,20,interday_turn,299,0.01929743656679285,discovery_2020_23
2022-02-28,20,interday_turn,298,-0.06074368519655943,discovery_2020_23
2022-03-31,20,interday_turn,298,-0.05914751872697957,discovery_2020_23
2022-04-29,20,interday_turn,296,-0.11893907950505718,discovery_2020_23
2022-05-31,20,interday_turn,270,-0.03795602103306156,discovery_2020_23
2022-06-30,20,interday_turn,271,-0.1619082073173673,discovery_2020_23
2022-07-29,20,interday_turn,299,-0.2193410784678807,discovery_2020_23
2022-08-31,20,interday_turn,298,-0.17773138899488478,discovery_2020_23
2022-09-30,20,interday_turn,300,-0.15207659552623962,discovery_2020_23
2022-10-31,20,interday_turn,299,-0.2759668694305403,discovery_2020_23
2022-11-30,20,interday_turn,285,-0.1442664829511217,discovery_2020_23
2022-12-30,20,interday_turn,284,0.1021141434734162,discovery_2020_23
2023-01-31,20,interday_turn,300,-0.17288630515116224,discovery_2020_23
2023-02-28,20,interday_turn,300,0.013469927443638263,discovery_2020_23
2023-03-31,20,interday_turn,300,-0.06277847531639241,discovery_2020_23
2023-04-28,20,interday_turn,300,0.02505406729144673,discovery_2020_23
2023-05-31,20,interday_turn,291,-0.03320834286994337,discovery_2020_23
2023-06-30,20,interday_turn,290,-0.23568306810815334,discovery_2020_23
2023-07-31,20,interday_turn,300,-0.07707952310581229,discovery_2020_23
2023-08-31,20,interday_turn,300,-0.12241024900276669,discovery_2020_23
2023-09-28,20,interday_turn,300,0.0657083586577575,discovery_2020_23
2023-10-31,20,interday_turn,300,0.036309408993943165,discovery_2020_23
2023-11-30,20,interday_turn,286,0.042785314620272775,discovery_2020_23
2023-12-29,20,interday_turn,286,-0.08299557733608914,discovery_2020_23
2024-01-31,20,interday_turn,300,-0.11184192178156735,review_2024_25
2024-02-29,20,interday_turn,300,0.10998278980686406,review_2024_25
2024-03-29,20,interday_turn,299,-0.17562550237380126,review_2024_25
2024-04-30,20,interday_turn,300,-0.03296614406826742,review_2024_25
2024-05-31,20,interday_turn,288,-0.09366673498667762,review_2024_25
2024-06-28,20,interday_turn,288,0.11186397083941182,review_2024_25
2024-07-31,20,interday_turn,298,-0.2316832022139665,review_2024_25
2024-08-30,20,interday_turn,297,-0.10916621319305883,review_2024_25
2024-09-30,20,interday_turn,295,0.217683491170174,review_2024_25
2024-10-31,20,interday_turn,298,-0.0044237128329957425,review_2024_25
2024-11-29,20,interday_turn,283,-0.1893159573938632,review_2024_25
2024-12-31,20,interday_turn,283,-0.04415055100167201,review_2024_25
2025-01-27,20,interday_turn,296,0.0008190011979628569,review_2024_25
2025-02-28,20,interday_turn,297,-0.3123762466374548,review_2024_25
2025-03-31,20,interday_turn,296,-0.11730318175025975,review_2024_25
2025-04-30,20,interday_turn,298,0.030456313015146147,review_2024_25
2025-05-30,20,interday_turn,291,0.22764053241561275,review_2024_25
2025-06-30,20,interday_turn,291,0.23553660299497653,review_2024_25
2025-07-31,20,interday_turn,298,0.1056791342755743,review_2024_25
2025-08-29,20,interday_turn,296,0.31230213264111567,review_2024_25
2025-09-30,20,interday_turn,298,-0.2519694269214485,review_2024_25
2025-10-31,20,interday_turn,298,-0.17369742406217456,review_2024_25
2025-11-28,20,interday_turn,286,0.1330354027276204,review_2024_25
2025-12-31,20,interday_turn,285,0.06883680592679507,review_2024_25
2026-01-30,20,interday_turn,297,0.12110655359904146,seen_2026
2026-02-27,20,interday_turn,298,-0.2467436873214311,seen_2026
2026-03-31,20,interday_turn,298,0.12232649495561662,seen_2026
2026-04-30,20,interday_turn,299,0.02716616910955983,seen_2026
2026-05-29,20,interday_turn,280,0.07529942983966632,seen_2026
2026-06-30,20,interday_turn,281,-0.5802209867061838,seen_2026
2026-07-31,20,interday_turn,299,0.18158090520761772,seen_2026
2020-02-28,20,interday_revised,299,-0.13923368723485444,discovery_2020_23
2020-03-31,20,interday_revised,296,-0.2698456564301596,discovery_2020_23
2020-04-30,20,interday_revised,297,0.039702777687443444,discovery_2020_23
2020-05-29,20,interday_revised,277,0.033584344300718896,discovery_2020_23
2020-06-30,20,interday_revised,277,0.007015828241503485,discovery_2020_23
2020-07-31,20,interday_revised,297,-0.2582588346089655,discovery_2020_23
2020-08-31,20,interday_revised,299,-0.23563244771525454,discovery_2020_23
2020-09-30,20,interday_revised,296,-0.09592766880902474,discovery_2020_23
2020-10-30,20,interday_revised,296,-0.017271663034374895,discovery_2020_23
2020-11-30,20,interday_revised,274,0.03159730780168736,discovery_2020_23
2020-12-31,20,interday_revised,271,-0.04072184839495454,discovery_2020_23
2021-01-29,20,interday_revised,299,-0.00525757056604463,discovery_2020_23
2021-02-26,20,interday_revised,297,-0.12863946924349612,discovery_2020_23
2021-03-31,20,interday_revised,299,-0.2596565733653565,discovery_2020_23
2021-04-30,20,interday_revised,299,0.0665251060582254,discovery_2020_23
2021-05-31,20,interday_revised,273,0.12634255366910824,discovery_2020_23
2021-06-30,20,interday_revised,271,0.1417347997009382,discovery_2020_23
2021-07-30,20,interday_revised,298,0.07947196596160705,discovery_2020_23
2021-08-31,20,interday_revised,299,-0.18742842469460472,discovery_2020_23
2021-09-30,20,interday_revised,299,-0.2474746074694868,discovery_2020_23
2021-10-29,20,interday_revised,297,-0.0691609960446378,discovery_2020_23
2021-11-30,20,interday_revised,270,-0.04621432792315874,discovery_2020_23
2021-12-31,20,interday_revised,271,-0.13438790825373198,discovery_2020_23
2022-01-28,20,interday_revised,299,-0.07550179294536567,discovery_2020_23
2022-02-28,20,interday_revised,298,-0.080843223825424,discovery_2020_23
2022-03-31,20,interday_revised,298,-0.08322910404454284,discovery_2020_23
2022-04-29,20,interday_revised,296,-0.1648803582903309,discovery_2020_23
2022-05-31,20,interday_revised,270,0.005425162885203927,discovery_2020_23
2022-06-30,20,interday_revised,271,-0.06604743988616357,discovery_2020_23
2022-07-29,20,interday_revised,299,-0.13957942114854996,discovery_2020_23
2022-08-31,20,interday_revised,298,-0.1817372395137204,discovery_2020_23
2022-09-30,20,interday_revised,300,-0.09811487884475209,discovery_2020_23
2022-10-31,20,interday_revised,299,-0.17343045049493838,discovery_2020_23
2022-11-30,20,interday_revised,285,-0.12453105617270936,discovery_2020_23
2022-12-30,20,interday_revised,284,0.07238212637083244,discovery_2020_23
2023-01-31,20,interday_revised,300,-0.25821722067469105,discovery_2020_23
2023-02-28,20,interday_revised,300,-0.06348470538561539,discovery_2020_23
2023-03-31,20,interday_revised,300,-0.1632182579806442,discovery_2020_23
2023-04-28,20,interday_revised,300,-0.09587488566535493,discovery_2020_23
2023-05-31,20,interday_revised,291,0.011602199182854555,discovery_2020_23
2023-06-30,20,interday_revised,290,-0.21812445184677665,discovery_2020_23
2023-07-31,20,interday_revised,300,-0.03801908910099001,discovery_2020_23
2023-08-31,20,interday_revised,300,0.05844953832820365,discovery_2020_23
2023-09-28,20,interday_revised,300,0.08963931781393972,discovery_2020_23
2023-10-31,20,interday_revised,300,-0.011378232622140314,discovery_2020_23
2023-11-30,20,interday_revised,286,-0.056675954366127365,discovery_2020_23
2023-12-29,20,interday_revised,286,0.023501790058695037,discovery_2020_23
2024-01-31,20,interday_revised,300,-0.1254607412816529,review_2024_25
2024-02-29,20,interday_revised,300,-0.040851125107070896,review_2024_25
2024-03-29,20,interday_revised,299,0.020318740391628173,review_2024_25
2024-04-30,20,interday_revised,300,-0.03674174157490639,review_2024_25
2024-05-31,20,interday_revised,288,-0.12104145819016274,review_2024_25
2024-06-28,20,interday_revised,288,0.1138738852786452,review_2024_25
2024-07-31,20,interday_revised,298,-0.21241598408905513,review_2024_25
2024-08-30,20,interday_revised,297,-0.1952048143323311,review_2024_25
2024-09-30,20,interday_revised,295,0.1540105827030767,review_2024_25
2024-10-31,20,interday_revised,298,0.004308534414710579,review_2024_25
2024-11-29,20,interday_revised,283,-0.22684675831849982,review_2024_25
2024-12-31,20,interday_revised,283,-0.08217427261108187,review_2024_25
2025-01-27,20,interday_revised,296,0.012218387363506892,review_2024_25
2025-02-28,20,interday_revised,297,-0.23922613574825777,review_2024_25
2025-03-31,20,interday_revised,296,-0.06653991427788174,review_2024_25
2025-04-30,20,interday_revised,298,0.015097673825946496,review_2024_25
2025-05-30,20,interday_revised,291,0.16852214626345352,review_2024_25
2025-06-30,20,interday_revised,291,0.19684125523392704,review_2024_25
2025-07-31,20,interday_revised,298,0.032299153688123625,review_2024_25
2025-08-29,20,interday_revised,296,0.28795328456345404,review_2024_25
2025-09-30,20,interday_revised,298,-0.19087042945015356,review_2024_25
2025-10-31,20,interday_revised,298,-0.22523023777765536,review_2024_25
2025-11-28,20,interday_revised,286,0.13993838509864898,review_2024_25
2025-12-31,20,interday_revised,285,0.0829609712142349,review_2024_25
2026-01-30,20,interday_revised,297,0.061564316936405655,seen_2026
2026-02-27,20,interday_revised,298,-0.2966349876891748,seen_2026
2026-03-31,20,interday_revised,298,0.10534493551709775,seen_2026
2026-04-30,20,interday_revised,299,0.04210904356804561,seen_2026
2026-05-29,20,interday_revised,280,0.10624989750233695,seen_2026
2026-06-30,20,interday_revised,281,-0.45262252701489464,seen_2026
2026-07-31,20,interday_revised,299,-0.006277974262976658,seen_2026
2020-02-28,20,intraday_volflip,299,-0.2584328073443918,discovery_2020_23
2020-03-31,20,intraday_volflip,296,-0.15634780948968305,discovery_2020_23
2020-04-30,20,intraday_volflip,297,0.07212981993425845,discovery_2020_23
2020-05-29,20,intraday_volflip,277,-0.0032414192515517535,discovery_2020_23
2020-06-30,20,intraday_volflip,277,-0.023452153361285227,discovery_2020_23
2020-07-31,20,intraday_volflip,297,-0.19614391518301105,discovery_2020_23
2020-08-31,20,intraday_volflip,299,-0.12510203195237357,discovery_2020_23
2020-09-30,20,intraday_volflip,296,0.08513166479268174,discovery_2020_23
2020-10-30,20,intraday_volflip,296,-0.01664329969414715,discovery_2020_23
2020-11-30,20,intraday_volflip,274,0.08075340717676484,discovery_2020_23
2020-12-31,20,intraday_volflip,297,-0.13385212546286374,discovery_2020_23
2021-01-29,20,intraday_volflip,299,-0.10231623334114152,discovery_2020_23
2021-02-26,20,intraday_volflip,297,-0.07663841388673605,discovery_2020_23
2021-03-31,20,intraday_volflip,299,-0.1095917038899239,discovery_2020_23
2021-04-30,20,intraday_volflip,299,0.06618841327916321,discovery_2020_23
2021-05-31,20,intraday_volflip,273,0.06609753587350695,discovery_2020_23
2021-06-30,20,intraday_volflip,296,-0.024997570760282622,discovery_2020_23
2021-07-30,20,intraday_volflip,298,0.1944222816706038,discovery_2020_23
2021-08-31,20,intraday_volflip,299,-0.18088490982691766,discovery_2020_23
2021-09-30,20,intraday_volflip,299,-0.3400081187861258,discovery_2020_23
2021-10-29,20,intraday_volflip,297,0.006078386218237438,discovery_2020_23
2021-11-30,20,intraday_volflip,270,-0.07998891617000115,discovery_2020_23
2021-12-31,20,intraday_volflip,298,0.03858637035270625,discovery_2020_23
2022-01-28,20,intraday_volflip,299,-0.2159540993416659,discovery_2020_23
2022-02-28,20,intraday_volflip,298,0.058764339768133174,discovery_2020_23
2022-03-31,20,intraday_volflip,298,-0.03161534217342829,discovery_2020_23
2022-04-29,20,intraday_volflip,296,-0.04176551399955056,discovery_2020_23
2022-05-31,20,intraday_volflip,270,0.09924661354089923,discovery_2020_23
2022-06-30,20,intraday_volflip,299,0.06302574577450562,discovery_2020_23
2022-07-29,20,intraday_volflip,299,0.011732177384202385,discovery_2020_23
2022-08-31,20,intraday_volflip,298,-0.10028706176940784,discovery_2020_23
2022-09-30,20,intraday_volflip,300,0.026363629191838867,discovery_2020_23
2022-10-31,20,intraday_volflip,299,-0.024412920024241877,discovery_2020_23
2022-11-30,20,intraday_volflip,285,-0.07901013390398191,discovery_2020_23
2022-12-30,20,intraday_volflip,299,-0.016822746250981603,discovery_2020_23
2023-01-31,20,intraday_volflip,300,-0.29587238941036714,discovery_2020_23
2023-02-28,20,intraday_volflip,300,-0.058845542728252535,discovery_2020_23
2023-03-31,20,intraday_volflip,300,-0.07165768508538983,discovery_2020_23
2023-04-28,20,intraday_volflip,300,-0.09335796769208032,discovery_2020_23
2023-05-31,20,intraday_volflip,291,0.08728262616326353,discovery_2020_23
2023-06-30,20,intraday_volflip,290,-0.17322318400604214,discovery_2020_23
2023-07-31,20,intraday_volflip,300,-0.06844920499116657,discovery_2020_23
2023-08-31,20,intraday_volflip,300,0.23302703363370703,discovery_2020_23
2023-09-28,20,intraday_volflip,300,0.05754536999900217,discovery_2020_23
2023-10-31,20,intraday_volflip,300,-0.12847862667974153,discovery_2020_23
2023-11-30,20,intraday_volflip,286,-0.07926805731257766,discovery_2020_23
2023-12-29,20,intraday_volflip,300,-0.07199103812065603,discovery_2020_23
2024-01-31,20,intraday_volflip,300,-0.031735022804145,review_2024_25
2024-02-29,20,intraday_volflip,300,-0.1830711655764148,review_2024_25
2024-03-29,20,intraday_volflip,299,0.11756506421069726,review_2024_25
2024-04-30,20,intraday_volflip,300,-0.09336059289547662,review_2024_25
2024-05-31,20,intraday_volflip,288,-0.16104483400246758,review_2024_25
2024-06-28,20,intraday_volflip,288,-0.007955764802334134,review_2024_25
2024-07-31,20,intraday_volflip,298,-0.24277297936980105,review_2024_25
2024-08-30,20,intraday_volflip,297,-0.22614270768633185,review_2024_25
2024-09-30,20,intraday_volflip,295,-0.08205147381902832,review_2024_25
2024-10-31,20,intraday_volflip,298,-0.03758489448647964,review_2024_25
2024-11-29,20,intraday_volflip,283,-0.3205541042662258,review_2024_25
2024-12-31,20,intraday_volflip,299,0.018417992862113083,review_2024_25
2025-01-27,20,intraday_volflip,296,-0.029230939366614434,review_2024_25
2025-02-28,20,intraday_volflip,297,-0.14527189009539188,review_2024_25
2025-03-31,20,intraday_volflip,297,-0.019745349259580103,review_2024_25
2025-04-30,20,intraday_volflip,298,-0.27523819607865524,review_2024_25
2025-05-30,20,intraday_volflip,291,-0.04760140633767505,review_2024_25
2025-06-30,20,intraday_volflip,291,0.10450405218725908,review_2024_25
2025-07-31,20,intraday_volflip,298,-0.0758987146498089,review_2024_25
2025-08-29,20,intraday_volflip,296,0.15736476075459127,review_2024_25
2025-09-30,20,intraday_volflip,299,-0.1647577673936856,review_2024_25
2025-10-31,20,intraday_volflip,298,-0.13505733639961828,review_2024_25
2025-11-28,20,intraday_volflip,286,0.12094094877407015,review_2024_25
2025-12-31,20,intraday_volflip,296,0.02929501488719265,review_2024_25
2026-01-30,20,intraday_volflip,297,0.03430596944251735,seen_2026
2026-02-27,20,intraday_volflip,298,-0.08440628189441798,seen_2026
2026-03-31,20,intraday_volflip,298,0.1281928848313441,seen_2026
2026-04-30,20,intraday_volflip,299,0.05182150793472649,seen_2026
2026-05-29,20,intraday_volflip,280,0.15977718374687724,seen_2026
2026-06-30,20,intraday_volflip,299,-0.2486938564790914,seen_2026
2026-07-31,20,intraday_volflip,299,-0.23666766589612795,seen_2026
2020-02-28,20,intraday_turn,299,-0.11613431797266055,discovery_2020_23
2020-03-31,20,intraday_turn,296,-0.06627131731384879,discovery_2020_23
2020-04-30,20,intraday_turn,297,0.001954517950463458,discovery_2020_23
2020-05-29,20,intraday_turn,277,0.09088338837563684,discovery_2020_23
2020-06-30,20,intraday_turn,277,0.0791395136911974,discovery_2020_23
2020-07-31,20,intraday_turn,297,-0.15867964914869973,discovery_2020_23
2020-08-31,20,intraday_turn,299,-0.1247749909962737,discovery_2020_23
2020-09-30,20,intraday_turn,296,-0.01136976730197069,discovery_2020_23
2020-10-30,20,intraday_turn,296,0.01287265694045355,discovery_2020_23
2020-11-30,20,intraday_turn,274,-0.04312621684884459,discovery_2020_23
2020-12-31,20,intraday_turn,271,0.11731242312423125,discovery_2020_23
2021-01-29,20,intraday_turn,299,0.09695765493004202,discovery_2020_23
2021-02-26,20,intraday_turn,297,-0.023365800211437797,discovery_2020_23
2021-03-31,20,intraday_turn,299,-0.22074611119840182,discovery_2020_23
2021-04-30,20,intraday_turn,299,0.09849116742609594,discovery_2020_23
2021-05-31,20,intraday_turn,273,0.20808582906812584,discovery_2020_23
2021-06-30,20,intraday_turn,271,0.227281552227287,discovery_2020_23
2021-07-30,20,intraday_turn,298,0.021758515776607402,discovery_2020_23
2021-08-31,20,intraday_turn,299,-0.04442999907073199,discovery_2020_23
2021-09-30,20,intraday_turn,299,-0.21986400079280075,discovery_2020_23
2021-10-29,20,intraday_turn,297,-0.15968818382573335,discovery_2020_23
2021-11-30,20,intraday_turn,270,-0.11233534865367108,discovery_2020_23
2021-12-31,20,intraday_turn,271,-0.10862397026022876,discovery_2020_23
2022-01-28,20,intraday_turn,299,-0.027390185112588564,discovery_2020_23
2022-02-28,20,intraday_turn,298,-0.07903029758880356,discovery_2020_23
2022-03-31,20,intraday_turn,298,-0.02720160542390607,discovery_2020_23
2022-04-29,20,intraday_turn,296,-0.0869923619765627,discovery_2020_23
2022-05-31,20,intraday_turn,270,-0.07843029068075871,discovery_2020_23
2022-06-30,20,intraday_turn,271,-0.16911644116441163,discovery_2020_23
2022-07-29,20,intraday_turn,299,-0.22286064189836005,discovery_2020_23
2022-08-31,20,intraday_turn,298,-0.1486420398004874,discovery_2020_23
2022-09-30,20,intraday_turn,300,-0.09477106354193589,discovery_2020_23
2022-10-31,20,intraday_turn,299,-0.2880087989046261,discovery_2020_23
2022-11-30,20,intraday_turn,285,-0.15051509303194394,discovery_2020_23
2022-12-30,20,intraday_turn,284,0.0442442757609436,discovery_2020_23
2023-01-31,20,intraday_turn,300,-0.08858206998337406,discovery_2020_23
2023-02-28,20,intraday_turn,300,-0.007991644351603907,discovery_2020_23
2023-03-31,20,intraday_turn,300,-0.08363515150168335,discovery_2020_23
2023-04-28,20,intraday_turn,300,0.0396146799918616,discovery_2020_23
2023-05-31,20,intraday_turn,291,-0.03295170660680111,discovery_2020_23
2023-06-30,20,intraday_turn,290,-0.206401322579177,discovery_2020_23
2023-07-31,20,intraday_turn,300,-0.0837062634029267,discovery_2020_23
2023-08-31,20,intraday_turn,300,0.04209246769408549,discovery_2020_23
2023-09-28,20,intraday_turn,300,0.04740080156538172,discovery_2020_23
2023-10-31,20,intraday_turn,300,0.04932367506394967,discovery_2020_23
2023-11-30,20,intraday_turn,286,0.079947225931194,discovery_2020_23
2023-12-29,20,intraday_turn,286,-0.06305505316955921,discovery_2020_23
2024-01-31,20,intraday_turn,300,-0.12340405153435687,review_2024_25
2024-02-29,20,intraday_turn,300,0.11590018954657229,review_2024_25
2024-03-29,20,intraday_turn,299,-0.12441227456449652,review_2024_25
2024-04-30,20,intraday_turn,300,0.013437482638695986,review_2024_25
2024-05-31,20,intraday_turn,288,-0.06947391582170889,review_2024_25
2024-06-28,20,intraday_turn,288,0.04999417270495,review_2024_25
2024-07-31,20,intraday_turn,298,-0.20412132413916448,review_2024_25
2024-08-30,20,intraday_turn,297,-0.08406851024300689,review_2024_25
2024-09-30,20,intraday_turn,295,0.1506193498929577,review_2024_25
2024-10-31,20,intraday_turn,298,0.05750214514135864,review_2024_25
2024-11-29,20,intraday_turn,283,-0.13872143469039178,review_2024_25
2024-12-31,20,intraday_turn,283,0.00045427062033882864,review_2024_25
2025-01-27,20,intraday_turn,296,0.035912508461859435,review_2024_25
2025-02-28,20,intraday_turn,297,-0.2894707882231078,review_2024_25
2025-03-31,20,intraday_turn,296,-0.06245138626364455,review_2024_25
2025-04-30,20,intraday_turn,298,-0.004343905642543197,review_2024_25
2025-05-30,20,intraday_turn,291,0.1594505158839982,review_2024_25
2025-06-30,20,intraday_turn,291,0.2281447959504076,review_2024_25
2025-07-31,20,intraday_turn,298,0.08736123326143751,review_2024_25
2025-08-29,20,intraday_turn,296,0.2557989422396202,review_2024_25
2025-09-30,20,intraday_turn,298,-0.21659875747840307,review_2024_25
2025-10-31,20,intraday_turn,298,-0.08396392376549948,review_2024_25
2025-11-28,20,intraday_turn,286,0.0893417352021202,review_2024_25
2025-12-31,20,intraday_turn,285,0.07456676981223784,review_2024_25
2026-01-30,20,intraday_turn,297,0.05950490524519051,seen_2026
2026-02-27,20,intraday_turn,298,-0.22799749282884124,seen_2026
2026-03-31,20,intraday_turn,298,0.07743639170543166,seen_2026
2026-04-30,20,intraday_turn,299,0.014429305739489574,seen_2026
2026-05-29,20,intraday_turn,280,0.0052003214326713345,seen_2026
2026-06-30,20,intraday_turn,281,-0.5014732447078929,seen_2026
2026-07-31,20,intraday_turn,299,0.12028710020954715,seen_2026
2020-02-28,20,intraday_revised,299,-0.23813157953805753,discovery_2020_23
2020-03-31,20,intraday_revised,296,-0.13870226468897912,discovery_2020_23
2020-04-30,20,intraday_revised,297,0.040229998254817115,discovery_2020_23
2020-05-29,20,intraday_revised,277,0.048822007209772846,discovery_2020_23
2020-06-30,20,intraday_revised,277,0.0350113881583479,discovery_2020_23
2020-07-31,20,intraday_revised,297,-0.23640597724296816,discovery_2020_23
2020-08-31,20,intraday_revised,299,-0.15312071032308128,discovery_2020_23
2020-09-30,20,intraday_revised,296,0.022401291892817317,discovery_2020_23
2020-10-30,20,intraday_revised,296,-0.012867104392528122,discovery_2020_23
2020-11-30,20,intraday_revised,274,0.03441142798807032,discovery_2020_23
2020-12-31,20,intraday_revised,271,-0.04540132166027543,discovery_2020_23
2021-01-29,20,intraday_revised,299,0.008848062764928203,discovery_2020_23
2021-02-26,20,intraday_revised,297,-0.09797778254154095,discovery_2020_23
2021-03-31,20,intraday_revised,299,-0.2507373571861462,discovery_2020_23
2021-04-30,20,intraday_revised,299,0.11553994298668942,discovery_2020_23
2021-05-31,20,intraday_revised,273,0.1444188310359017,discovery_2020_23
2021-06-30,20,intraday_revised,271,0.13541953066589488,discovery_2020_23
2021-07-30,20,intraday_revised,298,0.12883996980874715,discovery_2020_23
2021-08-31,20,intraday_revised,299,-0.1704909746093299,discovery_2020_23
2021-09-30,20,intraday_revised,299,-0.3469370324950116,discovery_2020_23
2021-10-29,20,intraday_revised,297,-0.0641826282516526,discovery_2020_23
2021-11-30,20,intraday_revised,270,-0.0786726351485756,discovery_2020_23
2021-12-31,20,intraday_revised,271,-0.11751412667832396,discovery_2020_23
2022-01-28,20,intraday_revised,299,-0.15950014135486862,discovery_2020_23
2022-02-28,20,intraday_revised,298,-0.02626362387086052,discovery_2020_23
2022-03-31,20,intraday_revised,298,-0.03791387851193589,discovery_2020_23
2022-04-29,20,intraday_revised,296,-0.08719896389099845,discovery_2020_23
2022-05-31,20,intraday_revised,270,-0.0008824996658237549,discovery_2020_23
2022-06-30,20,intraday_revised,271,-0.06363082748474544,discovery_2020_23
2022-07-29,20,intraday_revised,299,-0.13132954651055015,discovery_2020_23
2022-08-31,20,intraday_revised,298,-0.18724358350853829,discovery_2020_23
2022-09-30,20,intraday_revised,300,-0.07385771773661061,discovery_2020_23
2022-10-31,20,intraday_revised,299,-0.1774941078763664,discovery_2020_23
2022-11-30,20,intraday_revised,285,-0.14661943144596593,discovery_2020_23
2022-12-30,20,intraday_revised,284,0.05182429382956113,discovery_2020_23
2023-01-31,20,intraday_revised,300,-0.23658715449597745,discovery_2020_23
2023-02-28,20,intraday_revised,300,-0.06780653118367982,discovery_2020_23
2023-03-31,20,intraday_revised,300,-0.14390382115356837,discovery_2020_23
2023-04-28,20,intraday_revised,300,-0.021914475456162992,discovery_2020_23
2023-05-31,20,intraday_revised,291,0.03916405728783681,discovery_2020_23
2023-06-30,20,intraday_revised,290,-0.18674370231143836,discovery_2020_23
2023-07-31,20,intraday_revised,300,-0.0915832398137757,discovery_2020_23
2023-08-31,20,intraday_revised,300,0.1872656362848476,discovery_2020_23
2023-09-28,20,intraday_revised,300,0.06855506011744375,discovery_2020_23
2023-10-31,20,intraday_revised,300,-0.06084257722867343,discovery_2020_23
2023-11-30,20,intraday_revised,286,0.010447347183572047,discovery_2020_23
2023-12-29,20,intraday_revised,286,-0.04185878843349091,discovery_2020_23
2024-01-31,20,intraday_revised,300,0.010174336400886339,review_2024_25
2024-02-29,20,intraday_revised,300,-0.04194535960903587,review_2024_25
2024-03-29,20,intraday_revised,299,-0.028570857796875716,review_2024_25
2024-04-30,20,intraday_revised,300,-0.04724363604040045,review_2024_25
2024-05-31,20,intraday_revised,288,-0.14818258723862573,review_2024_25
2024-06-28,20,intraday_revised,288,0.044581821250738465,review_2024_25
2024-07-31,20,intraday_revised,298,-0.2557534510730371,review_2024_25
2024-08-30,20,intraday_revised,297,-0.18629840945277187,review_2024_25
2024-09-30,20,intraday_revised,295,0.07170061794759132,review_2024_25
2024-10-31,20,intraday_revised,298,0.018978818620858727,review_2024_25
2024-11-29,20,intraday_revised,283,-0.26961278988871956,review_2024_25
2024-12-31,20,intraday_revised,283,-0.011545250754205708,review_2024_25
2025-01-27,20,intraday_revised,296,0.05511230264732316,review_2024_25
2025-02-28,20,intraday_revised,297,-0.22769095678476334,review_2024_25
2025-03-31,20,intraday_revised,296,-0.05906062876157008,review_2024_25
2025-04-30,20,intraday_revised,298,-0.14449613619355275,review_2024_25
2025-05-30,20,intraday_revised,291,0.09917604896737445,review_2024_25
2025-06-30,20,intraday_revised,291,0.17416692730022282,review_2024_25
2025-07-31,20,intraday_revised,298,-0.00045776614203809994,review_2024_25
2025-08-29,20,intraday_revised,296,0.263498012650555,review_2024_25
2025-09-30,20,intraday_revised,298,-0.19922585565919382,review_2024_25
2025-10-31,20,intraday_revised,298,-0.18359868578718885,review_2024_25
2025-11-28,20,intraday_revised,286,0.16206440056277624,review_2024_25
2025-12-31,20,intraday_revised,285,0.04865428012647069,review_2024_25
2026-01-30,20,intraday_revised,297,0.011912386598662492,seen_2026
2026-02-27,20,intraday_revised,298,-0.21017272568253267,seen_2026
2026-03-31,20,intraday_revised,298,0.1390600127104358,seen_2026
2026-04-30,20,intraday_revised,299,0.017253035846557876,seen_2026
2026-05-29,20,intraday_revised,280,0.07385134285604955,seen_2026
2026-06-30,20,intraday_revised,281,-0.477825611959026,seen_2026
2026-07-31,20,intraday_revised,299,-0.029165454104897286,seen_2026
2020-02-28,20,overnight_volflip,299,-0.1472622387825189,discovery_2020_23
2020-03-31,20,overnight_volflip,296,0.13566710142373148,discovery_2020_23
2020-04-30,20,overnight_volflip,297,-0.010596171490056523,discovery_2020_23
2020-05-29,20,overnight_volflip,277,-0.02953384060613045,discovery_2020_23
2020-06-30,20,overnight_volflip,277,-0.013014796136721133,discovery_2020_23
2020-07-31,20,overnight_volflip,297,-0.07102819920051937,discovery_2020_23
2020-08-31,20,overnight_volflip,299,-0.01649211201680242,discovery_2020_23
2020-09-30,20,overnight_volflip,296,-0.03350777588065723,discovery_2020_23
2020-10-30,20,overnight_volflip,296,-0.13654224332190432,discovery_2020_23
2020-11-30,20,overnight_volflip,274,-0.0352981325244099,discovery_2020_23
2020-12-31,20,overnight_volflip,297,-0.014398016075868427,discovery_2020_23
2021-01-29,20,overnight_volflip,299,0.0028621134050990514,discovery_2020_23
2021-02-26,20,overnight_volflip,297,-0.2021241803120998,discovery_2020_23
2021-03-31,20,overnight_volflip,299,0.14436219164552985,discovery_2020_23
2021-04-30,20,overnight_volflip,299,0.1445493928306884,discovery_2020_23
2021-05-31,20,overnight_volflip,273,-0.07750914990458199,discovery_2020_23
2021-06-30,20,overnight_volflip,296,0.19262482821804852,discovery_2020_23
2021-07-30,20,overnight_volflip,298,-0.0328061200544422,discovery_2020_23
2021-08-31,20,overnight_volflip,299,-0.010741402321566175,discovery_2020_23
2021-09-30,20,overnight_volflip,299,-0.11831722276909941,discovery_2020_23
2021-10-29,20,overnight_volflip,297,0.013159912287110899,discovery_2020_23
2021-11-30,20,overnight_volflip,270,-0.15490262096304214,discovery_2020_23
2021-12-31,20,overnight_volflip,298,0.012699331851583432,discovery_2020_23
2022-01-28,20,overnight_volflip,299,0.12801599605126746,discovery_2020_23
2022-02-28,20,overnight_volflip,298,0.12053896238314095,discovery_2020_23
2022-03-31,20,overnight_volflip,298,-0.07513441922246226,discovery_2020_23
2022-04-29,20,overnight_volflip,296,-0.00014251599024907015,discovery_2020_23
2022-05-31,20,overnight_volflip,270,-0.059657282245494415,discovery_2020_23
2022-06-30,20,overnight_volflip,299,0.04259253439877893,discovery_2020_23
2022-07-29,20,overnight_volflip,299,-0.16930222410372928,discovery_2020_23
2022-08-31,20,overnight_volflip,298,-0.15515732848677113,discovery_2020_23
2022-09-30,20,overnight_volflip,300,-0.018981546348464693,discovery_2020_23
2022-10-31,20,overnight_volflip,299,-0.18009382505443197,discovery_2020_23
2022-11-30,20,overnight_volflip,285,-0.02661076405250766,discovery_2020_23
2022-12-30,20,overnight_volflip,299,-0.08429464754879958,discovery_2020_23
2023-01-31,20,overnight_volflip,300,-0.15976968581842763,discovery_2020_23
2023-02-28,20,overnight_volflip,300,0.2135468171868576,discovery_2020_23
2023-03-31,20,overnight_volflip,300,-0.017264636273736377,discovery_2020_23
2023-04-28,20,overnight_volflip,300,0.18273100044713433,discovery_2020_23
2023-05-31,20,overnight_volflip,291,0.1419018354119085,discovery_2020_23
2023-06-30,20,overnight_volflip,290,-0.20714379727341053,discovery_2020_23
2023-07-31,20,overnight_volflip,300,-0.02400026666962966,discovery_2020_23
2023-08-31,20,overnight_volflip,300,-0.08876720852453915,discovery_2020_23
2023-09-28,20,overnight_volflip,300,-0.13260650963519963,discovery_2020_23
2023-10-31,20,overnight_volflip,300,0.032648445258525116,discovery_2020_23
2023-11-30,20,overnight_volflip,286,-0.0036153930694923417,discovery_2020_23
2023-12-29,20,overnight_volflip,300,-0.043447825742026144,discovery_2020_23
2024-01-31,20,overnight_volflip,300,0.05908866310610855,review_2024_25
2024-02-29,20,overnight_volflip,300,-0.0789417747910287,review_2024_25
2024-03-29,20,overnight_volflip,299,-0.05700973199473376,review_2024_25
2024-04-30,20,overnight_volflip,300,-0.1498101090012111,review_2024_25
2024-05-31,20,overnight_volflip,288,-0.11369554995599389,review_2024_25
2024-06-28,20,overnight_volflip,288,-0.07696801819723587,review_2024_25
2024-07-31,20,overnight_volflip,298,-0.08710413228649508,review_2024_25
2024-08-30,20,overnight_volflip,297,0.010221478342283711,review_2024_25
2024-09-30,20,overnight_volflip,295,-0.04362420185664739,review_2024_25
2024-10-31,20,overnight_volflip,298,-0.00816474413556505,review_2024_25
2024-11-29,20,overnight_volflip,283,-0.29560839966496216,review_2024_25
2024-12-31,20,overnight_volflip,299,-0.00687661331956634,review_2024_25
2025-01-27,20,overnight_volflip,296,-0.052166211897362987,review_2024_25
2025-02-28,20,overnight_volflip,297,-0.18857129573571133,review_2024_25
2025-03-31,20,overnight_volflip,297,-0.0019416924284074528,review_2024_25
2025-04-30,20,overnight_volflip,298,-0.07845217384601853,review_2024_25
2025-05-30,20,overnight_volflip,291,0.0780909668528909,review_2024_25
2025-06-30,20,overnight_volflip,291,0.027478101607276307,review_2024_25
2025-07-31,20,overnight_volflip,298,-0.020177760183596186,review_2024_25
2025-08-29,20,overnight_volflip,296,0.12519931333490655,review_2024_25
2025-09-30,20,overnight_volflip,299,-0.21294615741339373,review_2024_25
2025-10-31,20,overnight_volflip,298,-0.1617655761221562,review_2024_25
2025-11-28,20,overnight_volflip,286,0.11948207370063586,review_2024_25
2025-12-31,20,overnight_volflip,296,0.012084427889109668,review_2024_25
2026-01-30,20,overnight_volflip,297,0.10359720270879583,seen_2026
2026-02-27,20,overnight_volflip,298,-0.17236223567204959,seen_2026
2026-03-31,20,overnight_volflip,298,0.057895967146040096,seen_2026
2026-04-30,20,overnight_volflip,299,0.007848533141792553,seen_2026
2026-05-29,20,overnight_volflip,280,0.22100464109418305,seen_2026
2026-06-30,20,overnight_volflip,299,-0.3567264483401046,seen_2026
2026-07-31,20,overnight_volflip,299,0.22720525097138827,seen_2026
2020-02-28,20,overnight_turn,299,-0.19268029898318778,discovery_2020_23
2020-03-31,20,overnight_turn,296,0.2573649096120296,discovery_2020_23
2020-04-30,20,overnight_turn,297,-0.004707882703272422,discovery_2020_23
2020-05-29,20,overnight_turn,277,0.13373268115368347,discovery_2020_23
2020-06-30,20,overnight_turn,277,-0.001351673330931864,discovery_2020_23
2020-07-31,20,overnight_turn,297,-0.2303202670273934,discovery_2020_23
2020-08-31,20,overnight_turn,298,-0.13030352120603678,discovery_2020_23
2020-09-30,20,overnight_turn,296,-0.19387970404919555,discovery_2020_23
2020-10-30,20,overnight_turn,295,-0.052150663288677825,discovery_2020_23
2020-11-30,20,overnight_turn,274,-0.06658888556698775,discovery_2020_23
2020-12-31,20,overnight_turn,271,-0.026236041772182427,discovery_2020_23
2021-01-29,20,overnight_turn,299,-0.03196606495545182,discovery_2020_23
2021-02-26,20,overnight_turn,297,-0.2023408399247326,discovery_2020_23
2021-03-31,20,overnight_turn,299,0.04626966846984355,discovery_2020_23
2021-04-30,20,overnight_turn,298,0.032422040884252726,discovery_2020_23
2021-05-31,20,overnight_turn,273,0.1529422276904269,discovery_2020_23
2021-06-30,20,overnight_turn,271,0.03078105781057811,discovery_2020_23
2021-07-30,20,overnight_turn,298,-0.10893179057754489,discovery_2020_23
2021-08-31,20,overnight_turn,299,-0.26806997287155526,discovery_2020_23
2021-09-30,20,overnight_turn,299,-0.09217280107885414,discovery_2020_23
2021-10-29,20,overnight_turn,297,0.13433187736832108,discovery_2020_23
2021-11-30,20,overnight_turn,270,-0.09827662599801454,discovery_2020_23
2021-12-31,20,overnight_turn,271,-0.21933896174586048,discovery_2020_23
2022-01-28,20,overnight_turn,299,0.1618168123966714,discovery_2020_23
2022-02-28,20,overnight_turn,298,-0.07682240918307448,discovery_2020_23
2022-03-31,20,overnight_turn,298,-0.31001087506463393,discovery_2020_23
2022-04-29,20,overnight_turn,296,0.03082949396207767,discovery_2020_23
2022-05-31,20,overnight_turn,270,0.19024071207206417,discovery_2020_23
2022-06-30,20,overnight_turn,271,-0.05985095145069098,discovery_2020_23
2022-07-29,20,overnight_turn,299,-0.11761447222935449,discovery_2020_23
2022-08-31,20,overnight_turn,298,-0.2811325755591877,discovery_2020_23
2022-09-30,20,overnight_turn,300,0.11281126599309683,discovery_2020_23
2022-10-31,20,overnight_turn,299,-0.1299364772956836,discovery_2020_23
2022-11-30,20,overnight_turn,285,-0.19759687185893884,discovery_2020_23
2022-12-30,20,overnight_turn,284,0.19385363162705446,discovery_2020_23
2023-01-31,20,overnight_turn,300,-0.21920292270617736,discovery_2020_23
2023-02-28,20,overnight_turn,300,0.04309603440038222,discovery_2020_23
2023-03-31,20,overnight_turn,300,-0.09874954166157403,discovery_2020_23
2023-04-28,20,overnight_turn,300,-0.020862907749158274,discovery_2020_23
2023-05-31,20,overnight_turn,291,-0.04161549362305149,discovery_2020_23
2023-06-30,20,overnight_turn,290,-0.20192925333074196,discovery_2020_23
2023-07-31,20,overnight_turn,300,-0.19556972855253946,discovery_2020_23
2023-08-31,20,overnight_turn,300,-0.12584184268714096,discovery_2020_23
2023-09-28,20,overnight_turn,300,-0.008523659733624228,discovery_2020_23
2023-10-31,20,overnight_turn,300,-0.05685982913676118,discovery_2020_23
2023-11-30,20,overnight_turn,286,0.0029434059921604793,discovery_2020_23
2023-12-29,20,overnight_turn,286,-0.35669444248876475,discovery_2020_23
2024-01-31,20,overnight_turn,300,0.2678010053223947,review_2024_25
2024-02-29,20,overnight_turn,300,-0.14268982351913148,review_2024_25
2024-03-29,20,overnight_turn,299,-0.12954684059770938,review_2024_25
2024-04-30,20,overnight_turn,300,0.017134412604584492,review_2024_25
2024-05-31,20,overnight_turn,288,-0.14694328233445458,review_2024_25
2024-06-28,20,overnight_turn,288,0.13457484859079932,review_2024_25
2024-07-31,20,overnight_turn,298,-0.26392046250030066,review_2024_25
2024-08-30,20,overnight_turn,296,0.2323574730354391,review_2024_25
2024-09-30,20,overnight_turn,295,0.08435452055306777,review_2024_25
2024-10-31,20,overnight_turn,298,-0.003611795675753277,review_2024_25
2024-11-29,20,overnight_turn,283,-0.10701514553072893,review_2024_25
2024-12-31,20,overnight_turn,283,0.10656352217507738,review_2024_25
2025-01-27,20,overnight_turn,296,0.07868658119749922,review_2024_25
2025-02-28,20,overnight_turn,297,-0.2656906753104566,review_2024_25
2025-03-31,20,overnight_turn,296,-0.2782128560978176,review_2024_25
2025-04-30,20,overnight_turn,298,-0.14642741591917424,review_2024_25
2025-05-30,20,overnight_turn,291,0.27237097238980823,review_2024_25
2025-06-30,20,overnight_turn,291,0.31880607146931456,review_2024_25
2025-07-31,20,overnight_turn,298,0.28143457877919503,review_2024_25
2025-08-29,20,overnight_turn,296,0.1768949226576345,review_2024_25
2025-09-30,20,overnight_turn,298,-0.11598946797303203,review_2024_25
2025-10-31,20,overnight_turn,298,-0.2829105855076091,review_2024_25
2025-11-28,20,overnight_turn,286,0.08329258460314908,review_2024_25
2025-12-31,20,overnight_turn,285,0.12649438932936566,review_2024_25
2026-01-30,20,overnight_turn,297,0.0019941389674611024,seen_2026
2026-02-27,20,overnight_turn,298,-0.3141450547477278,seen_2026
2026-03-31,20,overnight_turn,298,0.17669296951467944,seen_2026
2026-04-30,20,overnight_turn,299,0.05379452762003097,seen_2026
2026-05-29,20,overnight_turn,280,0.16924742115879757,seen_2026
2026-06-30,20,overnight_turn,281,-0.5559930339971226,seen_2026
2026-07-31,20,overnight_turn,299,0.15559697376007078,seen_2026
2020-02-28,20,overnight_revised,299,-0.216113218558506,discovery_2020_23
2020-03-31,20,overnight_revised,296,0.23381538345864222,discovery_2020_23
2020-04-30,20,overnight_revised,297,0.03600719511787719,discovery_2020_23
2020-05-29,20,overnight_revised,277,0.0912102968840236,discovery_2020_23
2020-06-30,20,overnight_revised,277,-0.01922605691933661,discovery_2020_23
2020-07-31,20,overnight_revised,297,-0.21634823491045246,discovery_2020_23
2020-08-31,20,overnight_revised,298,-0.12028231862771793,discovery_2020_23
2020-09-30,20,overnight_revised,296,-0.1477033273643443,discovery_2020_23
2020-10-30,20,overnight_revised,295,-0.1607449026335225,discovery_2020_23
2020-11-30,20,overnight_revised,274,-0.029528136097479164,discovery_2020_23
2020-12-31,20,overnight_revised,271,-0.030308950148325013,discovery_2020_23
2021-01-29,20,overnight_revised,299,-0.0834421318760675,discovery_2020_23
2021-02-26,20,overnight_revised,297,-0.33051217782761405,discovery_2020_23
2021-03-31,20,overnight_revised,299,0.17223900698076364,discovery_2020_23
2021-04-30,20,overnight_revised,298,0.16952016631036182,discovery_2020_23
2021-05-31,20,overnight_revised,273,0.03683818934666417,discovery_2020_23
2021-06-30,20,overnight_revised,271,0.08092455924559246,discovery_2020_23
2021-07-30,20,overnight_revised,298,-0.1353316786640393,discovery_2020_23
2021-08-31,20,overnight_revised,299,-0.16268418786748867,discovery_2020_23
2021-09-30,20,overnight_revised,299,-0.17163903971168432,discovery_2020_23
2021-10-29,20,overnight_revised,297,0.14468093682738267,discovery_2020_23
2021-11-30,20,overnight_revised,270,-0.17602073127367157,discovery_2020_23
2021-12-31,20,overnight_revised,271,-0.19531121049357636,discovery_2020_23
2022-01-28,20,overnight_revised,299,0.21636957827765826,discovery_2020_23
2022-02-28,20,overnight_revised,298,-0.02469783240136319,discovery_2020_23
2022-03-31,20,overnight_revised,298,-0.22779865134688043,discovery_2020_23
2022-04-29,20,overnight_revised,296,0.08976216950133847,discovery_2020_23
2022-05-31,20,overnight_revised,270,0.11582053645310564,discovery_2020_23
2022-06-30,20,overnight_revised,271,-0.06781407519957552,discovery_2020_23
2022-07-29,20,overnight_revised,299,-0.24668503364013783,discovery_2020_23
2022-08-31,20,overnight_revised,298,-0.34042995554521666,discovery_2020_23
2022-09-30,20,overnight_revised,300,0.0017980201777820061,discovery_2020_23
2022-10-31,20,overnight_revised,299,-0.23064308320800883,discovery_2020_23
2022-11-30,20,overnight_revised,285,-0.12470004960943976,discovery_2020_23
2022-12-30,20,overnight_revised,284,0.10606603139245804,discovery_2020_23
2023-01-31,20,overnight_revised,300,-0.2940639208530041,discovery_2020_23
2023-02-28,20,overnight_revised,300,0.10687052078356427,discovery_2020_23
2023-03-31,20,overnight_revised,300,-0.15644662718474647,discovery_2020_23
2023-04-28,20,overnight_revised,300,0.06856034780847034,discovery_2020_23
2023-05-31,20,overnight_revised,291,0.05988926169594204,discovery_2020_23
2023-06-30,20,overnight_revised,290,-0.2806409195074278,discovery_2020_23
2023-07-31,20,overnight_revised,300,-0.13086367626306958,discovery_2020_23
2023-08-31,20,overnight_revised,300,-0.16568984099823328,discovery_2020_23
2023-09-28,20,overnight_revised,300,-0.0861870533973725,discovery_2020_23
2023-10-31,20,overnight_revised,300,-0.10366278599925115,discovery_2020_23
2023-11-30,20,overnight_revised,286,0.013837804120690324,discovery_2020_23
2023-12-29,20,overnight_revised,286,-0.3499976724171457,discovery_2020_23
2024-01-31,20,overnight_revised,300,0.2495779119299021,review_2024_25
2024-02-29,20,overnight_revised,300,-0.1434771656881936,review_2024_25
2024-03-29,20,overnight_revised,299,-0.1654499709209646,review_2024_25
2024-04-30,20,overnight_revised,300,-0.1585373170813009,review_2024_25
2024-05-31,20,overnight_revised,288,-0.17166357217205394,review_2024_25
2024-06-28,20,overnight_revised,288,0.0049547078515767866,review_2024_25
2024-07-31,20,overnight_revised,298,-0.24014745558290695,review_2024_25
2024-08-30,20,overnight_revised,296,0.24587885265851367,review_2024_25
2024-09-30,20,overnight_revised,295,0.050120130507539724,review_2024_25
2024-10-31,20,overnight_revised,298,-0.042394500366564655,review_2024_25
2024-11-29,20,overnight_revised,283,-0.32981582450117586,review_2024_25
2024-12-31,20,overnight_revised,283,0.0026573242931009103,review_2024_25
2025-01-27,20,overnight_revised,296,0.02497444669991369,review_2024_25
2025-02-28,20,overnight_revised,297,-0.2991726052439668,review_2024_25
2025-03-31,20,overnight_revised,296,-0.17079321422805877,review_2024_25
2025-04-30,20,overnight_revised,298,-0.14907878773314684,review_2024_25
2025-05-30,20,overnight_revised,291,0.20179282609031923,review_2024_25
2025-06-30,20,overnight_revised,291,0.18600263283515434,review_2024_25
2025-07-31,20,overnight_revised,298,0.2632849107900173,review_2024_25
2025-08-29,20,overnight_revised,296,0.2781414696668934,review_2024_25
2025-09-30,20,overnight_revised,298,-0.29400684314216197,review_2024_25
2025-10-31,20,overnight_revised,298,-0.3164043750562572,review_2024_25
2025-11-28,20,overnight_revised,286,0.13441066435626928,review_2024_25
2025-12-31,20,overnight_revised,285,0.13763576977970973,review_2024_25
2026-01-30,20,overnight_revised,297,0.09230799885165873,seen_2026
2026-02-27,20,overnight_revised,298,-0.3266015553394344,seen_2026
2026-03-31,20,overnight_revised,298,0.20523227380536982,seen_2026
2026-04-30,20,overnight_revised,299,0.02082557069426051,seen_2026
2026-05-29,20,overnight_revised,280,0.19441046077482765,seen_2026
2026-06-30,20,overnight_revised,281,-0.5737114517193262,seen_2026
2026-07-31,20,overnight_revised,299,0.28062111744081314,seen_2026
2020-03-31,40,team_coin,296,0.010357358720832762,discovery_2020_23
2020-04-30,40,team_coin,294,0.0752834560279336,discovery_2020_23
2020-05-29,40,team_coin,276,0.20780043204298554,discovery_2020_23
2020-06-30,40,team_coin,276,-0.037428689659108755,discovery_2020_23
2020-07-31,40,team_coin,274,-0.3223099950035886,discovery_2020_23
2020-08-31,40,team_coin,296,-0.11213001662641335,discovery_2020_23
2020-09-30,40,team_coin,296,-0.12659392828884353,discovery_2020_23
2020-10-30,40,team_coin,294,-0.0784397382485128,discovery_2020_23
2020-11-30,40,team_coin,270,0.2046402099708729,discovery_2020_23
2020-12-31,40,team_coin,271,-0.014087861466849963,discovery_2020_23
2021-01-29,40,team_coin,271,-0.14409596267997574,discovery_2020_23
2021-02-26,40,team_coin,297,-0.2929512795284608,discovery_2020_23
2021-03-31,40,team_coin,296,-0.17216877894843996,discovery_2020_23
2021-04-30,40,team_coin,298,0.1310836814192519,discovery_2020_23
2021-05-31,40,team_coin,271,0.19876033867618192,discovery_2020_23
2021-06-30,40,team_coin,270,0.22071480937857704,discovery_2020_23
2021-07-30,40,team_coin,271,0.03379338205146758,discovery_2020_23
2021-08-31,40,team_coin,298,-0.40516267029921316,discovery_2020_23
2021-09-30,40,team_coin,298,-0.22783923586828406,discovery_2020_23
2021-10-29,40,team_coin,297,0.07116292422600982,discovery_2020_23
2021-11-30,40,team_coin,270,-0.12840964567562357,discovery_2020_23
2021-12-31,40,team_coin,270,-0.28977874864596076,discovery_2020_23
2022-01-28,40,team_coin,269,-0.08157479047988014,discovery_2020_23
2022-02-28,40,team_coin,298,-0.07335662748560326,discovery_2020_23
2022-03-31,40,team_coin,297,-0.11086285845747343,discovery_2020_23
2022-04-29,40,team_coin,296,-0.17015067364402217,discovery_2020_23
2022-05-31,40,team_coin,269,0.015156869795519145,discovery_2020_23
2022-06-30,40,team_coin,270,-0.15892399072689609,discovery_2020_23
2022-07-29,40,team_coin,271,-0.27127455277876333,discovery_2020_23
2022-08-31,40,team_coin,298,-0.2423972616560886,discovery_2020_23
2022-09-30,40,team_coin,298,0.06453573744852865,discovery_2020_23
2022-10-31,40,team_coin,299,-0.2221952369194855,discovery_2020_23
2022-11-30,40,team_coin,284,-0.09857483678519233,discovery_2020_23
2022-12-30,40,team_coin,284,0.12837598021201335,discovery_2020_23
2023-01-31,40,team_coin,284,-0.3151333539404052,discovery_2020_23
2023-02-28,40,team_coin,300,-0.02198335537061523,discovery_2020_23
2023-03-31,40,team_coin,300,-0.17173124145823843,discovery_2020_23
2023-04-28,40,team_coin,300,-0.10374297658551747,discovery_2020_23
2023-05-31,40,team_coin,291,0.01835168420591286,discovery_2020_23
2023-06-30,40,team_coin,290,-0.2366139906538722,discovery_2020_23
2023-07-31,40,team_coin,290,-0.16128651330882202,discovery_2020_23
2023-08-31,40,team_coin,300,-0.06719452438360425,discovery_2020_23
2023-09-28,40,team_coin,300,0.12104925726877466,discovery_2020_23
2023-10-31,40,team_coin,300,0.0026453874169246367,discovery_2020_23
2023-11-30,40,team_coin,286,-0.05102741566228018,discovery_2020_23
2023-12-29,40,team_coin,286,-0.20010928738902947,discovery_2020_23
2024-01-31,40,team_coin,286,0.006686767236199957,review_2024_25
2024-02-29,40,team_coin,300,-0.0501214513629545,review_2024_25
2024-03-29,40,team_coin,299,-0.15825596692688934,review_2024_25
2024-04-30,40,team_coin,299,-0.10049740746560122,review_2024_25
2024-05-31,40,team_coin,288,-0.0311624649859944,review_2024_25
2024-06-28,40,team_coin,288,0.041705347849326245,review_2024_25
2024-07-31,40,team_coin,287,-0.3005907076397595,review_2024_25
2024-08-30,40,team_coin,296,0.18022182428962089,review_2024_25
2024-09-30,40,team_coin,294,0.09867294404312311,review_2024_25
2024-10-31,40,team_coin,295,-0.036354206946325636,review_2024_25
2024-11-29,40,team_coin,281,-0.4155328884033358,review_2024_25
2024-12-31,40,team_coin,283,-0.005273880710017567,review_2024_25
2025-01-27,40,team_coin,280,0.07067586722637856,review_2024_25
2025-02-28,40,team_coin,295,-0.22608166842129837,review_2024_25
2025-03-31,40,team_coin,295,-0.14462691513595266,review_2024_25
2025-04-30,40,team_coin,294,-0.06752818504796029,review_2024_25
2025-05-30,40,team_coin,290,0.2502154788279693,review_2024_25
2025-06-30,40,team_coin,291,0.21458690017810084,review_2024_25
2025-07-31,40,team_coin,289,0.22081245277015474,review_2024_25
2025-08-29,40,team_coin,296,0.2649273310290259,review_2024_25
2025-09-30,40,team_coin,296,-0.2939001993828655,review_2024_25
2025-10-31,40,team_coin,296,-0.2932837305718662,review_2024_25
2025-11-28,40,team_coin,286,0.1434950342975437,review_2024_25
2025-12-31,40,team_coin,285,0.15150618581832123,review_2024_25
2026-01-30,40,team_coin,284,0.09469468218765482,seen_2026
2026-02-27,40,team_coin,296,-0.4117089830634571,seen_2026
2026-03-31,40,team_coin,297,0.11912156207458223,seen_2026
2026-04-30,40,team_coin,298,-0.006761289807686072,seen_2026
2026-05-29,40,team_coin,280,0.23944875390174436,seen_2026
2026-06-30,40,team_coin,280,-0.6065970229212108,seen_2026
2026-07-31,40,team_coin,281,0.21055530759598828,seen_2026
2020-03-31,40,interday_volflip,296,-0.0679375453675353,discovery_2020_23
2020-04-30,40,interday_volflip,294,0.06862515237953662,discovery_2020_23
2020-05-29,40,interday_volflip,276,0.11836647855574081,discovery_2020_23
2020-06-30,40,interday_volflip,276,-0.1064653757794552,discovery_2020_23
2020-07-31,40,interday_volflip,294,-0.2695099512126087,discovery_2020_23
2020-08-31,40,interday_volflip,296,-0.006165179759711189,discovery_2020_23
2020-09-30,40,interday_volflip,296,0.02510029289690307,discovery_2020_23
2020-10-30,40,interday_volflip,294,0.08391937789751176,discovery_2020_23
2020-11-30,40,interday_volflip,270,0.2818410860688532,discovery_2020_23
2020-12-31,40,interday_volflip,271,0.08135144586739985,discovery_2020_23
2021-01-29,40,interday_volflip,297,-0.11065100838914892,discovery_2020_23
2021-02-26,40,interday_volflip,297,-0.2640334049730023,discovery_2020_23
2021-03-31,40,interday_volflip,296,-0.14431442228052396,discovery_2020_23
2021-04-30,40,interday_volflip,298,-0.0008559025191648476,discovery_2020_23
2021-05-31,40,interday_volflip,271,0.02811185290480985,discovery_2020_23
2021-06-30,40,interday_volflip,270,0.1317826338114682,discovery_2020_23
2021-07-30,40,interday_volflip,296,0.12113346011651094,discovery_2020_23
2021-08-31,40,interday_volflip,299,-0.22064924273272982,discovery_2020_23
2021-09-30,40,interday_volflip,298,-0.17122722944776705,discovery_2020_23
2021-10-29,40,interday_volflip,297,0.11164900732106275,discovery_2020_23
2021-11-30,40,interday_volflip,270,-0.07263841031783942,discovery_2020_23
2021-12-31,40,interday_volflip,270,-0.08695349988850731,discovery_2020_23
2022-01-28,40,interday_volflip,297,-0.1253350809627987,discovery_2020_23
2022-02-28,40,interday_volflip,298,-0.03619073271830786,discovery_2020_23
2022-03-31,40,interday_volflip,298,-0.04428587510147576,discovery_2020_23
2022-04-29,40,interday_volflip,296,-0.2753506101605387,discovery_2020_23
2022-05-31,40,interday_volflip,269,-0.023112754553249296,discovery_2020_23
2022-06-30,40,interday_volflip,271,-0.1312899452523937,discovery_2020_23
2022-07-29,40,interday_volflip,299,-0.2413325138975862,discovery_2020_23
2022-08-31,40,interday_volflip,298,0.14853320981129559,discovery_2020_23
2022-09-30,40,interday_volflip,298,-0.004843161797223211,discovery_2020_23
2022-10-31,40,interday_volflip,299,0.07653834930753518,discovery_2020_23
2022-11-30,40,interday_volflip,284,0.05723284476283165,discovery_2020_23
2022-12-30,40,interday_volflip,284,0.005822924931417775,discovery_2020_23
2023-01-31,40,interday_volflip,284,-0.26636945144499213,discovery_2020_23
2023-02-28,40,interday_volflip,300,0.04859609551217235,discovery_2020_23
2023-03-31,40,interday_volflip,300,-0.09263036255958398,discovery_2020_23
2023-04-28,40,interday_volflip,300,-0.19466002718255554,discovery_2020_23
2023-05-31,40,interday_volflip,291,0.06365455882424556,discovery_2020_23
2023-06-30,40,interday_volflip,290,-0.055368488124218136,discovery_2020_23
2023-07-31,40,interday_volflip,299,-0.09269601131287737,discovery_2020_23
2023-08-31,40,interday_volflip,300,0.10556650629451438,discovery_2020_23
2023-09-28,40,interday_volflip,300,0.11626875439595884,discovery_2020_23
2023-10-31,40,interday_volflip,300,-0.0028718364910044585,discovery_2020_23
2023-11-30,40,interday_volflip,286,-0.0783424079377339,discovery_2020_23
2023-12-29,40,interday_volflip,286,0.09212714014190508,discovery_2020_23
2024-01-31,40,interday_volflip,300,-0.2393126856201401,review_2024_25
2024-02-29,40,interday_volflip,300,-0.11392861186553387,review_2024_25
2024-03-29,40,interday_volflip,299,-0.022125658711512914,review_2024_25
2024-04-30,40,interday_volflip,299,0.004991582680523445,review_2024_25
2024-05-31,40,interday_volflip,288,0.12042708044480349,review_2024_25
2024-06-28,40,interday_volflip,288,0.017401006313572775,review_2024_25
2024-07-31,40,interday_volflip,298,0.014679126643772406,review_2024_25
2024-08-30,40,interday_volflip,296,-0.12538763725204402,review_2024_25
2024-09-30,40,interday_volflip,294,0.022976567268314166,review_2024_25
2024-10-31,40,interday_volflip,295,-0.019053074669416244,review_2024_25
2024-11-29,40,interday_volflip,281,-0.36080109033088503,review_2024_25
2024-12-31,40,interday_volflip,283,0.11219266580612915,review_2024_25
2025-01-27,40,interday_volflip,280,0.019578977635820605,review_2024_25
2025-02-28,40,interday_volflip,295,-0.02648761142310397,review_2024_25
2025-03-31,40,interday_volflip,295,0.024249078804250132,review_2024_25
2025-04-30,40,interday_volflip,295,0.05355485970199792,review_2024_25
2025-05-30,40,interday_volflip,291,-0.09438079737188922,review_2024_25
2025-06-30,40,interday_volflip,291,0.17276005395206023,review_2024_25
2025-07-31,40,interday_volflip,296,0.12013168792829809,review_2024_25
2025-08-29,40,interday_volflip,296,0.18484339501288652,review_2024_25
2025-09-30,40,interday_volflip,296,-0.22888492292831006,review_2024_25
2025-10-31,40,interday_volflip,296,-0.04172138239934849,review_2024_25
2025-11-28,40,interday_volflip,286,-0.023196575336932233,review_2024_25
2025-12-31,40,interday_volflip,285,0.06578870463341259,review_2024_25
2026-01-30,40,interday_volflip,295,0.10512589222913357,seen_2026
2026-02-27,40,interday_volflip,296,-0.19272687858045523,seen_2026
2026-03-31,40,interday_volflip,297,-0.008420867481270166,seen_2026
2026-04-30,40,interday_volflip,298,0.07806080376841974,seen_2026
2026-05-29,40,interday_volflip,280,0.23204814930219592,seen_2026
2026-06-30,40,interday_volflip,280,-0.09552946192826804,seen_2026
2026-07-31,40,interday_volflip,299,-0.20898074218095597,seen_2026
2020-03-31,40,interday_turn,296,-0.1761757382435146,discovery_2020_23
2020-04-30,40,interday_turn,294,0.04684399948717417,discovery_2020_23
2020-05-29,40,interday_turn,276,0.1861383522122067,discovery_2020_23
2020-06-30,40,interday_turn,276,0.04543028780982007,discovery_2020_23
2020-07-31,40,interday_turn,274,-0.20811638470518992,discovery_2020_23
2020-08-31,40,interday_turn,296,-0.15062375364082445,discovery_2020_23
2020-09-30,40,interday_turn,296,-0.1261159464549295,discovery_2020_23
2020-10-30,40,interday_turn,294,-0.021067854457106495,discovery_2020_23
2020-11-30,40,interday_turn,270,0.0308240777575062,discovery_2020_23
2020-12-31,40,interday_turn,271,-0.05151158864529822,discovery_2020_23
2021-01-29,40,interday_turn,271,-0.10052940280029941,discovery_2020_23
2021-02-26,40,interday_turn,297,-0.010308966684805613,discovery_2020_23
2021-03-31,40,interday_turn,296,-0.18065769930176706,discovery_2020_23
2021-04-30,40,interday_turn,298,0.08042332145045887,discovery_2020_23
2021-05-31,40,interday_turn,271,0.20126197040452046,discovery_2020_23
2021-06-30,40,interday_turn,270,0.24828720406163166,discovery_2020_23
2021-07-30,40,interday_turn,271,0.04822130574246919,discovery_2020_23
2021-08-31,40,interday_turn,299,-0.3031991664381201,discovery_2020_23
2021-09-30,40,interday_turn,298,-0.20439317241381785,discovery_2020_23
2021-10-29,40,interday_turn,297,-0.09314084804946501,discovery_2020_23
2021-11-30,40,interday_turn,270,-0.028587806963943894,discovery_2020_23
2021-12-31,40,interday_turn,270,-0.18520939705153874,discovery_2020_23
2022-01-28,40,interday_turn,270,-0.13545592539082774,discovery_2020_23
2022-02-28,40,interday_turn,298,-0.036065578230737264,discovery_2020_23
2022-03-31,40,interday_turn,298,0.009540310009061293,discovery_2020_23
2022-04-29,40,interday_turn,296,-0.1476683134679773,discovery_2020_23
2022-05-31,40,interday_turn,269,-0.09220503618910456,discovery_2020_23
2022-06-30,40,interday_turn,271,-0.09664520174613513,discovery_2020_23
2022-07-29,40,interday_turn,271,-0.24827451479306228,discovery_2020_23
2022-08-31,40,interday_turn,298,-0.20212200340592515,discovery_2020_23
2022-09-30,40,interday_turn,298,0.007586584752440702,discovery_2020_23
2022-10-31,40,interday_turn,299,-0.2507835963278041,discovery_2020_23
2022-11-30,40,interday_turn,284,-0.14351169352601514,discovery_2020_23
2022-12-30,40,interday_turn,284,0.1420872265248817,discovery_2020_23
2023-01-31,40,interday_turn,284,-0.19368408920714172,discovery_2020_23
2023-02-28,40,interday_turn,300,-0.05936821520239114,discovery_2020_23
2023-03-31,40,interday_turn,300,-0.039013766819631326,discovery_2020_23
2023-04-28,40,interday_turn,300,0.02791587813903903,discovery_2020_23
2023-05-31,40,interday_turn,291,-0.05200317508242066,discovery_2020_23
2023-06-30,40,interday_turn,290,-0.2645210017257985,discovery_2020_23
2023-07-31,40,interday_turn,290,-0.1767274283879713,discovery_2020_23
2023-08-31,40,interday_turn,300,-0.13452638362648472,discovery_2020_23
2023-09-28,40,interday_turn,300,0.12616465312361608,discovery_2020_23
2023-10-31,40,interday_turn,300,0.07353283667453041,discovery_2020_23
2023-11-30,40,interday_turn,286,0.04677491728740909,discovery_2020_23
2023-12-29,40,interday_turn,286,-0.18935264855204623,discovery_2020_23
2024-01-31,40,interday_turn,286,-0.07393993348627471,review_2024_25
2024-02-29,40,interday_turn,300,0.06882899463649579,review_2024_25
2024-03-29,40,interday_turn,299,-0.11458735260428843,review_2024_25
2024-04-30,40,interday_turn,299,-0.0553078494309892,review_2024_25
2024-05-31,40,interday_turn,288,-0.011195439438329137,review_2024_25
2024-06-28,40,interday_turn,288,0.0386264261802282,review_2024_25
2024-07-31,40,interday_turn,287,-0.2619238309865754,review_2024_25
2024-08-30,40,interday_turn,296,0.12550979330640347,review_2024_25
2024-09-30,40,interday_turn,294,0.19333036621833324,review_2024_25
2024-10-31,40,interday_turn,295,0.00977591333961805,review_2024_25
2024-11-29,40,interday_turn,281,-0.33802853465153754,review_2024_25
2024-12-31,40,interday_turn,283,-0.1141511122217857,review_2024_25
2025-01-27,40,interday_turn,280,0.03411944072871742,review_2024_25
2025-02-28,40,interday_turn,295,-0.3074584109419762,review_2024_25
2025-03-31,40,interday_turn,295,-0.13694416826881203,review_2024_25
2025-04-30,40,interday_turn,295,0.04480075387772134,review_2024_25
2025-05-30,40,interday_turn,291,0.14946288385418155,review_2024_25
2025-06-30,40,interday_turn,291,0.14886755582783032,review_2024_25
2025-07-31,40,interday_turn,289,0.21040398918187964,review_2024_25
2025-08-29,40,interday_turn,296,0.22850955732311662,review_2024_25
2025-09-30,40,interday_turn,296,-0.3053046753863629,review_2024_25
2025-10-31,40,interday_turn,296,-0.2310105174511954,review_2024_25
2025-11-28,40,interday_turn,286,0.1524201283209907,review_2024_25
2025-12-31,40,interday_turn,285,0.10553480505305818,review_2024_25
2026-01-30,40,interday_turn,284,0.08615308370722054,seen_2026
2026-02-27,40,interday_turn,296,-0.4327961743865822,seen_2026
2026-03-31,40,interday_turn,297,0.11634254755060125,seen_2026
2026-04-30,40,interday_turn,298,0.043866421164349384,seen_2026
2026-05-29,40,interday_turn,280,0.1805314572161088,seen_2026
2026-06-30,40,interday_turn,280,-0.6,seen_2026
2026-07-31,40,interday_turn,281,0.2651940887941063,seen_2026
2020-03-31,40,interday_revised,296,-0.12346004910539475,discovery_2020_23
2020-04-30,40,interday_revised,294,0.06598166416508795,discovery_2020_23
2020-05-29,40,interday_revised,276,0.19088029435657425,discovery_2020_23
2020-06-30,40,interday_revised,276,-0.013037485195702117,discovery_2020_23
2020-07-31,40,interday_revised,274,-0.29077771325188567,discovery_2020_23
2020-08-31,40,interday_revised,296,-0.11422008844978589,discovery_2020_23
2020-09-30,40,interday_revised,296,-0.07022677531152108,discovery_2020_23
2020-10-30,40,interday_revised,294,0.02162318505235148,discovery_2020_23
2020-11-30,40,interday_revised,270,0.19454283018666613,discovery_2020_23
2020-12-31,40,interday_revised,271,0.0012872922846875528,discovery_2020_23
2021-01-29,40,interday_revised,271,-0.14557830860922985,discovery_2020_23
2021-02-26,40,interday_revised,297,-0.1942451908894862,discovery_2020_23
2021-03-31,40,interday_revised,296,-0.20694346118074927,discovery_2020_23
2021-04-30,40,interday_revised,298,0.07921984315331265,discovery_2020_23
2021-05-31,40,interday_revised,271,0.16008935691079634,discovery_2020_23
2021-06-30,40,interday_revised,270,0.20943832486652,discovery_2020_23
2021-07-30,40,interday_revised,271,0.10002230904661988,discovery_2020_23
2021-08-31,40,interday_revised,299,-0.3105691502185002,discovery_2020_23
2021-09-30,40,interday_revised,298,-0.20558009961799664,discovery_2020_23
2021-10-29,40,interday_revised,297,0.06120710474949205,discovery_2020_23
2021-11-30,40,interday_revised,270,-0.06401765365134691,discovery_2020_23
2021-12-31,40,interday_revised,270,-0.21543874484465741,discovery_2020_23
2022-01-28,40,interday_revised,270,-0.13273160776959564,discovery_2020_23
2022-02-28,40,interday_revised,298,-0.05666256060186611,discovery_2020_23
2022-03-31,40,interday_revised,298,-0.025835335446373786,discovery_2020_23
2022-04-29,40,interday_revised,296,-0.26044820353730275,discovery_2020_23
2022-05-31,40,interday_revised,269,-0.06450924813806634,discovery_2020_23
2022-06-30,40,interday_revised,271,-0.15947531534138873,discovery_2020_23
2022-07-29,40,interday_revised,271,-0.28855141243488136,discovery_2020_23
2022-08-31,40,interday_revised,298,-0.09229848710443983,discovery_2020_23
2022-09-30,40,interday_revised,298,0.0076230881487869846,discovery_2020_23
2022-10-31,40,interday_revised,299,-0.09426006150254765,discovery_2020_23
2022-11-30,40,interday_revised,284,-0.042661121920508104,discovery_2020_23
2022-12-30,40,interday_revised,284,0.08734361203132368,discovery_2020_23
2023-01-31,40,interday_revised,284,-0.26999156551487985,discovery_2020_23
2023-02-28,40,interday_revised,300,-0.008556983966488515,discovery_2020_23
2023-03-31,40,interday_revised,300,-0.12348270536339293,discovery_2020_23
2023-04-28,40,interday_revised,300,-0.1724242146798311,discovery_2020_23
2023-05-31,40,interday_revised,291,0.014723714262061175,discovery_2020_23
2023-06-30,40,interday_revised,290,-0.19041966549276285,discovery_2020_23
2023-07-31,40,interday_revised,290,-0.1593434831116529,discovery_2020_23
2023-08-31,40,interday_revised,300,-0.022235358170646338,discovery_2020_23
2023-09-28,40,interday_revised,300,0.18370180079990098,discovery_2020_23
2023-10-31,40,interday_revised,300,0.010046205389525541,discovery_2020_23
2023-11-30,40,interday_revised,286,-0.006375669758899023,discovery_2020_23
2023-12-29,40,interday_revised,286,-0.09814474333686206,discovery_2020_23
2024-01-31,40,interday_revised,286,-0.14881064363244625,review_2024_25
2024-02-29,40,interday_revised,300,-0.03805064923506387,review_2024_25
2024-03-29,40,interday_revised,299,-0.0817710223723444,review_2024_25
2024-04-30,40,interday_revised,299,-0.019734237166393574,review_2024_25
2024-05-31,40,interday_revised,288,0.0368079082422065,review_2024_25
2024-06-28,40,interday_revised,288,0.06668535419906844,review_2024_25
2024-07-31,40,interday_revised,287,-0.19872838019810385,review_2024_25
2024-08-30,40,interday_revised,296,0.013105401240994458,review_2024_25
2024-09-30,40,interday_revised,294,0.12614716969103834,review_2024_25
2024-10-31,40,interday_revised,295,-0.013906159599007222,review_2024_25
2024-11-29,40,interday_revised,281,-0.4313194301723111,review_2024_25
2024-12-31,40,interday_revised,283,-0.0036479307390845333,review_2024_25
2025-01-27,40,interday_revised,280,0.042759861783882164,review_2024_25
2025-02-28,40,interday_revised,295,-0.1906048349730345,review_2024_25
2025-03-31,40,interday_revised,295,-0.09579360727777245,review_2024_25
2025-04-30,40,interday_revised,295,0.10525914780220649,review_2024_25
2025-05-30,40,interday_revised,291,0.04514023018619922,review_2024_25
2025-06-30,40,interday_revised,291,0.17270916497148459,review_2024_25
2025-07-31,40,interday_revised,289,0.18705753092311975,review_2024_25
2025-08-29,40,interday_revised,296,0.23703318110097768,review_2024_25
2025-09-30,40,interday_revised,296,-0.2520811653323078,review_2024_25
2025-10-31,40,interday_revised,296,-0.22940444296376497,review_2024_25
2025-11-28,40,interday_revised,286,0.05911291008258928,review_2024_25
2025-12-31,40,interday_revised,285,0.10823869898950089,review_2024_25
2026-01-30,40,interday_revised,284,0.11278346645774437,seen_2026
2026-02-27,40,interday_revised,296,-0.3771024927588429,seen_2026
2026-03-31,40,interday_revised,297,0.08922345163955904,seen_2026
2026-04-30,40,interday_revised,298,0.025932599320402063,seen_2026
2026-05-29,40,interday_revised,280,0.21236914465016865,seen_2026
2026-06-30,40,interday_revised,280,-0.4591982769459523,seen_2026
2026-07-31,40,interday_revised,281,0.07696595919993245,seen_2026
2020-03-31,40,intraday_volflip,296,0.09383418115778044,discovery_2020_23
2020-04-30,40,intraday_volflip,294,0.07924821612948971,discovery_2020_23
2020-05-29,40,intraday_volflip,276,0.06695596052510172,discovery_2020_23
2020-06-30,40,intraday_volflip,276,-0.07201666642884663,discovery_2020_23
2020-07-31,40,intraday_volflip,294,-0.2751510927291867,discovery_2020_23
2020-08-31,40,intraday_volflip,296,0.01671849238126725,discovery_2020_23
2020-09-30,40,intraday_volflip,296,0.04034249966453356,discovery_2020_23
2020-10-30,40,intraday_volflip,294,0.05683756698144058,discovery_2020_23
2020-11-30,40,intraday_volflip,270,0.2281509729595437,discovery_2020_23
2020-12-31,40,intraday_volflip,271,-0.015498154981549815,discovery_2020_23
2021-01-29,40,intraday_volflip,297,-0.12883072160370357,discovery_2020_23
2021-02-26,40,intraday_volflip,297,-0.31167836536964055,discovery_2020_23
2021-03-31,40,intraday_volflip,296,-0.16561399612247069,discovery_2020_23
2021-04-30,40,intraday_volflip,298,0.023843516986207385,discovery_2020_23
2021-05-31,40,intraday_volflip,271,0.13408541061535537,discovery_2020_23
2021-06-30,40,intraday_volflip,270,0.07870463091248012,discovery_2020_23
2021-07-30,40,intraday_volflip,296,0.1658546065325726,discovery_2020_23
2021-08-31,40,intraday_volflip,299,-0.21761631281738308,discovery_2020_23
2021-09-30,40,intraday_volflip,298,-0.2102273674124672,discovery_2020_23
2021-10-29,40,intraday_volflip,297,0.10235576400616372,discovery_2020_23
2021-11-30,40,intraday_volflip,270,-0.10818165592603221,discovery_2020_23
2021-12-31,40,intraday_volflip,270,-0.1103362354210382,discovery_2020_23
2022-01-28,40,intraday_volflip,297,-0.12742335006872615,discovery_2020_23
2022-02-28,40,intraday_volflip,298,0.026885768642407104,discovery_2020_23
2022-03-31,40,intraday_volflip,298,0.09219941692059448,discovery_2020_23
2022-04-29,40,intraday_volflip,296,-0.18237859187881778,discovery_2020_23
2022-05-31,40,intraday_volflip,269,0.055807711104902284,discovery_2020_23
2022-06-30,40,intraday_volflip,271,-0.1201378337312785,discovery_2020_23
2022-07-29,40,intraday_volflip,299,-0.1926193318306548,discovery_2020_23
2022-08-31,40,intraday_volflip,298,0.1577347853974641,discovery_2020_23
2022-09-30,40,intraday_volflip,298,0.022316952188599814,discovery_2020_23
2022-10-31,40,intraday_volflip,299,0.014753877578505532,discovery_2020_23
2022-11-30,40,intraday_volflip,284,0.08041086862452214,discovery_2020_23
2022-12-30,40,intraday_volflip,284,-0.06490243130035854,discovery_2020_23
2023-01-31,40,intraday_volflip,284,-0.23287354033702581,discovery_2020_23
2023-02-28,40,intraday_volflip,300,0.055595728841431574,discovery_2020_23
2023-03-31,40,intraday_volflip,300,-0.11629284769830776,discovery_2020_23
2023-04-28,40,intraday_volflip,300,-0.08800812809393334,discovery_2020_23
2023-05-31,40,intraday_volflip,291,0.08051317513111825,discovery_2020_23
2023-06-30,40,intraday_volflip,290,-0.023924266597126292,discovery_2020_23
2023-07-31,40,intraday_volflip,299,-0.11696796929361856,discovery_2020_23
2023-08-31,40,intraday_volflip,300,0.18195668840764895,discovery_2020_23
2023-09-28,40,intraday_volflip,300,0.07508247323027471,discovery_2020_23
2023-10-31,40,intraday_volflip,300,-0.07874138760513184,discovery_2020_23
2023-11-30,40,intraday_volflip,286,-0.11776496585155703,discovery_2020_23
2023-12-29,40,intraday_volflip,286,0.011315258722697001,discovery_2020_23
2024-01-31,40,intraday_volflip,300,-0.031707244714635326,review_2024_25
2024-02-29,40,intraday_volflip,300,-0.1781673327667355,review_2024_25
2024-03-29,40,intraday_volflip,299,-0.11329983912815689,review_2024_25
2024-04-30,40,intraday_volflip,299,-0.13267536082242823,review_2024_25
2024-05-31,40,intraday_volflip,288,-0.003954522985664854,review_2024_25
2024-06-28,40,intraday_volflip,288,0.01929437485180586,review_2024_25
2024-07-31,40,intraday_volflip,298,-0.1289463203952986,review_2024_25
2024-08-30,40,intraday_volflip,296,0.00038960377943428787,review_2024_25
2024-09-30,40,intraday_volflip,294,-0.04180491887852497,review_2024_25
2024-10-31,40,intraday_volflip,295,0.002926603873928881,review_2024_25
2024-11-29,40,intraday_volflip,281,-0.14448290408765913,review_2024_25
2024-12-31,40,intraday_volflip,283,0.11642881875872933,review_2024_25
2025-01-27,40,intraday_volflip,280,-0.036900272179281955,review_2024_25
2025-02-28,40,intraday_volflip,295,-0.010911777804343683,review_2024_25
2025-03-31,40,intraday_volflip,295,-0.05639919620032786,review_2024_25
2025-04-30,40,intraday_volflip,295,-0.11068044849368237,review_2024_25
2025-05-30,40,intraday_volflip,291,-0.04946360214361955,review_2024_25
2025-06-30,40,intraday_volflip,291,0.21039720310267107,review_2024_25
2025-07-31,40,intraday_volflip,296,0.0867122901021206,review_2024_25
2025-08-29,40,intraday_volflip,296,0.19343457479050696,review_2024_25
2025-09-30,40,intraday_volflip,296,-0.21453805787518218,review_2024_25
2025-10-31,40,intraday_volflip,296,-0.08991240855647634,review_2024_25
2025-11-28,40,intraday_volflip,286,0.1240382369925639,review_2024_25
2025-12-31,40,intraday_volflip,285,0.05881876484766865,review_2024_25
2026-01-30,40,intraday_volflip,295,0.02054769468009946,seen_2026
2026-02-27,40,intraday_volflip,296,-0.17136044033561104,seen_2026
2026-03-31,40,intraday_volflip,297,-3.801849439433332e-05,seen_2026
2026-04-30,40,intraday_volflip,298,0.05688158095511465,seen_2026
2026-05-29,40,intraday_volflip,280,0.2498985956453526,seen_2026
2026-06-30,40,intraday_volflip,280,-0.16904953233732936,seen_2026
2026-07-31,40,intraday_volflip,299,-0.07833562415384937,seen_2026
2020-03-31,40,intraday_turn,296,-0.13728335651718526,discovery_2020_23
2020-04-30,40,intraday_turn,294,0.07100419732851705,discovery_2020_23
2020-05-29,40,intraday_turn,276,0.19482173411077872,discovery_2020_23
2020-06-30,40,intraday_turn,276,0.01308942509382001,discovery_2020_23
2020-07-31,40,intraday_turn,274,-0.16788914320085296,discovery_2020_23
2020-08-31,40,intraday_turn,296,-0.14997826986982496,discovery_2020_23
2020-09-30,40,intraday_turn,296,-0.1047904607226641,discovery_2020_23
2020-10-30,40,intraday_turn,294,-0.027058908251216263,discovery_2020_23
2020-11-30,40,intraday_turn,270,0.051550470895043506,discovery_2020_23
2020-12-31,40,intraday_turn,271,-0.016324795600897186,discovery_2020_23
2021-01-29,40,intraday_turn,271,-0.07808288083394935,discovery_2020_23
2021-02-26,40,intraday_turn,297,0.015990212298937132,discovery_2020_23
2021-03-31,40,intraday_turn,296,-0.22129078230773144,discovery_2020_23
2021-04-30,40,intraday_turn,298,0.07000874494308985,discovery_2020_23
2021-05-31,40,intraday_turn,271,0.22703498757198995,discovery_2020_23
2021-06-30,40,intraday_turn,270,0.23972009980322848,discovery_2020_23
2021-07-30,40,intraday_turn,271,0.0002200757301690664,discovery_2020_23
2021-08-31,40,intraday_turn,299,-0.22120366375781167,discovery_2020_23
2021-09-30,40,intraday_turn,298,-0.1993269091134596,discovery_2020_23
2021-10-29,40,intraday_turn,297,-0.0788747335982966,discovery_2020_23
2021-11-30,40,intraday_turn,270,-0.07220828699194051,discovery_2020_23
2021-12-31,40,intraday_turn,270,-0.16855835067976294,discovery_2020_23
2022-01-28,40,intraday_turn,270,-0.14459154973800292,discovery_2020_23
2022-02-28,40,intraday_turn,298,-0.03376745162563662,discovery_2020_23
2022-03-31,40,intraday_turn,298,0.0051408571972397865,discovery_2020_23
2022-04-29,40,intraday_turn,296,-0.18637343539120527,discovery_2020_23
2022-05-31,40,intraday_turn,269,-0.12448663197128385,discovery_2020_23
2022-06-30,40,intraday_turn,271,-0.09894182765357065,discovery_2020_23
2022-07-29,40,intraday_turn,271,-0.25453733119733735,discovery_2020_23
2022-08-31,40,intraday_turn,298,-0.1810692954550556,discovery_2020_23
2022-09-30,40,intraday_turn,298,0.034196880501370965,discovery_2020_23
2022-10-31,40,intraday_turn,299,-0.24177055509416173,discovery_2020_23
2022-11-30,40,intraday_turn,284,-0.12706500408104282,discovery_2020_23
2022-12-30,40,intraday_turn,284,0.13202558943690962,discovery_2020_23
2023-01-31,40,intraday_turn,284,-0.16885474348218843,discovery_2020_23
2023-02-28,40,intraday_turn,300,-0.05579173101923355,discovery_2020_23
2023-03-31,40,intraday_turn,300,-0.06495894398826653,discovery_2020_23
2023-04-28,40,intraday_turn,300,0.04648898165045921,discovery_2020_23
2023-05-31,40,intraday_turn,291,-0.06219265737841431,discovery_2020_23
2023-06-30,40,intraday_turn,290,-0.2430482793062856,discovery_2020_23
2023-07-31,40,intraday_turn,290,-0.17513472422280638,discovery_2020_23
2023-08-31,40,intraday_turn,300,-0.06579495327725864,discovery_2020_23
2023-09-28,40,intraday_turn,300,0.05633913303388297,discovery_2020_23
2023-10-31,40,intraday_turn,300,0.0917027637049411,discovery_2020_23
2023-11-30,40,intraday_turn,286,0.08195574913828782,discovery_2020_23
2023-12-29,40,intraday_turn,286,-0.13832356838586024,discovery_2020_23
2024-01-31,40,intraday_turn,286,-0.07497817650618718,review_2024_25
2024-02-29,40,intraday_turn,300,0.06762342555177604,review_2024_25
2024-03-29,40,intraday_turn,299,-0.06431147770229285,review_2024_25
2024-04-30,40,intraday_turn,299,-0.02980045341294247,review_2024_25
2024-05-31,40,intraday_turn,288,-0.0029236945854381933,review_2024_25
2024-06-28,40,intraday_turn,288,-0.019929851424070347,review_2024_25
2024-07-31,40,intraday_turn,287,-0.24136232687058146,review_2024_25
2024-08-30,40,intraday_turn,296,0.10977803689668096,review_2024_25
2024-09-30,40,intraday_turn,294,0.1509576029173745,review_2024_25
2024-10-31,40,intraday_turn,295,0.042573649183118595,review_2024_25
2024-11-29,40,intraday_turn,281,-0.2643652175794221,review_2024_25
2024-12-31,40,intraday_turn,283,-0.10312578425216361,review_2024_25
2025-01-27,40,intraday_turn,280,-0.013799746242982336,review_2024_25
2025-02-28,40,intraday_turn,295,-0.3150394882346316,review_2024_25
2025-03-31,40,intraday_turn,295,-0.0926935843267578,review_2024_25
2025-04-30,40,intraday_turn,295,0.028069417703321716,review_2024_25
2025-05-30,40,intraday_turn,291,0.16456692807938414,review_2024_25
2025-06-30,40,intraday_turn,291,0.13869803830284624,review_2024_25
2025-07-31,40,intraday_turn,289,0.19828282225669175,review_2024_25
2025-08-29,40,intraday_turn,296,0.17350555486148705,review_2024_25
2025-09-30,40,intraday_turn,296,-0.27563415910558764,review_2024_25
2025-10-31,40,intraday_turn,296,-0.21630875868164,review_2024_25
2025-11-28,40,intraday_turn,286,0.10108070377385261,review_2024_25
2025-12-31,40,intraday_turn,285,0.1041196151668449,review_2024_25
2026-01-30,40,intraday_turn,284,0.05842936377808553,seen_2026
2026-02-27,40,intraday_turn,296,-0.4070119896875318,seen_2026
2026-03-31,40,intraday_turn,297,0.04453568883099085,seen_2026
2026-04-30,40,intraday_turn,298,0.01872442636959707,seen_2026
2026-05-29,40,intraday_turn,280,0.1255440575954868,seen_2026
2026-06-30,40,intraday_turn,280,-0.5290563108494459,seen_2026
2026-07-31,40,intraday_turn,281,0.21352207886538702,seen_2026
2020-03-31,40,intraday_revised,296,-0.02358214739131709,discovery_2020_23
2020-04-30,40,intraday_revised,294,0.09803502126054113,discovery_2020_23
2020-05-29,40,intraday_revised,276,0.16542203527661525,discovery_2020_23
2020-06-30,40,intraday_revised,276,-0.018121887530143693,discovery_2020_23
2020-07-31,40,intraday_revised,274,-0.29925974711993664,discovery_2020_23
2020-08-31,40,intraday_revised,296,-0.0912068568422269,discovery_2020_23
2020-09-30,40,intraday_revised,296,-0.04151131100283642,discovery_2020_23
2020-10-30,40,intraday_revised,294,-7.531907307957024e-05,discovery_2020_23
2020-11-30,40,intraday_revised,270,0.19110184410394288,discovery_2020_23
2020-12-31,40,intraday_revised,271,-0.02443503846803174,discovery_2020_23
2021-01-29,40,intraday_revised,271,-0.12846937758805851,discovery_2020_23
2021-02-26,40,intraday_revised,297,-0.19060274429401947,discovery_2020_23
2021-03-31,40,intraday_revised,296,-0.2505656658199031,discovery_2020_23
2021-04-30,40,intraday_revised,298,0.10683273216100761,discovery_2020_23
2021-05-31,40,intraday_revised,271,0.2284950264319976,discovery_2020_23
2021-06-30,40,intraday_revised,270,0.18459238123979752,discovery_2020_23
2021-07-30,40,intraday_revised,271,0.12346670525528784,discovery_2020_23
2021-08-31,40,intraday_revised,299,-0.2791808395685404,discovery_2020_23
2021-09-30,40,intraday_revised,298,-0.24690103736530888,discovery_2020_23
2021-10-29,40,intraday_revised,297,0.07993764959071709,discovery_2020_23
2021-11-30,40,intraday_revised,270,-0.10016843702602911,discovery_2020_23
2021-12-31,40,intraday_revised,270,-0.19323115135418198,discovery_2020_23
2022-01-28,40,intraday_revised,270,-0.15322846270234988,discovery_2020_23
2022-02-28,40,intraday_revised,298,-0.03437962031484062,discovery_2020_23
2022-03-31,40,intraday_revised,298,0.07135212321097976,discovery_2020_23
2022-04-29,40,intraday_revised,296,-0.2087736637871553,discovery_2020_23
2022-05-31,40,intraday_revised,269,-0.051083191706152574,discovery_2020_23
2022-06-30,40,intraday_revised,271,-0.1651231218194535,discovery_2020_23
2022-07-29,40,intraday_revised,271,-0.24254289519750638,discovery_2020_23
2022-08-31,40,intraday_revised,298,-0.11723823950261067,discovery_2020_23
2022-09-30,40,intraday_revised,298,0.04239540728324406,discovery_2020_23
2022-10-31,40,intraday_revised,299,-0.14047271666180333,discovery_2020_23
2022-11-30,40,intraday_revised,284,-0.021501607787793822,discovery_2020_23
2022-12-30,40,intraday_revised,284,0.042407814821034916,discovery_2020_23
2023-01-31,40,intraday_revised,284,-0.24925320746301777,discovery_2020_23
2023-02-28,40,intraday_revised,300,0.0006133401482238691,discovery_2020_23
2023-03-31,40,intraday_revised,300,-0.15100345559395104,discovery_2020_23
2023-04-28,40,intraday_revised,300,-0.09035526632753094,discovery_2020_23
2023-05-31,40,intraday_revised,291,0.02614865424228996,discovery_2020_23
2023-06-30,40,intraday_revised,290,-0.13123818356936465,discovery_2020_23
2023-07-31,40,intraday_revised,290,-0.1585847713962731,discovery_2020_23
2023-08-31,40,intraday_revised,300,0.02917632418137979,discovery_2020_23
2023-09-28,40,intraday_revised,300,0.08264434343091516,discovery_2020_23
2023-10-31,40,intraday_revised,300,0.0170781269313389,discovery_2020_23
2023-11-30,40,intraday_revised,286,-0.02289090636060741,discovery_2020_23
2023-12-29,40,intraday_revised,286,-0.0714948814336993,discovery_2020_23
2024-01-31,40,intraday_revised,286,0.015605192702700854,review_2024_25
2024-02-29,40,intraday_revised,300,-0.047200085245401376,review_2024_25
2024-03-29,40,intraday_revised,299,-0.09898074094425535,review_2024_25
2024-04-30,40,intraday_revised,299,-0.07586451482570537,review_2024_25
2024-05-31,40,intraday_revised,288,-0.00952310622957935,review_2024_25
2024-06-28,40,intraday_revised,288,0.0033959064256979697,review_2024_25
2024-07-31,40,intraday_revised,287,-0.2427869694821166,review_2024_25
2024-08-30,40,intraday_revised,296,0.0810648861496319,review_2024_25
2024-09-30,40,intraday_revised,294,0.06731848752690178,review_2024_25
2024-10-31,40,intraday_revised,295,0.011415204153524549,review_2024_25
2024-11-29,40,intraday_revised,281,-0.2892529935423855,review_2024_25
2024-12-31,40,intraday_revised,283,0.0019907430448414865,review_2024_25
2025-01-27,40,intraday_revised,280,-0.012725570146980898,review_2024_25
2025-02-28,40,intraday_revised,295,-0.20131398016607832,review_2024_25
2025-03-31,40,intraday_revised,295,-0.06009005585370718,review_2024_25
2025-04-30,40,intraday_revised,295,-0.06760031953795813,review_2024_25
2025-05-30,40,intraday_revised,291,0.09337494866969823,review_2024_25
2025-06-30,40,intraday_revised,291,0.1952875586547257,review_2024_25
2025-07-31,40,intraday_revised,289,0.11805920136817404,review_2024_25
2025-08-29,40,intraday_revised,296,0.2173470851436953,review_2024_25
2025-09-30,40,intraday_revised,296,-0.23434261735202297,review_2024_25
2025-10-31,40,intraday_revised,296,-0.23517261483363175,review_2024_25
2025-11-28,40,intraday_revised,286,0.146881378811354,review_2024_25
2025-12-31,40,intraday_revised,285,0.11270561886111262,review_2024_25
2026-01-30,40,intraday_revised,284,0.044277536334667376,seen_2026
2026-02-27,40,intraday_revised,296,-0.3509356449209994,seen_2026
2026-03-31,40,intraday_revised,297,0.06691758872966927,seen_2026
2026-04-30,40,intraday_revised,298,0.0074165370342784975,seen_2026
2026-05-29,40,intraday_revised,280,0.2252674505687937,seen_2026
2026-06-30,40,intraday_revised,280,-0.48561698126616054,seen_2026
2026-07-31,40,intraday_revised,281,0.14113242722101332,seen_2026
2020-03-31,40,overnight_volflip,296,0.11544216526360641,discovery_2020_23
2020-04-30,40,overnight_volflip,294,-0.08387502883495024,discovery_2020_23
2020-05-29,40,overnight_volflip,276,0.06661378499362021,discovery_2020_23
2020-06-30,40,overnight_volflip,276,-0.13407457085372643,discovery_2020_23
2020-07-31,40,overnight_volflip,294,-0.17484256771579398,discovery_2020_23
2020-08-31,40,overnight_volflip,296,0.09950467796432994,discovery_2020_23
2020-09-30,40,overnight_volflip,296,-0.05358162476806544,discovery_2020_23
2020-10-30,40,overnight_volflip,294,-0.23461985708264912,discovery_2020_23
2020-11-30,40,overnight_volflip,270,0.08042207559622064,discovery_2020_23
2020-12-31,40,overnight_volflip,271,0.0351198659045414,discovery_2020_23
2021-01-29,40,overnight_volflip,297,-0.08958028608004259,discovery_2020_23
2021-02-26,40,overnight_volflip,297,-0.1199772072255294,discovery_2020_23
2021-03-31,40,overnight_volflip,296,0.1263269432760958,discovery_2020_23
2021-04-30,40,overnight_volflip,298,0.13290885102965638,discovery_2020_23
2021-05-31,40,overnight_volflip,271,0.06849822205682429,discovery_2020_23
2021-06-30,40,overnight_volflip,270,0.23255767873663863,discovery_2020_23
2021-07-30,40,overnight_volflip,296,-0.061856772026263544,discovery_2020_23
2021-08-31,40,overnight_volflip,299,-0.11764140766377143,discovery_2020_23
2021-09-30,40,overnight_volflip,298,-0.05170400008071591,discovery_2020_23
2021-10-29,40,overnight_volflip,297,-0.054959009255153866,discovery_2020_23
2021-11-30,40,overnight_volflip,270,-0.119196897868879,discovery_2020_23
2021-12-31,40,overnight_volflip,270,-0.026608203223059793,discovery_2020_23
2022-01-28,40,overnight_volflip,297,0.11523544386769136,discovery_2020_23
2022-02-28,40,overnight_volflip,298,0.11156683669085186,discovery_2020_23
2022-03-31,40,overnight_volflip,298,-0.11776018334227664,discovery_2020_23
2022-04-29,40,overnight_volflip,296,-0.05780781718765206,discovery_2020_23
2022-05-31,40,overnight_volflip,269,-0.01798627956658482,discovery_2020_23
2022-06-30,40,overnight_volflip,271,0.02229035525649374,discovery_2020_23
2022-07-29,40,overnight_volflip,299,-0.13255151738526505,discovery_2020_23
2022-08-31,40,overnight_volflip,298,-0.16541138076008224,discovery_2020_23
2022-09-30,40,overnight_volflip,298,0.036146978091273915,discovery_2020_23
2022-10-31,40,overnight_volflip,299,-0.18973311485713001,discovery_2020_23
2022-11-30,40,overnight_volflip,284,-0.022420493348298424,discovery_2020_23
2022-12-30,40,overnight_volflip,284,0.008579318950909867,discovery_2020_23
2023-01-31,40,overnight_volflip,284,-0.17756007606814792,discovery_2020_23
2023-02-28,40,overnight_volflip,300,0.14038911543461594,discovery_2020_23
2023-03-31,40,overnight_volflip,300,0.001514239047100523,discovery_2020_23
2023-04-28,40,overnight_volflip,300,0.11290041573814857,discovery_2020_23
2023-05-31,40,overnight_volflip,291,0.1324988190836089,discovery_2020_23
2023-06-30,40,overnight_volflip,290,-0.21610072857482007,discovery_2020_23
2023-07-31,40,overnight_volflip,299,0.016838679266458666,discovery_2020_23
2023-08-31,40,overnight_volflip,300,-0.0572855253947266,discovery_2020_23
2023-09-28,40,overnight_volflip,300,-0.004670279303416592,discovery_2020_23
2023-10-31,40,overnight_volflip,300,0.042768874387739235,discovery_2020_23
2023-11-30,40,overnight_volflip,286,-0.15605053188987933,discovery_2020_23
2023-12-29,40,overnight_volflip,286,-0.06639805206322,discovery_2020_23
2024-01-31,40,overnight_volflip,300,0.06752942449687532,review_2024_25
2024-02-29,40,overnight_volflip,300,-0.012860588768829595,review_2024_25
2024-03-29,40,overnight_volflip,299,-0.04036139264245408,review_2024_25
2024-04-30,40,overnight_volflip,299,-0.25470090458126643,review_2024_25
2024-05-31,40,overnight_volflip,288,-0.06729521076723373,review_2024_25
2024-06-28,40,overnight_volflip,288,0.05799012574900837,review_2024_25
2024-07-31,40,overnight_volflip,298,-0.04261193364045338,review_2024_25
2024-08-30,40,overnight_volflip,296,0.08110375398510991,review_2024_25
2024-09-30,40,overnight_volflip,294,-0.0889683530032595,review_2024_25
2024-10-31,40,overnight_volflip,295,-0.030106251239430504,review_2024_25
2024-11-29,40,overnight_volflip,281,-0.28525998117881207,review_2024_25
2024-12-31,40,overnight_volflip,283,0.006816177116832261,review_2024_25
2025-01-27,40,overnight_volflip,280,0.04898242997766556,review_2024_25
2025-02-28,40,overnight_volflip,295,-0.13015955039399513,review_2024_25
2025-03-31,40,overnight_volflip,295,-0.02407799792366036,review_2024_25
2025-04-30,40,overnight_volflip,295,-0.022321848010065364,review_2024_25
2025-05-30,40,overnight_volflip,291,0.26126500022705446,review_2024_25
2025-06-30,40,overnight_volflip,291,0.09069146802412888,review_2024_25
2025-07-31,40,overnight_volflip,296,0.040457252321659094,review_2024_25
2025-08-29,40,overnight_volflip,296,0.060404780743763785,review_2024_25
2025-09-30,40,overnight_volflip,296,-0.22281876151289026,review_2024_25
2025-10-31,40,overnight_volflip,296,-0.22505217081488263,review_2024_25
2025-11-28,40,overnight_volflip,286,0.14665028766487645,review_2024_25
2025-12-31,40,overnight_volflip,285,0.053114460998624255,review_2024_25
2026-01-30,40,overnight_volflip,295,0.1685491984150729,seen_2026
2026-02-27,40,overnight_volflip,296,-0.21473648703439563,seen_2026
2026-03-31,40,overnight_volflip,297,0.05003279667709199,seen_2026
2026-04-30,40,overnight_volflip,298,-0.0859677559414939,seen_2026
2026-05-29,40,overnight_volflip,280,0.20183949139292956,seen_2026
2026-06-30,40,overnight_volflip,280,-0.37659664026326867,seen_2026
2026-07-31,40,overnight_volflip,299,0.30084894849150023,seen_2026
2020-03-31,40,overnight_turn,296,0.20834097291110437,discovery_2020_23
2020-04-30,40,overnight_turn,294,0.04119955242977778,discovery_2020_23
2020-05-29,40,overnight_turn,276,0.15923005653887187,discovery_2020_23
2020-06-30,40,overnight_turn,276,-0.03635792868252451,discovery_2020_23
2020-07-31,40,overnight_turn,274,-0.29078646363070415,discovery_2020_23
2020-08-31,40,overnight_turn,296,-0.16102992372533548,discovery_2020_23
2020-09-30,40,overnight_turn,296,-0.26675504472114636,discovery_2020_23
2020-10-30,40,overnight_turn,294,-0.03071058469086715,discovery_2020_23
2020-11-30,40,overnight_turn,270,-0.06717757140396681,discovery_2020_23
2020-12-31,40,overnight_turn,271,-0.025290620553264358,discovery_2020_23
2021-01-29,40,overnight_turn,271,0.003404240437896542,discovery_2020_23
2021-02-26,40,overnight_turn,297,-0.20782329003805516,discovery_2020_23
2021-03-31,40,overnight_turn,296,0.039265305367000285,discovery_2020_23
2021-04-30,40,overnight_turn,298,0.1004856764996829,discovery_2020_23
2021-05-31,40,overnight_turn,271,0.1395110392264555,discovery_2020_23
2021-06-30,40,overnight_turn,270,0.10827552885194279,discovery_2020_23
2021-07-30,40,overnight_turn,271,-0.12297650917685647,discovery_2020_23
2021-08-31,40,overnight_turn,298,-0.3134488760691456,discovery_2020_23
2021-09-30,40,overnight_turn,298,-0.0914498502850615,discovery_2020_23
2021-10-29,40,overnight_turn,297,0.16439126072820154,discovery_2020_23
2021-11-30,40,overnight_turn,270,-0.07609890641677941,discovery_2020_23
2021-12-31,40,overnight_turn,270,-0.29290575437032007,discovery_2020_23
2022-01-28,40,overnight_turn,269,0.11649776466147788,discovery_2020_23
2022-02-28,40,overnight_turn,298,-0.0654582910200068,discovery_2020_23
2022-03-31,40,overnight_turn,297,-0.30682256846794015,discovery_2020_23
2022-04-29,40,overnight_turn,296,0.10677802347997256,discovery_2020_23
2022-05-31,40,overnight_turn,269,0.1748127662204436,discovery_2020_23
2022-06-30,40,overnight_turn,270,-0.09916703628002821,discovery_2020_23
2022-07-29,40,overnight_turn,271,-0.1078817909231263,discovery_2020_23
2022-08-31,40,overnight_turn,298,-0.36395854575020026,discovery_2020_23
2022-09-30,40,overnight_turn,298,0.14794350407891538,discovery_2020_23
2022-10-31,40,overnight_turn,299,-0.12241745415366659,discovery_2020_23
2022-11-30,40,overnight_turn,284,-0.12472954693809556,discovery_2020_23
2022-12-30,40,overnight_turn,284,0.22675433621930813,discovery_2020_23
2023-01-31,40,overnight_turn,284,-0.19648266215497803,discovery_2020_23
2023-02-28,40,overnight_turn,300,-0.031387015411282346,discovery_2020_23
2023-03-31,40,overnight_turn,300,-0.10409715663507371,discovery_2020_23
2023-04-28,40,overnight_turn,300,-0.008598766030186087,discovery_2020_23
2023-05-31,40,overnight_turn,291,-0.09102065264500923,discovery_2020_23
2023-06-30,40,overnight_turn,290,-0.19311402694115434,discovery_2020_23
2023-07-31,40,overnight_turn,290,-0.17394450136969114,discovery_2020_23
2023-08-31,40,overnight_turn,300,-0.14595673285258726,discovery_2020_23
2023-09-28,40,overnight_turn,300,0.013571943657097518,discovery_2020_23
2023-10-31,40,overnight_turn,300,-0.035746286370078324,discovery_2020_23
2023-11-30,40,overnight_turn,286,0.029262985348864203,discovery_2020_23
2023-12-29,40,overnight_turn,286,-0.3764651749361292,discovery_2020_23
2024-01-31,40,overnight_turn,286,0.2836106491211827,review_2024_25
2024-02-29,40,overnight_turn,300,-0.1424980435891567,review_2024_25
2024-03-29,40,overnight_turn,299,-0.16531013115533874,review_2024_25
2024-04-30,40,overnight_turn,299,-0.034020785167560776,review_2024_25
2024-05-31,40,overnight_turn,288,-0.07423572011300934,review_2024_25
2024-06-28,40,overnight_turn,288,0.12153376415128461,review_2024_25
2024-07-31,40,overnight_turn,287,-0.332037922955848,review_2024_25
2024-08-30,40,overnight_turn,296,0.30359481206938826,review_2024_25
2024-09-30,40,overnight_turn,294,0.16945587282173816,review_2024_25
2024-10-31,40,overnight_turn,295,-0.02904307275176859,review_2024_25
2024-11-29,40,overnight_turn,281,-0.2639314649157914,review_2024_25
2024-12-31,40,overnight_turn,283,0.021243240209621005,review_2024_25
2025-01-27,40,overnight_turn,280,0.14770877965397883,review_2024_25
2025-02-28,40,overnight_turn,295,-0.2330144148445816,review_2024_25
2025-03-31,40,overnight_turn,295,-0.2814186998881738,review_2024_25
2025-04-30,40,overnight_turn,294,-0.20247925005781048,review_2024_25
2025-05-30,40,overnight_turn,290,0.306781331212026,review_2024_25
2025-06-30,40,overnight_turn,291,0.2893325861499939,review_2024_25
2025-07-31,40,overnight_turn,289,0.278265322356123,review_2024_25
2025-08-29,40,overnight_turn,296,0.17302942387688147,review_2024_25
2025-09-30,40,overnight_turn,296,-0.21973524513818715,review_2024_25
2025-10-31,40,overnight_turn,296,-0.28880097354673623,review_2024_25
2025-11-28,40,overnight_turn,286,0.10618548411607531,review_2024_25
2025-12-31,40,overnight_turn,285,0.19742676489536118,review_2024_25
2026-01-30,40,overnight_turn,284,-0.005463804554061105,seen_2026
2026-02-27,40,overnight_turn,296,-0.29427327492438027,seen_2026
2026-03-31,40,overnight_turn,297,0.186892505684452,seen_2026
2026-04-30,40,overnight_turn,298,-0.009308365013063,seen_2026
2026-05-29,40,overnight_turn,280,0.18155534053823574,seen_2026
2026-06-30,40,overnight_turn,280,-0.5173655640651392,seen_2026
2026-07-31,40,overnight_turn,281,0.192004806975308,seen_2026
2020-03-31,40,overnight_revised,296,0.18816415886083304,discovery_2020_23
2020-04-30,40,overnight_revised,294,-0.008646114230519463,discovery_2020_23
2020-05-29,40,overnight_revised,276,0.16530274472435563,discovery_2020_23
2020-06-30,40,overnight_revised,276,-0.06558125597522867,discovery_2020_23
2020-07-31,40,overnight_revised,274,-0.306833491666629,discovery_2020_23
2020-08-31,40,overnight_revised,296,-0.03929584892625883,discovery_2020_23
2020-09-30,40,overnight_revised,296,-0.18621765062443027,discovery_2020_23
2020-10-30,40,overnight_revised,294,-0.20461547724313303,discovery_2020_23
2020-11-30,40,overnight_revised,270,0.0885392422697461,discovery_2020_23
2020-12-31,40,overnight_revised,271,-0.002462436389069773,discovery_2020_23
2021-01-29,40,overnight_revised,271,-0.10658088334492369,discovery_2020_23
2021-02-26,40,overnight_revised,297,-0.31947902753271884,discovery_2020_23
2021-03-31,40,overnight_revised,296,0.1412540429489582,discovery_2020_23
2021-04-30,40,overnight_revised,298,0.16344291833057514,discovery_2020_23
2021-05-31,40,overnight_revised,271,0.14966739874633944,discovery_2020_23
2021-06-30,40,overnight_revised,270,0.1829279779786645,discovery_2020_23
2021-07-30,40,overnight_revised,271,-0.11554036128596581,discovery_2020_23
2021-08-31,40,overnight_revised,298,-0.2292239488662299,discovery_2020_23
2021-09-30,40,overnight_revised,298,-0.12199593769346453,discovery_2020_23
2021-10-29,40,overnight_revised,297,0.07774608675264948,discovery_2020_23
2021-11-30,40,overnight_revised,270,-0.1466424850580935,discovery_2020_23
2021-12-31,40,overnight_revised,270,-0.25347585220279983,discovery_2020_23
2022-01-28,40,overnight_revised,269,0.13543283203450568,discovery_2020_23
2022-02-28,40,overnight_revised,298,-0.0375048548377991,discovery_2020_23
2022-03-31,40,overnight_revised,297,-0.25572639323197605,discovery_2020_23
2022-04-29,40,overnight_revised,296,0.10664106006077216,discovery_2020_23
2022-05-31,40,overnight_revised,269,0.13720926612434678,discovery_2020_23
2022-06-30,40,overnight_revised,270,-0.09973281145450857,discovery_2020_23
2022-07-29,40,overnight_revised,271,-0.19467428470826004,discovery_2020_23
2022-08-31,40,overnight_revised,298,-0.3538976667077046,discovery_2020_23
2022-09-30,40,overnight_revised,298,0.10100421750265366,discovery_2020_23
2022-10-31,40,overnight_revised,299,-0.19180355098650986,discovery_2020_23
2022-11-30,40,overnight_revised,284,-0.0967035373427052,discovery_2020_23
2022-12-30,40,overnight_revised,284,0.20490802109874554,discovery_2020_23
2023-01-31,40,overnight_revised,284,-0.2655741999034692,discovery_2020_23
2023-02-28,40,overnight_revised,300,0.028317647973866378,discovery_2020_23
2023-03-31,40,overnight_revised,300,-0.15157635084834273,discovery_2020_23
2023-04-28,40,overnight_revised,300,0.03505373839875829,discovery_2020_23
2023-05-31,40,overnight_revised,291,0.07208557139309177,discovery_2020_23
2023-06-30,40,overnight_revised,290,-0.30045598967719084,discovery_2020_23
2023-07-31,40,overnight_revised,290,-0.06161088470853932,discovery_2020_23
2023-08-31,40,overnight_revised,300,-0.17898243313814596,discovery_2020_23
2023-09-28,40,overnight_revised,300,0.012562375762378186,discovery_2020_23
2023-10-31,40,overnight_revised,300,-0.05228840234294761,discovery_2020_23
2023-11-30,40,overnight_revised,286,-0.09633011698637443,discovery_2020_23
2023-12-29,40,overnight_revised,286,-0.36209443471733116,discovery_2020_23
2024-01-31,40,overnight_revised,286,0.28381404010803807,review_2024_25
2024-02-29,40,overnight_revised,300,-0.10947011738687357,review_2024_25
2024-03-29,40,overnight_revised,299,-0.17720728540488545,review_2024_25
2024-04-30,40,overnight_revised,299,-0.22955130075643643,review_2024_25
2024-05-31,40,overnight_revised,288,-0.13225749410237556,review_2024_25
2024-06-28,40,overnight_revised,288,0.06372649490212154,review_2024_25
2024-07-31,40,overnight_revised,287,-0.2814414093834808,review_2024_25
2024-08-30,40,overnight_revised,296,0.32540290675883893,review_2024_25
2024-09-30,40,overnight_revised,294,0.08675553058037005,review_2024_25
2024-10-31,40,overnight_revised,295,-0.0738442783573769,review_2024_25
2024-11-29,40,overnight_revised,281,-0.35429425953769095,review_2024_25
2024-12-31,40,overnight_revised,283,-0.011497070536897044,review_2024_25
2025-01-27,40,overnight_revised,280,0.16909663703619576,review_2024_25
2025-02-28,40,overnight_revised,295,-0.21018727857508518,review_2024_25
2025-03-31,40,overnight_revised,295,-0.22440062093948296,review_2024_25
2025-04-30,40,overnight_revised,294,-0.16265456649840918,review_2024_25
2025-05-30,40,overnight_revised,290,0.3280803693283149,review_2024_25
2025-06-30,40,overnight_revised,291,0.20212932643077625,review_2024_25
2025-07-31,40,overnight_revised,289,0.25640983573956966,review_2024_25
2025-08-29,40,overnight_revised,296,0.2594330848568136,review_2024_25
2025-09-30,40,overnight_revised,296,-0.3295873668371498,review_2024_25
2025-10-31,40,overnight_revised,296,-0.347080516572042,review_2024_25
2025-11-28,40,overnight_revised,286,0.2089061399327442,review_2024_25
2025-12-31,40,overnight_revised,285,0.17647573396451985,review_2024_25
2026-01-30,40,overnight_revised,284,0.09947849073891893,seen_2026
2026-02-27,40,overnight_revised,296,-0.38568788962551664,seen_2026
2026-03-31,40,overnight_revised,297,0.21736730629348083,seen_2026
2026-04-30,40,overnight_revised,298,-0.06787794444637163,seen_2026
2026-05-29,40,overnight_revised,280,0.2403244939348716,seen_2026
2026-06-30,40,overnight_revised,280,-0.5969206968747779,seen_2026
2026-07-31,40,overnight_revised,281,0.30913426715463227,seen_2026
