date,usable,gross,benchmark,turnover,net,window,holding_days,missing_selected
2020-04-16,True,-0.00019865299069131366,-0.00029912924922036307,1.0,-0.0016986529906913136,3_3_3,1,
2020-04-17,True,-0.0032009953546533678,-0.003011502787406497,0.9565217391304347,-0.00463577796334902,3_3_3,1,
2020-06-01,True,0.0018347102153113523,0.003737126207677822,1.6666666666666667,-0.0006652897846886477,3_3_3,1,
2020-06-10,True,-0.024651213584229795,-0.024499220888014206,1.6585365853658538,-0.027139018462278577,3_3_3,1,
2020-08-19,True,-0.0022025669553125625,0.00016294516697289664,1.7560975609756098,-0.004836713296775977,3_3_3,1,
2020-09-01,True,-0.0026371488812644067,-0.0043604993607941865,1.6585365853658538,-0.005124953759313188,3_3_3,1,
2020-09-02,True,-0.016276016043892536,-0.017844474059401687,0.9090909090909092,-0.017639652407528898,3_3_3,1,
2022-05-12,True,0.010414347682750078,0.006484000278889542,1.8181818181818183,0.00768707495547735,3_3_3,1,
2022-05-13,True,-0.008591958430246122,-0.012675711663612447,1.2608695652173914,-0.01048326277807221,3_3_3,1,
2022-12-06,True,-0.0012589358701259737,-0.0023889280367426122,1.7391304347826086,-0.0038676315222998863,3_3_3,1,
2022-12-07,True,-0.0009390389805958312,0.001303250131938997,0.8837209302325582,-0.0022646203759446684,3_3_3,1,
2023-01-18,True,0.007415443484738533,0.010991177791095182,1.7142857142857142,0.004844014913309961,3_3_3,1,
2023-01-19,True,0.023688278586750704,0.021183220315744582,1.0,0.022188278586750702,3_3_3,1,
2023-08-08,True,-0.0021719737326597872,-0.0017673442403760486,1.511111111111111,-0.0044386403993264545,3_3_3,1,
2023-08-30,True,-0.0007637279634167632,-0.0024147511474976323,1.6444444444444444,-0.0032303946300834296,3_3_3,1,
2023-08-31,True,0.001361470220505238,0.009036913571928635,0.883720930232558,3.588882515640087e-05,3_3_3,1,
2023-09-13,True,0.0021673069356179854,0.0019238538356266305,1.7209302325581395,-0.000414088413219224,3_3_3,1,
2023-11-17,True,0.002578969153225596,0.0027193449815077963,1.6744186046511627,6.734124624885188e-05,3_3_3,1,
2023-11-21,True,-0.006435072511813527,-0.009689298974981417,1.2857142857142858,-0.008363643940384956,3_3_3,1,
2023-11-22,True,0.0044474302693920074,0.006134960984965826,1.0731707317073171,0.0028376741718310317,3_3_3,1,
2023-11-23,True,-0.008082090039118533,-0.008564346745804858,0.9302325581395349,-0.009477438876327836,3_3_3,1,
2024-08-01,True,-0.010348939097448596,-0.010985070877830782,1.8139534883720931,-0.013069869330006735,3_3_3,1,
2024-08-02,True,-0.00487360782520471,-2.4333097365429662e-05,0.9333333333333333,-0.006273607825204711,3_3_3,1,
2024-08-05,True,-0.006459966999670367,-0.0026671715064118143,0.5217391304347827,-0.00724257569532254,3_3_3,1,
2024-12-13,True,-0.00703054520500439,-0.008102252445474769,1.6521739130434783,-0.009508806074569607,3_3_3,1,
2025-03-10,True,0.012469448191093873,0.014398523932171722,1.853658536585366,0.009688960386215823,3_3_3,1,
2026-03-11,True,-0.011871667936264523,-0.0028451477841318997,1.902439024390244,-0.01472532647284989,3_3_3,1,
2026-03-12,True,-0.006759979694827582,-0.0030931987389317896,1.0952380952380953,-0.008402836837684724,3_3_3,1,
2026-04-10,True,0.0017621533389410942,0.01057182428717283,1.7619047619047619,-0.0008807038039160488,3_3_3,1,
2022-12-07,True,-0.009361175835916969,-0.005273277273135567,1.0,-0.010861175835916968,3_3_3,5,
2023-01-19,True,0.006957965928381382,0.005087249182406869,1.7073170731707317,0.004396990318625284,3_3_3,5,
2024-08-01,True,-0.018129153977016657,-0.010176672876294365,1.6585365853658538,-0.02061695885506544,3_3_3,5,
2020-01-16,True,-0.0024051569360645708,-0.0006604703176467464,1.0,-0.003905156936064571,5_5_3,1,
2020-01-17,True,0.0015181740203152269,0.004051339342934415,0.6428571428571428,0.0005538883060295127,5_5_3,1,
2020-01-20,True,-0.01717661694707083,-0.01642679687717938,0.5614035087719298,-0.018018722210228724,5_5_3,1,
2020-01-21,True,-0.002003968251103044,0.0006889522369571248,0.6666666666666666,-0.003003968251103044,5_5_3,1,
2020-01-22,True,-0.11769298994035242,-0.11281587764443989,0.8679245283018867,-0.11899487673280525,5_5_3,1,
2020-01-23,True,-0.006703186539494693,-0.019444469347878364,0.6122448979591837,-0.007621553886433468,5_5_3,1,
2020-02-03,True,0.044137266296120005,0.05162357704029136,0.9787234042553191,0.042669181189737025,5_5_3,1,
2020-02-04,True,0.007946374577483296,0.013393637618156755,0.7906976744186046,0.006760328065855389,5_5_3,1,
2020-02-05,True,0.013269887869554672,0.020936508635837035,0.47619047619047616,0.012555602155268958,5_5_3,1,
2020-02-06,True,-0.00013035523895986963,0.0006780651297050485,0.7450980392156862,-0.0012480022977833989,5_5_3,1,
2020-02-07,True,0.011808167273873139,0.015182997811997643,0.896551724137931,0.010463339687666242,5_5_3,1,
2020-02-10,True,0.003107074522648473,0.00038293552908137354,0.7931034482758621,0.0019174193502346799,5_5_3,1,
2020-02-11,True,0.009560896655173153,0.013719078902516406,0.896551724137931,0.008216069068966256,5_5_3,1,
2020-02-12,True,-0.009780072355990823,-0.007050772728194065,1.0169491525423728,-0.011305496084804382,5_5_3,1,
2020-02-13,True,0.020175350348863124,0.014152182300510316,0.5423728813559322,0.019361791026829226,5_5_3,1,
2020-02-14,True,0.03178988143270527,0.02335946383560911,0.5263157894736842,0.031000407748494746,5_5_3,1,
2020-02-17,True,-0.0028587117949709817,-0.0034726519864004576,0.7857142857142857,-0.00403728322354241,5_5_3,1,
2020-02-18,True,-0.001337939615685965,0.0005277917609497842,0.7857142857142857,-0.0025165110442573937,5_5_3,1,
2020-02-19,True,0.021247959842490453,0.01957457668300095,0.631578947368421,0.020300591421437822,5_5_3,1,
2020-02-20,True,0.0026051363833517597,0.002439515137812281,0.38596491228070173,0.002026189014930707,5_5_3,1,
2020-02-21,True,-0.01986468953433932,-0.016901476859949013,0.6666666666666666,-0.02086468953433932,5_5_3,1,
2020-02-24,True,0.003654455789177182,0.0015883853226710497,0.4905660377358491,0.0029186067325734084,5_5_3,1,
2020-02-25,True,0.010663676197237152,0.0068653535891416715,0.8076923076923077,0.00945213773569869,5_5_3,1,
2020-02-26,True,-0.01846847929905408,-0.028257259141491343,0.7636363636363637,-0.019613933844508626,5_5_3,1,
2020-02-27,True,-0.005417361422508883,-0.005270430609301363,0.5714285714285714,-0.0062745042796517395,5_5_3,1,
2020-02-28,True,0.047384172965254316,0.04270778915890073,0.2068965517241379,0.04707382813766811,5_5_3,1,
2020-03-02,True,-0.008178061995910188,-0.013048646861389696,0.5862068965517241,-0.009057372340737774,5_5_3,1,
2020-03-03,True,0.01906542441187138,0.02144269533294291,0.8275862068965517,0.017824045101526555,5_5_3,1,
2020-03-04,True,0.0030741398312637155,-0.002764738903221806,0.41379310344827586,0.0024534501760913015,5_5_3,1,
2020-03-05,True,-0.017241388732348668,-0.018108720654599626,0.6896551724137931,-0.018275871490969358,5_5_3,1,
2020-03-06,True,-0.0299950721720882,-0.027216042484363576,0.6206896551724138,-0.03092610665484682,5_5_3,1,
2020-03-09,True,0.03475962001295377,0.03307887338644629,0.3103448275862069,0.03429410277157446,5_5_3,1,
2020-03-10,True,-0.02730532766027803,-0.02568993380332564,0.31034482758620685,-0.027770844901657342,5_5_3,1,
2020-03-11,True,-0.05685209929340511,-0.05187147074533539,0.8771929824561403,-0.05816788876708932,5_5_3,1,
2020-03-12,True,0.04521681210539868,0.03953920835705242,0.5263157894736842,0.04442733842118815,5_5_3,1,
2020-03-13,True,-0.04858843641235059,-0.03972782753427168,0.5614035087719298,-0.049430541675508484,5_5_3,1,
2020-03-16,True,0.004553526879437584,-0.002935481703416494,0.9259259259259259,0.003164637990548695,5_5_3,1,
2020-03-17,True,-0.02777341221765493,-0.02654452394416321,0.7924528301886793,-0.028962091462937947,5_5_3,1,
2020-03-18,True,0.00407593675420288,0.0066753222302459,1.32,0.0020959367542028803,5_5_3,1,
2020-03-20,True,0.009085340963521218,0.008297257505759137,0.6829268292682927,0.008060950719618779,5_5_3,1,
2020-03-24,True,0.004135265457280067,-0.003852393076788169,1.0697674418604652,0.002530614294489369,5_5_3,1,
2020-03-25,True,0.014398961378503444,0.011037465447759704,1.2272727272727273,0.012558052287594353,5_5_3,1,
2020-03-26,True,-0.023528478576865585,-0.02259148204304182,0.9811320754716981,-0.025000176690073133,5_5_3,1,
2020-03-27,True,0.010219536234010618,0.009928547848173586,0.7142857142857143,0.009148107662582046,5_5_3,1,
2020-03-30,True,-0.0028813470569818826,-0.00858247177746819,0.6428571428571428,-0.0038456327712675965,5_5_3,1,
2020-03-31,True,-0.002364382642743238,-0.007801291230900069,0.6071428571428571,-0.0032750969284575234,5_5_3,1,
2020-04-01,True,0.0240257724521758,0.019574296505322514,0.7857142857142857,0.022847201023604373,5_5_3,1,
2020-04-02,True,0.010698313858946073,0.01216409908266463,0.5714285714285714,0.009841171001803217,5_5_3,1,
2020-04-03,True,-0.002070586800748372,0.0015950015511736794,0.5,-0.002820586800748372,5_5_3,1,
2020-04-07,True,0.009052077348823242,0.009576547578772363,0.7719298245614035,0.007894182611981135,5_5_3,1,
2020-04-08,True,0.0006719579899325909,0.00017052962486496792,0.49122807017543857,-6.488411533056701e-05,5_5_3,1,
2020-04-09,True,-0.01836520374330283,-0.018122358951544546,0.3793103448275862,-0.01893416926054421,5_5_3,1,
2020-04-10,True,0.0022195459022583703,0.004310627298693797,0.48275862068965514,0.0014954079712238876,5_5_3,1,
2020-04-13,True,0.013740005139752615,0.01430564411666493,0.7368421052631579,0.012634741981857878,5_5_3,1,
2020-04-14,True,-0.0069636702591695755,-0.010242377639295489,0.631578947368421,-0.007911038680222207,5_5_3,1,
2020-04-15,True,0.014370570354736089,0.014462818282362382,0.42105263157894735,0.013738991407367668,5_5_3,1,
2020-04-16,True,0.0032253911602489163,0.0001409778996051433,0.5862068965517241,0.0023460808154213302,5_5_3,1,
2020-04-17,True,-0.006236507095421843,-0.0020841931464448526,0.8620689655172413,-0.007529610543697705,5_5_3,1,
2020-04-20,True,-0.008227845127828476,-0.012585755035740387,0.48275862068965514,-0.00895198305886296,5_5_3,1,
2020-04-21,True,0.015747012637592834,0.015369571774803567,0.5084745762711864,0.014984300773186054,5_5_3,1,
2020-04-22,True,0.0018007521798548334,-0.00571841780650154,0.5423728813559322,0.000987192857820935,5_5_3,1,
2020-04-23,True,-0.008844121681494429,-0.009513093722410033,0.7931034482758621,-0.010033776853908221,5_5_3,1,
2020-04-24,True,0.004195589478237814,0.0019637306880167594,0.3793103448275862,0.003626623960996435,5_5_3,1,
2020-04-27,True,-0.004802052509531636,-0.0057174255813593165,0.5714285714285714,-0.005659195366674493,5_5_3,1,
2020-04-28,True,0.010673057735956929,0.012438712990077221,0.6428571428571428,0.009708772021671214,5_5_3,1,
2020-04-29,True,0.008300765993628282,0.004358950017378134,0.45614035087719296,0.007616555467312492,5_5_3,1,
2020-04-30,True,0.019228505000064153,0.01919849722814953,0.793103448275862,0.01803884982765036,5_5_3,1,
2020-05-06,True,-0.00165037008799096,0.0014298138547772189,0.6551724137931034,-0.0026331287086806153,5_5_3,1,
2020-05-07,True,0.01067382036870462,0.010028249137888254,0.2807017543859649,0.010252767737125672,5_5_3,1,
2020-05-08,True,-0.005069102403715531,-0.0030057175969959134,0.631578947368421,-0.006016470824768163,5_5_3,1,
2020-05-11,True,-0.0028687921607268426,-0.007052274593944634,0.6785714285714285,-0.0038866493035839855,5_5_3,1,
2020-05-12,True,0.007444733841868238,0.0026755133506963084,0.6181818181818182,0.006517461114595511,5_5_3,1,
2020-05-13,True,-0.005907948349266334,-0.0027035541378979413,0.6545454545454545,-0.006889766531084516,5_5_3,1,
2020-05-14,True,-0.004767345251476533,-0.0049121248435167846,0.631578947368421,-0.005714713672529165,5_5_3,1,
2020-05-15,True,0.011379872722327974,0.007757486104297624,0.7017543859649122,0.010327241143380607,5_5_3,1,
2020-05-18,True,-0.0009487197701448549,-0.00014773138734299623,0.7017543859649122,-0.002001351349092223,5_5_3,1,
2020-05-19,True,-0.0019005993373837056,-0.003637083068927016,0.8363636363636363,-0.00315514479192916,5_5_3,1,
2020-05-20,True,-0.01532929040888162,-0.01135766395510688,0.7037037037037037,-0.016384845964437175,5_5_3,1,
2020-05-21,True,-0.018535905683772978,-0.01871329565789425,0.509090909090909,-0.01929954204740934,5_5_3,1,
2020-05-22,True,0.004710750788919925,0.0032064677664625754,0.46428571428571425,0.004014322217491354,5_5_3,1,
2020-05-25,True,0.005480887174298649,0.009171812824008784,0.46428571428571425,0.004784458602870077,5_5_3,1,
2020-05-26,True,-0.0031427177211874684,-0.00411885149569311,0.6785714285714285,-0.004160574864044611,5_5_3,1,
2020-05-27,True,0.0034634877553311842,-0.0018346487284439505,0.25925925925925924,0.0030745988664422955,5_5_3,1,
2020-05-28,True,0.01629330500329357,0.01624175815332038,0.8888888888888888,0.014959971669960237,5_5_3,1,
2020-05-29,True,0.02211995185673889,0.019353006129931682,0.7272727272727272,0.0210290427658298,5_5_3,1,
2020-06-01,True,7.271611690373317e-05,0.00475530669012717,1.107142857142857,-0.0015879981688105523,5_5_3,1,
2020-06-02,True,0.0020056048343926524,-0.0016318274453307735,0.3571428571428571,0.0014698905486783668,5_5_3,1,
2020-06-03,True,-0.0030063475875812913,-0.00372739024339084,0.48275862068965514,-0.003730485518615774,5_5_3,1,
2020-06-04,True,0.005019624073035666,0.00849811222718612,0.48275862068965514,0.004295486142001184,5_5_3,1,
2020-06-05,True,-0.001197434755287774,0.00019433637507786563,0.6551724137931034,-0.0021801933759774293,5_5_3,1,
2020-06-08,True,0.007086134550276459,0.0052344400348275505,0.4482758620689655,0.00641372075717301,5_5_3,1,
2020-06-09,True,0.0007757249817201847,-0.0012435887276053279,0.31034482758620685,0.00031020774034087444,5_5_3,1,
2020-06-10,True,-0.02200341656376821,-0.02427604243868393,0.5614035087719298,-0.022845521826926105,5_5_3,1,
2020-06-11,True,0.013565737417291824,0.014449443498622297,0.5964912280701754,0.012671000575186562,5_5_3,1,
2020-06-12,True,0.0020487025037451787,0.002483715003777283,0.8771929824561403,0.0007329130300609682,5_5_3,1,
2020-06-15,True,0.006635837667660526,0.008287495647723719,0.8421052631578948,0.005372679772923684,5_5_3,1,
2020-06-16,True,-0.0036934617001145842,-0.0017104541240544448,0.6923076923076923,-0.004731923238576123,5_5_3,1,
2020-06-17,True,0.008543419279444405,0.008293563113565843,0.49999999999999994,0.007793419279444405,5_5_3,1,
2020-06-18,True,0.008977275481994859,0.01160842291547204,0.7450980392156863,0.00785962842317133,5_5_3,1,
2020-06-19,True,-0.003071593515739941,0.0011173771272198001,0.8235294117647058,-0.004306887633387,5_5_3,1,
2020-06-22,True,0.002574579464010283,0.0053190122971999015,0.7307692307692307,0.0014784256178564368,5_5_3,1,
2020-06-23,True,0.002340919449113295,-0.001030971222768464,0.5925925925925927,0.001452030560224406,5_5_3,1,
2020-06-24,True,0.002044810286194131,-0.0014620042770823417,0.5555555555555556,0.0012114769528607976,5_5_3,1,
2020-06-29,True,0.013407782531609938,0.01109632313885801,0.3773584905660377,0.012841744795760881,5_5_3,1,
2020-06-30,True,0.023599909044669277,0.015262600862518981,0.679245283018868,0.022581041120140977,5_5_3,1,
2020-07-01,True,0.024359940669030713,0.03169785455120031,0.7142857142857144,0.023288512097602142,5_5_3,1,
2020-07-02,True,0.033345871810970464,0.030660608895889677,0.9285714285714285,0.03195301466811332,5_5_3,1,
2020-07-03,True,0.04027581957360054,0.05906270384938236,0.6785714285714285,0.0392579624307434,5_5_3,1,
2020-07-06,True,0.011557315886854977,-0.010429788436831655,0.75,0.010432315886854976,5_5_3,1,
2020-07-07,True,0.016089115701241618,0.023833198860505507,0.8679245283018868,0.014787228908788787,5_5_3,1,
2020-07-10,True,0.027198831603775463,0.023046180544061486,1.021276595744681,0.02566691671015844,5_5_3,1,
2020-07-13,True,0.0007029917273512854,-0.0036964830096952108,0.72,-0.00037700827264871466,5_5_3,1,
2020-07-14,True,-0.011959149643347522,-0.02093409813493127,0.6545454545454545,-0.012940967825165704,5_5_3,1,
2020-07-15,True,-0.04573373953987592,-0.041385497063520044,0.6545454545454545,-0.0467155577216941,5_5_3,1,
2020-07-16,True,0.014522701092571201,0.012281193930597036,0.8363636363636364,0.013268155638025747,5_5_3,1,
2020-07-17,True,0.016796559287231633,0.029950001236792933,0.6538461538461537,0.015815790056462404,5_5_3,1,
2020-07-20,True,0.0006917098359308355,-0.002582647637756114,0.8627450980392156,-0.0006024078111279879,5_5_3,1,
2020-07-21,True,-0.0006998318899174299,-0.00212065013703476,0.47058823529411764,-0.0014057142428586065,5_5_3,1,
2020-07-22,True,0.006707555991463096,0.0014568628173365116,0.7719298245614035,0.005549661254620991,5_5_3,1,
2020-07-23,True,-0.033269538425100956,-0.031808088657122896,0.7241379310344827,-0.03435574532165268,5_5_3,1,
2020-07-24,True,0.0028963340509755558,0.008541605784278202,0.4067796610169491,0.0022861645594501323,5_5_3,1,
2020-07-27,True,-9.368981420489504e-05,-0.0034895954572896275,0.6440677966101694,-0.0010597915091201493,5_5_3,1,
2020-07-28,True,0.026090395021734835,0.028581941937487646,0.6779661016949152,0.02507344586919246,5_5_3,1,
2020-07-29,True,-0.00942270836781293,-0.007714972974947658,0.6206896551724138,-0.01035374285057155,5_5_3,1,
2020-07-30,True,0.010603237942132176,0.018173845840424644,0.5517241379310345,0.009775651735235624,5_5_3,1,
2020-07-31,True,0.011313160104520024,0.015330707270050054,0.5862068965517241,0.010433849759692438,5_5_3,1,
2020-08-03,True,-0.002628285027394031,-0.003840333355770573,0.576271186440678,-0.003492691807055048,5_5_3,1,
2020-08-04,True,0.010657565624683802,0.0035359456397548394,0.4067796610169491,0.010047396133158379,5_5_3,1,
2020-08-05,True,-0.00910431062743666,-0.003776348501492025,0.5862068965517241,-0.009983620972264247,5_5_3,1,
2020-08-06,True,-0.013732287972665557,-0.012333558766888368,0.48275862068965514,-0.01445642590370004,5_5_3,1,
2020-08-07,True,0.012427198292380813,0.011896604039099342,0.5517241379310345,0.01159961208548426,5_5_3,1,
2020-08-10,True,-0.014833196394875662,-0.015895963878871395,0.6666666666666666,-0.01583319639487566,5_5_3,1,
2020-08-11,True,-0.0058138428094735035,0.0005713798419787826,0.6666666666666666,-0.0068138428094735035,5_5_3,1,
2020-08-12,True,-0.00936908974923971,-0.005802576775661282,0.631578947368421,-0.010316458170292342,5_5_3,1,
2020-08-13,True,0.018838668327896657,0.020010414532954268,0.7142857142857143,0.017767239756468087,5_5_3,1,
2020-08-14,True,0.013865111763536825,0.02051714872740627,0.509090909090909,0.013101475399900461,5_5_3,1,
2020-08-17,True,0.000655090482227189,-0.0024750996451005113,0.7272727272727273,-0.0004358186086819019,5_5_3,1,
2020-08-18,True,-0.02178534241423655,-0.01589607104697327,0.3214285714285714,-0.02226748527137941,5_5_3,1,
2020-08-19,True,0.002557162331248038,-0.0009911118667587657,0.9152542372881355,0.0011842809753158348,5_5_3,1,
2020-08-20,True,0.00664157392677528,0.004666748768769994,0.3728813559322034,0.006082251892876975,5_5_3,1,
2020-08-21,True,0.01187070851672678,0.003954678618903324,0.3728813559322034,0.011311386482828475,5_5_3,1,
2020-08-24,True,-0.008141474485106184,-0.00716140183441953,0.576271186440678,-0.009005881264767202,5_5_3,1,
2020-08-25,True,-0.01015647332012634,-0.012226889247861823,0.5084745762711864,-0.01091918518453312,5_5_3,1,
2020-08-26,True,0.0032564704014086164,0.0028176431846960903,0.5084745762711864,0.0024937585370018367,5_5_3,1,
2020-08-27,True,0.02180521915932335,0.024925466577690347,0.7017543859649122,0.020752587580375983,5_5_3,1,
2020-08-28,True,-0.011445968853571579,-0.011109450189270958,0.9811320754716981,-0.012917666966779127,5_5_3,1,
2020-08-31,True,0.012155765746469174,0.010829594328774199,0.7692307692307692,0.011001919592623019,5_5_3,1,
2020-09-01,True,-0.0032506522009434014,-0.00395211011308359,0.5714285714285714,-0.004107795058086259,5_5_3,1,
2020-09-02,True,-0.020751944970071975,-0.020188256128345874,0.5964912280701754,-0.02164668181217724,5_5_3,1,
2020-09-03,True,0.008103434453184764,0.007558651831859043,0.4137931034482758,0.00748274479801235,5_5_3,1,
2020-09-04,True,-0.016962844927161342,-0.016022977675149697,0.6551724137931034,-0.017945603547850998,5_5_3,1,
2020-09-07,True,-0.012084154367192752,-0.008514397424496426,0.6206896551724138,-0.013015188849951372,5_5_3,1,
2020-09-08,True,-0.0012072825375274183,-0.0008653498327851532,0.5172413793103449,-0.001983144606492936,5_5_3,1,
2020-09-09,True,-0.0183605473420353,-0.01949828702654153,1.0,-0.019860547342035302,5_5_3,1,
2020-09-10,True,0.019279054322835124,0.014422933128729701,0.75,0.018154054322835123,5_5_3,1,
2020-09-11,True,-0.0012704883412575363,-4.947615159371876e-05,0.4399999999999999,-0.0019304883412575363,5_5_3,1,
2020-09-14,True,0.005173191750941783,0.006170651547505162,0.5306122448979591,0.004377273383594844,5_5_3,1,
2020-09-15,True,-0.005713042844598098,-0.002883692544499765,0.5199999999999999,-0.006493042844598097,5_5_3,1,
2020-09-16,True,0.0048818313271837095,0.0013131701538739828,0.8928571428571429,0.003542545612897995,5_5_3,1,
2020-09-17,True,0.025981482073397417,0.025221842715882608,0.7719298245614035,0.024823587336555313,5_5_3,1,
2020-09-18,True,-0.016738724979634564,-0.018510621191791962,0.6206896551724137,-0.017669759462393186,5_5_3,1,
2020-09-21,True,-0.002440400865215733,-0.0031192614302281655,0.8620689655172413,-0.003733504313491595,5_5_3,1,
2020-09-22,True,0.0024691896343918837,-0.006124909496014062,0.3793103448275862,0.0019002241171505044,5_5_3,1,
2020-09-23,True,-0.009357304036529516,-0.009882541758590904,0.5172413793103448,-0.010133166105495034,5_5_3,1,
2020-09-24,True,-1.633024212883265e-05,-0.00203998090783478,0.42105263157894735,-0.0006479091894972537,5_5_3,1,
2020-09-25,True,0.004242938362571615,0.002120308071094197,0.3508771929824561,0.003716622573097931,5_5_3,1,
2020-09-28,False,,,,,5_5_3,1,1.0
2020-09-29,False,,,,,5_5_3,1,1.0
2020-09-30,True,0.01092822264944946,0.010120849192998325,1.0,0.009428222649449461,5_5_3,1,
2020-10-09,True,0.020982487042205636,0.01929743942901123,1.04,0.019422487042205637,5_5_3,1,
2020-10-12,True,0.004800683134815864,0.0024769075756124197,0.8627450980392157,0.0035065654877570406,5_5_3,1,
2020-10-13,False,,,,,5_5_3,1,1.0
2020-10-14,True,0.00024029918307865667,-0.003633801445177012,1.0,-0.0012597008169213434,5_5_3,1,
2020-10-15,True,0.004644933039410516,0.004522052357359918,0.5818181818181818,0.003772205766683243,5_5_3,1,
2020-10-16,True,-0.011895581224097432,-0.01461934354779849,0.6792452830188679,-0.012914449148625735,5_5_3,1,
2020-10-19,True,0.01010892392077622,0.008826574291440988,0.43636363636363634,0.009454378466230765,5_5_3,1,
2020-10-20,True,-0.007877811297797853,-0.007004299370756025,0.7142857142857143,-0.008949239869226425,5_5_3,1,
2020-10-21,True,0.0012803156092389986,-0.0005999629965530485,0.75,0.0001553156092389985,5_5_3,1,
2020-10-22,True,-0.027100653102931947,-0.01492660034262307,0.5,-0.027850653102931947,5_5_3,1,
2020-10-23,True,0.008674095205060699,-0.0038549384996618813,0.38596491228070173,0.008095147836639647,5_5_3,1,
2020-10-26,True,0.01274772754840398,0.005379900009464334,0.5614035087719298,0.011905622285246087,5_5_3,1,
2020-10-27,True,0.0012318672455693819,-0.0068800905565466865,0.42857142857142855,0.000589010102712239,5_5_3,1,
2020-10-28,True,0.01764036561589721,0.016187931214359724,1.3214285714285714,0.015658222758754354,5_5_3,1,
2020-10-29,True,-0.022806459216025466,-0.01709284097362966,0.6296296296296295,-0.02375090366046991,5_5_3,1,
2020-10-30,True,-0.0015378621225880591,0.005590640605426422,0.7037037037037037,-0.002593417678143615,5_5_3,1,
2020-11-02,True,0.012189624926773012,0.01140753185184636,0.4528301886792453,0.011510379643754145,5_5_3,1,
2020-11-03,True,0.009902001893388612,0.011705242065324604,0.5185185185185185,0.009124224115610834,5_5_3,1,
2020-11-04,True,0.00846016054214714,0.009204597541293779,0.5185185185185185,0.007682382764369362,5_5_3,1,
2020-11-05,True,0.005533774947291431,0.004272559264894264,0.7857142857142857,0.004355203518720003,5_5_3,1,
2020-11-06,True,0.026642665240817067,0.021094676512217744,0.7857142857142857,0.02546409381224564,5_5_3,1,
2020-11-09,True,-0.014176419931341252,-0.014064770610799655,0.8928571428571428,-0.015515705645626966,5_5_3,1,
2020-11-10,True,-0.005886974618048135,-0.004630218609907833,0.7272727272727272,-0.006977883708957225,5_5_3,1,
2020-11-11,True,-0.0012001348222979462,-0.0042000090397188074,0.37037037037037035,-0.0017556903778535018,5_5_3,1,
2020-11-12,True,0.000851061394685133,0.0008677655653740297,0.5185185185185185,7.328361690735522e-05,5_5_3,1,
2020-11-13,True,0.005099388174764385,0.006621136227232658,0.5185185185185185,0.004321610396986608,5_5_3,1,
2020-11-16,True,-0.0029771784336451532,-0.001764590434575129,0.5614035087719298,-0.003819283696803048,5_5_3,1,
2020-11-17,True,-0.001251763059438435,-0.0013052307055225515,0.7017543859649122,-0.0023043946383858034,5_5_3,1,
2020-11-18,True,0.013224862120237059,0.006591147868260872,0.5614035087719298,0.012382756857079165,5_5_3,1,
2020-11-19,True,0.00498702247027145,0.006337312825606927,0.5964912280701754,0.004092285628166187,5_5_3,1,
2020-11-20,True,-0.002803867536785723,0.009081180617872664,0.5964912280701754,-0.003698604378890986,5_5_3,1,
2020-11-23,True,0.0009236460125387568,0.0019820042456798765,0.5263157894736842,0.0001341723283282305,5_5_3,1,
2020-11-24,True,-0.017427344277076606,-0.017901961148453455,0.5172413793103448,-0.01820320634604212,5_5_3,1,
2020-11-25,True,-0.0003714355829077512,0.002376007498660264,0.3793103448275862,-0.0009404011001491305,5_5_3,1,
2020-11-26,True,0.0121352039296242,0.01258223430949786,0.49122807017543857,0.011398361824361042,5_5_3,1,
2020-11-27,True,0.00077608513348552,-0.0036255826479082713,0.6666666666666666,-0.00022391486651448004,5_5_3,1,
2020-11-30,True,0.022634916965998595,0.020130705185665475,0.8214285714285714,0.021402774108855736,5_5_3,1,
2020-12-01,True,-0.0008140255015016754,-0.0007603749950106899,0.45614035087719296,-0.001498236027817465,5_5_3,1,
2020-12-02,True,-0.002117789550035726,-0.003919483933750827,0.631578947368421,-0.0030651579710883575,5_5_3,1,
2020-12-03,True,0.007287148795468508,0.0002755135050142052,0.42105263157894735,0.006655569848100087,5_5_3,1,
2020-12-04,True,0.0015514437279736514,-0.009336513219593829,0.42105263157894735,0.0009198647806052304,5_5_3,1,
2020-12-07,True,-0.0032581355880781536,-0.0020178150767103413,0.5964912280701754,-0.004152872430183417,5_5_3,1,
2020-12-08,True,-0.016138021060321268,-0.019804934689260003,0.5263157894736842,-0.016927494744531795,5_5_3,1,
2020-12-09,True,0.0056431549584901085,0.003543576924202867,0.7272727272727272,0.004552245867581017,5_5_3,1,
2020-12-10,True,-0.010658857056956777,-0.01308425981117329,0.6666666666666666,-0.011658857056956778,5_5_3,1,
2020-12-11,True,0.011539748672514867,0.00412000733871274,0.9787234042553192,0.01007166356613189,5_5_3,1,
2020-12-15,True,-0.006350826410840696,-0.0031600003169919453,1.3181818181818183,-0.008328099138113424,5_5_3,1,
2020-12-16,True,0.013143207865414133,0.012439215535051808,0.55,0.012318207865414134,5_5_3,1,
2020-12-17,True,-0.009583296772114062,-0.0025663683079791737,0.7555555555555556,-0.010716630105447395,5_5_3,1,
2020-12-18,True,0.006957932279232501,0.0068373955800017875,0.6666666666666667,0.005957932279232501,5_5_3,1,
2020-12-21,True,-0.015127120267936047,-0.01815570146525021,0.6122448979591837,-0.016045487614874822,5_5_3,1,
2020-12-22,True,0.006345429529403256,0.006624323375629886,0.588235294117647,0.005463076588226786,5_5_3,1,
2020-12-23,True,-0.002390542139511524,-0.008225994855304296,0.5882352941176471,-0.003272895080687995,5_5_3,1,
2020-12-24,True,0.005881458255493838,0.011244064685853183,0.6666666666666666,0.004881458255493838,5_5_3,1,
2020-12-25,True,0.00227301545828481,0.0010804778442773352,0.588235294117647,0.0013906625171083396,5_5_3,1,
2020-12-28,True,-0.0034940077240843796,-0.005984675200696282,0.5660377358490566,-0.0043430643278579645,5_5_3,1,
2020-12-29,True,0.011905039635431899,0.014141694867514775,0.5660377358490566,0.011055983031658313,5_5_3,1,
2020-12-30,True,0.02226079498084714,0.018961650970955517,0.8148148148148148,0.02103857275862492,5_5_3,1,
2020-12-31,True,0.007297823498232295,0.006283952361520828,0.8771929824561403,0.005982034024548085,5_5_3,1,
2021-01-04,True,0.021239030954844113,0.020168023680844457,0.5964912280701754,0.02034429411273885,5_5_3,1,
2021-01-05,True,0.005218333278438674,0.002572525428403556,0.5714285714285714,0.004361190421295817,5_5_3,1,
2021-01-06,True,0.01287397481317459,0.007189972876907488,0.7857142857142857,0.011695403384603162,5_5_3,1,
2021-01-07,True,0.01616007615396963,0.005442448813351532,0.5925925925925926,0.015271187265080742,5_5_3,1,
2021-01-08,True,-0.009281162891167712,-0.016558517062107304,0.43137254901960786,-0.009928221714697124,5_5_3,1,
2021-01-11,True,0.01349737473832267,0.024403352001727063,0.6,0.01259737473832267,5_5_3,1,
2021-01-12,True,-0.00976124941380949,-0.00552097800419437,0.6666666666666667,-0.01076124941380949,5_5_3,1,
2021-01-13,True,-0.0060349546844583,-0.005480863453218186,0.6538461538461539,-0.007015723915227531,5_5_3,1,
2021-01-14,True,0.005127761892005622,-0.005894384579475284,0.5925925925925927,0.004238873003116733,5_5_3,1,
2021-01-15,True,0.008211660140664472,0.01283027225347396,0.6181818181818182,0.007284387413391745,5_5_3,1,
2021-01-18,True,-0.009450458572375057,-0.010556035821204656,0.5357142857142857,-0.010254030000946485,5_5_3,1,
2021-01-19,True,0.010347459532663266,0.007194279935541667,0.5263157894736842,0.00955798584845274,5_5_3,1,
2021-01-20,True,0.015428571047734476,0.008716127293041305,0.6666666666666666,0.014428571047734477,5_5_3,1,
2021-01-21,True,0.00020966808099940774,-0.006150040441392104,0.5714285714285714,-0.0006474747761434493,5_5_3,1,
2021-01-22,True,0.0032813312892063036,-0.0030477326171444693,0.49122807017543857,0.002544489183943146,5_5_3,1,
2021-01-25,True,-0.006459263666342872,-0.01247935491925808,0.7368421052631579,-0.007564526824237609,5_5_3,1,
2021-01-26,True,-0.011074925194925585,-0.008948686793987337,1.25,-0.012949925194925585,5_5_3,1,
2021-01-27,True,-0.009937947461537665,-0.005323668116205928,0.6296296296296297,-0.010882391905982109,5_5_3,1,
2021-01-28,True,-0.012542584140606884,-0.012351000685834704,0.679245283018868,-0.013561452065135187,5_5_3,1,
2021-01-29,True,0.01438321398646701,0.01430518220187348,0.35294117647058826,0.013853802221761127,5_5_3,1,
2021-02-01,True,0.005173244967301565,0.009972048040225152,0.6274509803921567,0.00423206849671333,5_5_3,1,
2021-02-02,True,-0.02026875394056402,-0.011079538585244944,0.44897959183673464,-0.02094222332831912,5_5_3,1,
2021-02-03,True,-0.005928002724061222,-0.002365017893622055,0.4897959183673469,-0.006662696601612243,5_5_3,1,
2021-02-04,True,-0.0020706899303859537,-0.002619613133712076,0.7692307692307692,-0.0032245360842321075,5_5_3,1,
2021-02-05,True,0.008972890776215579,0.014148133596871644,0.6538461538461539,0.007992121545446347,5_5_3,1,
2021-02-08,True,0.025898019159746603,0.021536869355410028,0.5882352941176471,0.025015666218570133,5_5_3,1,
2021-02-09,True,0.029153279758006283,0.03154000659695232,0.68,0.028133279758006283,5_5_3,1,
2021-02-10,True,-0.015883063527397157,-0.017168879287919058,0.6274509803921569,-0.016824239997985393,5_5_3,1,
2021-02-18,True,0.014069571774416215,0.015715458852922498,1.0909090909090908,0.012433208138052577,5_5_3,1,
2021-02-19,True,-0.028553507793209802,-0.02286263951970704,0.5454545454545454,-0.02937168961139162,5_5_3,1,
2021-02-22,True,-0.0015342245273716523,0.0018567419387296369,0.509090909090909,-0.0022978608910080157,5_5_3,1,
2021-02-23,True,-0.019977508377675677,-0.008912202042940643,0.7037037037037037,-0.021033063933231233,5_5_3,1,
2021-02-24,True,-0.031446730987602395,-0.025507460722903507,0.7037037037037037,-0.03250228654315795,5_5_3,1,
2021-02-25,True,0.0045772734668823815,0.006773134875263709,0.5925925925925927,0.0036883845779934923,5_5_3,1,
2021-02-26,True,0.01579616488322339,0.011260239997839825,0.9199999999999999,0.014416164883223392,5_5_3,1,
2021-03-01,True,-0.017454821980448815,-0.01620612064417012,0.5957446808510638,-0.01834843900172541,5_5_3,1,
2021-03-02,True,0.00614843549222568,0.01036587363796021,0.5416666666666666,0.00533593549222568,5_5_3,1,
2021-03-03,True,-0.038055885845707633,-0.027791066960372274,1.0384615384615383,-0.03961357815339994,5_5_3,1,
2021-03-04,True,0.029105885745961707,0.021281206622708486,0.3773584905660378,0.02853984801011265,5_5_3,1,
2021-03-05,True,-0.059537295461298545,-0.03344277831478954,0.5925925925925926,-0.060426184350187435,5_5_3,1,
2021-03-08,True,0.0047854511418177845,-0.007438155942029843,0.6181818181818182,0.0038581784145450574,5_5_3,1,
2021-03-09,True,-0.007211713776847488,-0.011238772652016005,0.43636363636363634,-0.007866259231392943,5_5_3,1,
2021-03-10,True,0.02214950261655135,0.020118904295294684,0.8148148148148148,0.020927280394329128,5_5_3,1,
2021-03-11,True,-0.006474637147176778,-0.0043596783225225075,0.5555555555555556,-0.007307970480510111,5_5_3,1,
2021-03-12,True,-0.012475013774511186,-0.008387750286301638,0.5185185185185185,-0.013252791552288964,5_5_3,1,
2021-03-15,True,0.004302900046514445,0.0009774029523614031,0.8148148148148148,0.003080677824292223,5_5_3,1,
2021-03-16,True,0.01752541273883174,0.009340212049651448,0.7924528301886792,0.016336733493548722,5_5_3,1,
2021-03-17,True,-0.01217465545002159,-0.008079206745431448,0.5660377358490566,-0.013023712053795176,5_5_3,1,
2021-03-18,True,-0.005675821787773548,-0.005578986627020948,0.33962264150943394,-0.006185255750037699,5_5_3,1,
2021-03-19,True,0.008718550430862781,0.011652028481428852,0.7636363636363636,0.0075730958854082365,5_5_3,1,
2021-03-22,True,-0.014854029271724132,-0.01529298061901113,0.5614035087719298,-0.015696134534882028,5_5_3,1,
2021-03-23,True,-0.017937016696781667,-0.013921797385771222,0.7017543859649122,-0.018989648275729035,5_5_3,1,
2021-03-24,True,0.013637505432992148,0.00893448677959295,0.5263157894736842,0.012848031748781623,5_5_3,1,
2021-03-25,True,0.01816369263396698,0.01637016830681764,0.6071428571428571,0.017252978348252696,5_5_3,1,
2021-03-26,True,-0.001426430943230983,-0.0017937749089433578,0.7142857142857143,-0.0024978595146595544,5_5_3,1,
2021-03-29,True,0.006870561362877043,0.004063526247065102,0.46428571428571425,0.006174132791448472,5_5_3,1,
2021-03-30,True,-0.0013399321111270636,-0.0017761816833571685,0.5964912280701754,-0.002234668953232327,5_5_3,1,
2021-03-31,True,0.011628631935935493,0.0096014979834311,0.631578947368421,0.010681263514882862,5_5_3,1,
2021-04-01,True,0.0021252189570813477,0.006703603948433292,0.49122807017543857,0.0013883768518181897,5_5_3,1,
2021-04-02,True,1.0754287636458026e-05,-0.0027350041136863243,0.8070175438596491,-0.0011997720281530157,5_5_3,1,
2021-04-06,True,-0.003627020323999457,-0.003827313584847102,0.46428571428571425,-0.004323448895428028,5_5_3,1,
2021-04-07,True,0.0010126155148289819,0.0018277218616015343,0.6666666666666666,1.2615514828981855e-05,5_5_3,1,
2021-04-08,True,-0.01117041249107097,-0.010654662148266684,0.6666666666666666,-0.01217041249107097,5_5_3,1,
2021-04-09,True,-0.018862657296299584,-0.017144163943698634,0.7368421052631579,-0.01996792045419432,5_5_3,1,
2021-04-12,True,-0.0036544730616748008,-0.0031869356800615584,0.49122807017543857,-0.004391315166937959,5_5_3,1,
2021-04-13,True,0.01063214432444473,0.007673088864118964,0.5263157894736842,0.009842670640234204,5_5_3,1,
2021-04-14,True,-0.0016190960972322767,-0.0003823289600994204,0.8928571428571428,-0.002958381811517991,5_5_3,1,
2021-04-15,True,-0.004425898304378273,0.002928615288555325,0.7407407407407408,-0.005537009415489384,5_5_3,1,
2021-04-16,True,0.018700227657709182,0.01833652333036428,0.6799999999999999,0.017680227657709182,5_5_3,1,
2021-04-19,True,-0.0004961252019816387,-0.004464698243222217,0.96,-0.0019361252019816386,5_5_3,1,
2021-04-20,True,0.008718823690045925,0.00799160331268455,0.6666666666666667,0.0077188236900459254,5_5_3,1,
2021-04-21,True,-0.004706136535481731,-0.003350644406975046,0.6206896551724137,-0.005637171018240351,5_5_3,1,
2021-04-22,True,0.006340619848056829,0.004568619896480041,0.5862068965517241,0.005461309503229243,5_5_3,1,
2021-04-23,True,-0.012956920913952017,-0.011359299788066265,0.48275862068965514,-0.0136810588449865,5_5_3,1,
2021-04-26,True,-0.00121265324343338,-0.003199980137766637,0.7017543859649122,-0.0022652848223807484,5_5_3,1,
2021-04-27,True,0.00342082195618688,0.00770190218257278,0.7719298245614035,0.002262927219344775,5_5_3,1,
2021-04-28,True,0.010106232435020634,0.0038457368318561224,0.8214285714285714,0.008874089577877777,5_5_3,1,
2021-04-29,True,-0.011882723347995613,-0.008645106058891365,0.8518518518518519,-0.01316050112577339,5_5_3,1,
2021-04-30,True,-0.007266213968773178,-0.003599563877193473,0.37037037037037035,-0.007821769524328732,5_5_3,1,
2021-05-06,True,-0.010209488794099556,-0.009805794443803776,0.6909090909090909,-0.011245852430463193,5_5_3,1,
2021-05-07,True,-0.011215408903708998,-0.008563802250292114,0.5818181818181818,-0.012088136176436271,5_5_3,1,
2021-05-10,True,0.013150819599339718,0.006993491553276914,0.6666666666666666,0.012150819599339717,5_5_3,1,
2021-05-11,True,1.9639234640169995e-05,-0.0013423919203249448,0.5925925925925926,-0.0008692496542487188,5_5_3,1,
2021-05-12,True,0.007196633344755768,0.00347336067936176,0.45283018867924535,0.0065173880617369,5_5_3,1,
2021-05-13,True,0.022444745537870653,0.020524574879872134,0.679245283018868,0.021425877613342352,5_5_3,1,
2021-05-14,True,0.007680713007445842,0.009381472293725282,0.8363636363636363,0.006426167552900388,5_5_3,1,
2021-05-17,True,-0.002938616521632397,-0.0012289938910214967,0.7999999999999999,-0.0041386165216323965,5_5_3,1,
2021-05-18,True,-0.001178873418330318,-0.002771448243502362,0.7017543859649122,-0.0022315049972776863,5_5_3,1,
2021-05-19,True,0.004505815137863408,0.0057938696545409875,0.45614035087719296,0.0038216046115476187,5_5_3,1,
2021-05-20,True,-0.008294464151780841,-0.010699746664576983,0.631578947368421,-0.009241832572833472,5_5_3,1,
2021-05-21,True,0.0027454040336652163,0.005645547593876104,0.6071428571428571,0.0018346897479509308,5_5_3,1,
2021-05-24,True,0.019858013382519763,0.023865217517706504,0.46428571428571425,0.019161584811091193,5_5_3,1,
2021-05-25,True,0.00213360222464488,-0.0010683077801721614,0.631578947368421,0.0011862338035922484,5_5_3,1,
2021-05-26,True,0.008591248972574603,0.008195982895993175,0.5614035087719298,0.0077491437094167085,5_5_3,1,
2021-05-27,True,-0.011379018277271405,-0.004632823029932696,0.44827586206896547,-0.012051432070374853,5_5_3,1,
2021-05-28,True,0.0011896077331940902,0.0006799351191570218,0.3448275862068965,0.0006723663538837453,5_5_3,1,
2021-05-31,True,0.0062341404121370935,0.004132342854909619,0.49122807017543857,0.005497298306873935,5_5_3,1,
2021-06-01,True,-0.00849982702224959,-0.010280883723745289,0.5263157894736842,-0.009289300706460116,5_5_3,1,
2021-06-02,True,-0.010404342136124801,-0.008218508924449941,0.631578947368421,-0.011351710557177432,5_5_3,1,
2021-06-03,True,0.006528985258565934,0.009338815278878044,0.49122807017543857,0.0057921431533027755,5_5_3,1,
2021-06-04,True,0.004034649971692231,0.0005460192365756276,0.7017543859649122,0.002982018392744863,5_5_3,1,
2021-06-07,True,-0.005626197678547865,-0.004967099423804205,0.5263157894736842,-0.006415671362758391,5_5_3,1,
2021-06-08,True,-0.0016614453389193404,-0.0020471656748803167,0.5964912280701754,-0.0025561821810246035,5_5_3,1,
2021-06-09,True,0.007671533509016252,0.004969014191748151,0.39285714285714285,0.007082247794730538,5_5_3,1,
2021-06-10,True,-0.010118070100530868,-0.01200863438555668,0.75,-0.01124307010053087,5_5_3,1,
2021-06-11,False,,,,,5_5_3,1,1.0
2021-06-15,False,,,,,5_5_3,1,1.0
2021-06-16,True,0.006941984824342011,0.007413687104942374,1.0,0.005441984824342012,5_5_3,1,
2021-06-17,True,-0.003473936943749341,-0.00016034019789208434,0.5106382978723405,-0.004239894390557852,5_5_3,1,
2021-06-18,True,0.006076915737772478,0.006870671836419141,0.7999999999999999,0.004876915737772478,5_5_3,1,
2021-06-21,True,0.006852152540702341,0.002269382564550299,0.6511627906976745,0.005875408354655829,5_5_3,1,
2021-06-22,True,0.011941875839673773,0.011212311773999435,0.6222222222222222,0.01100854250634044,5_5_3,1,
2021-06-23,True,0.0032486395604488056,0.0007853636041300058,0.47826086956521746,0.0025312482561009797,5_5_3,1,
2021-06-24,True,0.01926345073476943,0.014951247947468514,0.7058823529411764,0.018204627205357666,5_5_3,1,
2021-06-25,True,-0.004069190601176247,-0.0004919340131477271,0.9019607843137255,-0.005422131777646835,5_5_3,1,
2021-06-28,True,-0.01072755372713581,-0.00962160873199739,0.6274509803921569,-0.011668730197724046,5_5_3,1,
2021-06-29,True,0.005065487204529554,0.009128828501662262,0.7368421052631579,0.003960224046634818,5_5_3,1,
2021-06-30,True,-0.0006602930413607773,-0.013404463507734455,0.5263157894736842,-0.0014497667255713035,5_5_3,1,
2021-07-01,True,-0.02071457960910519,-0.016440175247410736,0.5964912280701754,-0.021609316451210454,5_5_3,1,
2021-07-02,True,-0.007133348708586317,0.0059450265980071715,0.42105263157894735,-0.007764927655954738,5_5_3,1,
2021-07-05,True,-0.00459806618246495,-0.006931836480393012,0.7142857142857143,-0.005669494753893521,5_5_3,1,
2021-07-06,True,0.024897365911604682,0.01866224880262075,0.7272727272727273,0.02380645682069559,5_5_3,1,
2021-07-07,True,-0.015640358432339546,-0.011754972789052576,0.5925925925925926,-0.016529247321228437,5_5_3,1,
2021-07-08,True,0.0007283239253475442,0.009672819713092976,0.6666666666666666,-0.00027167607465245587,5_5_3,1,
2021-07-09,True,0.005070676719913821,0.0025488118485970557,0.6415094339622642,0.004108412568970424,5_5_3,1,
2021-07-12,True,-0.0010246996845118689,-0.0005511609030707952,0.6153846153846154,-0.001947776607588792,5_5_3,1,
2021-07-13,True,-0.011233885370920627,-0.009564334033770485,0.46153846153846156,-0.011926193063228318,5_5_3,1,
2021-07-14,True,0.007576573805253377,0.007137057069422183,0.7777777777777779,0.006409907138586709,5_5_3,1,
2021-07-15,True,-0.010470072887076664,-0.008063234980238126,0.5714285714285714,-0.011327215744219521,5_5_3,1,
2021-07-16,True,-0.002906945114077567,-0.004409180554824354,0.5714285714285714,-0.003764087971220424,5_5_3,1,
2021-07-19,True,0.010598324809865637,0.007904328209025972,0.5357142857142857,0.00979475338129421,5_5_3,1,
2021-07-20,True,0.0037505285409228334,0.0054243221335594245,0.5818181818181818,0.0028778012681955605,5_5_3,1,
2021-07-21,True,-0.0024404255930007158,0.0020633829902522065,0.5925925925925926,-0.0033293144818896045,5_5_3,1,
2021-07-22,True,-0.017514443472421693,-0.010229891689951708,0.2909090909090909,-0.01795080710878533,5_5_3,1,
2021-07-23,True,-0.02974920748174156,-0.022135587656514622,0.6785714285714285,-0.030767064624598703,5_5_3,1,
2021-07-26,True,-0.030487807386824866,-0.03426875337450211,0.39285714285714285,-0.031077093101110582,5_5_3,1,
2021-07-27,True,0.01728723114174531,0.012703717893663253,0.7142857142857143,0.01621580257031674,5_5_3,1,
2021-07-28,True,-0.0027142537259845366,0.002009270345469513,0.7924528301886792,-0.0039029329712675555,5_5_3,1,
2021-07-29,True,-0.004749226160071174,1.437026571265805e-05,0.5306122448979592,-0.005545144527418113,5_5_3,1,
2021-07-30,True,0.02888537290588907,0.022994615939632698,0.625,0.02794787290588907,5_5_3,1,
2021-08-02,True,0.015251009516972077,0.0023630634011135242,0.9019607843137255,0.01389806834050149,5_5_3,1,
2021-08-03,True,-0.0067305206936532315,0.004864468015376694,0.6153846153846153,-0.007653597616730155,5_5_3,1,
2021-08-04,True,-0.00047218593066415996,-0.0028551593823619085,0.5964912280701755,-0.0013669227727694231,5_5_3,1,
2021-08-05,True,-0.014916258656243304,-0.009197862360278267,0.5964912280701754,-0.01581099549834857,5_5_3,1,
2021-08-06,True,0.023370173891876685,0.020163409252793096,0.5614035087719298,0.02252806862871879,5_5_3,1,
2021-08-09,True,0.010991690398945429,0.010769556372582414,0.7368421052631579,0.009886427241050693,5_5_3,1,
2021-08-10,True,-0.011296941475530486,-0.0041258478357812205,0.49122807017543857,-0.012033783580793643,5_5_3,1,
2021-08-11,True,0.004234605627200585,-0.003446746324549871,0.7586206896551724,0.003096674592717826,5_5_3,1,
2021-08-12,True,-0.010037733735655191,-0.0044359258420677535,0.6896551724137931,-0.011072216494275882,5_5_3,1,
2021-08-13,True,0.005472707441647952,0.0014948223479960435,0.3793103448275862,0.004903741924406573,5_5_3,1,
2021-08-16,True,-0.016486100941529164,-0.01519348621387241,0.5964912280701754,-0.017380837783634428,5_5_3,1,
2021-08-17,True,0.004913267697008093,0.012931325662468138,0.5714285714285714,0.004056124839865236,5_5_3,1,
2021-08-18,True,0.009508144392455365,-0.007892931263553128,0.6428571428571428,0.00854385867816965,5_5_3,1,
2021-08-19,True,-0.0052950321282247085,-0.005054150382387407,0.8727272727272727,-0.0066041230373156175,5_5_3,1,
2021-08-20,True,0.020251952426014515,0.01225683518342977,0.509090909090909,0.019488316062378153,5_5_3,1,
2021-08-23,True,0.007961717933083545,0.006004811455941743,0.6785714285714285,0.006943860790226401,5_5_3,1,
2021-08-24,True,0.0017972621144042775,0.0014984760350225108,0.5714285714285714,0.0009401192572614204,5_5_3,1,
2021-08-25,True,-0.026250572072974224,-0.015298488101434929,0.38596491228070173,-0.026829519441395278,5_5_3,1,
2021-08-26,True,-0.0015599325417100973,0.0050232011981960235,0.49122807017543857,-0.002296774646973255,5_5_3,1,
2021-08-27,True,-0.015690142679113134,-0.007862238977027489,0.7142857142857142,-0.016761571250541705,5_5_3,1,
2021-08-30,True,0.0003892369332675742,0.0069637567085211035,0.5357142857142857,-0.00041433449530385434,5_5_3,1,
2021-08-31,True,0.014513288953399959,0.014504591680392006,0.43636363636363634,0.013858743498854504,5_5_3,1,
2021-09-01,True,-0.015767519450738017,0.007876945349267592,0.7924528301886793,-0.016956198696021035,5_5_3,1,
2021-09-02,True,-0.004481323025242895,-0.008336328353740126,0.5882352941176471,-0.005363675966419366,5_5_3,1,
2021-09-03,True,0.02123545425675013,0.017492916673879852,0.5660377358490566,0.020386397652976545,5_5_3,1,
2021-09-06,True,0.006614525877350662,0.010660991263320603,0.6037735849056604,0.005708865499992171,5_5_3,1,
2021-09-07,True,-0.0033012482303571146,-0.0013511410936808141,0.6415094339622641,-0.004263512381300511,5_5_3,1,
2021-09-08,True,-0.0023576710174677473,0.004314788684335843,0.8214285714285714,-0.0035898138746106043,5_5_3,1,
2021-09-09,True,0.0060769528485551515,0.0013784404253626183,0.5357142857142857,0.005273381419983723,5_5_3,1,
2021-09-10,True,-0.011353116996443351,-0.0026586842723902407,0.5,-0.012103116996443352,5_5_3,1,
2021-09-13,True,-0.010252785172278898,-0.019068090864995935,0.5714285714285714,-0.011109928029421755,5_5_3,1,
2021-09-14,True,-0.009881152082430195,-0.0030304951629164783,0.5,-0.010631152082430196,5_5_3,1,
2021-09-15,True,-0.009830295992460611,-0.014630928820665372,0.7142857142857142,-0.010901724563889183,5_5_3,1,
2021-09-16,True,0.0036514022855854964,-0.00435636190852443,0.6071428571428571,0.002740687999871211,5_5_3,1,
2021-09-17,True,0.011677751270894694,0.022033304185315027,0.5818181818181818,0.01080502399816742,5_5_3,1,
2021-09-22,True,0.010477894427290572,0.002884963272495258,0.7547169811320755,0.00934581895559246,5_5_3,1,
2021-09-23,True,0.010407579596913364,-0.0019880236692778686,0.6274509803921569,0.00946640312632513,5_5_3,1,
2021-09-24,True,0.00025463481733757105,-0.010625693270763082,0.6274509803921569,-0.0006865416532506642,5_5_3,1,
2021-09-27,True,-0.0013431516049435131,-0.0032386274011085635,0.8275862068965517,-0.0025845309152883406,5_5_3,1,
2021-09-28,True,-0.003174514750681446,-0.006436998558311284,0.48275862068965514,-0.0038986526817159288,5_5_3,1,
2021-09-29,True,0.018948213009186567,0.015468158688311359,0.7586206896551724,0.017810281974703808,5_5_3,1,
2021-09-30,True,0.0021625761391422926,0.003201751990878902,0.7368421052631579,0.0010573129812475558,5_5_3,1,
2021-10-08,True,0.00032210244282988577,-0.004224463259947697,0.6181818181818182,-0.0006051702844428416,5_5_3,1,
2021-10-11,True,-0.01580252496124336,-0.012033262389870207,0.7999999999999999,-0.01700252496124336,5_5_3,1,
2021-10-12,True,0.006084826831108517,0.006438933999458483,0.5714285714285714,0.00522768397396566,5_5_3,1,
2021-10-13,True,-0.00519146416449195,-0.00453600657338945,0.6071428571428571,-0.006102178450206236,5_5_3,1,
2021-10-14,True,-0.0004294480937892813,0.0005046457427297623,0.631578947368421,-0.001376816514841913,5_5_3,1,
2021-10-15,True,-0.0014394612200055255,-0.00771353982559578,0.42105263157894735,-0.0020710401673739464,5_5_3,1,
2021-10-18,True,0.014043414408116553,0.010342509940657411,0.5454545454545454,0.013225232589934735,5_5_3,1,
2021-10-19,True,-0.00995348704218729,-0.004507745789889321,0.8148148148148148,-0.011175709264409512,5_5_3,1,
2021-10-20,True,0.0005966566930580695,-0.00048416506197814814,0.8148148148148148,-0.0006255655291641527,5_5_3,1,
2021-10-21,True,0.005440907635590077,0.0005870676549544661,0.5185185185185185,0.0046631298578123,5_5_3,1,
2021-10-22,True,0.004963488389059003,0.006547078439265792,0.7272727272727272,0.0038725792981499124,5_5_3,1,
2021-10-25,True,0.0025895380565691163,-0.002959588790499642,0.6909090909090909,0.0015531744202054798,5_5_3,1,
2021-10-26,True,-0.020983479038255183,-0.015198612327915568,0.6428571428571428,-0.021947764752540896,5_5_3,1,
2021-10-27,True,-0.004489968711417707,-0.005814533053924384,0.6071428571428571,-0.005400682997131993,5_5_3,1,
2021-10-28,True,0.014734060800372971,0.009379909871481391,0.5,0.01398406080037297,5_5_3,1,
2021-10-29,True,0.005789444427422802,0.0035435684882893646,0.8214285714285714,0.004557301570279945,5_5_3,1,
2021-11-01,True,-0.011454917067535316,-0.008897933095547062,0.7636363636363636,-0.012600371612989861,5_5_3,1,
2021-11-02,True,0.002881542259848428,0.005323152970254912,0.7999999999999999,0.001681542259848428,5_5_3,1,
2021-11-03,True,0.000401140894305453,0.004783673872000905,0.6037735849056605,-0.0005045194830530376,5_5_3,1,
2021-11-04,True,-0.006738995379722659,-0.003531811025548181,0.6037735849056605,-0.00764465575708115,5_5_3,1,
2021-11-05,True,0.0018221165042680073,0.0015890549346474574,0.6037735849056604,0.0009164561269095167,5_5_3,1,
2021-11-08,True,-0.002867574280476776,-0.001643202135145739,0.7037037037037037,-0.003923129836032331,5_5_3,1,
2021-11-09,True,-0.0024022011155353765,-0.002371819637525541,0.7407407407407407,-0.0035133122266464874,5_5_3,1,
2021-11-10,True,0.013646524396266525,0.014869706962841431,0.5555555555555556,0.012813191062933191,5_5_3,1,
2021-11-11,True,-0.002490949562634354,0.0002384748565433811,0.5555555555555556,-0.0033242828959676876,5_5_3,1,
2021-11-12,True,0.002735434172066484,0.00013616493553752032,0.6666666666666666,0.001735434172066484,5_5_3,1,
2021-11-15,True,0.009639308757370412,-0.0013824877887937653,0.5614035087719298,0.008797203494212518,5_5_3,1,
2021-11-16,True,0.0001274100724679316,0.0014264423373036943,0.7719298245614035,-0.0010304846643741736,5_5_3,1,
2021-11-17,True,-0.008360137527116599,-0.008446097668376002,0.793103448275862,-0.009549792699530392,5_5_3,1,
2021-11-18,True,0.008886272468038098,0.01131157782009845,0.48275862068965514,0.008162134537003617,5_5_3,1,
2021-11-19,True,0.0024399481774170584,0.0030195408809260737,0.5172413793103449,0.001664086108451541,5_5_3,1,
2021-11-22,True,0.0026027917328525054,0.0013052957390282094,0.7241379310344828,0.0015165848363007813,5_5_3,1,
2021-11-23,False,,,,,5_5_3,1,1.0
2021-11-24,True,-0.0009458203233003324,-0.0051297193437447024,1.0,-0.0024458203233003323,5_5_3,1,
2021-11-25,False,,,,,5_5_3,1,1.0
2021-11-26,False,,,,,5_5_3,1,1.0
2021-11-29,True,-0.004887430957193724,-0.0026092354546895058,1.0,-0.006387430957193725,5_5_3,1,
2021-11-30,True,0.002565336377449531,0.005206367348665553,0.7999999999999999,0.001365336377449531,5_5_3,1,
2021-12-01,True,-0.0015325507511114269,0.0024917324581467757,0.5185185185185185,-0.0023103285288892045,5_5_3,1,
2021-12-02,True,0.003450269412764417,0.01060661879449776,0.4444444444444444,0.0027836027460977505,5_5_3,1,
2021-12-03,True,0.002193591932144079,0.0014790918198969024,0.4727272727272727,0.0014845010230531697,5_5_3,1,
2021-12-06,True,0.0045848773039141215,0.0015568088503529363,0.6181818181818182,0.0036576045766413944,5_5_3,1,
2021-12-07,True,0.016311115600963953,0.01138123572060648,0.7142857142857143,0.015239687029535381,5_5_3,1,
2021-12-08,True,0.015427748620212156,0.01120095064600064,0.6428571428571428,0.014463462905926441,5_5_3,1,
2021-12-09,True,0.002632337901981468,0.0026099226018718702,0.7272727272727273,0.001541428811072377,5_5_3,1,
2021-12-10,True,-0.0005282774875752279,-0.004265586439304906,0.6909090909090909,-0.0015646411239388642,5_5_3,1,
2021-12-13,True,-0.005974783371278207,-0.004525051605200351,0.5818181818181819,-0.00684751064400548,5_5_3,1,
2021-12-14,True,-0.00422435242478644,-0.00426568636684017,0.4705882352941177,-0.004930234777727617,5_5_3,1,
2021-12-15,True,0.007119314637199971,0.005313014939765899,0.923076923076923,0.005734699252584586,5_5_3,1,
2021-12-16,True,-0.01433091567676311,-0.015688274951948848,0.8076923076923077,-0.015542454138301572,5_5_3,1,
2021-12-17,True,-0.010359584481461756,-0.009208551185691093,0.45283018867924535,-0.011038829764480625,5_5_3,1,
2021-12-20,True,0.012630233015230679,0.012051220638361147,0.7169811320754716,0.011554761317117471,5_5_3,1,
2021-12-21,True,0.007399186331173388,0.0011058264206370474,0.8627450980392156,0.006105068684114564,5_5_3,1,
2021-12-22,True,0.003886607833121821,0.002722794410136779,0.7346938775510203,0.0027845670167952904,5_5_3,1,
2021-12-23,True,-0.004257361154001399,-0.002326463170550968,0.6122448979591837,-0.005175728500940174,5_5_3,1,
2021-12-24,True,0.002102202980842532,0.004263760406390733,0.7755102040816326,0.0009389376747200829,5_5_3,1,
2021-12-27,True,0.015053000063378914,0.0029874199184190572,0.7547169811320754,0.013920924591680801,5_5_3,1,
2021-12-28,True,-0.00973211438062644,-0.00969529827060311,0.5283018867924528,-0.010524567210815119,5_5_3,1,
2021-12-29,True,0.01496094384816893,0.01008234069554489,0.4444444444444444,0.014294277181502264,5_5_3,1,
2021-12-30,True,0.005888005333415312,0.006255784723719292,0.5964912280701754,0.0049932684913100486,5_5_3,1,
2021-12-31,True,-0.012795066645944365,-0.0039367400808960375,0.631578947368421,-0.013742435066996996,5_5_3,1,
2022-01-04,True,-0.01764097339897628,-0.013462561649444994,0.6666666666666666,-0.01864097339897628,5_5_3,1,
2022-01-05,True,-0.003984706990058776,-0.0009476324845594586,0.5357142857142857,-0.004788278418630204,5_5_3,1,
2022-01-06,True,-0.005290959395457471,-0.0012771883059303074,0.5714285714285714,-0.006148102252600329,5_5_3,1,
2022-01-07,True,0.006794438201178526,0.005974717203606293,0.36363636363636365,0.006248983655723981,5_5_3,1,
2022-01-10,True,-0.009720680776441695,-0.0075811412612215405,0.6545454545454545,-0.010702498958259875,5_5_3,1,
2022-01-11,True,0.011754875815548266,0.0046467862297303614,0.6037735849056604,0.010849215438189775,5_5_3,1,
2022-01-12,True,-0.024722154681432185,-0.019060909953973373,0.6274509803921567,-0.025663331152020418,5_5_3,1,
2022-01-13,True,-0.007264163134699879,-0.005835930068960719,0.6666666666666666,-0.00826416313469988,5_5_3,1,
2022-01-14,True,0.012062390258665857,0.008246239324485694,0.7777777777777778,0.01089572359199919,5_5_3,1,
2022-01-17,True,0.0077933304671459445,0.007506011220691176,0.7272727272727272,0.006702421376236854,5_5_3,1,
2022-01-18,False,,,,,5_5_3,1,1.0
2022-01-19,True,-0.0022857840254535506,0.00011249052871714899,1.0,-0.0037857840254535507,5_5_3,1,
2022-01-20,True,-0.009655368611388982,-0.015058046373307099,0.7017543859649122,-0.01070800019033635,5_5_3,1,
2022-01-21,True,0.007078475319984584,0.0027991396315989077,0.7368421052631579,0.005973212162089847,5_5_3,1,
2022-01-24,True,-0.01599395287783976,-0.01937091960262861,0.5964912280701754,-0.016888689719945026,5_5_3,1,
2022-01-25,True,-0.0028137947177792016,0.0002096060038694324,0.5357142857142857,-0.0036173661463506303,5_5_3,1,
2022-01-26,True,-0.02148978885470351,-0.015479238316728096,0.509090909090909,-0.02225342521833987,5_5_3,1,
2022-01-27,True,0.0043201984603534905,0.0007133731345255802,0.7169811320754718,0.003244726762240283,5_5_3,1,
2022-01-28,True,-0.0011253591868503156,0.0025191678600544666,0.92,-0.002505359186850316,5_5_3,1,
2022-02-07,True,-0.003938935834990681,-0.0016213658024984692,0.8181818181818181,-0.005166208562263408,5_5_3,1,
2022-02-08,True,0.012524252476190904,0.009522127201319664,0.7441860465116279,0.011407973406423463,5_5_3,1,
2022-02-09,True,-0.013950027456342459,-0.0033660051528103282,0.7843137254901961,-0.015126498044577753,5_5_3,1,
2022-02-10,True,-0.013609860212518034,-0.010908811118813852,0.6296296296296297,-0.014554304656962478,5_5_3,1,
2022-02-11,True,-0.00026429697100992423,-0.007032663890804933,0.8363636363636363,-0.0015188424255553788,5_5_3,1,
2022-02-14,True,0.028730965413732313,0.013961404137329974,0.6181818181818182,0.027803692686459585,5_5_3,1,
2022-02-15,True,-0.0044799752793659095,-0.0012552284582740911,0.5454545454545454,-0.005298157097547728,5_5_3,1,
2022-02-16,True,-0.006427112472366335,-0.0045483736206380545,0.5714285714285714,-0.007284255329509192,5_5_3,1,
2022-02-17,True,0.006837737440283336,0.009715047562653638,0.5517241379310345,0.006010151233386784,5_5_3,1,
2022-02-18,True,-0.007888707868060745,-0.004604334096097183,0.6206896551724137,-0.008819742350819365,5_5_3,1,
2022-02-21,True,-0.003415895275603463,-0.005478805846659858,0.7017543859649122,-0.004468526854550832,5_5_3,1,
2022-02-22,True,0.010140529098317076,0.005588065150623469,0.6551724137931034,0.009157770477627421,5_5_3,1,
2022-02-23,True,-0.0074860515721566585,-0.008772579063108759,0.8620689655172413,-0.00877915502043252,5_5_3,1,
2022-02-24,True,0.0017246301898721091,0.0021289082411853613,0.689655172413793,0.0006901474312514195,5_5_3,1,
2022-02-25,True,0.0044632559909466175,0.004227750361027778,0.5263157894736842,0.003673782306736091,5_5_3,1,
2022-02-28,True,0.006472571115019691,-0.0010544459927753433,1.0714285714285714,0.004865428257876833,5_5_3,1,
2022-03-01,True,0.003075598945010943,0.0014773008340100205,0.5714285714285714,0.002218456087868086,5_5_3,1,
2022-03-02,True,-0.009461255316933035,-0.015310232947585677,0.3404255319148936,-0.009971893614805376,5_5_3,1,
2022-03-03,True,-0.007603941652505456,-0.0053979575085059475,0.9629629629629629,-0.009048386096949902,5_5_3,1,
2022-03-04,True,-0.025498044087104797,-0.024608938182196206,0.5357142857142857,-0.026301615515676224,5_5_3,1,
2022-03-07,True,-0.021413971655437347,-0.022896748029225575,0.3508771929824561,-0.02194028744491103,5_5_3,1,
2022-03-08,True,-0.0018003289979614918,0.0018850932126928534,0.736842105263158,-0.0029055921558562288,5_5_3,1,
2022-03-09,True,-0.027471785150573257,-0.020559898746720078,0.7692307692307692,-0.028625631304419412,5_5_3,1,
2022-03-10,True,0.018080698666410898,0.01136127080735574,1.306122448979592,0.01612151499294151,5_5_3,1,
2022-03-14,True,-0.02352967018362999,-0.02178474693830956,1.1818181818181819,-0.025302397456357262,5_5_3,1,
2022-03-15,True,0.037713152691139326,0.03710881850397075,0.5217391304347827,0.036930543995487154,5_5_3,1,
2022-03-16,True,0.005190263486959632,-0.002516189908368949,0.8627450980392156,0.003896145839900809,5_5_3,1,
2022-03-17,True,0.012864969238748563,0.012640614040246094,0.7058823529411764,0.011806145709336798,5_5_3,1,
2022-03-18,True,-0.003312756461378835,-0.00396258926560668,0.18867924528301888,-0.003595775329303363,5_5_3,1,
2022-03-21,True,0.011617499921102272,0.004132733490297019,0.5423728813559322,0.010803940599068374,5_5_3,1,
2022-03-22,True,0.0011606606078983412,-0.0033761547383229827,0.6666666666666666,0.00016066060789834123,5_5_3,1,
2022-03-23,True,-0.005534940039591245,-0.0007370331194653701,0.9333333333333333,-0.006934940039591245,5_5_3,1,
2022-03-24,True,-0.03270320008969598,-0.024886811836463248,0.9,-0.03405320008969598,5_5_3,1,
2022-03-25,True,0.0025855472901825855,0.007127272081268004,0.31034482758620685,0.0021200300488032754,5_5_3,1,
2022-03-28,True,-0.0018966421606263187,-0.0010004211432887602,0.8070175438596491,-0.0031071684764157927,5_5_3,1,
2022-03-29,True,0.01792439989250504,0.016581198788597696,0.8518518518518519,0.016646622114727262,5_5_3,1,
2022-03-30,False,,,,,5_5_3,1,1.0
2022-03-31,True,0.010661238463835973,0.013294544495846432,1.0,0.009161238463835973,5_5_3,1,
2022-04-01,True,-0.00790759915277577,-0.003024733019797664,0.5454545454545454,-0.00872578097095759,5_5_3,1,
2022-04-06,True,-0.006405885456445432,-0.009616608562124485,0.6545454545454545,-0.007387703638263614,5_5_3,1,
2022-04-07,True,-0.00897258042200201,-0.002645296445262479,0.43636363636363634,-0.009627125876547465,5_5_3,1,
2022-04-08,True,-0.03134729315530759,-0.026020304096954144,0.6666666666666666,-0.03234729315530759,5_5_3,1,
2022-04-11,True,0.010981589264665961,0.0166325802212281,0.7547169811320755,0.009849513792967848,5_5_3,1,
2022-04-12,True,-0.002202669796617192,0.0007705381494649454,0.7692307692307692,-0.0033565159504633456,5_5_3,1,
2022-04-13,True,-0.0002307925819698216,0.0012778395960854503,0.6666666666666666,-0.0012307925819698216,5_5_3,1,
2022-04-14,True,-0.0012105576927773087,-0.0037088632530090093,0.4897959183673469,-0.001945251570328329,5_5_3,1,
2022-04-15,True,0.010551065451810376,0.003131941389086638,0.7346938775510203,0.009449024635483845,5_5_3,1,
2022-04-18,True,-0.0052893892316085885,-0.006280157242801744,0.8076923076923076,-0.00650092769314705,5_5_3,1,
2022-04-19,True,-0.021262644009720465,-0.017195633033902525,0.7037037037037037,-0.02231819956527602,5_5_3,1,
2022-04-20,True,-0.023584493379068587,-0.023064913857644028,0.5714285714285714,-0.024441636236211445,5_5_3,1,
2022-04-21,True,-0.010540981897555994,-0.010447715391438475,0.5714285714285714,-0.011398124754698851,5_5_3,1,
2022-04-22,True,-0.03533555542521548,-0.033174765378488624,0.6785714285714286,-0.03635341256807262,5_5_3,1,
2022-04-25,True,-0.02040110713574305,-0.028589844538407398,0.6037735849056605,-0.02130676751310154,5_5_3,1,
2022-04-26,True,0.053179194413338376,0.03759333394601347,0.8846153846153846,0.0518522713364153,5_5_3,1,
2022-04-27,True,0.01937542111588882,0.01421644773189865,1.0434782608695652,0.017810203724584472,5_5_3,1,
2022-04-28,True,0.027913190990669724,0.021625500121037654,0.3902439024390244,0.027327825137011187,5_5_3,1,
2022-04-29,True,-0.014899359255901017,-0.014850891217723006,0.5,-0.015649359255901017,5_5_3,1,
2022-05-05,True,0.002831852139468646,-0.007121561233192201,1.183673469387755,0.0010563419353870134,5_5_3,1,
2022-05-06,True,-0.01146164443422665,-0.01177666093955142,0.9122807017543859,-0.012830065486858229,5_5_3,1,
2022-05-09,True,0.025124276877242818,0.02632961100887837,0.8421052631578947,0.023861118982505976,5_5_3,1,
2022-05-10,True,0.011218732422166823,0.007797524753229519,0.5964912280701754,0.01032399558006156,5_5_3,1,
2022-05-11,True,0.0070610733885859015,0.009754106160786579,0.7368421052631579,0.005955810230691165,5_5_3,1,
2022-05-12,True,0.010097188969224513,0.008184000630299327,0.793103448275862,0.00890753379681072,5_5_3,1,
2022-05-13,True,-0.007402937016604592,-0.013111545144596377,0.5172413793103449,-0.008178799085570109,5_5_3,1,
2022-05-16,True,0.00809659178906544,0.010128971632772231,0.3103448275862069,0.00763107454768613,5_5_3,1,
2022-05-17,True,-0.02104336031455664,-0.017045324978112526,0.6206896551724138,-0.021974394797315264,5_5_3,1,
2022-05-18,True,0.01508684369021361,0.02104308347635773,0.6896551724137931,0.014052360931592919,5_5_3,1,
2022-05-19,True,0.019017521485754304,0.014976205814275443,0.6551724137931034,0.018034762865064648,5_5_3,1,
2022-05-20,True,-0.0034199353293893914,-0.002346789357938617,0.7586206896551724,-0.00455786636387215,5_5_3,1,
2022-05-23,True,-0.02533116509994908,-0.02747417635548063,0.5517241379310345,-0.02615875130684563,5_5_3,1,
2022-05-24,True,0.010823877892424897,0.012358252698989585,0.44827586206896547,0.01015146409932145,5_5_3,1,
2022-05-25,True,0.008543629173811988,0.009837398151303389,0.6206896551724138,0.007612594691053368,5_5_3,1,
2022-05-26,True,-0.002300262250666267,-0.0025127719919735073,0.6896551724137931,-0.0033347450092869567,5_5_3,1,
2022-05-27,True,0.00378563524077432,0.004196731408652938,0.27586206896551724,0.003371842137326044,5_5_3,1,
2022-05-30,True,0.010818390139772587,0.015617312516078037,0.5172413793103448,0.010042528070807069,5_5_3,1,
2022-05-31,True,-0.0013662718600737506,-0.004370045510159844,0.631578947368421,-0.002313640281126382,5_5_3,1,
2022-06-01,True,0.001552653423519659,0.006978489286187011,0.46428571428571425,0.0008562248520910876,5_5_3,1,
2022-06-02,True,0.01276965378422286,0.018046237997757633,0.46428571428571425,0.012073225212794289,5_5_3,1,
2022-06-06,True,0.005269067088106205,0.0038506776985419862,0.6071428571428571,0.00435835280239192,5_5_3,1,
2022-06-07,True,0.0037007273901280635,0.005662485487748376,0.46428571428571425,0.003004298818699492,5_5_3,1,
2022-06-08,True,-0.006653348828681946,-0.01658021497400471,0.5263157894736842,-0.007442822512892472,5_5_3,1,
2022-06-09,True,0.0013637476860137137,0.011999987456545798,0.5263157894736842,0.0005742740018031874,5_5_3,1,
2022-06-10,True,-0.011715655814707923,-0.008652437091754624,0.38596491228070173,-0.012294603183128975,5_5_3,1,
2022-06-13,True,0.012160488878046162,0.020658070412567717,0.6071428571428572,0.011249774592331877,5_5_3,1,
2022-06-14,True,0.013075544705809244,0.012042270717712111,0.7058823529411765,0.01201672117639748,5_5_3,1,
2022-06-15,True,-0.004476022423792061,-0.011783305140668332,0.5882352941176471,-0.005358375364968531,5_5_3,1,
2022-06-16,True,0.020845834853512345,0.021066353981344366,0.26923076923076916,0.02044198869966619,5_5_3,1,
2022-06-17,True,0.011071607726169564,0.004254179792742757,0.46153846153846156,0.010379300033861873,5_5_3,1,
2022-06-20,True,-0.0026615432250539158,-0.0016729361076766036,0.679245283018868,-0.003680411149582218,5_5_3,1,
2022-06-21,True,-0.017703848002262552,-0.015681469562783167,0.6415094339622641,-0.01866611215320595,5_5_3,1,
2022-06-22,True,0.01593929932577281,0.016820050663677453,0.3773584905660377,0.015373261589923751,5_5_3,1,
2022-06-23,True,0.015155527655286775,0.011642244789027789,0.7169811320754718,0.014080055957173567,5_5_3,1,
2022-06-24,True,0.012546438342972584,0.007346388040129114,0.8461538461538463,0.011277207573741815,5_5_3,1,
2022-06-27,True,0.010853645162938328,0.008920718219879093,0.8070175438596492,0.009643118847148854,5_5_3,1,
2022-06-28,True,-0.012330161628127745,-0.00945091747440322,0.5964912280701754,-0.013224898470233008,5_5_3,1,
2022-06-29,True,0.012737049157913101,0.013003976681258996,0.48275862068965514,0.012012911226878618,5_5_3,1,
2022-06-30,True,-0.0056088745114505475,-0.005996005223650097,0.5517241379310345,-0.0064364607183470994,5_5_3,1,
2022-07-01,True,0.013639870817040246,0.012364956079502594,0.7241379310344827,0.012553663920488522,5_5_3,1,
2022-07-04,True,-0.006949171935010502,-0.008570416024016805,0.5964912280701754,-0.007843908777115764,5_5_3,1,
2022-07-05,True,-0.009464390944338373,-0.009393686393106638,0.5964912280701754,-0.010359127786443635,5_5_3,1,
2022-07-06,True,0.014050773181688578,0.008651960734480161,0.631578947368421,0.013103404760635947,5_5_3,1,
2022-07-07,True,-0.01446277444640111,-0.010572236770000713,0.39999999999999997,-0.01506277444640111,5_5_3,1,
2022-07-08,True,-0.010186816024590767,-0.010736661549441818,0.8214285714285714,-0.011418958881733624,5_5_3,1,
2022-07-11,True,-0.00769953568224613,-0.009517407639954217,0.3508771929824561,-0.008225851471719814,5_5_3,1,
2022-07-12,True,-0.0013836888258021902,-0.0022595474968424454,0.5614035087719298,-0.0022257940889600846,5_5_3,1,
2022-07-13,True,0.0034978880373275805,0.00210720877804343,0.7037037037037037,0.002442332481772025,5_5_3,1,
2022-07-14,True,-0.011464157616297717,-0.01119265824714373,0.5185185185185185,-0.012241935394075495,5_5_3,1,
2022-07-15,True,0.003912799701239798,0.008792231688899468,0.7407407407407408,0.0028016885901286865,5_5_3,1,
2022-07-18,True,0.0050219120034553835,0.0024627471198449056,0.6037735849056605,0.004116251626096893,5_5_3,1,
2022-07-19,True,0.0017116072882077521,0.00019872832846857337,0.5660377358490567,0.000862550684434167,5_5_3,1,
2022-07-20,True,-0.0052874382745382136,-0.0037894734611295393,0.48148148148148157,-0.006009660496760436,5_5_3,1,
2022-07-21,True,-0.0038006739351628682,-0.00664566200996706,0.7142857142857142,-0.0048721025065914395,5_5_3,1,
2022-07-22,True,-0.003039786096674812,-0.0057353287806541945,0.75,-0.0041647860966748124,5_5_3,1,
2022-07-25,True,0.006247568888466781,0.004746048095747067,0.7142857142857143,0.00517614031703821,5_5_3,1,
2022-07-26,True,0.0011016664279252873,0.0033950513072475803,0.6909090909090909,6.53027915616508e-05,5_5_3,1,
2022-07-27,True,-0.002973085083665569,-0.0007966970437967853,0.43636363636363634,-0.0036276305382110237,5_5_3,1,
2022-07-28,True,-0.013807063981247897,-0.016032156446023935,0.8571428571428571,-0.015092778266962183,5_5_3,1,
2022-07-29,True,-0.004052876567841303,-0.002318647605517884,0.5714285714285714,-0.0049100194249841606,5_5_3,1,
2022-08-01,True,-0.008563700489715872,-0.011282588899372456,0.6071428571428571,-0.009474414775430158,5_5_3,1,
2022-08-02,True,0.00025924097891212225,-0.0019706707226526178,0.6071428571428571,-0.0006514733068021634,5_5_3,1,
2022-08-03,True,0.003387461123523328,0.003677834234342318,0.7407407407407408,0.0022763500124122166,5_5_3,1,
2022-08-04,True,0.007174934926505639,0.014315734418811885,1.0,0.005674934926505639,5_5_3,1,
2022-08-05,True,-0.0006791151853479517,0.0006775972593975843,0.5106382978723404,-0.0014450726321564623,5_5_3,1,
2022-08-08,True,-0.003160359398250161,0.00015579573826218204,0.72,-0.004240359398250161,5_5_3,1,
2022-08-09,True,-0.003963816787025847,-0.0024334752992477005,0.9642857142857143,-0.005410245358454418,5_5_3,1,
2022-08-10,True,0.016203403062649294,0.015382489900045409,0.6206896551724137,0.015272368579890673,5_5_3,1,
2022-08-11,True,-8.495996578504903e-05,-0.0022593527499510536,0.6206896551724138,-0.0010159944485436698,5_5_3,1,
2022-08-12,True,-0.0031678289384703346,-8.547277392458879e-05,0.5517241379310345,-0.0039954151453668865,5_5_3,1,
2022-08-15,True,-0.0018516737001078051,-0.0025461056764894806,0.3571428571428571,-0.002387387985822091,5_5_3,1,
2022-08-16,True,0.004658308930496425,0.006370408314230441,0.49122807017543857,0.0039214668252332665,5_5_3,1,
2022-08-17,True,-0.009301597137353037,-0.007134052794483578,0.5964912280701754,-0.0101963339794583,5_5_3,1,
2022-08-18,True,-0.018343688359028595,-0.008261049818698966,0.38596491228070173,-0.01892263572744965,5_5_3,1,
2022-08-19,True,0.009775808804095095,0.009658705897311062,0.7368421052631579,0.008670545646200359,5_5_3,1,
2022-08-22,True,-0.007130027717708721,-0.0029637784950180875,0.6181818181818182,-0.00805730044498145,5_5_3,1,
2022-08-23,True,-0.015105006360579534,-0.018549543557516,0.48148148148148145,-0.015827228582801757,5_5_3,1,
2022-08-24,True,0.008127648310694418,0.007268942970303014,0.6666666666666666,0.0071276483106944176,5_5_3,1,
2022-08-25,True,-0.014244800663035491,-0.015947051982557508,0.5660377358490566,-0.015093857266809077,5_5_3,1,
2022-08-26,True,0.012641427237411827,0.009602591707030988,0.6037735849056604,0.011735766860053336,5_5_3,1,
2022-08-29,True,-0.0057860168657600025,-0.0034981653833699904,0.49999999999999994,-0.006536016865760002,5_5_3,1,
2022-08-30,True,-0.0030904977328716655,-0.0013869216097488674,0.7777777777777779,-0.004257164399538332,5_5_3,1,
2022-08-31,True,-0.0023934319706383532,-0.002221869733569495,0.8888888888888888,-0.0037267653039716863,5_5_3,1,
2022-09-01,True,-0.009404607196329465,-0.005766067258372632,0.5818181818181818,-0.010277334469056739,5_5_3,1,
2022-09-02,True,0.002858283002258485,0.00244948214445182,0.43636363636363634,0.0022037375477130306,5_5_3,1,
2022-09-05,True,0.009909308546670763,0.004180828990209251,0.39999999999999997,0.009309308546670763,5_5_3,1,
2022-09-06,True,0.011484561232469525,0.0059592518037654505,0.6666666666666666,0.010484561232469526,5_5_3,1,
2022-09-07,True,-0.0034523630868586786,-0.002514037193146671,0.6909090909090909,-0.0044887267232223155,5_5_3,1,
2022-09-08,True,0.015595238691114698,0.013329051131522952,0.45614035087719296,0.014911028164798909,5_5_3,1,
2022-09-09,True,-0.014545504846669294,-0.015033309895226195,0.8070175438596491,-0.01575603116245877,5_5_3,1,
2022-09-13,True,0.006589975229341992,0.007107853021321437,0.8928571428571428,0.005250689515056278,5_5_3,1,
2022-09-14,True,-0.017912303312989312,-0.018095074057780613,0.49122807017543857,-0.01864914541825247,5_5_3,1,
2022-09-15,True,-0.02093606938634271,-0.023510004532905974,0.44827586206896547,-0.021608483179446157,5_5_3,1,
2022-09-16,True,-0.00022172987747806915,0.0012688601035196888,0.7241379310344828,-0.0013079367740297932,5_5_3,1,
2022-09-19,True,0.002524298311273399,-0.006213785264612946,0.9655172413793103,0.0010760224492044335,5_5_3,1,
2022-09-20,True,-0.00959278147466419,-0.009384812534904398,1.0877192982456139,-0.011224360422032611,5_5_3,1,
2022-09-21,True,0.0006075453743823456,-0.0017226631782371789,0.5185185185185185,-0.00017023240339543216,5_5_3,1,
2022-09-22,True,-0.011949723733177112,-0.01213629625702838,0.6666666666666666,-0.012949723733177113,5_5_3,1,
2022-09-23,True,0.00033408341405733024,-0.0018022973033706444,0.7755102040816327,-0.0008291818920651188,5_5_3,1,
2022-09-26,True,0.011822846387166618,0.01073090699636051,0.7391304347826088,0.010714150734992704,5_5_3,1,
2022-09-27,True,-0.011498333592824678,-0.007673321581131452,0.4583333333333333,-0.012185833592824678,5_5_3,1,
2022-09-28,True,-0.01305737746432775,-0.00966609414543994,0.6799999999999999,-0.01407737746432775,5_5_3,1,
2022-09-29,True,-0.0012308550892684588,-0.00677398667687677,0.7169811320754718,-0.0023063267873816664,5_5_3,1,
2022-09-30,True,-0.021607747131177076,-0.019525539897610814,0.9056603773584906,-0.02296623769721481,5_5_3,1,
2022-10-10,True,-0.0061031586865636185,-0.0055492698001235845,0.6399999999999999,-0.007063158686563618,5_5_3,1,
2022-10-11,True,0.021686639657820927,0.013728186598458675,0.5714285714285714,0.02082949680067807,5_5_3,1,
2022-10-12,True,0.012159574877208541,0.011720897070684617,0.8163265306122448,0.010935085081290173,5_5_3,1,
2022-10-13,True,0.013102146029923833,0.013755675428589388,0.5199999999999999,0.012322146029923833,5_5_3,1,
2022-10-14,True,0.01462721230696414,0.013112433525002415,0.7272727272727273,0.01353630321605505,5_5_3,1,
2022-10-17,True,-0.012197178023323282,-0.009613687071933262,0.6428571428571428,-0.013161463737608996,5_5_3,1,
2022-10-18,True,-0.012983674096615189,-0.015936774578882804,0.49122807017543857,-0.013720516201878346,5_5_3,1,
2022-10-19,True,0.008717451329129313,0.006547894120705111,0.631578947368421,0.007770082908076682,5_5_3,1,
2022-10-20,True,-0.005602212088059742,-0.003351753213303013,0.6551724137931034,-0.006584970708749398,5_5_3,1,
2022-10-21,True,-0.02888834442016218,-0.025679837615581562,0.3103448275862069,-0.02935386166154149,5_5_3,1,
2022-10-24,True,-0.001923063617755943,0.0013844398041415401,0.41379310344827586,-0.0025437532729283567,5_5_3,1,
2022-10-25,True,0.017595985773337347,0.018365762910441365,0.7241379310344827,0.016509778876785623,5_5_3,1,
2022-10-26,True,-0.011567058659277235,-0.010557590953922875,0.75,-0.012692058659277236,5_5_3,1,
2022-10-27,True,-0.02264789808012635,-0.02669399907293811,0.3773584905660377,-0.023213935815975407,5_5_3,1,
2022-10-28,True,-0.00206130086016554,0.005461514426636771,0.679245283018868,-0.0030801687846938423,5_5_3,1,
2022-10-31,True,0.033625769896636334,0.025593312285667184,0.8076923076923077,0.032414231435097876,5_5_3,1,
2022-11-01,True,0.010479606134262623,0.009347945959101845,0.6923076923076923,0.009441144595801084,5_5_3,1,
2022-11-02,True,0.0004715735571457355,0.004695632178489608,0.5769230769230769,-0.0003938110582388798,5_5_3,1,
2022-11-03,True,0.025258029816017758,0.02614841693245875,0.4363636363636364,0.024603484361472302,5_5_3,1,
2022-11-04,True,0.008139454764317587,0.004758011490088485,0.631578947368421,0.007192086343264956,5_5_3,1,
2022-11-07,True,-0.00329269437430899,-0.00515280257521141,0.5862068965517241,-0.004172004719136577,5_5_3,1,
2022-11-08,True,-0.010809377863204572,-0.01299700270289941,0.9310344827586207,-0.012205929587342504,5_5_3,1,
2022-11-09,True,0.023732592771861412,0.023356235706274292,0.6896551724137931,0.02269811001324072,5_5_3,1,
2022-11-10,True,0.005645603410011989,0.004188428454825557,0.48275862068965514,0.004921465478977506,5_5_3,1,
2022-11-11,True,-0.007616951799302307,-0.00541530890313886,0.5517241379310345,-0.008444538006198859,5_5_3,1,
2022-11-14,True,0.02006651008604157,0.02131552647730156,0.7586206896551724,0.01892857905155881,5_5_3,1,
2022-11-15,True,-0.012323630907048397,-0.009699560531459744,0.5862068965517241,-0.013202941251875983,5_5_3,1,
2022-11-16,True,0.0004984093727112454,0.0037422340929381456,0.48275862068965514,-0.00022572855832323727,5_5_3,1,
2022-11-17,True,-0.014351693032806957,-0.013443958359534767,0.2758620689655172,-0.014765486136255232,5_5_3,1,
2022-11-18,True,0.0037724107160613573,-0.001088206358548785,0.5614035087719298,0.0029303054529034624,5_5_3,1,
2022-11-21,True,-0.007870602261019344,-0.0013913300493820053,0.45614035087719296,-0.008554812787335133,5_5_3,1,
2022-11-22,True,0.006589764589158809,0.005129369886969076,0.5357142857142857,0.0057861931605873804,5_5_3,1,
2022-11-23,True,-0.007193141506397195,-0.007597061922775975,1.0357142857142856,-0.008746712934968624,5_5_3,1,
2022-11-24,True,-0.018785452046593626,-0.011382036405515777,0.6181818181818182,-0.019712724773866354,5_5_3,1,
2022-11-25,True,0.013942959529405396,0.01262232078936451,0.6181818181818182,0.013015686802132668,5_5_3,1,
2022-11-28,True,0.01687461111034217,0.017010523016773617,0.33962264150943394,0.01636517714807802,5_5_3,1,
2022-11-29,True,0.01966463346041372,0.017263367036678808,0.7924528301886792,0.0184759542151307,5_5_3,1,
2022-11-30,True,-0.0024437641144714494,-0.007610411737244829,0.7037037037037037,-0.003499319670027005,5_5_3,1,
2022-12-01,True,0.004949633492240239,0.004071535142754113,0.5964912280701754,0.004054896650134976,5_5_3,1,
2022-12-02,True,0.009959473548558324,0.008427608869827064,0.7719298245614035,0.00880157881171622,5_5_3,1,
2022-12-05,True,0.005563822201570124,0.005026636297711957,1.0526315789473684,0.003984874833149072,5_5_3,1,
2022-12-06,True,0.0008256931111324587,-0.0024180885171845405,0.5614035087719298,-1.6412152025436014e-05,5_5_3,1,
2022-12-07,True,-0.003478254922522916,0.0006572758854093827,0.5964912280701754,-0.004372991764628179,5_5_3,1,
2022-12-08,True,0.0005842451352353478,0.001244588735856861,0.45614035087719296,-9.996539108044161e-05,5_5_3,1,
2022-12-09,True,-0.005189978532594873,-0.005192623820984705,0.5714285714285714,-0.006047121389737731,5_5_3,1,
2022-12-12,True,-0.00418408089118514,0.0008492541415693055,0.6785714285714285,-0.005201938034042283,5_5_3,1,
2022-12-13,True,-0.0016124115580394797,-0.002436632495924831,0.7272727272727273,-0.0027033206489485706,5_5_3,1,
2022-12-14,True,-0.00652102479587217,-0.006171962581162649,0.43636363636363634,-0.007175570250417624,5_5_3,1,
2022-12-15,True,0.004454642804951892,0.003744353972257344,0.5555555555555556,0.003621309471618558,5_5_3,1,
2022-12-16,True,-0.020207201170237096,-0.0206633545932188,0.6153846153846153,-0.02113027809331402,5_5_3,1,
2022-12-19,True,-0.0068233827620790945,-0.009290221859738181,0.5882352941176471,-0.007705735703255565,5_5_3,1,
2022-12-20,True,0.0011822942021536575,0.0034058707539070445,0.3846153846153846,0.0006053711252305806,5_5_3,1,
2022-12-21,True,-0.011593624255535328,-0.012076884732171427,0.7307692307692308,-0.012689778101689173,5_5_3,1,
2022-12-22,True,0.006983050480064643,0.004362779198277292,0.8076923076923076,0.005771512018526182,5_5_3,1,
2022-12-23,True,0.013165497131550352,0.009140441667060541,0.4897959183673469,0.012430803253999333,5_5_3,1,
2022-12-26,True,0.006328091805307252,0.004724024578995876,0.5714285714285714,0.005470948948164396,5_5_3,1,
2022-12-27,True,-0.00566641920124731,-0.005513783795961994,0.7999999999999999,-0.00686641920124731,5_5_3,1,
2022-12-28,True,0.0014635856971397143,0.004319221272236971,0.7857142857142857,0.00028501426856828577,5_5_3,1,
2022-12-29,True,-0.005801954340131144,-0.0024453374789015995,0.5964912280701754,-0.006696691182236408,5_5_3,1,
2022-12-30,True,0.010453761191345317,0.007487396519953795,0.5964912280701754,0.009559024349240055,5_5_3,1,
2023-01-03,True,0.0010295732394479476,0.004523810546035189,0.6071428571428571,0.00011885895373366193,5_5_3,1,
2023-01-04,True,0.016941058511293603,0.011373452030425207,0.7857142857142857,0.015762487082722175,5_5_3,1,
2023-01-05,True,0.014408760922838463,0.006647056718940702,0.6181818181818182,0.013481488195565735,5_5_3,1,
2023-01-06,True,0.007104171929742567,0.004709005977702198,0.5714285714285714,0.00624702907259971,5_5_3,1,
2023-01-09,True,0.0009976217857630514,0.0006327157301240933,0.49122807017543857,0.00026077968049989346,5_5_3,1,
2023-01-10,True,-0.003289849259286129,-0.002997347163310121,0.8771929824561403,-0.004605638732970339,5_5_3,1,
2023-01-11,True,0.0027049168294725214,0.0013234195229162304,0.8070175438596491,0.0014943905136830477,5_5_3,1,
2023-01-12,True,0.009355268841774901,0.010408487987209312,0.6666666666666666,0.008355268841774902,5_5_3,1,
2023-01-13,True,0.014393301159721998,0.0153908023728775,0.7857142857142857,0.01321472973115057,5_5_3,1,
2023-01-16,True,0.001233826502225114,0.0012811411315451155,0.7857142857142857,5.525507365368551e-05,5_5_3,1,
2023-01-17,True,-0.004131713770661571,-0.0012896673359075927,0.3571428571428571,-0.004667428056375857,5_5_3,1,
2023-01-18,True,0.011330777206663655,0.010981413505495597,0.4137931034482758,0.010710087551491242,5_5_3,1,
2023-01-19,True,0.02641964464755164,0.021120439299156912,0.5862068965517241,0.025540334302724052,5_5_3,1,
2023-01-20,True,-0.017070607385560366,-0.014439704749483698,0.6551724137931034,-0.018053366006250023,5_5_3,1,
2023-01-30,True,-0.005503105578264019,-0.004013410053196364,0.8928571428571428,-0.0068423912925497325,5_5_3,1,
2023-01-31,True,0.009974380004748101,0.012554296483146385,0.8214285714285714,0.008742237147605244,5_5_3,1,
2023-02-01,True,-0.0038625243951703253,-0.0075893838333843675,0.6071428571428571,-0.004773238680884611,5_5_3,1,
2023-02-02,True,-0.007634669741876489,-0.00950784123289546,0.7241379310344827,-0.008720876638428214,5_5_3,1,
2023-02-03,True,-0.0032636438333858986,-0.00241180432873882,0.7586206896551724,-0.004401574867868657,5_5_3,1,
2023-02-06,True,0.0019391918693348925,0.0020641648092421046,0.3793103448275862,0.0013702263520935132,5_5_3,1,
2023-02-07,True,-0.007008171087864378,-0.008435164328509624,0.5714285714285714,-0.007865313945007234,5_5_3,1,
2023-02-08,True,0.012142334542618906,0.01513386113940018,0.8148148148148148,0.010920112320396684,5_5_3,1,
2023-02-09,True,-0.00541240468286111,-0.004881870420507142,0.6296296296296297,-0.0063568491273055545,5_5_3,1,
2023-02-10,True,0.008532028925013469,0.010011361610442155,0.6792452830188679,0.007513161000485167,5_5_3,1,
2023-02-13,True,0.002304898623135224,0.0008834347984115268,0.6296296296296297,0.0013604541786907797,5_5_3,1,
2023-02-14,True,-0.009569835543778356,-0.0038075020893713007,0.5454545454545454,-0.010388017361960175,5_5_3,1,
2023-02-15,True,-0.008595381185370631,-0.012394866733372341,0.509090909090909,-0.009359017549006995,5_5_3,1,
2023-02-16,True,-0.009504051566339064,-0.009556324680511178,0.42857142857142855,-0.010146908709196207,5_5_3,1,
2023-02-17,True,0.02237508214589086,0.021735280236420212,0.75,0.02125008214589086,5_5_3,1,
2023-02-20,True,-0.00047081911099357705,-0.0010164269284301283,0.7636363636363636,-0.0016162736564481225,5_5_3,1,
2023-02-21,True,-0.0021615310451263887,-0.0001475378646348335,0.4727272727272727,-0.002870621954217298,5_5_3,1,
2023-02-22,True,0.0009654045076596114,-0.0010848966840645892,0.6666666666666666,-3.459549234038862e-05,5_5_3,1,
2023-02-23,True,-0.012225525739277952,-0.012214818464352873,0.689655172413793,-0.013260008497898643,5_5_3,1,
2023-02-24,True,0.0014566662525690483,0.001513217184550295,0.44827586206896547,0.0007842524594656,5_5_3,1,
2023-02-27,True,0.006039876717602219,0.004535526665943364,0.7142857142857142,0.004968448146173648,5_5_3,1,
2023-02-28,True,0.008707845225604128,0.011368678763795596,0.46428571428571425,0.008011416654175556,5_5_3,1,
2023-03-01,True,-0.0022675412693191504,0.001022922696149909,0.7368421052631579,-0.003372804427213887,5_5_3,1,
2023-03-02,True,-0.0008807545842043217,0.0038907033004956055,0.6206896551724137,-0.0018117890669629424,5_5_3,1,
2023-03-03,True,-0.0018526188308760167,-0.005371628508674107,0.5517241379310345,-0.0026802050377725687,5_5_3,1,
2023-03-06,True,-0.019386068173139172,-0.017489033892478,0.6206896551724137,-0.020317102655897794,5_5_3,1,
2023-03-07,True,0.0017742963531848146,0.0029077443228847566,0.5,0.0010242963531848146,5_5_3,1,
2023-03-08,True,-0.012281563427551394,-0.010224672609756144,0.5882352941176471,-0.013163916368727865,5_5_3,1,
2023-03-09,True,-0.007356644346091133,-0.008759240714888497,0.5098039215686274,-0.008121350228444074,5_5_3,1,
2023-03-10,True,0.004154351711473066,0.010668871659542178,0.9259259259259259,0.0027654628225841768,5_5_3,1,
2023-03-13,True,-0.0005212105157854812,0.0008902963230222958,0.5555555555555556,-0.0013545438491188145,5_5_3,1,
2023-03-14,True,-0.009177221872557394,-0.00885373577163566,0.5769230769230769,-0.010042606487942009,5_5_3,1,
2023-03-15,True,-0.0013345425406984899,-0.0005839972900031393,0.5490196078431373,-0.0021580719524631957,5_5_3,1,
2023-03-16,True,-0.003957127809018021,0.0026849847351690394,0.9019607843137255,-0.005310068985488609,5_5_3,1,
2023-03-17,True,0.0013429039093749665,-0.0033229025886813775,0.9056603773584906,-1.5586656662769458e-05,5_5_3,1,
2023-03-20,True,0.021826692903575626,0.009702803060514527,0.5283018867924529,0.021034240073386945,5_5_3,1,
2023-03-21,True,-0.0076718746008412,-0.0010808637795308837,0.7777777777777779,-0.008838541267507867,5_5_3,1,
2023-03-22,True,0.0023961047007586855,0.01379952178682003,0.5555555555555556,0.001562771367425352,5_5_3,1,
2023-03-23,True,-0.0002578303016473505,-0.0029081494162592468,0.42857142857142855,-0.0009006874445044934,5_5_3,1,
2023-03-24,True,0.0061201181704380265,-0.0008441580195463872,0.631578947368421,0.005172749749385395,5_5_3,1,
2023-03-27,True,-0.0013522657678222744,-0.003546450656660788,0.8070175438596491,-0.002562792083611748,5_5_3,1,
2023-03-28,True,0.0007013423972822831,-0.0007090551469026176,0.6181818181818182,-0.0002259303299904442,5_5_3,1,
2023-03-29,True,0.008747728321238426,0.005404003904606922,0.7407407407407407,0.007636617210127315,5_5_3,1,
2023-03-30,True,0.001669959469446619,0.005792153475429373,0.8571428571428571,0.00038424518373233346,5_5_3,1,
2023-03-31,True,0.003798171584494367,0.0098430600580089,0.6071428571428571,0.0028874572987800814,5_5_3,1,
2023-04-03,True,0.004151738973285006,-0.0004809806103536133,0.75,0.0030267389732850057,5_5_3,1,
2023-04-04,True,0.0037350452111957083,0.005152144673970931,0.45614035087719296,0.003050834684879919,5_5_3,1,
2023-04-06,True,0.01342719438314225,0.00897794253863047,0.45614035087719296,0.012742983856826462,5_5_3,1,
2023-04-07,True,0.0005686584179976722,-0.007046321889455556,0.38596491228070173,-1.0288950423380412e-05,5_5_3,1,
2023-04-10,True,-0.0032998621838605355,0.0015687951891071804,0.5614035087719298,-0.00414196744701843,5_5_3,1,
2023-04-11,True,-0.005900364032597391,-0.0024372884400696826,0.3448275862068965,-0.006417605411907736,5_5_3,1,
2023-04-12,True,0.0038798202696214107,-0.0032722629204485518,0.7241379310344827,0.0027936133730696866,5_5_3,1,
2023-04-13,True,0.004880904591726688,0.003960372261657904,0.8771929824561403,0.0035651151180424775,5_5_3,1,
2023-04-14,True,0.010917717018669776,0.009619908196414768,0.6666666666666666,0.009917717018669777,5_5_3,1,
2023-04-17,True,0.0034326234095986403,0.0030017638394055023,0.6666666666666666,0.0024326234095986402,5_5_3,1,
2023-04-18,True,-0.008287964602690368,-0.009077584640177296,0.7142857142857143,-0.00935939317411894,5_5_3,1,
2023-04-19,True,-0.007178494547615978,-0.0033959700711948247,0.6428571428571428,-0.008142780261901692,5_5_3,1,
2023-04-20,True,-0.018727519914499804,-0.02129224583770195,0.5714285714285714,-0.019584662771642662,5_5_3,1,
2023-04-21,True,-0.013773471073068467,-0.011131159702453123,0.4727272727272727,-0.014482561982159376,5_5_3,1,
2023-04-24,True,-0.0172344264249273,-0.012778096911840266,0.6296296296296295,-0.018178870869371744,5_5_3,1,
2023-04-25,True,0.007830361999500183,0.00037586520466078893,0.8518518518518519,0.006552584221722405,5_5_3,1,
2023-04-26,True,0.016691579371232838,0.009150340794774335,0.9411764705882353,0.015279814665350484,5_5_3,1,
2023-04-27,True,0.0004423629714386766,0.005839451376298103,0.75,-0.0006826370285613235,5_5_3,1,
2023-04-28,True,-0.000896602581559341,0.005211801261103243,0.4583333333333333,-0.001584102581559341,5_5_3,1,
2023-05-04,True,-0.00442450779771444,-0.003070494851165253,0.846153846153846,-0.005693738566945209,5_5_3,1,
2023-05-05,True,0.005770800759527806,0.010760769270225299,0.6545454545454547,0.004788982577709624,5_5_3,1,
2023-05-08,True,-0.01196331219235844,-0.011359193517383813,0.5454545454545454,-0.012781494010540259,5_5_3,1,
2023-05-09,True,0.007302975844699278,-0.0004002231547124152,0.4,0.006702975844699278,5_5_3,1,
2023-05-10,True,-0.004606837246635367,-0.004281317842236551,0.8235294117647058,-0.005842131364282426,5_5_3,1,
2023-05-11,True,-0.01488006411988006,-0.01268984130279868,0.5199999999999999,-0.01566006411988006,5_5_3,1,
2023-05-12,True,0.02080257173113844,0.015928750689485592,0.5555555555555556,0.01996923839780511,5_5_3,1,
2023-05-15,True,-0.007924935163822453,-0.007913489850616903,0.5,-0.008674935163822454,5_5_3,1,
2023-05-16,True,-0.000802040502053931,-8.613851693632222e-05,0.42857142857142855,-0.0014448976449110739,5_5_3,1,
2023-05-17,True,-0.0046759834977578955,-0.002316975414531863,0.5925925925925926,-0.005564872386646784,5_5_3,1,
2023-05-18,True,-0.0023178320571729857,-0.0010743208999373414,0.8888888888888888,-0.0036511653905063187,5_5_3,1,
2023-05-19,True,0.00524474479015995,0.004269889868831965,0.4074074074074074,0.004633633679048839,5_5_3,1,
2023-05-22,True,-0.014812096117170529,-0.01633662567913269,0.509090909090909,-0.015575732480806893,5_5_3,1,
2023-05-23,True,-0.015164986433595224,-0.010380531647072012,0.509090909090909,-0.015928622797231586,5_5_3,1,
2023-05-24,True,-0.0015299745014019056,2.338749145539412e-05,0.5357142857142857,-0.0023335459299733343,5_5_3,1,
2023-05-25,True,0.0023559155948922605,0.003519067683816049,0.7857142857142858,0.0011773441663208318,5_5_3,1,
2023-05-26,True,-0.007176879624218267,-0.009186453388736833,0.5769230769230769,-0.008042264239602883,5_5_3,1,
2023-05-29,True,0.0005727371272741789,0.0014189746000486663,0.4705882352941177,-0.00013314522566699766,5_5_3,1,
2023-05-30,True,-0.0023002165658358867,-0.005794493760849803,0.7058823529411765,-0.0033590400952476515,5_5_3,1,
2023-05-31,True,0.003637995352422727,0.006079903856824489,0.6666666666666667,0.002637995352422727,5_5_3,1,
2023-06-01,True,0.010741965286498638,0.008903037910561653,0.68,0.009721965286498638,5_5_3,1,
2023-06-02,True,-0.00639556668674444,-0.004847511983900563,0.6399999999999999,-0.00735556668674444,5_5_3,1,
2023-06-05,True,-0.01233585756730496,-0.011623617563933946,0.6415094339622641,-0.013298121718248356,5_5_3,1,
2023-06-06,True,-0.011407709371755835,-0.007302215307023776,0.75,-0.012532709371755834,5_5_3,1,
2023-06-07,True,0.00698289441314887,0.007424860955932415,0.5357142857142857,0.006179322984577441,5_5_3,1,
2023-06-08,True,0.0030884088242633294,0.004241919063175897,0.6428571428571428,0.002124123109977615,5_5_3,1,
2023-06-09,True,0.0032115129182423,0.004434885928493638,0.6545454545454545,0.0022296947364241182,5_5_3,1,
2023-06-12,True,0.006055422526933311,0.007742361390062223,0.6792452830188679,0.005036554602405009,5_5_3,1,
2023-06-13,True,-0.00036170181202712775,0.00026453947753765574,0.6538461538461539,-0.0013424710427963585,5_5_3,1,
2023-06-14,True,0.01978902946666207,0.013537453677922695,0.5925925925925927,0.01890014057777318,5_5_3,1,
2023-06-15,True,0.0051614935254819675,0.007143502108955944,0.6909090909090909,0.004125129889118331,5_5_3,1,
2023-06-16,True,-0.005002085918019261,-0.004153815251721474,0.6909090909090909,-0.006038449554382898,5_5_3,1,
2023-06-19,True,-0.008228210203095618,-0.003646065352654696,0.6296296296296297,-0.009172654647540062,5_5_3,1,
2023-06-20,True,-0.018740960356778052,-0.02122409035884475,0.5660377358490566,-0.019590016960551637,5_5_3,1,
2023-06-21,True,0.00131492441391463,-0.00390870470275501,0.6296296296296297,0.0003704799694701856,5_5_3,1,
2023-06-26,True,0.013570893883933597,0.010267914006538844,0.37037037037037035,0.013015338328378041,5_5_3,1,
2023-06-27,True,0.0011123666663647534,-0.0014232105191277628,0.8363636363636363,-0.00014217878818070123,5_5_3,1,
2023-06-28,True,-0.003248908881096736,-0.0030957558030922697,0.6428571428571428,-0.00421319459538245,5_5_3,1,
2023-06-29,True,0.008491373621262408,0.011205575994150556,0.6785714285714285,0.0074735164784052645,5_5_3,1,
2023-06-30,True,0.01499720931358073,0.008437073045876466,0.8148148148148148,0.013774987091358508,5_5_3,1,
2023-07-03,True,0.001797885953154024,0.0020278908209553645,1.1481481481481481,7.566373093180175e-05,5_5_3,1,
2023-07-04,True,-0.011467072947169333,-0.007707572936326983,0.6181818181818182,-0.01239434567444206,5_5_3,1,
2023-07-05,True,-0.006564241330579057,-0.006276505670687084,0.5263157894736842,-0.007353715014789584,5_5_3,1,
2023-07-06,True,0.0009064007846676244,0.00222499123763589,0.7017543859649122,-0.000146230794279744,5_5_3,1,
2023-07-07,True,0.005610268900524775,0.0037843683455852204,0.631578947368421,0.004662900479472144,5_5_3,1,
2023-07-10,True,0.0033303144030828497,0.005072857409223806,0.6785714285714285,0.002312457260225707,5_5_3,1,
2023-07-11,True,-0.004480304588704345,-0.0028201889353546635,0.6666666666666666,-0.005480304588704345,5_5_3,1,
2023-07-12,True,0.01060768813592794,0.011130822346850313,0.5517241379310345,0.009780101929031388,5_5_3,1,
2023-07-13,True,-0.0014658395825573466,-0.004623100507644434,0.5172413793103449,-0.002241701651522864,5_5_3,1,
2023-07-14,True,0.0005075756326328633,-0.0013376455150035597,0.6896551724137931,-0.0005269071259878264,5_5_3,1,
2023-07-17,True,-0.004295624158368724,-0.003770863484070932,0.3448275862068966,-0.004812865537679069,5_5_3,1,
2023-07-18,True,-0.0004191215182027578,0.0017644516805042651,0.5172413793103449,-0.001194983587168275,5_5_3,1,
2023-07-19,True,-0.018382768259306546,-0.01149030138641034,0.4482758620689655,-0.019055182052409993,5_5_3,1,
2023-07-20,True,-0.004696395780776802,-0.0016258839854215656,0.5172413793103448,-0.0054722578497423185,5_5_3,1,
2023-07-21,True,0.017463034559806193,0.01360590159102864,0.5263157894736842,0.016673560875595666,5_5_3,1,
2023-07-24,True,0.010922533827417457,0.011071840082764604,0.6181818181818182,0.00999526110014473,5_5_3,1,
2023-07-25,True,-0.00426189874831937,0.0004080458286962233,0.7636363636363636,-0.005407353293773915,5_5_3,1,
2023-07-26,True,-0.006104507394202182,-0.005422221000658044,0.39999999999999997,-0.0067045073942021815,5_5_3,1,
2023-07-27,True,0.024884376376264283,0.02750392503668788,0.689655172413793,0.023849893617643593,5_5_3,1,
2023-07-28,True,0.005600223811121818,0.0014055726338719405,0.793103448275862,0.004410568638708025,5_5_3,1,
2023-07-31,True,-0.005248625584025545,-0.002635875166456001,0.8771929824561403,-0.006564415057709755,5_5_3,1,
2023-08-01,True,-0.006982674565341925,-0.005839528869569648,0.8163265306122448,-0.008207164361260292,5_5_3,1,
2023-08-02,True,0.013573632795822082,0.015329704984408481,0.4583333333333333,0.012886132795822082,5_5_3,1,
2023-08-03,True,-0.0034503598752631858,-0.005841605121798143,0.8421052631578947,-0.004713517770000028,5_5_3,1,
2023-08-04,True,-0.0023985106846541185,-0.006497986255116455,0.711864406779661,-0.00346630729482361,5_5_3,1,
2023-08-07,True,-0.004105312284703844,-0.00422427847402445,0.3728813559322034,-0.004664634318602149,5_5_3,1,
2023-08-08,True,-0.0006251989382704797,-0.0018821740623555779,0.5517241379310345,-0.0014527851451670314,5_5_3,1,
2023-08-09,True,0.003518446499365899,0.00553118642736494,0.9655172413793103,0.0020701706372969336,5_5_3,1,
2023-08-10,True,-0.030237169509671657,-0.032586628833483434,0.5614035087719298,-0.03107927477282955,5_5_3,1,
2023-08-11,True,0.006094735485375447,0.0059135411934009285,0.6666666666666666,0.005094735485375447,5_5_3,1,
2023-08-14,True,-0.01076581269980645,-0.008709335992774136,0.5454545454545454,-0.011583994517988269,5_5_3,1,
2023-08-15,True,-0.007633141026124318,-0.009351961354375805,0.8888888888888888,-0.008966474359457651,5_5_3,1,
2023-08-16,True,0.009974304753216355,0.008258806726022944,0.7407407407407407,0.008863193642105244,5_5_3,1,
2023-08-17,True,-0.014985800163047194,-0.015063377298960234,0.7924528301886792,-0.016174479408330212,5_5_3,1,
2023-08-18,True,-0.006515158042546972,-0.008341789815387638,0.679245283018868,-0.007534025967075274,5_5_3,1,
2023-08-21,True,0.0037587648826380824,0.001710130332749023,0.46153846153846156,0.00306645719033039,5_5_3,1,
2023-08-22,True,-0.011671311725425479,-0.012126022525628808,0.6538461538461539,-0.01265208095619471,5_5_3,1,
2023-08-23,True,0.0006206625170883031,-0.005511606110770975,0.30769230769230765,0.0001591240555498416,5_5_3,1,
2023-08-24,True,0.058623671294488276,0.05453301298774342,0.3529411764705882,0.058094259529782394,5_5_3,1,
2023-08-25,True,-0.045618468399559436,-0.042927480811649134,1.0980392156862746,-0.04726552722308885,5_5_3,1,
2023-08-28,True,0.01988795375855997,0.017946707271148568,0.9361702127659575,0.018483698439411035,5_5_3,1,
2023-08-29,True,-0.003431202465990509,-0.002859020217022941,0.5416666666666666,-0.0042437024659905094,5_5_3,1,
2023-08-30,True,-0.00176177224794642,-0.0029345963923393392,0.7457627118644067,-0.00288041631574303,5_5_3,1,
2023-08-31,True,0.009030990130630969,0.007599326353597519,0.6101694915254238,0.008115735893342833,5_5_3,1,
2023-09-01,True,0.008252012366652593,0.007350107447136038,0.8813559322033898,0.006929978468347508,5_5_3,1,
2023-09-04,True,-0.0038463026470050812,-0.007153730233866453,0.3389830508474576,-0.004354777223276268,5_5_3,1,
2023-09-05,True,-0.005121411845122274,-0.0016388051833313721,0.5423728813559322,-0.0059349711671561715,5_5_3,1,
2023-09-06,True,-0.016677157658073895,-0.015175317201987115,0.7931034482758621,-0.01786681283048769,5_5_3,1,
2023-09-07,True,-0.0007010846042448512,1.2918645644445802e-05,0.5862068965517241,-0.0015803949490724375,5_5_3,1,
2023-09-08,True,0.009804574961282392,0.006585905595780962,0.6785714285714285,0.008786717818425249,5_5_3,1,
2023-09-11,True,0.0011853387103126045,-0.0016022995765314775,0.8571428571428571,-0.00010037557540168115,5_5_3,1,
2023-09-12,True,-0.007296524924756104,-0.006816193145114937,0.5714285714285714,-0.00815366778189896,5_5_3,1,
2023-09-13,True,-0.003180039593706171,0.0012634218677242998,0.7719298245614035,-0.004337934330548276,5_5_3,1,
2023-09-14,True,-0.009125550871429407,-0.008812996206704778,0.8070175438596491,-0.010336077187218882,5_5_3,1,
2023-09-15,True,0.007848833545447603,0.004805174508973262,0.38596491228070173,0.007269886177026551,5_5_3,1,
2023-09-18,True,-0.007331846149104793,-0.003437029313096808,0.5357142857142857,-0.008135417577676222,5_5_3,1,
2023-09-19,True,-0.005125283121070529,-0.005020607834998009,0.75,-0.006250283121070529,5_5_3,1,
2023-09-20,True,-0.00995022027175653,-0.0062163052353221004,0.8363636363636363,-0.011204765726301984,5_5_3,1,
2023-09-21,True,0.014728678506178506,0.014331536936321157,0.7272727272727273,0.013637769415269415,5_5_3,1,
2023-09-22,True,-0.005264261883989983,-0.004871453108906635,0.6666666666666666,-0.006264261883989983,5_5_3,1,
2023-09-25,True,-0.004630737516105738,-0.004760632714379191,0.5555555555555556,-0.005464070849439072,5_5_3,1,
2023-09-26,True,0.0022221174754171705,0.006349716036869044,0.7999999999999999,0.0010221174754171706,5_5_3,1,
2023-09-27,True,-0.008926026777519816,-0.005528358000255845,0.6181818181818182,-0.009853299504792544,5_5_3,1,
2023-09-28,True,0.005009694192645496,0.004421028794662523,0.5,0.004259694192645496,5_5_3,1,
2023-10-09,True,-0.009170695267454848,-0.006493488694679405,0.5357142857142857,-0.009974266696026276,5_5_3,1,
2023-10-10,True,0.0015336635830821665,0.005299982286954773,0.5,0.0007836635830821665,5_5_3,1,
2023-10-11,True,-0.001752785778596676,-0.0017286776343027651,0.6785714285714285,-0.002770642921453819,5_5_3,1,
2023-10-12,True,-0.0037259453485898797,-0.004150033554309767,0.6785714285714285,-0.004743802491447022,5_5_3,1,
2023-10-13,True,-0.004440029409086711,-0.0079834136285596,0.42857142857142855,-0.005082886551943854,5_5_3,1,
2023-10-16,True,-0.0046817851003244084,-0.001159422897286661,0.7368421052631579,-0.005787048258219145,5_5_3,1,
2023-10-17,True,-0.012764171961247248,-0.014792251437437844,0.7017543859649122,-0.013816803540194617,5_5_3,1,
2023-10-18,True,-0.016695845869932235,-0.015378263781564752,0.48148148148148157,-0.017418068092154456,5_5_3,1,
2023-10-19,True,-0.008077235164895,-0.005066729112301765,0.7307692307692307,-0.009173389011048846,5_5_3,1,
2023-10-20,True,-0.006247787155741337,-0.008109544157024402,0.6956521739130436,-0.007291265416610902,5_5_3,1,
2023-10-23,True,0.010997737033198044,0.014983610929173819,0.8444444444444444,0.009731070366531378,5_5_3,1,
2023-10-24,True,-0.009181193013682731,-0.012758892712619388,0.5853658536585367,-0.010059241794170537,5_5_3,1,
2023-10-25,True,0.005513736894965643,0.0023792407726480154,0.8571428571428572,0.004228022609251357,5_5_3,1,
2023-10-26,True,0.01284586677805727,0.019665070512185953,0.6808510638297872,0.01182459018231259,5_5_3,1,
2023-10-27,True,0.006662956862095538,0.009298545337180017,1.0,0.005162956862095537,5_5_3,1,
2023-10-30,True,0.00217136968588365,-5.1311867044289695e-05,0.8214285714285714,0.0009392268287407928,5_5_3,1,
2023-10-31,True,-0.004117470126632223,-0.005952082444851976,0.793103448275862,-0.005307125299046016,5_5_3,1,
2023-11-01,True,-0.008830651276755346,-0.007375802191789461,0.5517241379310345,-0.009658237483651898,5_5_3,1,
2023-11-02,True,0.012037136661529392,0.015740522588430936,0.5614035087719298,0.011195031398371498,5_5_3,1,
2023-11-03,True,0.007511770662494903,0.008286248749930824,0.5357142857142857,0.006708199233923474,5_5_3,1,
2023-11-06,True,-0.0014913155718751427,-0.0016583474277383722,0.8070175438596491,-0.0027018418876646163,5_5_3,1,
2023-11-07,True,-0.0012241736289915896,-0.0009513522081594316,0.5862068965517241,-0.0021034839738191756,5_5_3,1,
2023-11-08,True,0.0036515070283080725,1.4400946491571221e-05,0.5517241379310345,0.002823920821411521,5_5_3,1,
2023-11-09,True,-0.0005083962626116456,-0.00028302660546530113,0.5517241379310345,-0.0013359824695081974,5_5_3,1,
2023-11-10,True,-0.0024802860019052103,-0.002195740726007803,0.49122807017543857,-0.0032171281071683685,5_5_3,1,
2023-11-13,True,0.00779523574256077,0.01129320663727204,0.35714285714285715,0.007259521456846484,5_5_3,1,
2023-11-14,True,-0.003011424726109535,-0.005374891499996413,0.5454545454545454,-0.003829606544291353,5_5_3,1,
2023-11-15,True,-0.009936049671219135,-0.011046425010349597,0.5714285714285714,-0.010793192528361991,5_5_3,1,
2023-11-16,True,-0.0021762288830564987,0.003368078265051961,0.49122807017543857,-0.0029130709883196564,5_5_3,1,
2023-11-17,True,0.004334667220647662,0.003761666241994703,0.5517241379310345,0.00350708101375111,5_5_3,1,
2023-11-20,True,-0.0017332724176501752,-0.0061453885446510195,0.5862068965517241,-0.0026125827624777615,5_5_3,1,
2023-11-21,True,-0.008314861157196122,-0.00952294064257961,0.5862068965517241,-0.009194171502023708,5_5_3,1,
2023-11-22,True,0.004523540257994881,0.006152181140166895,0.5862068965517241,0.003644229913167295,5_5_3,1,
2023-11-23,True,-0.009400457625566403,-0.008612935168994456,0.5964912280701754,-0.010295194467671666,5_5_3,1,
2023-11-24,True,-0.006890604465125223,-0.006313232918853888,0.7368421052631579,-0.007995867623019959,5_5_3,1,
2023-11-27,True,0.0013954314465415482,0.0021683917166343976,0.5263157894736842,0.0006059577623310219,5_5_3,1,
2023-11-28,True,-0.007464949251359394,-0.00894272050587193,0.8571428571428571,-0.00875066353707368,5_5_3,1,
2023-11-29,True,0.0019477112372014852,0.0028650325325695644,0.8979591836734694,0.0006007724616912812,5_5_3,1,
2023-11-30,True,-0.0017269868828376524,-0.0014890030085854729,0.9583333333333333,-0.003164486882837652,5_5_3,1,
2023-12-01,True,-0.013380986792201692,-0.007843628941157305,0.8333333333333333,-0.014630986792201692,5_5_3,1,
2023-12-04,True,-0.017687410099579953,-0.017412958732901145,0.41666666666666663,-0.018312410099579953,5_5_3,1,
2023-12-05,True,0.0009600226783077142,0.0015795373761028635,0.6122448979591837,4.1655331368938616e-05,5_5_3,1,
2023-12-06,True,-0.0008363818914649523,-0.00046228318023023657,0.8571428571428571,-0.002122096177179238,5_5_3,1,
2023-12-07,True,0.0009004693524992748,-0.0023233059056963837,0.3673469387755102,0.0003494489443360094,5_5_3,1,
2023-12-08,True,0.01102647596200714,0.009767655504496474,0.6938775510204082,0.009985659635476528,5_5_3,1,
2023-12-11,True,0.002916534432962654,0.0024983533057341715,0.851063829787234,0.0016399386882818032,5_5_3,1,
2023-12-12,True,-0.006207494181662357,-0.008292984319906584,0.6666666666666667,-0.007207494181662357,5_5_3,1,
2023-12-13,True,-0.005765752003436031,-0.005784127095126446,0.6399999999999999,-0.006725752003436031,5_5_3,1,
2023-12-14,True,-0.010446828155335932,-0.009393039036199168,0.9056603773584906,-0.011805318721373668,5_5_3,1,
2023-12-15,True,-0.005947342221653303,-0.00582331876788442,0.7169811320754718,-0.0070228139197665105,5_5_3,1,
2023-12-18,True,0.001515410629199636,0.0031266204675858378,0.6153846153846154,0.0005923337061227128,5_5_3,1,
2023-12-19,True,-0.013196468069004614,-0.01655956794432748,0.6923076923076922,-0.014234929607466152,5_5_3,1,
2023-12-20,True,0.008461327584710457,0.012720733593765418,0.6122448979591837,0.007542960237771681,5_5_3,1,
2023-12-21,True,0.0011029843824507826,-0.0004776832770672314,0.9777777777777777,-0.00036368228421588406,5_5_3,1,
2023-12-22,True,0.005708747186142406,0.005647815393118698,0.8181818181818181,0.004481474458869679,5_5_3,1,
2023-12-25,True,-0.004098330904101234,-0.005707782142061367,0.4081632653061225,-0.004710575802060418,5_5_3,1,
2023-12-26,True,0.003626759141612224,0.00293526853151629,0.5925925925925926,0.002737870252723335,5_5_3,1,
2023-12-27,True,0.021788486054420325,0.025351972849473346,0.6666666666666666,0.020788486054420324,5_5_3,1,
2023-12-28,True,0.009323439450317047,0.005216971060067479,1.074074074074074,0.007712328339205936,5_5_3,1,
2023-12-29,True,-0.009574723603946312,-0.012386526782937527,0.5454545454545454,-0.01039290542212813,5_5_3,1,
2024-01-02,True,-0.002801359076473993,-0.001661688089005115,0.5714285714285714,-0.0036585019336168503,5_5_3,1,
2024-01-03,True,-0.009794649917062453,-0.011168640257745088,0.5263157894736842,-0.010584123601272978,5_5_3,1,
2024-01-04,True,-0.009863300300020052,-0.009185533658588294,0.45614035087719296,-0.010547510826335841,5_5_3,1,
2024-01-05,True,-0.01310419678875428,-0.012203189771194346,0.46428571428571425,-0.013800625360182851,5_5_3,1,
2024-01-08,True,-0.0036252043226456497,-0.0006395435256012902,0.5263157894736842,-0.004414678006856176,5_5_3,1,
2024-01-09,True,-0.004288922691315095,-0.0007444106252733988,0.9473684210526315,-0.005709975322894042,5_5_3,1,
2024-01-10,True,0.0027468562542388372,0.003621744082652447,1.0,0.0012468562542388372,5_5_3,1,
2024-01-11,True,-0.001155756509574499,-0.0031567319130681427,0.75,-0.002280756509574499,5_5_3,1,
2024-01-12,True,0.0004416395652720668,0.00157610388052045,0.6666666666666666,-0.0005583604347279333,5_5_3,1,
2024-01-15,True,0.0038584384783920808,0.004596014532625749,0.7692307692307692,0.002704592324545927,5_5_3,1,
2024-01-16,True,-0.02456472501845211,-0.024210810520242657,0.9056603773584906,-0.025923215584489845,5_5_3,1,
2024-01-17,True,0.009398401439291616,0.013693797864504467,0.5283018867924528,0.008605948609102937,5_5_3,1,
2024-01-18,True,-0.0018803724922818843,-0.004123606992566287,0.4150943396226415,-0.0025030140017158467,5_5_3,1,
2024-01-19,True,-0.028656546815677225,-0.024335080010373655,0.49056603773584906,-0.029392395872281,5_5_3,1,
2024-01-22,True,0.013819332270721867,0.01530436497305853,0.7037037037037037,0.01276377671516631,5_5_3,1,
2024-01-23,True,0.012066315555187692,0.009543936155716108,0.6428571428571428,0.011102029840901978,5_5_3,1,
2024-01-24,True,0.016458147859643665,0.020252955515142824,0.8571428571428571,0.015172433573929379,5_5_3,1,
2024-01-25,True,-0.006190656892111511,0.0013282738847886276,0.75,-0.007315656892111511,5_5_3,1,
2024-01-26,True,-0.01950729209414146,-0.020320925226676556,0.49122807017543857,-0.020244134199404618,5_5_3,1,
2024-01-29,True,-0.02655781087982502,-0.01942093047491106,0.5862068965517241,-0.027437121224652607,5_5_3,1,
2024-01-30,True,-0.01967644364954921,-0.015145894072056314,0.7241379310344827,-0.020762650546100936,5_5_3,1,
2024-01-31,True,0.013024972922355535,0.007097566729965798,0.2807017543859649,0.012603920290776588,5_5_3,1,
2024-02-01,True,-0.03269105500163937,-0.021697590785789322,0.42857142857142855,-0.03333391214449651,5_5_3,1,
2024-02-02,True,-0.007371164044481451,-0.004473923804767602,0.8363636363636364,-0.008625709499026905,5_5_3,1,
2024-02-05,True,0.061177332836753695,0.04480423601834963,1.0769230769230769,0.05956194822136908,5_5_3,1,
2024-02-06,True,0.013489993194010216,0.012207349669513286,0.6666666666666666,0.012489993194010215,5_5_3,1,
2024-02-07,True,0.018939592252814105,0.012628239552407841,0.5,0.018189592252814104,5_5_3,1,
2024-02-08,True,-0.0026306299855444015,0.00252441702880471,0.7857142857142857,-0.00380920141411583,5_5_3,1,
2024-02-19,True,-0.005183076141710529,0.0005000725235194107,0.8928571428571428,-0.0065223618559962435,5_5_3,1,
2024-02-20,True,0.02192161363339052,0.017229525646261235,1.074074074074074,0.02031050252227941,5_5_3,1,
2024-02-21,True,0.02027319199259422,0.016280329960856977,0.9411764705882353,0.01886142728671187,5_5_3,1,
2024-02-22,True,0.005120449753756332,0.0010779092447323194,0.6274509803921569,0.0041792732831680965,5_5_3,1,
2024-02-23,True,-0.016050822970282933,-0.009866394166746081,0.7843137254901961,-0.017227293558518226,5_5_3,1,
2024-02-26,True,0.015475533218275495,0.022578440621390406,0.6296296296296297,0.01453108877383105,5_5_3,1,
2024-02-27,True,-0.017217979600310674,-0.022438472619860584,0.8148148148148148,-0.018440201822532896,5_5_3,1,
2024-02-28,True,0.02050206254045512,0.029490795338130656,0.8214285714285714,0.01926991968331226,5_5_3,1,
2024-02-29,True,0.0008311174552825009,0.006875929492436683,0.5263157894736842,4.164377107197456e-05,5_5_3,1,
2024-03-01,True,0.0009893205111545294,-0.002284685390971039,0.5964912280701754,9.458366904926626e-05,5_5_3,1,
2024-03-04,True,0.007836970592656011,0.0042402815038767245,0.5454545454545454,0.007018788774474193,5_5_3,1,
2024-03-05,True,-0.0004248069289299459,0.0002518379543311899,0.5454545454545454,-0.001242988747111764,5_5_3,1,
2024-03-06,True,-0.005118333067381941,-0.008946739327517021,0.509090909090909,-0.005881969431018305,5_5_3,1,
2024-03-07,True,4.283834675426558e-05,0.006963670984195323,0.5,-0.0007071616532457344,5_5_3,1,
2024-03-08,True,0.015606976972275808,0.015533313945874205,0.75,0.014481976972275809,5_5_3,1,
2024-03-11,True,0.0035020992486447158,0.0012587950452207892,0.6181818181818182,0.0025748265213719887,5_5_3,1,
2024-03-12,True,-0.00018417131991344955,-0.005229449700289181,0.8421052631578947,-0.0014473292146502917,5_5_3,1,
2024-03-13,True,-0.00487422838009204,-0.006027306568792933,0.5862068965517241,-0.005753538724919626,5_5_3,1,
2024-03-14,True,0.0015202763139270119,0.007519267938115257,0.847457627118644,0.00024908987324904585,5_5_3,1,
2024-03-15,True,0.0029774216972732947,0.008548786233088024,0.5423728813559322,0.0021638623752393963,5_5_3,1,
2024-03-18,False,,,,,5_5_3,1,1.0
2024-03-19,True,0.005106090988192691,0.005759673912879689,1.0,0.0036060909881926906,5_5_3,1,
2024-03-20,True,-0.00841528404016285,-0.008366337057278826,0.5172413793103449,-0.009191146109128369,5_5_3,1,
2024-03-21,True,-0.011556671638650552,-0.013816942146186175,0.5862068965517241,-0.012435981983478138,5_5_3,1,
2024-03-22,True,-0.005800801988661023,-0.006626987421289488,0.5517241379310345,-0.006628388195557575,5_5_3,1,
2024-03-25,True,0.006129517155124271,0.0023182294980887285,0.5614035087719298,0.005287411891966376,5_5_3,1,
2024-03-26,True,-0.016671599014584346,-0.016427907320995028,0.9642857142857143,-0.018118027586012917,5_5_3,1,
2024-03-27,True,0.006260807797030836,0.008286915069517644,0.6037735849056605,0.005355147419672345,5_5_3,1,
2024-03-28,True,0.010992842452599934,0.011550933143931963,0.6923076923076923,0.009954380914138396,5_5_3,1,
2024-03-29,True,0.00961291871327856,0.011153642624632115,0.625,0.008675418713278558,5_5_3,1,
2024-04-01,True,-0.0028688526498238734,-0.004612305879596777,0.875,-0.004181352649823874,5_5_3,1,
2024-04-02,True,-0.00569229126808385,-0.00640747756501189,0.588235294117647,-0.00657464420926032,5_5_3,1,
2024-04-03,True,-0.0037868768708239574,-0.007564987027346068,0.7241379310344828,-0.0048730837673756815,5_5_3,1,
2024-04-08,True,0.0005935948989021361,0.004556905128500466,0.8275862068965517,-0.0006477844114426915,5_5_3,1,
2024-04-09,True,-0.015948321329487668,-0.015367901084705154,0.75,-0.01707332132948767,5_5_3,1,
2024-04-10,True,0.0006341134297939507,0.00560724381406621,0.6785714285714285,-0.0003837437130631921,5_5_3,1,
2024-04-11,True,-0.016433509705771336,-0.009646172570972517,0.5818181818181819,-0.017306236978498608,5_5_3,1,
2024-04-12,True,0.014502614772667219,0.013857470753964015,0.846153846153846,0.01323338400343645,5_5_3,1,
2024-04-15,True,-0.010760982526060392,-0.011599320135998901,0.8163265306122449,-0.01198547232197876,5_5_3,1,
2024-04-16,True,0.01684035956623666,0.015716904411601836,0.5599999999999999,0.01600035956623666,5_5_3,1,
2024-04-17,True,-0.003243152870463707,-0.0014371904901604021,0.679245283018868,-0.004262020794992009,5_5_3,1,
2024-04-18,True,-0.008606393656914752,-0.005712487582698876,0.5283018867924529,-0.009398846487103431,5_5_3,1,
2024-04-19,True,0.005283365180100633,-0.0007930749850357563,0.6296296296296298,0.004338920735656188,5_5_3,1,
2024-04-22,True,-0.006734364856241128,-0.006426632752285987,0.8571428571428571,-0.008020079141955414,5_5_3,1,
2024-04-23,True,-0.002067893373852509,0.00019910748692078268,0.6666666666666666,-0.003067893373852509,5_5_3,1,
2024-04-24,True,0.007366025359226458,0.005223810192064895,0.48275862068965514,0.006641887428191975,5_5_3,1,
2024-04-25,True,0.020742481456886244,0.01799864701446022,0.9310344827586207,0.019345929732748315,5_5_3,1,
2024-04-26,True,0.015811342461549787,0.015601177047611443,0.5818181818181818,0.014938615188822514,5_5_3,1,
2024-04-29,True,0.004988424870385691,0.007806271157446552,0.7999999999999999,0.003788424870385691,5_5_3,1,
2024-04-30,True,0.00618784899977001,0.0014762051590687813,0.6206896551724137,0.00525681451701139,5_5_3,1,
2024-05-06,True,0.0006007801396860654,-0.0002558779818414534,0.6206896551724137,-0.00033025434307255516,5_5_3,1,
2024-05-07,True,-0.00512593210234646,-0.007011853227582567,0.39285714285714285,-0.005715217816632174,5_5_3,1,
2024-05-08,True,0.015273837104043862,0.014106855238359209,0.5925925925925926,0.014384948215154974,5_5_3,1,
2024-05-09,True,-0.001931516430930474,-0.004952373635340896,0.5818181818181818,-0.0028042437036577468,5_5_3,1,
2024-05-10,True,0.010783196380405468,0.0068021038899290665,0.5862068965517241,0.009903886035577882,5_5_3,1,
2024-05-13,True,-0.0012819515925367952,-0.001774682271203776,0.8620689655172413,-0.002575055040812657,5_5_3,1,
2024-05-14,True,-0.005392348385154149,-0.007304111429937822,0.5862068965517241,-0.006271658729981735,5_5_3,1,
2024-05-15,True,-0.002347545612931238,-0.001330385711130555,0.8421052631578947,-0.00361070350766808,5_5_3,1,
2024-05-16,True,0.014314889176105487,0.01166072709464132,0.42857142857142855,0.013672032033248344,5_5_3,1,
2024-05-17,True,0.006730186496169828,0.0028549749812873176,0.6545454545454545,0.0057483683143516465,5_5_3,1,
2024-05-20,True,-0.002895075149012918,-0.0024824484408782085,0.6428571428571428,-0.0038593608632986323,5_5_3,1,
2024-05-21,True,0.005716710799779902,0.002214718694760078,0.5614035087719298,0.004874605536622007,5_5_3,1,
2024-05-22,True,-0.011222040488625802,-0.014928484503193024,0.7241379310344827,-0.012308247385177527,5_5_3,1,
2024-05-23,True,-0.0017028790128313415,-0.007233702227864183,0.7241379310344827,-0.0027890859093830656,5_5_3,1,
2024-05-24,True,0.008270538811122349,0.006602781698120933,0.6428571428571428,0.007306253096836635,5_5_3,1,
2024-05-27,True,-0.006633887705734976,-0.006387525982190282,0.6428571428571428,-0.007598173420020691,5_5_3,1,
2024-05-28,True,-0.003932374434635467,0.0008007323380599357,0.6545454545454545,-0.004914192616453649,5_5_3,1,
2024-05-29,True,0.00352469671264334,-0.00013308253373132102,0.6666666666666667,0.00252469671264334,5_5_3,1,
2024-05-30,True,-0.002378808653690312,-0.005783736487227925,0.6153846153846154,-0.003301885576767235,5_5_3,1,
2024-05-31,True,-0.004296720810999544,-0.00015110330126957914,0.56,-0.005136720810999544,5_5_3,1,
2024-06-03,True,0.010852890193164438,0.008849737757824737,0.5098039215686275,0.010088184310811496,5_5_3,1,
2024-06-04,True,-0.003931287163499115,-0.0008418963146849822,0.6666666666666666,-0.004931287163499115,5_5_3,1,
2024-06-05,True,-0.002762978097630997,-0.004672437982741964,0.6545454545454545,-0.003744796279449179,5_5_3,1,
2024-06-06,True,-0.006236896719536781,-0.00931896996300223,0.3214285714285714,-0.0067190395766796385,5_5_3,1,
2024-06-07,True,-0.0041770144751332354,0.0007905426588913838,0.6785714285714285,-0.005194871617990378,5_5_3,1,
2024-06-11,True,0.0036290110813728166,0.0032319068700409257,0.6071428571428571,0.002718296795658531,5_5_3,1,
2024-06-12,True,-0.01019683158228909,-0.0068272978404569,0.43636363636363634,-0.010851377036834545,5_5_3,1,
2024-06-13,True,0.0032994504453436302,0.0003382269170595484,0.888888888888889,0.0019661171120102967,5_5_3,1,
2024-06-14,True,0.0021357577527175366,0.004376754758190031,0.6923076923076923,0.0010972962142559981,5_5_3,1,
2024-06-17,True,0.003495756310954463,0.00482108719449173,0.5,0.002745756310954463,5_5_3,1,
2024-06-18,True,-0.007795807206968804,-0.009388551542009056,0.6923076923076923,-0.008834268745430342,5_5_3,1,
2024-06-19,True,-0.012601877312733704,-0.010777902924597791,0.679245283018868,-0.013620745237262007,5_5_3,1,
2024-06-20,True,-0.004887674429935016,-0.0034458267687019484,0.6792452830188679,-0.005906542354463318,5_5_3,1,
2024-06-21,True,-0.0039645599385993375,-0.00696975930710416,0.4528301886792453,-0.0046438052216182055,5_5_3,1,
2024-06-24,True,-0.0044589361338907155,-0.009316135358924246,0.3018867924528303,-0.004911766322569961,5_5_3,1,
2024-06-25,True,0.008599644565948823,0.00786961967469675,0.6538461538461537,0.007618875335179592,5_5_3,1,
2024-06-26,True,-0.004181371229297659,-0.007441643949247025,0.8163265306122449,-0.005405861025216026,5_5_3,1,
2024-06-27,True,0.006064304171139025,0.006166950339202511,0.6363636363636364,0.005109758716593571,5_5_3,1,
2024-06-28,True,0.006873790827211317,0.00740327053100035,0.6666666666666666,0.005873790827211317,5_5_3,1,
2024-07-01,True,-0.00756961023288909,-0.006738773157048311,0.75,-0.00869461023288909,5_5_3,1,
2024-07-02,True,-0.004694994263922467,-0.0023351687142316915,0.6399999999999999,-0.005654994263922467,5_5_3,1,
2024-07-03,True,-0.016702230340857056,-0.01167262789883711,0.5599999999999999,-0.017542230340857057,5_5_3,1,
2024-07-04,True,0.0005138358258546643,0.00011098005036467018,0.6122448979591837,-0.00040453152108411126,5_5_3,1,
2024-07-05,True,-0.014127111574493548,-0.01074837562069325,0.75,-0.015252111574493549,5_5_3,1,
2024-07-08,True,0.013141866243433865,0.010638204561691601,0.6122448979591837,0.01222349889649509,5_5_3,1,
2024-07-09,True,0.008908236769656543,0.010694770055841983,0.9387755102040816,0.007500073504350421,5_5_3,1,
2024-07-10,True,0.009256559647865394,0.005807572398239587,0.4799999999999999,0.008536559647865394,5_5_3,1,
2024-07-11,True,0.0017885040121096239,-0.001072008009079793,0.6666666666666667,0.0007885040121096236,5_5_3,1,
2024-07-12,True,-4.909801426464443e-05,-0.0003951191374415814,0.75,-0.0011740980142646445,5_5_3,1,
2024-07-15,True,0.01236271253637202,0.011821474611403012,0.46428571428571425,0.011666283964943448,5_5_3,1,
2024-07-16,True,-0.0024668501358199413,-0.0034603466931340163,0.7857142857142857,-0.00364542156439137,5_5_3,1,
2024-07-17,True,0.007669297673915239,0.00616049236649408,0.75,0.006544297673915239,5_5_3,1,
2024-07-18,False,,,,,5_5_3,1,1.0
2024-07-19,True,-0.004998062238859193,-0.006761618646243065,1.0,-0.0064980622388591935,5_5_3,1,
2024-07-22,True,-0.023779494411161863,-0.025292014326637295,0.6909090909090909,-0.0248158580475255,5_5_3,1,
2024-07-23,True,-0.014108163809018956,-0.010594978259847121,0.6415094339622641,-0.015070427959962352,5_5_3,1,
2024-07-24,True,0.0029787312999204623,0.005190667873186373,0.5283018867924528,0.002186278469731783,5_5_3,1,
2024-07-25,True,0.003579390592481224,0.004747501432800139,0.7037037037037037,0.002523835036925668,5_5_3,1,
2024-07-26,True,-0.007178535427367934,-0.008826050416483863,0.4444444444444444,-0.0078452020940346,5_5_3,1,
2024-07-29,True,-0.00664374904921426,-0.0013138061398400536,0.6037735849056604,-0.007549409426572751,5_5_3,1,
2024-07-30,True,0.03240531274250538,0.0282931956923771,0.7307692307692307,0.03130915889635154,5_5_3,1,
2024-07-31,True,-0.015246203503104782,-0.012736577477936776,0.888888888888889,-0.016579536836438116,5_5_3,1,
2024-08-01,True,-0.0097764595892336,-0.010029710985329622,0.39999999999999997,-0.0103764595892336,5_5_3,1,
2024-08-02,True,-0.0029478967362929686,-0.000526781325761725,0.48275862068965514,-0.0036720346673274513,5_5_3,1,
2024-08-05,True,-0.001819850369721453,-0.002751176958687887,0.5172413793103449,-0.0025957124386869704,5_5_3,1,
2024-08-06,True,0.005547635417915217,-0.002133580214965633,0.6896551724137931,0.004513152659294527,5_5_3,1,
2024-08-07,True,0.005504089470444759,0.006303776350429066,0.5517241379310345,0.004676503263548207,5_5_3,1,
2024-08-08,True,-0.005997081139002716,-0.011638742112029386,0.49122807017543857,-0.006733923244265874,5_5_3,1,
2024-08-09,True,0.005006914891489282,-0.0010912972748158558,0.5357142857142857,0.004203343462917853,5_5_3,1,
2024-08-12,True,0.0007725501991926988,0.0015058464931765642,0.5,2.2550199192698773e-05,5_5_3,1,
2024-08-13,True,-0.012419115292967655,-0.011657607543800935,0.7407407407407407,-0.013530226404078766,5_5_3,1,
2024-08-14,True,0.012524073378948687,0.011064618309577884,0.7037037037037037,0.01146851782339313,5_5_3,1,
2024-08-15,True,-0.005231171242807854,-0.0033535346071197733,0.9433962264150944,-0.006646265582430496,5_5_3,1,
2024-08-16,True,-0.000955796691014329,0.003679869146367549,0.7924528301886792,-0.0021444759362973477,5_5_3,1,
2024-08-19,True,-0.013954694156149002,-0.014928101440876794,0.49056603773584906,-0.014690543212752776,5_5_3,1,
2024-08-20,True,0.0021564553747517204,-0.0005547878648407242,0.5769230769230769,0.001291070759367105,5_5_3,1,
2024-08-21,True,-0.006950225743135473,-0.010059208776916734,0.7924528301886793,-0.008138904988418492,5_5_3,1,
2024-08-22,True,0.009090021091092557,0.006190287717513264,0.49056603773584906,0.008354172034488783,5_5_3,1,
2024-08-23,True,-0.0021576698276057947,-0.004341219627861214,0.4705882352941176,-0.002863552180546971,5_5_3,1,
2024-08-26,True,-0.006711096540827077,-0.007562787524740536,0.7755102040816326,-0.007874361846949526,5_5_3,1,
2024-08-27,True,-0.003640789676212853,-0.005133488692848038,0.5416666666666666,-0.004453289676212853,5_5_3,1,
2024-08-28,True,0.005487752707140837,0.0035996916384416298,0.7450980392156863,0.004370105648317307,5_5_3,1,
2024-08-29,True,0.007440161854955765,0.01113599885424978,0.8076923076923077,0.006228623393417303,5_5_3,1,
2024-08-30,True,-0.014529101511660987,-0.016291297630127145,0.7547169811320755,-0.0156611769833591,5_5_3,1,
2024-09-02,True,-0.006766010116719407,0.0002486529546858681,0.9090909090909091,-0.00812964648035577,5_5_3,1,
2024-09-03,True,-0.00012814577695719742,0.001449104872086327,0.4727272727272727,-0.0008372366860481066,5_5_3,1,
2024-09-04,True,0.0006783455339292716,0.00518473608145649,0.7407407407407408,-0.00043276557718183975,5_5_3,1,
2024-09-05,True,-0.014594362002495068,-0.01903539263653815,0.6153846153846154,-0.015517438925571992,5_5_3,1,
2024-09-06,True,-0.008016220506457235,-0.00457179100729582,0.5769230769230769,-0.00888160512184185,5_5_3,1,
2024-09-09,True,-0.001740602995918061,-0.003141243963570767,0.5882352941176471,-0.002622955937094532,5_5_3,1,
2024-09-10,True,-0.000609545603931879,0.0042144144231874795,1.0188679245283019,-0.002137847490724332,5_5_3,1,
2024-09-11,True,-0.003395184215842225,-0.004960560445802226,0.8679245283018868,-0.004697071008295055,5_5_3,1,
2024-09-12,True,-0.005627540085887113,-0.007796869862856382,0.6538461538461539,-0.006608309316656343,5_5_3,1,
2024-09-13,True,0.009032326405563663,0.0071778508384601905,0.9230769230769231,0.007647711020948278,5_5_3,1,
2024-09-18,True,0.006199525227864205,0.0063620583994070555,0.6153846153846154,0.005276448304787282,5_5_3,1,
2024-09-19,True,0.005164437374493692,0.0013414580438825046,0.7924528301886793,0.003975758129210673,5_5_3,1,
2024-09-20,True,0.009810123500255489,0.01041458571651547,0.6296296296296297,0.008865679055811045,5_5_3,1,
2024-09-23,True,0.04309747650083536,0.0468276797390601,0.6428571428571428,0.042133190786549646,5_5_3,1,
2024-09-24,True,-0.0014421445719305218,-0.0017323428155460948,0.7142857142857143,-0.0025135731433590935,5_5_3,1,
2024-09-25,True,0.05539249253903606,0.06417273908148687,0.8727272727272728,0.05408340162994515,5_5_3,1,
2024-09-26,True,0.06211407221760054,0.08788601575974112,0.5769230769230769,0.061248687602215926,5_5_3,1,
2024-10-11,True,0.007744420311831698,0.007151531963714463,1.673469387755102,0.0052342162301990455,5_5_3,1,
2024-10-14,True,-0.03227949094536503,-0.03493412761281277,0.5084745762711864,-0.03304220280977181,5_5_3,1,
2024-10-15,True,0.014440509727274415,0.01318004176156746,0.5423728813559322,0.013626950405240517,5_5_3,1,
2024-10-16,True,-0.01625144910144345,-0.019076515265712742,0.711864406779661,-0.01731924571161294,5_5_3,1,
2024-10-17,True,0.035195525958249485,0.04496217315302929,1.1428571428571428,0.03348124024396377,5_5_3,1,
2024-10-18,True,-0.0010908814020475616,-2.5558938766695132e-05,0.9090909090909091,-0.002454517765683925,5_5_3,1,
2024-10-21,True,0.009878234842863227,0.009249800094731682,0.39999999999999997,0.009278234842863227,5_5_3,1,
2024-10-22,True,0.0008849367034045333,0.00010492472464493431,0.6315789473684211,-6.243171764809844e-05,5_5_3,1,
2024-10-23,True,-0.008952108288563852,-0.006509146046284886,0.44827586206896547,-0.0096245220816673,5_5_3,1,
2024-10-24,True,0.003259795228300365,0.011782699464454309,0.4067796610169491,0.0026496257367749415,5_5_3,1,
2024-10-25,True,0.0052116305210222385,0.007254629446067936,0.4067796610169491,0.004601461029496815,5_5_3,1,
2024-10-28,True,-0.012861087802648387,-0.020682339322700243,0.5172413793103448,-0.013636949871613905,5_5_3,1,
2024-10-29,True,-0.01021894130799008,-0.0027803991899873685,0.3157894736842105,-0.010692625518516395,5_5_3,1,
2024-10-30,True,-0.004241131712715326,0.000653000201491903,0.5964912280701754,-0.00513586855482059,5_5_3,1,
2024-10-31,True,0.011394450952028142,0.0004976178637199633,0.5263157894736842,0.010604977267817617,5_5_3,1,
2024-11-01,True,0.005167867723269988,0.011180134004331434,0.6785714285714285,0.004150010580412845,5_5_3,1,
2024-11-04,True,0.02087187626427843,0.03100787025605857,0.5614035087719298,0.020029771001120536,5_5_3,1,
2024-11-05,True,-0.00999880107962587,-0.011137637903868822,0.5517241379310345,-0.010826387286522422,5_5_3,1,
2024-11-06,True,0.034971285031430835,0.047538963085214964,0.48275862068965514,0.03424714710039635,5_5_3,1,
2024-11-07,True,-0.019705213105566957,-0.021394295522801116,0.6206896551724138,-0.02063624758832558,5_5_3,1,
2024-11-08,True,0.004840487263423006,0.02094962347431731,0.7586206896551724,0.003702556228940247,5_5_3,1,
2024-11-11,True,-0.007049058585141327,-0.014670425442416294,0.48148148148148157,-0.0077712808073635495,5_5_3,1,
2024-11-12,True,0.00965032624683121,0.009630131363814992,0.4615384615384615,0.008958018554523519,5_5_3,1,
2024-11-13,True,-0.017737688868341445,-0.02050060025278931,0.8518518518518519,-0.019015466646119222,5_5_3,1,
2024-11-14,True,-0.0034256626367059183,-0.010507937320725405,0.6666666666666666,-0.004425662636705918,5_5_3,1,
2024-11-15,True,-0.013083197063018718,-0.009248837914256767,0.3793103448275862,-0.013652162580260098,5_5_3,1,
2024-11-18,True,0.005025628201869986,0.00547365113148212,0.5862068965517241,0.0041463178570424,5_5_3,1,
2024-11-19,True,0.011881519319671538,0.005751253725342969,1.1228070175438596,0.010197308793355748,5_5_3,1,
2024-11-20,True,-0.0009150449520093993,0.00040301539392273867,0.4528301886792453,-0.0015942902350282672,5_5_3,1,
2024-11-21,True,-0.03366496623032764,-0.028498020600927754,0.7058823529411764,-0.03472378975973941,5_5_3,1,
2024-11-22,True,-0.003235780461411324,-0.006397831876842321,0.4799999999999999,-0.003955780461411324,5_5_3,1,
2024-11-25,True,-0.007449790324697116,-0.0050947856480834325,0.6153846153846154,-0.00837286724777404,5_5_3,1,
2024-11-26,True,0.019300595382269928,0.02222057652103294,0.6037735849056605,0.018394935004911437,5_5_3,1,
2024-11-27,True,-0.010783507219835975,-0.008384640618412228,0.7037037037037037,-0.011839062775391531,5_5_3,1,
2024-11-28,True,0.009974197516666464,0.011607663862643534,0.5454545454545454,0.009156015698484645,5_5_3,1,
2024-11-29,True,0.009988272454507743,0.011880954448218902,0.8421052631578947,0.0087251145597709,5_5_3,1,
2024-12-02,True,0.001041821638619776,-0.001485094948687205,0.793103448275862,-0.000147833533794017,5_5_3,1,
2024-12-03,True,-0.004410481383029488,-0.01069915817304683,0.41379310344827586,-0.005031171038201902,5_5_3,1,
2024-12-04,True,0.0006280304602282658,0.0030022071224243005,0.6101694915254238,-0.00028722377705986987,5_5_3,1,
2024-12-05,True,0.008793386570896726,0.011806411117495601,0.3728813559322034,0.00823406453699842,5_5_3,1,
2024-12-06,True,0.02197220920995894,0.028808775014414385,0.4406779661016949,0.021311192260806397,5_5_3,1,
2024-12-09,True,-0.021366993788014838,-0.027646062776372247,0.48275862068965514,-0.02209113171904932,5_5_3,1,
2024-12-10,True,0.003426277437464569,0.0044977660321999105,0.6551724137931034,0.0024435188167749138,5_5_3,1,
2024-12-11,True,0.0038170423585501784,0.0022809618022789795,0.48275862068965514,0.0030929044275156956,5_5_3,1,
2024-12-12,True,-0.015598497810066829,-0.01603180081844136,0.27586206896551724,-0.016012290913515106,5_5_3,1,
2024-12-13,True,-0.0034207117485369055,-0.00941730731513724,0.6101694915254238,-0.004335965985825041,5_5_3,1,
2024-12-16,True,0.005512546554349014,0.0036853590385340826,0.6779661016949152,0.0044955974018066405,5_5_3,1,
2024-12-17,True,-0.006863999389899531,-0.006682582364368415,0.9642857142857143,-0.008310427961328103,5_5_3,1,
2024-12-18,True,0.003775339584891637,0.00771957921536395,0.4150943396226416,0.0031526980754576746,5_5_3,1,
2024-12-19,True,-0.008082669109565468,-0.0015202987191759428,0.6923076923076923,-0.009121130648027007,5_5_3,1,
2024-12-20,True,0.0046261081715902215,-0.0014939666458238354,0.5,0.0038761081715902217,5_5_3,1,
2024-12-23,True,0.014434341377191,0.012388960053226674,0.8085106382978723,0.013221575419744192,5_5_3,1,
2024-12-24,True,-0.005014287749404114,-0.0027483585435642797,0.5882352941176471,-0.005896640690580585,5_5_3,1,
2024-12-25,True,0.00165975347279781,0.0026760814297631026,0.6037735849056604,0.0007540930954393194,5_5_3,1,
2024-12-26,True,-0.0035856647996563686,-0.0029151130861261505,0.7037037037037037,-0.004641220355211924,5_5_3,1,
2024-12-27,True,0.003663719052110197,0.0039706695622785775,0.6428571428571428,0.002699433337824483,5_5_3,1,
2024-12-30,True,-0.01119956012735091,-0.018917825682766082,0.631578947368421,-0.012146928548403541,5_5_3,1,
2024-12-31,True,-0.02373891025154469,-0.0282142784127751,0.42105263157894735,-0.02437048919891311,5_5_3,1,
2025-01-02,True,-0.008811427565474523,-0.014512105299179177,0.5964912280701754,-0.009706164407579786,5_5_3,1,
2025-01-03,True,-0.0006366352028975357,-0.0006023204470292972,0.7272727272727273,-0.0017275442938066267,5_5_3,1,
2025-01-06,True,0.005973374733466684,0.0048188751813285965,0.9818181818181819,0.004500647460739411,5_5_3,1,
2025-01-07,True,0.0020548029507396356,-0.0001428544344526535,0.7307692307692307,0.0009586491045857895,5_5_3,1,
2025-01-08,True,0.003171997935499155,-0.00229685437727064,0.8085106382978723,0.0019592319780523462,5_5_3,1,
2025-01-09,True,-0.02527360247535786,-0.02111257077730333,0.9545454545454546,-0.026705420657176043,5_5_3,1,
2025-01-10,True,0.009868345262990613,0.007165499337583113,0.8936170212765958,0.00852791973107572,5_5_3,1,
2025-01-13,True,0.025843183336808764,0.026627920223380588,0.72,0.024763183336808763,5_5_3,1,
2025-01-14,True,0.0005962771506010389,-0.0005055524113692717,1.0,-0.0009037228493989611,5_5_3,1,
2025-01-15,True,0.0034557608163099103,-0.003552431031982306,0.7058823529411765,0.0023969372868981455,5_5_3,1,
2025-01-16,True,0.007995785469273872,0.012944753180324474,0.5862068965517241,0.0071164751244462855,5_5_3,1,
2025-01-17,True,0.00016242292789350456,0.0013278649450271262,0.5517241379310345,-0.0006651632790030471,5_5_3,1,
2025-01-20,True,-0.008720148141836784,-0.008122238762162063,0.5517241379310345,-0.009547734348733336,5_5_3,1,
2025-01-21,True,0.001250653411358924,0.004902607931607284,0.6551724137931034,0.00026789479066926885,5_5_3,1,
2025-01-22,True,-0.002933940682522978,-0.00897101604685511,0.5172413793103448,-0.0037098027514884955,5_5_3,1,
2025-01-23,True,0.008030021448307896,0.013761597584332234,0.45614035087719296,0.007345810921992106,5_5_3,1,
2025-01-24,True,0.004772925277380228,0.002783236999233786,0.5964912280701754,0.003878188435274965,5_5_3,1,
2025-01-27,False,,,,,5_5_3,1,1.0
2025-02-05,False,,,,,5_5_3,1,1.0
2025-02-06,True,0.016048195963970457,0.014487709598811155,1.0,0.014548195963970457,5_5_3,1,
2025-02-07,True,0.0035729453190134035,0.0008711375794025831,0.5614035087719298,0.0027308400558555086,5_5_3,1,
2025-02-10,True,-0.0032105208913791638,-0.00732259256891972,0.49122807017543857,-0.003947362996642322,5_5_3,1,
2025-02-11,True,0.0038933164193022144,0.008658916817659642,0.45614035087719296,0.003209105892986425,5_5_3,1,
2025-02-12,True,-0.0026330964620491517,-0.00533492188233455,0.5614035087719298,-0.003475201725207046,5_5_3,1,
2025-02-13,True,0.008557538201326709,0.011390139404805693,0.6551724137931034,0.007574779580637053,5_5_3,1,
2025-02-14,True,0.0021858725370340077,-0.001528025186392055,0.5862068965517241,0.0013065621922064216,5_5_3,1,
2025-02-17,True,-0.005878591866861885,-0.012204953174785165,0.3793103448275862,-0.006447557384103264,5_5_3,1,
2025-02-18,True,0.006340684752640578,0.008443830980784595,0.7719298245614035,0.005182790015798473,5_5_3,1,
2025-02-19,True,0.0005514857564882539,0.0019895177075306284,0.6785714285714285,-0.00046637138636888896,5_5_3,1,
2025-02-20,True,0.005767494792229166,0.0077168590590542116,0.6545454545454545,0.004785676610410984,5_5_3,1,
2025-02-21,True,0.0025329385053665878,-0.0072211241013211734,0.6909090909090909,0.0014965748690029513,5_5_3,1,
2025-02-24,True,-0.0037342920584980312,0.00044691048497924683,0.6909090909090909,-0.004770655694861668,5_5_3,1,
2025-02-25,True,0.006289671104706964,0.00907533984325824,0.5818181818181818,0.005416943831979691,5_5_3,1,
2025-02-26,True,0.00011555708288652344,-0.004178203227591098,0.6296296296296295,-0.0008288873615579209,5_5_3,1,
2025-02-27,True,-0.009124591094798832,-0.014118204489865073,0.6909090909090909,-0.010160954731162467,5_5_3,1,
2025-02-28,True,-0.008006228588659793,-0.005509128895673324,0.75,-0.009131228588659793,5_5_3,1,
2025-03-03,True,0.01069262518752473,0.007415708288446759,0.6785714285714285,0.009674768044667588,5_5_3,1,
2025-03-04,True,0.00980491005607718,0.006460780671182206,0.7017543859649122,0.00875227847712981,5_5_3,1,
2025-03-05,True,0.004273026567411629,0.0045930227924340546,0.5964912280701754,0.0033782897253063658,5_5_3,1,
2025-03-06,True,0.000342784692709699,2.2202078460319163e-05,0.5263157894736842,-0.0004466889915008273,5_5_3,1,
2025-03-07,True,-0.008767748815429952,-0.011377088911136759,0.49122807017543857,-0.009504590920693109,5_5_3,1,
2025-03-10,True,0.011974061219405694,0.014828911230874927,0.6551724137931034,0.01099130259871604,5_5_3,1,
2025-03-11,True,-0.006118799719102782,-0.005763316569709334,0.41379310344827586,-0.0067394893742751955,5_5_3,1,
2025-03-12,True,0.0008187168516835872,-0.0024725654971657655,0.6551724137931034,-0.0001640417690060679,5_5_3,1,
2025-03-13,True,0.022849390359538126,0.020669897347570455,0.8275862068965517,0.0216080110491933,5_5_3,1,
2025-03-14,True,0.00011151198872857251,-0.00032780056142446605,0.793103448275862,-0.0010781431836852206,5_5_3,1,
2025-03-17,True,0.0030549856587973544,-0.002373657883734572,0.7017543859649122,0.002002354079849986,5_5_3,1,
2025-03-18,False,,,,,5_5_3,1,1.0
2025-03-19,True,-0.009165221424393367,-0.007455913474240873,1.0,-0.010665221424393367,5_5_3,1,
2025-03-20,True,-0.014871454264324816,-0.009956365226024196,0.46428571428571425,-0.015567882835753388,5_5_3,1,
2025-03-21,True,0.004537762134595062,0.0030076727669194,0.3214285714285714,0.004055619277452205,5_5_3,1,
2025-03-24,True,-0.005840486489519286,-6.808684091451554e-06,0.42857142857142855,-0.006483343632376429,5_5_3,1,
2025-03-25,True,-0.004921471234696493,-0.003976843986698007,0.9285714285714285,-0.006314328377553636,5_5_3,1,
2025-03-26,True,0.005330836794734479,0.002635837773174449,0.7037037037037037,0.004275281239178924,5_5_3,1,
2025-03-27,True,-0.00923435353141754,-0.0075861134138790615,0.7058823529411764,-0.010293177060829304,5_5_3,1,
2025-03-28,True,-0.0018036346968848438,-0.004054233885810565,0.7450980392156863,-0.002921281755708373,5_5_3,1,
2025-03-31,True,-0.0016578761541334185,0.00201394887142606,0.6296296296296297,-0.002602320598577863,5_5_3,1,
2025-04-01,True,-0.008364690892927103,-0.009322628089109811,0.4074074074074074,-0.008975802004038214,5_5_3,1,
2025-04-02,True,-0.043604904235008055,-0.04566925890469136,0.5555555555555556,-0.044438237568341386,5_5_3,1,
2025-04-03,True,-0.03131523444037951,-0.025873017012492085,0.6296296296296297,-0.03225967888482395,5_5_3,1,
2025-04-07,True,0.001928479515599687,0.0013806706283755253,0.5185185185185186,0.001150701737821909,5_5_3,1,
2025-04-08,True,0.054313616043163565,0.045448144725303286,0.5384615384615385,0.05350592373547126,5_5_3,1,
2025-04-09,True,-0.00691850306937474,-0.0051033555245487555,0.7692307692307693,-0.008072349223220894,5_5_3,1,
2025-04-10,True,0.016563062655509383,0.010098120576554093,0.4,0.015963062655509383,5_5_3,1,
2025-04-11,True,-0.006641224958999803,-0.0037119307846132086,0.6296296296296297,-0.007585669403444247,5_5_3,1,
2025-04-14,True,-0.002865067405533871,-0.0026304843921271864,1.0847457627118644,-0.004492186049601668,5_5_3,1,
2025-04-15,True,-0.007242696474654805,-0.002450232673227469,0.9152542372881356,-0.008615577830587008,5_5_3,1,
2025-04-16,True,0.004072516096623653,0.0018290806603145108,0.8135593220338984,0.002852177113572805,5_5_3,1,
2025-04-17,True,0.0029350785889954763,0.0014420860063948803,0.30508474576271183,0.0024774514703514087,5_5_3,1,
2025-04-18,True,0.005255201279156442,0.005445567979465321,0.42105263157894735,0.004623622331788021,5_5_3,1,
2025-04-21,True,0.006242893750258859,0.004703682702180092,0.8148148148148148,0.005020671528036636,5_5_3,1,
2025-04-22,True,-0.003264258603422863,-0.004052595282044198,0.7169811320754716,-0.00433973030153607,5_5_3,1,
2025-04-23,True,0.00017838429936818795,-0.0008706220978314907,0.6181818181818182,-0.0007488884279045393,5_5_3,1,
2025-04-24,True,-0.001144016279723603,-0.0009607904642745282,0.5614035087719298,-0.001986121542881498,5_5_3,1,
2025-04-25,True,-0.00640786392166137,-0.006017130839119702,0.5614035087719298,-0.007249969184819265,5_5_3,1,
2025-04-28,True,0.0025792460060123468,-0.0001012616219871673,0.6545454545454545,0.001597427824194165,5_5_3,1,
2025-04-29,True,0.0038426849613785417,0.006445723160351484,0.5818181818181818,0.002969957688651269,5_5_3,1,
2025-04-30,True,0.020149033018358235,0.021920565673860946,0.6785714285714285,0.019131175875501092,5_5_3,1,
2025-05-06,True,-0.008791936323866394,-0.011909874460891253,0.6071428571428571,-0.00970265060958068,5_5_3,1,
2025-05-07,True,0.007683568158223868,0.006386564104345448,0.6785714285714285,0.006665711015366725,5_5_3,1,
2025-05-08,True,0.004767702417867827,0.0014013163520630837,0.38596491228070173,0.004188755049446774,5_5_3,1,
2025-05-09,True,0.010666841909495075,0.013841309387545605,0.4137931034482758,0.010046152254322661,5_5_3,1,
2025-05-12,True,0.0005936260293330345,-0.005881843388649945,0.5517241379310345,-0.00023396017756351724,5_5_3,1,
2025-05-13,True,0.004499550712789918,0.006880899845338982,0.6206896551724137,0.0035685162300312973,5_5_3,1,
2025-05-14,True,-0.006783858174332893,-0.011504262204551152,0.7719298245614035,-0.007941752911174998,5_5_3,1,
2025-05-15,True,-0.0031476324521269882,-0.002295733287646509,0.46428571428571425,-0.0038440610235555596,5_5_3,1,
2025-05-16,True,0.0029545035617237502,-0.00010715691416080663,0.6785714285714285,0.0019366464188666074,5_5_3,1,
2025-05-19,True,0.007275805634751934,0.004205445082185589,0.42105263157894735,0.0066442266873835126,5_5_3,1,
2025-05-20,True,0.0010493316019035042,0.0021098874299538615,0.4137931034482758,0.00042864194673109045,5_5_3,1,
2025-05-21,True,0.0022879307529234125,-0.0016581363352831044,0.4482758620689655,0.0016155169598199642,5_5_3,1,
2025-05-22,False,,,,,5_5_3,1,2.0
2025-05-23,False,,,,,5_5_3,1,1.0
2025-05-26,True,-0.005037038672733188,-0.0039097444039020565,1.0,-0.006537038672733189,5_5_3,1,
2025-05-27,True,-0.003098319532054349,-0.0010647938391728196,0.6545454545454545,-0.004080137713872531,5_5_3,1,
2025-05-28,True,0.007821575947671912,0.00692089738262389,0.6666666666666667,0.006821575947671912,5_5_3,1,
2025-05-29,True,-0.006460163115657001,-0.004660604210313275,0.7307692307692308,-0.0075563169618108475,5_5_3,1,
2025-05-30,True,0.005398871933883942,0.006226173917463333,0.8461538461538463,0.004129641164653173,5_5_3,1,
2025-06-03,True,0.003076690702985707,0.006611022156180542,0.5454545454545455,0.002258508884803889,5_5_3,1,
2025-06-04,True,0.001700898757226956,0.0021112187271912653,0.39285714285714285,0.0011116130429412417,5_5_3,1,
2025-06-05,True,0.0005202298585264871,0.0008900342978069472,0.5714285714285714,-0.00033691299861637,5_5_3,1,
2025-06-06,True,0.004096055369214352,0.0047916359826220565,0.38596491228070173,0.0035171080007932996,5_5_3,1,
2025-06-09,True,-0.003402483101372075,-0.005769836581270682,0.5614035087719298,-0.00424458836452997,5_5_3,1,
2025-06-10,True,0.005629482205554025,0.004397293319903282,0.6785714285714285,0.004611625062696882,5_5_3,1,
2025-06-11,True,0.0008549962797483324,0.0008831719777287723,0.7272727272727272,-0.00023591281116075837,5_5_3,1,
2025-06-12,True,-0.006908960339871874,-0.006738399668945279,0.509090909090909,-0.007672596703508238,5_5_3,1,
2025-06-13,True,0.0014718413521148427,0.004156641612590058,0.5714285714285714,0.0006146984949719856,5_5_3,1,
2025-06-16,True,0.0020179188903718557,-0.00040131922001922406,0.75,0.0008929188903718556,5_5_3,1,
2025-06-17,True,-0.0018969246741636146,-4.989685698237127e-05,0.8148148148148149,-0.003119146896385837,5_5_3,1,
2025-06-18,True,-0.006304449752076915,-0.00893900250860604,0.49999999999999994,-0.007054449752076915,5_5_3,1,
2025-06-19,True,-0.003662159013697832,-0.004651491177484087,0.7692307692307692,-0.004816005167543986,5_5_3,1,
2025-06-20,True,0.012214810123586065,0.008349559201494553,0.923076923076923,0.01083019473897068,5_5_3,1,
2025-06-23,True,0.013483457746918342,0.0124185248159556,0.5490196078431373,0.012659928335153637,5_5_3,1,
2025-06-24,True,0.009375739561533139,0.011373773181064379,0.8627450980392157,0.008081621914474315,5_5_3,1,
2025-06-25,True,-0.0012030287223626429,-0.0014754734447613444,0.7843137254901961,-0.0023794993105979373,5_5_3,1,
2025-06-26,True,-0.004341219996535786,0.00045874751959128234,0.5818181818181818,-0.005213947269263058,5_5_3,1,
2025-06-27,True,0.0012957688615184303,0.004260706730762243,0.5454545454545454,0.0004775870433366121,5_5_3,1,
2025-06-30,True,0.0015098455270622913,0.0006061611369850501,0.8363636363636363,0.0002553000725168367,5_5_3,1,
2025-07-01,True,-0.00013941299632529356,0.002556353868266537,0.6785714285714285,-0.0011572701391824364,5_5_3,1,
2025-07-02,True,0.003924027075764742,0.005074647707662191,0.6206896551724137,0.002992992593006121,5_5_3,1,
2025-07-03,True,0.0024245523586191625,-0.0003299756906802199,0.5862068965517241,0.0015452420137915764,5_5_3,1,
2025-07-04,True,-0.0035898263642789143,-0.0019977969776418403,0.4137931034482758,-0.004210516019451328,5_5_3,1,
2025-07-07,True,0.009729945258871272,0.010975218350132519,0.5172413793103449,0.008954083189905754,5_5_3,1,
2025-07-08,True,-0.002202500118630246,-0.0026837554438346213,0.5862068965517241,-0.003081810463457832,5_5_3,1,
2025-07-09,True,0.0020589062884401343,0.006066136426420362,0.49122807017543857,0.0013220641831769764,5_5_3,1,
2025-07-10,True,0.004988076693319619,0.004157669863517197,0.5714285714285714,0.004130933836176761,5_5_3,1,
2025-07-11,True,0.004504714228921036,-0.0004083564800076213,0.5714285714285714,0.0036475713717781786,5_5_3,1,
2025-07-14,True,-0.002249141185123258,-0.000932935818936692,0.6428571428571428,-0.003213426899408972,5_5_3,1,
2025-07-15,True,-0.0008809727555696267,-0.0012239679558012494,0.38596491228070173,-0.0014599201239906792,5_5_3,1,
2025-07-16,True,0.007677794521728385,0.009682644706862292,0.5862068965517241,0.006798484176900799,5_5_3,1,
2025-07-17,True,0.006476667045204236,0.007876485968134402,0.5172413793103449,0.005700804976238719,5_5_3,1,
2025-07-18,True,0.008361492387330569,0.008567438821131791,0.5517241379310345,0.007533906180434017,5_5_3,1,
2025-07-21,True,0.009641684594482983,0.014824089868429403,0.5172413793103449,0.008865822525517465,5_5_3,1,
2025-07-22,True,-0.002605228632747777,-0.007934735960225491,0.6551724137931034,-0.0035879872534374324,5_5_3,1,
2025-07-23,True,0.005601620340012969,0.014135131987320672,0.5517241379310345,0.004774034133116417,5_5_3,1,
2025-07-24,True,1.3121084151998277e-05,-0.004418670537367896,0.4137931034482758,-0.0006075685710204155,5_5_3,1,
2025-07-25,True,0.003145573154108181,-0.0005918845560278884,0.5818181818181819,0.0022728458813809083,5_5_3,1,
2025-07-28,True,0.0019175952346773611,0.0065813036409835685,0.5769230769230769,0.0010522106192927458,5_5_3,1,
2025-07-29,True,-0.0013086500765227035,-0.002050996832130087,0.6415094339622641,-0.0022709142274660995,5_5_3,1,
2025-07-30,True,-0.01462808990734091,-0.017213997772740026,0.509090909090909,-0.015391726270977273,5_5_3,1,
2025-07-31,True,-0.004258684496156147,-0.006843561745717144,0.75,-0.005383684496156147,5_5_3,1,
2025-08-01,True,0.010197841312688005,0.0100543226273682,0.7142857142857143,0.009126412741259433,5_5_3,1,
2025-08-04,True,0.008634436028092989,0.005067907557545701,1.309090909090909,0.006670799664456625,5_5_3,1,
2025-08-05,True,0.006155403507932046,0.00648820419205387,0.4444444444444444,0.005488736841265379,5_5_3,1,
2025-08-06,True,-0.0011950296355242955,-0.0035547240829217476,0.48148148148148145,-0.0019172518577465177,5_5_3,1,
2025-08-07,True,0.0044463173149221335,0.0013626526226205927,1.107142857142857,0.002785603029207848,5_5_3,1,
2025-08-08,True,0.0016010009077043316,0.004488718268252087,0.42857142857142855,0.0009581437648471888,5_5_3,1,
2025-08-11,True,0.003177068238376068,0.004449917529525763,0.3571428571428571,0.0026413539526617823,5_5_3,1,
2025-08-12,True,0.003318832324697469,0.005223296570897068,0.5357142857142857,0.00251526089612604,5_5_3,1,
2025-08-13,True,-0.003402844955472738,-0.009300591186974532,0.7017543859649122,-0.004455476534420107,5_5_3,1,
2025-08-14,True,0.0060697537988020495,0.018267161497541266,0.7017543859649122,0.005017122219854681,5_5_3,1,
2025-08-15,True,0.0032709233171994783,0.005568882432071022,0.8421052631578947,0.002007765422462636,5_5_3,1,
2025-08-18,True,-0.0019208750421353079,-0.004584608054469204,0.509090909090909,-0.0026845114057716716,5_5_3,1,
2025-08-19,True,0.013887992316461052,0.018282887189805048,0.5660377358490566,0.013038935712687466,5_5_3,1,
2025-08-20,True,0.003174963712803065,0.0010076649538487397,0.45283018867924535,0.002495718429784197,5_5_3,1,
2025-08-21,True,0.011926104098410915,0.02888512900266445,0.7037037037037037,0.010870548542855359,5_5_3,1,
2025-08-22,True,0.010765632515562864,0.008884004233141762,0.6545454545454545,0.009783814333744683,5_5_3,1,
2025-08-25,True,0.0011703462511059978,0.001993663232181604,0.75,4.5346251105997685e-05,5_5_3,1,
2025-08-26,True,-0.010200842820550244,-0.01977994720281035,0.5,-0.010950842820550245,5_5_3,1,
2025-08-27,True,0.01736471566373746,0.016002878260899633,0.4727272727272727,0.01665562475464655,5_5_3,1,
2025-08-28,True,0.005594097246187969,0.008481227030828847,0.5818181818181818,0.004721369973460696,5_5_3,1,
2025-08-29,True,-0.0013808133246988757,0.0002807316305968586,0.6545454545454545,-0.0023626315065170575,5_5_3,1,
2025-09-01,True,0.0034986794053533383,-0.006551844248190572,0.5964912280701754,0.002603942563248075,5_5_3,1,
2025-09-02,True,-0.013811623103995432,-0.014464489107534078,0.7017543859649122,-0.0148642546829428,5_5_3,1,
2025-09-03,True,-0.01104951428913955,-0.01241962102598401,0.45614035087719296,-0.01173372481545534,5_5_3,1,
2025-09-04,True,0.018987526500934198,0.021420006296950164,0.46428571428571425,0.018291097929505628,5_5_3,1,
2025-09-05,True,0.003960305927701177,0.003312815856254614,0.7999999999999999,0.0027603059277011774,5_5_3,1,
2025-09-08,True,-0.005226235844799228,-0.00531045140649173,0.7547169811320755,-0.0063583113164973415,5_5_3,1,
2025-09-09,True,0.00037722189598914075,-0.002508466792897268,0.5384615384615384,-0.0004304704117031669,5_5_3,1,
2025-09-10,True,0.019831329154005768,0.019828392687672936,0.5660377358490566,0.018982272550232184,5_5_3,1,
2025-09-11,True,-0.0023243358712206333,-0.0032141850498891536,1.037037037037037,-0.003879891426776189,5_5_3,1,
2025-09-12,True,-0.00021282214429448786,0.0017712231471793253,0.4727272727272727,-0.0009219130533853969,5_5_3,1,
2025-09-15,True,-0.0037882427466836106,-0.0034029229509705467,0.44827586206896547,-0.004460656539787059,5_5_3,1,
2025-09-16,True,0.007801276891962082,0.005606680347793556,0.5423728813559322,0.006987717569928184,5_5_3,1,
2025-09-17,True,-0.012600031538718161,-0.011880241976646328,0.6101694915254238,-0.013515285776006298,5_5_3,1,
2025-09-18,True,0.004795173235614418,0.003670627011555955,0.6551724137931034,0.003812414614924763,5_5_3,1,
2025-09-19,True,-0.005986476783653204,0.0009383499868969846,0.7719298245614035,-0.007144371520495309,5_5_3,1,
2025-09-22,True,-0.007346837445985211,-0.010271294307437054,0.9019607843137254,-0.008699778622455799,5_5_3,1,
2025-09-23,True,0.01672030393078543,0.018845398900663262,0.4897959183673469,0.01598561005323441,5_5_3,1,
2025-09-24,True,-0.003697965988811648,0.0017489649681199113,0.6530612244897959,-0.004677557825546342,5_5_3,1,
2025-09-25,True,0.0035773404604028712,-0.0014567335675326062,0.6399999999999999,0.0026173404604028713,5_5_3,1,
2025-09-26,True,0.00467277130634637,0.014138508685264181,0.8627450980392157,0.0033786536592875466,5_5_3,1,
2025-09-29,True,0.003540026860602757,0.01183825495583166,0.6792452830188679,0.002521158936074455,5_5_3,1,
2025-09-30,True,0.011429484186133309,0.007967079689974146,0.6666666666666666,0.01042948418613331,5_5_3,1,
2025-10-09,True,-0.021727520284043456,-0.03361638467575263,0.9090909090909091,-0.023091156647679818,5_5_3,1,
2025-10-10,True,0.015826597794243093,0.029656289932089974,0.5357142857142857,0.015023026365671665,5_5_3,1,
2025-10-13,True,-0.012558837379103382,-0.012767923020072918,0.5714285714285714,-0.013415980236246239,5_5_3,1,
2025-10-14,True,0.00704332026767097,0.008020965997460796,0.5614035087719298,0.006201215004513075,5_5_3,1,
2025-10-15,True,0.00015469261987405088,0.0004899365554654893,0.5862068965517241,-0.0007246177249535353,5_5_3,1,
2025-10-16,True,-0.014197682049818066,-0.01307762352607825,0.5517241379310345,-0.015025268256714618,5_5_3,1,
2025-10-17,True,-0.0019344861289909004,-0.0027182733174112394,0.5714285714285714,-0.0027916289861337575,5_5_3,1,
2025-10-20,True,0.0028194951964820077,0.0021592219688303556,0.6785714285714285,0.001801638053624865,5_5_3,1,
2025-10-21,True,-0.0010821256423442654,-0.0016504245029159428,0.8727272727272728,-0.0023912165514351747,5_5_3,1,
2025-10-22,True,0.00856451994832383,0.008676686148588925,0.4074074074074075,0.00795340883721272,5_5_3,1,
2025-10-23,True,0.007061849545879335,0.010826582568228063,0.7037037037037037,0.006006293990323779,5_5_3,1,
2025-10-24,True,0.004734114912665825,0.003123431867926634,0.7999999999999999,0.0035341149126658254,5_5_3,1,
2025-10-27,True,-0.0037237764776507803,-0.002359800359152809,0.6181818181818182,-0.004651049204923508,5_5_3,1,
2025-10-28,True,0.008990429271371057,0.012965181331296115,0.5862068965517241,0.008111118926543471,5_5_3,1,
2025-10-29,True,-0.001567758491412037,-0.00490478428207151,0.6551724137931034,-0.002550517112101692,5_5_3,1,
2025-10-30,True,-0.0011093710598067302,-0.006565345487598314,0.5862068965517241,-0.0019886814046343165,5_5_3,1,
2025-10-31,True,0.0015067253747761214,0.003065399617938444,0.6666666666666666,0.0005067253747761213,5_5_3,1,
2025-11-03,True,-0.022076961420172316,-0.018381142520973812,0.6785714285714285,-0.02309481856302946,5_5_3,1,
2025-11-04,True,0.011535236941889593,0.014080694725682465,0.75,0.010410236941889594,5_5_3,1,
2025-11-05,True,0.006780046014166384,0.007170308158474792,0.6785714285714285,0.0057621888713092415,5_5_3,1,
2025-11-06,True,0.0022559745022539194,0.005093211393571165,0.5714285714285714,0.0013988316451110623,5_5_3,1,
2025-11-07,True,0.005847622706182111,0.007538623192326944,0.5818181818181818,0.004974895433454839,5_5_3,1,
2025-11-10,True,-0.011341897034366529,-0.01126455574810752,0.6428571428571428,-0.012306182748652243,5_5_3,1,
2025-11-11,True,0.0010973276519416612,-0.0036040396562279624,0.5964912280701754,0.00020259080983639802,5_5_3,1,
2025-11-12,True,0.002058871070497723,0.003158019358371651,0.6551724137931034,0.001076112449808068,5_5_3,1,
2025-11-13,True,-0.008895237052913457,-0.00787275919250664,0.5517241379310345,-0.009722823259810009,5_5_3,1,
2025-11-14,True,-0.00785890738453809,-0.006690786291295821,0.689655172413793,-0.008893390143158781,5_5_3,1,
2025-11-17,True,-0.008051579519886966,-0.006794321961885727,0.7017543859649122,-0.009104211098834334,5_5_3,1,
2025-11-18,False,,,,,5_5_3,1,1.0
2025-11-19,False,,,,,5_5_3,1,1.0
2025-11-20,True,-0.008055145708688125,-0.01001836329388429,1.0,-0.009555145708688125,5_5_3,1,
2025-11-21,True,0.002693565598136887,0.0017270906506382775,0.7058823529411764,0.0016347420687251224,5_5_3,1,
2025-11-24,True,0.0020833792999986594,0.002841090201609626,0.6122448979591837,0.0011650119530598837,5_5_3,1,
2025-11-25,True,0.003652297836541416,0.001402436339112637,0.4897959183673469,0.0029176039589903957,5_5_3,1,
2025-11-26,True,-0.001859293210789907,-0.000995646085984273,0.2857142857142857,-0.0022878646393613353,5_5_3,1,
2025-11-27,True,0.006538026129177777,0.007471796914713173,0.5199999999999999,0.005758026129177777,5_5_3,1,
2025-11-28,True,0.0037953643315521046,0.006598369112805572,0.8679245283018868,0.0024934775390992744,5_5_3,1,
2025-12-01,True,-0.004032270729483696,-0.004977438301326904,0.8148148148148148,-0.005254492951705918,5_5_3,1,
2025-12-02,True,-0.0024493303446615944,-0.002990239340762801,0.6071428571428571,-0.00336004463037588,5_5_3,1,
2025-12-03,True,-0.0009367229566782745,-0.0008465841379620174,0.6666666666666666,-0.0019367229566782745,5_5_3,1,
2025-12-04,True,0.008868876653142349,0.009201527840115381,0.3508771929824561,0.008342560863668665,5_5_3,1,
2025-12-05,True,-0.0026362750532016735,0.00036332187650151124,0.5,-0.0033862750532016733,5_5_3,1,
2025-12-08,True,-0.009114860848139424,-0.008430475034390194,0.6181818181818182,-0.010042133575412152,5_5_3,1,
2025-12-09,True,0.002203603170504531,0.00545658748465231,0.7999999999999999,0.001003603170504531,5_5_3,1,
2025-12-10,True,-0.004127723593547489,-0.009736036022280655,0.6428571428571428,-0.005092009307833203,5_5_3,1,
2025-12-11,True,-0.000678460744146861,0.00013783097723538948,0.5,-0.001428460744146861,5_5_3,1,
2025-12-12,True,0.0007357853332749813,-0.0004937960090097797,0.7142857142857143,-0.0003356432381535902,5_5_3,1,
2025-12-15,True,-0.005190246118445005,-0.007716708343686156,0.6545454545454547,-0.006172064300263186,5_5_3,1,
2025-12-16,True,0.00937727681051138,0.01126578735339256,0.6153846153846153,0.008454199887434458,5_5_3,1,
2025-12-17,True,0.004419732923332571,0.002337781582366404,0.7169811320754716,0.0033442612252193634,5_5_3,1,
2025-12-18,True,0.0068725335799064095,0.006761763861333654,0.5283018867924528,0.0060800807497177305,5_5_3,1,
2025-12-19,True,0.001744043618669504,0.004169720977731046,0.8148148148148148,0.0005218213964472819,5_5_3,1,
2025-12-22,True,-0.0020892541998881846,-0.0021095018073485914,0.6545454545454545,-0.0030710723817063664,5_5_3,1,
2025-12-23,True,0.0026803613330091654,0.0039897113882986866,0.5454545454545454,0.0018621795148273473,5_5_3,1,
2025-12-24,True,0.005424834109408094,0.0050323348503917035,0.8363636363636363,0.004170288654862639,5_5_3,1,
2025-12-25,True,-0.00048277445976895587,0.0029484732241748255,0.48148148148148145,-0.001204996681991178,5_5_3,1,
2025-12-26,True,-0.0058653514118609165,-0.0076442152883736385,0.6037735849056605,-0.006771011789219407,5_5_3,1,
2025-12-29,True,-7.098226604775679e-05,0.006643894972227927,0.6181818181818183,-0.0009982549933204843,5_5_3,1,
2025-12-30,True,5.282593976058428e-05,0.0018088630329515785,0.6545454545454545,-0.0009289922420575975,5_5_3,1,
2025-12-31,True,0.013766662156953463,0.01176826659767139,0.43636363636363634,0.013112116702408009,5_5_3,1,
2026-01-05,True,0.009799178394735803,0.016611140821229938,0.4727272727272727,0.009090087485644894,5_5_3,1,
2026-01-06,True,-0.006052437821371227,-0.005108320076910989,0.7142857142857143,-0.007123866392799798,5_5_3,1,
2026-01-07,True,-0.0011179201701239452,-0.0002433224004689468,0.5714285714285714,-0.0019750630272668025,5_5_3,1,
2026-01-08,True,0.005157169764497667,0.00852922514020913,0.5357142857142857,0.004353598335926238,5_5_3,1,
2026-01-09,True,0.005558849110774305,0.008755393095252893,0.6785714285714285,0.0045409919679171625,5_5_3,1,
2026-01-12,True,-0.00292540133171928,-0.0060286998337386235,0.5925925925925926,-0.0038142902206081686,5_5_3,1,
2026-01-13,True,-0.010207567938416652,-0.007225650599723562,0.7407407407407407,-0.011318679049527764,5_5_3,1,
2026-01-14,True,0.015896122600916142,0.006416947116244641,0.5283018867924528,0.015103669770727463,5_5_3,1,
2026-01-15,True,-0.01369845320687826,-0.010532081458694427,0.5555555555555556,-0.014531786540211594,5_5_3,1,
2026-01-16,True,0.011140120434783903,0.006391800036222142,0.7272727272727272,0.010049211343874813,5_5_3,1,
2026-01-19,True,0.002448460447020668,-0.0021745930830284954,0.3214285714285714,0.0019663175898778106,5_5_3,1,
2026-01-20,True,-0.003050613151436266,0.006053272860424718,0.5714285714285714,-0.003907756008579124,5_5_3,1,
2026-01-21,True,0.0020975037841725074,0.0009836175606395214,0.39285714285714285,0.0015082180698867932,5_5_3,1,
2026-01-22,True,0.0024386584660002807,0.001024089300386219,0.5660377358490567,0.0015896018622266956,5_5_3,1,
2026-01-23,True,-0.0006568763441055035,-0.0035131509430910163,0.6538461538461539,-0.0016376455748747343,5_5_3,1,
2026-01-26,True,-0.0035605184767190123,0.0010012691478187836,0.423076923076923,-0.004195133861334396,5_5_3,1,
2026-01-27,True,-0.002506241209079917,-0.0005225972498635816,0.4905660377358491,-0.0032420902656836907,5_5_3,1,
2026-01-28,True,0.005770641654384203,-0.003074553886554531,0.6037735849056604,0.004864981277025712,5_5_3,1,
2026-01-29,True,-0.006334270202659648,-0.013380253759624141,0.7169811320754718,-0.007409741900772856,5_5_3,1,
2026-01-30,True,-0.007560510117097452,-0.007001469896666685,0.30769230769230765,-0.008022048578635914,5_5_3,1,
2026-02-02,True,0.00046384200444590584,0.005788481650077578,0.49999999999999994,-0.00028615799555409407,5_5_3,1,
2026-02-03,True,0.013255084086610532,0.0065388349341574305,1.0943396226415094,0.011613574652648267,5_5_3,1,
2026-02-04,True,-0.00550853192967869,-0.00810793972682033,0.7037037037037037,-0.006564087485234245,5_5_3,1,
2026-02-05,True,0.01866957522505313,0.01403558835509938,0.8518518518518519,0.017391797447275353,5_5_3,1,
2026-02-06,True,0.002593474991823629,0.004170559114815387,0.5769230769230769,0.0017280903764390137,5_5_3,1,
2026-02-09,True,0.000615463815969988,0.0007488505918579229,0.6153846153846154,-0.0003076131071069352,5_5_3,1,
2026-02-10,True,0.003645999830530256,0.0015325759276251022,0.5925925925925927,0.002757110941641367,5_5_3,1,
2026-02-11,True,-0.007739350360149766,-0.0044432467478954605,0.6545454545454545,-0.008721168541967948,5_5_3,1,
2026-02-12,True,0.006858408914163988,0.0033474362601078125,0.6181818181818182,0.005931136186891261,5_5_3,1,
2026-02-13,True,0.0008035699411475155,0.0015850129973051861,0.6545454545454545,-0.00017824824067066633,5_5_3,1,
2026-02-24,True,0.0015928776813645897,0.004952503649229662,0.9454545454545454,0.00017469586318277146,5_5_3,1,
2026-02-25,True,-0.004255051951635162,-0.004840739852375713,1.018181818181818,-0.005782324678907889,5_5_3,1,
2026-02-26,True,0.004074814089813709,0.0006854907620512797,0.7777777777777778,0.0029081474231470424,5_5_3,1,
2026-02-27,True,0.011115949623906525,0.009590830203777309,0.7777777777777778,0.009949282957239859,5_5_3,1,
2026-03-02,True,-0.02760304745036207,-0.027457172456596755,0.7924528301886793,-0.028791726695645087,5_5_3,1,
2026-03-03,True,0.009006978996035237,0.00822135093829117,0.6538461538461539,0.008026209765266006,5_5_3,1,
2026-03-04,True,-0.006663653157663017,-0.00652853591357112,0.5882352941176471,-0.007546006098839487,5_5_3,1,
2026-03-05,True,-0.0013450644403190388,0.0029709248591711116,0.43137254901960786,-0.0019921232638484506,5_5_3,1,
2026-03-06,True,0.011679399069173315,0.0037032382289744416,0.49999999999999994,0.010929399069173314,5_5_3,1,
2026-03-09,True,0.006564321846329912,0.006649520853816897,0.9454545454545455,0.005146140028148094,5_5_3,1,
2026-03-10,True,0.001598927013691304,0.006320654823229081,0.75,0.0004739270136913038,5_5_3,1,
2026-03-11,True,-0.007912678931700123,-0.003689732829657824,0.75,-0.009037678931700124,5_5_3,1,
2026-03-12,True,-0.002891479583657516,-0.003460705742699275,0.5614035087719298,-0.003733584846815411,5_5_3,1,
2026-03-13,True,0.0035666468846440114,-0.0010435215219583923,0.631578947368421,0.0026192784635913798,5_5_3,1,
2026-03-16,True,-0.00809078866809416,-0.008857752703293328,0.5357142857142857,-0.008894360096665587,5_5_3,1,
2026-03-17,True,-0.015353616164435094,-0.009302355648567892,0.6071428571428571,-0.01626433045014938,5_5_3,1,
2026-03-18,True,-0.010579201822425763,-0.006018337652314388,0.509090909090909,-0.011342838186062127,5_5_3,1,
2026-03-19,True,-0.033447100666781616,-0.02297777092552342,0.39999999999999997,-0.03404710066678162,5_5_3,1,
2026-03-20,True,-0.0075145466521329704,-0.009694538973612306,0.6415094339622641,-0.008476810803076367,5_5_3,1,
2026-03-23,True,0.01685582150227738,0.007280530757660039,0.43137254901960786,0.01620876267874797,5_5_3,1,
2026-03-24,True,0.008332685431494034,0.005606849122763062,0.96,0.006892685431494034,5_5_3,1,
2026-03-25,True,-0.015740401678050336,-0.019853795782437213,0.6046511627906976,-0.016647378422236382,5_5_3,1,
2026-03-26,True,-0.0001616849055610709,0.007757124897207604,0.6818181818181818,-0.0011844121782883434,5_5_3,1,
2026-03-27,True,0.014532724173528511,0.006452590409005903,0.9473684210526316,0.013111671541949563,5_5_3,1,
2026-03-30,True,0.0067947672447103025,0.003314345075593222,0.6666666666666666,0.0057947672447103025,5_5_3,1,
2026-03-31,True,0.002164980037571837,-0.0006704622575614661,0.9824561403508771,0.0006912958270455212,5_5_3,1,
2026-04-01,True,-0.005815848700929707,-0.004398958753208211,0.5964912280701754,-0.00671058554303497,5_5_3,1,
2026-04-02,True,-0.0127365236979441,-0.012098040964540894,0.49122807017543857,-0.013473365803207257,5_5_3,1,
2026-04-03,True,0.005958859577101037,0.014142048035648464,0.46428571428571425,0.005262431005672466,5_5_3,1,
2026-04-07,True,0.011808643998913211,0.010208346899278202,0.46428571428571425,0.01111221542748464,5_5_3,1,
2026-04-08,True,-0.0001804854227375015,0.005238519608454545,0.9454545454545454,-0.0015986672409193197,5_5_3,1,
2026-04-09,True,0.0021711518613185057,-0.0014303074726856751,0.4727272727272727,0.0014620609522275965,5_5_3,1,
2026-04-10,True,0.007463825575864472,0.012762436619336556,0.5614035087719298,0.006621720312706577,5_5_3,1,
2026-04-13,True,0.003908884153916102,0.00739023585450887,0.5263157894736842,0.003119410469705575,5_5_3,1,
2026-04-14,True,0.00012194916742586514,-0.006073241938142526,0.6428571428571428,-0.000842336546859849,5_5_3,1,
2026-04-15,True,0.0003457887596015598,0.0019269523897773196,0.6296296296296295,-0.0005986556848428846,5_5_3,1,
2026-04-16,True,-0.008366651169593382,-0.0016963675868866945,0.509090909090909,-0.009130287533229746,5_5_3,1,
2026-04-17,True,0.00586561855673036,0.00541299768584735,0.5964912280701754,0.004970881714625097,5_5_3,1,
2026-04-20,True,-0.0005208287625963898,-0.0022555993131235905,0.631578947368421,-0.0014681971836490214,5_5_3,1,
2026-04-21,True,0.007382228028194572,0.009242844751632468,0.5357142857142857,0.006578656599623143,5_5_3,1,
2026-04-22,True,-0.006671539846287508,-0.00708516883069922,0.6428571428571428,-0.007635825560573222,5_5_3,1,
2026-04-23,True,-0.005658560206989076,-0.0017863399957543658,0.75,-0.006783560206989076,5_5_3,1,
2026-04-24,True,-0.003176313265687975,-0.0011503855119418653,0.8214285714285714,-0.004408456122830832,5_5_3,1,
2026-04-27,True,0.002084180638576484,-0.0036156781487705963,0.4727272727272727,0.0013750897294855747,5_5_3,1,
2026-04-28,True,0.016128876871861614,0.013687432416602571,0.8363636363636363,0.01487433141731616,5_5_3,1,
2026-04-29,True,-0.003085617593251806,0.00470459681524973,0.6296296296296297,-0.004030062037696251,5_5_3,1,
2026-04-30,True,0.005164938129181553,0.008566751419648517,0.49056603773584906,0.004429089072577779,5_5_3,1,
2026-05-06,True,-0.0033833952148504924,-0.0035420526762063803,0.5185185185185185,-0.00416117299262827,5_5_3,1,
2026-05-07,True,0.003639181889359092,0.006256672566127025,0.5185185185185185,0.002861404111581314,5_5_3,1,
2026-05-08,True,0.00450068973232476,0.008894067427141045,0.7272727272727272,0.0034097806414156696,5_5_3,1,
2026-05-11,True,-0.004409625930730593,-0.009872903481869985,0.5818181818181818,-0.005282353203457865,5_5_3,1,
2026-05-12,True,0.012329293394232154,0.01656130136227355,0.6666666666666666,0.011329293394232155,5_5_3,1,
2026-05-13,True,-0.015700059657398045,-0.021466296197664464,0.5660377358490567,-0.01654911626117163,5_5_3,1,
2026-05-14,True,-0.013600041499991921,-0.015415908729848991,0.679245283018868,-0.014618909424520224,5_5_3,1,
2026-05-15,True,-0.004656982392597599,-0.0032915477053140664,0.5660377358490567,-0.005506038996371184,5_5_3,1,
2026-05-18,True,0.006282553922257426,0.004257041130233347,0.5283018867924529,0.005490101092068747,5_5_3,1,
2026-05-19,True,0.006741140104883367,0.004423436368477085,0.8301886792452831,0.005495857086015443,5_5_3,1,
2026-05-20,True,-0.011194310392210773,-0.013458977749664794,0.423076923076923,-0.011828925776826158,5_5_3,1,
2026-05-21,True,0.0037210174598474245,0.006340289560682433,0.7450980392156863,0.0026033704010238953,5_5_3,1,
2026-05-22,True,-0.004428186856837472,0.0004006015229445315,0.6274509803921569,-0.0053693633274257075,5_5_3,1,
2026-05-25,True,0.0017926850187041936,0.0033231023209256798,0.7547169811320754,0.0006606095470060806,5_5_3,1,
2026-05-26,True,-0.009389716937238956,-0.00962188314798921,0.3773584905660378,-0.009955754673088013,5_5_3,1,
2026-05-27,True,0.004788935403910302,0.002535109330990797,0.6037735849056605,0.0038832750265518114,5_5_3,1,
2026-05-28,True,0.002841916290994568,-0.005319463235824866,0.6415094339622642,0.001879652140051172,5_5_3,1,
2026-05-29,True,0.008969742688473873,0.0012729243261538573,0.6153846153846154,0.008046665765396949,5_5_3,1,
2026-06-01,True,-0.004744885846776126,-0.003312037558863671,0.8076923076923077,-0.0059564243083145875,5_5_3,1,
2026-06-02,True,-0.007063640203919975,-0.007946766847649401,0.4905660377358491,-0.007799489260523749,5_5_3,1,
2026-06-03,True,-0.0073142904045443045,-0.005201086697787708,0.7407407407407407,-0.008425401515655415,5_5_3,1,
2026-06-04,True,-0.0202030204445582,-0.024902475240309727,0.5555555555555556,-0.021036353777891533,5_5_3,1,
2026-06-05,True,-0.00058866148253168,0.0014846641498976062,0.5660377358490566,-0.0014377180863052647,5_5_3,1,
2026-06-08,True,-0.003266324976504743,0.0004611990518446328,0.5660377358490566,-0.004115381580278328,5_5_3,1,
2026-06-09,True,-0.003932227164350057,-0.0024436369180691683,0.7058823529411765,-0.004991050693761822,5_5_3,1,
2026-06-10,True,0.013310948942575684,0.009602690174568546,0.92,0.011930948942575684,5_5_3,1,
2026-06-11,True,0.019090461996103803,0.011233155473587468,0.39130434782608703,0.018503505474364672,5_5_3,1,
2026-06-12,True,0.008535794310523486,0.00636180085534873,1.16,0.006795794310523486,5_5_3,1,
2026-06-15,True,-0.009360248847769391,-0.007523329365992496,0.88,-0.010680248847769391,5_5_3,1,
2026-06-16,True,-0.0034390560840610067,0.003534250540057209,0.4905660377358491,-0.004174905140664781,5_5_3,1,
2026-06-17,True,-0.011284797271254693,-0.009164578429627033,0.6792452830188679,-0.012303665195782996,5_5_3,1,
2026-06-18,True,0.01658251335804578,0.022042589036669464,0.49056603773584906,0.015846664301442007,5_5_3,1,
2026-06-22,True,-0.012971207493520827,-0.019205014035108384,0.6415094339622642,-0.013933471644464223,5_5_3,1,
2026-06-23,True,-0.011479055959735713,-0.005984451925031549,0.64,-0.012439055959735714,5_5_3,1,
2026-06-24,True,0.0037561723283473674,0.00466959493587637,0.7999999999999999,0.0025561723283473673,5_5_3,1,
2026-06-25,True,-0.018539406097103257,-0.025076141324609814,0.7843137254901961,-0.01971587668533855,5_5_3,1,
2026-06-26,True,0.013649342667799866,0.009187851251793028,0.6274509803921569,0.01270816619721163,5_5_3,1,
2026-06-29,True,-0.001266559270074692,0.0037614424932242694,0.64,-0.002226559270074692,5_5_3,1,
2026-06-30,True,0.006161829590523933,0.00047271950953107155,0.8799999999999999,0.004841829590523933,5_5_3,1,
2026-07-01,True,0.0018326304694722831,-0.004555186212484042,0.4583333333333333,0.0011451304694722832,5_5_3,1,
2026-07-02,True,0.023416136006887023,0.009957481810649838,0.653061224489796,0.02243654417015233,5_5_3,1,
2026-07-03,True,0.002961007481974013,-0.0034319518641671228,0.5185185185185185,0.0021832297041962353,5_5_3,1,
2026-07-06,True,-0.006647644785033797,-0.0098882144173893,0.689655172413793,-0.007682127543654486,5_5_3,1,
2026-07-07,True,-0.0035888135415491915,-0.008206380556075936,0.6896551724137931,-0.004623296300169881,5_5_3,1,
2026-07-08,True,0.010637309028225532,0.009329533029351595,0.8275862068965517,0.009395929717880705,5_5_3,1,
2026-07-09,True,-0.006518972403031099,-0.0040104127246649345,0.7636363636363636,-0.007664426948485644,5_5_3,1,
2026-07-10,True,-0.008812686462576757,-0.012523506600836376,0.6415094339622641,-0.009774950613520152,5_5_3,1,
2026-07-13,True,0.009858167093969483,0.010804619301996582,0.6037735849056604,0.008952506716610992,5_5_3,1,
2026-07-14,True,-0.0012935915981615062,-0.0006875800951336536,0.7272727272727273,-0.002384500689070597,5_5_3,1,
2026-07-15,True,-0.009449032937203216,-0.0021832147771022803,0.6181818181818182,-0.010376305664475944,5_5_3,1,
2026-07-16,True,-0.012480192031240253,-0.016725554206944375,0.36363636363636365,-0.013025646576694798,5_5_3,1,
2026-07-17,True,0.010672530586659538,0.012267046885799061,0.8727272727272727,0.009363439677568629,5_5_3,1,
2026-07-20,True,0.01380596210479672,0.00859107989351944,0.5555555555555556,0.012972628771463386,5_5_3,1,
2026-07-21,True,0.006466545895906526,0.010031625627763564,1.1538461538461537,0.004735776665137295,5_5_3,1,
2026-07-22,True,-0.005582438581640074,-0.0009471626351936566,1.0,-0.007082438581640075,5_5_3,1,
2026-07-23,True,-0.010698183545675427,-0.015130222068200812,0.4799999999999999,-0.011418183545675427,5_5_3,1,
2026-07-24,True,-0.0008628346286522301,0.0012546719218545386,0.8421052631578948,-0.0021259925233890723,5_5_3,1,
2026-07-27,True,-0.027619226818694095,-0.0024200084434555977,0.631578947368421,-0.028566595239746726,5_5_3,1,
2026-07-28,True,0.005325454498599135,0.0050840721921891745,0.6666666666666666,0.004325454498599135,5_5_3,1,
2026-07-29,True,0.002793514151487826,0.008162806112572868,0.5614035087719298,0.0019514088883299315,5_5_3,1,
2026-07-30,True,-0.00870606519081357,0.0017281152822332918,0.631578947368421,-0.009653433611866201,5_5_3,1,
2026-07-31,True,-0.003620017718199311,0.0023570069148356153,0.6909090909090909,-0.004656381354562948,5_5_3,1,
2026-08-03,True,0.0011284061997447593,-0.0054452433554246305,0.509090909090909,0.00036476983610839577,5_5_3,1,
2026-08-04,True,0.01756184919787833,0.009648112050096629,0.5614035087719298,0.016719743934720435,5_5_3,1,
2026-08-05,True,0.010359471440906268,0.002796058154535076,0.6666666666666666,0.009359471440906268,5_5_3,1,
2026-08-06,True,0.009534144052333809,0.009364811725637221,0.631578947368421,0.008586775631281178,5_5_3,1,
2026-08-07,True,0.006612413524654784,0.0033362132150523897,0.5614035087719298,0.005770308261496889,5_5_3,1,
2026-08-10,True,-0.005040432019045314,-0.006334923061974674,0.7017543859649122,-0.006093063597992682,5_5_3,1,
2026-08-11,True,-0.0013877918779471783,0.0060265893570733715,0.5,-0.0021377918779471785,5_5_3,1,
2026-08-12,True,-0.007921653427683696,-0.009337599296464561,0.5185185185185185,-0.008699431205461475,5_5_3,1,
2026-08-13,True,-0.0043449006279356085,-0.0011894994184596208,0.9259259259259258,-0.005733789516824498,5_5_3,1,
2026-08-14,True,0.006887909647685401,0.008000530358032457,0.7142857142857142,0.00581648107625683,5_5_3,1,
2026-08-17,True,0.0011400268177717545,-0.009369037409639614,0.45614035087719296,0.0004558162914559651,5_5_3,1,
2026-08-18,True,-0.004189371596458208,-0.008397762893367928,0.5614035087719298,-0.005031476859616103,5_5_3,1,
2026-08-19,True,-0.0018062452002110632,-0.00477939616719526,0.7636363636363636,-0.0029516997456656086,5_5_3,1,
2026-08-20,True,0.0026348391869505236,0.004706744537431497,0.7272727272727273,0.0015439300960414326,5_5_3,1,
2026-08-21,True,-0.016532457754796483,-0.011723667223645042,0.6923076923076923,-0.01757091929325802,5_5_3,1,
2026-08-24,True,0.008102976825386216,0.003682128514451368,0.6923076923076923,0.007064515286924677,5_5_3,1,
2026-08-25,True,0.007267031395315342,0.009030383589384109,0.7307692307692307,0.006170877549161496,5_5_3,1,
2026-08-26,True,0.0016321315486951793,0.006801793392013367,0.9615384615384616,0.00018982385638748695,5_5_3,1,
2026-08-27,True,-0.002390838448394216,-0.004873381568133095,0.45283018867924535,-0.003070083731413084,5_5_3,1,
2026-08-28,True,0.007268694733533403,0.008849022488928797,0.631578947368421,0.006321326312480772,5_5_3,1,
2026-08-31,True,0.005648088349191043,-0.003486827458240966,0.6206896551724137,0.004717053866432423,5_5_3,1,
2026-09-01,True,-0.0052141874714490425,-0.0039046859749510324,0.5862068965517241,-0.0060934978162766286,5_5_3,1,
2026-09-02,True,0.0032918681875489307,0.002532391633232296,0.7368421052631579,0.002186605029654194,5_5_3,1,
2026-09-03,True,-0.002716222566431389,-0.002263883934099444,0.43636363636363634,-0.0033707680209768436,5_5_3,1,
2026-09-04,True,-0.004345723977042791,-0.0024618167228254756,0.5818181818181818,-0.005218451249770064,5_5_3,1,
2026-09-07,True,-0.0022516283946145093,0.0010969244274874686,0.3214285714285714,-0.0027337712517573665,5_5_3,1,
2026-09-08,True,-0.005380045042202779,-0.002670372555430277,0.8275862068965517,-0.006621424352547607,5_5_3,1,
2026-09-09,True,-0.0067589281699356515,-0.009978426807607427,0.7241379310344828,-0.007845135066487376,5_5_3,1,
2026-09-10,True,-0.008717596463617965,-0.010521686244496304,0.5172413793103448,-0.009493458532583482,5_5_3,1,
2026-09-11,True,0.002700491299730969,-0.00010717550769657009,0.631578947368421,0.0017531228786783373,5_5_3,1,
2026-09-14,False,,,,,5_5_3,1,1.0
2026-09-15,True,-0.005135221400826482,-0.002047223949881825,1.0,-0.0066352214008264816,5_5_3,1,
2026-09-16,True,0.003389469582206465,0.004922550488990028,0.6,0.0024894695822064647,5_5_3,1,
2026-09-17,True,0.0033287994837068653,0.005294656532338456,0.7083333333333334,0.002266299483706865,5_5_3,1,
2026-09-18,True,0.007060471950492521,0.00979072792311863,0.8695652173913043,0.0057561241244055645,5_5_3,1,
2026-09-21,True,-0.00208056975766781,-0.00464929401158195,0.5306122448979592,-0.002876488125014749,5_5_3,1,
2026-09-22,True,-0.006864189084163296,-0.008695443696586333,0.8148148148148148,-0.008086411306385518,5_5_3,1,
2026-09-23,True,-0.010501411159732243,-0.013916614664259665,0.7777777777777778,-0.01166807782639891,5_5_3,1,
2026-09-24,True,-0.009178499374656734,-0.013329320260889281,0.5925925925925926,-0.010067388263545623,5_5_3,1,
2026-09-28,True,0.004221598818855595,0.005294909331887576,0.5,0.0034715988188555955,5_5_3,1,
2026-09-29,False,,,,,5_5_3,1,56.0
2026-09-30,False,,,,,5_5_3,1,55.0
2020-01-16,True,-0.13244754524338112,-0.12475826604697834,1.0,-0.13394754524338112,5_5_3,5,
2020-01-23,True,0.051914920482643005,0.0648955271867544,1.5714285714285714,0.04955777762550015,5_5_3,5,
2020-02-07,True,0.02436527327095068,0.03759755109713412,1.4827586206896552,0.022141135339916195,5_5_3,5,
2020-02-14,True,0.06935607750744706,0.041811011317974,1.7241379310344827,0.06676987061089533,5_5_3,5,
2020-02-21,True,-0.04750025579605523,-0.04039113995166607,1.8214285714285714,-0.05023239865319808,5_5_3,5,
2020-02-28,True,0.03264736469313,0.02854549127059376,1.4137931034482758,0.030526675037957588,5_5_3,5,
2020-03-06,True,-0.04587359043441696,-0.03590318038813886,1.4137931034482758,-0.04799428008958937,5_5_3,5,
2020-03-13,True,-0.08744439317498237,-0.08487079378891885,1.4137931034482758,-0.08956508283015478,5_5_3,5,
2020-03-20,True,0.02764423642799643,0.016564676077950886,1.6296296296296295,0.025199791983551986,5_5_3,5,
2020-03-27,True,0.04300104955682611,0.025019711388574152,1.7142857142857142,0.04042962098539754,5_5_3,5,
2020-04-03,True,-0.007645112378872249,-0.003164288100135899,1.5357142857142856,-0.009948683807443678,5_5_3,5,
2020-04-13,True,0.01594341148959493,0.016292604315085862,1.3928571428571428,0.013854125775309218,5_5_3,5,
2020-04-20,True,0.006475414950343926,-0.010410206137880356,1.5172413793103448,0.004199552881378408,5_5_3,5,
2020-04-27,True,0.024741710295120352,0.031703568277176165,1.586206896551724,0.022362399950292766,5_5_3,5,
2020-05-07,True,0.0016467638788339291,6.6803691726214e-05,1.4385964912280702,-0.0005111308580081761,5_5_3,5,
2020-05-14,True,-0.004423829282538946,-0.012676730266970053,1.4035087719298245,-0.006529092440433683,5_5_3,5,
2020-05-21,True,-0.013406015986891666,-0.012244014189539099,1.4736842105263157,-0.01561654230268114,5_5_3,5,
2020-05-28,True,0.035644974996355584,0.0354755086686991,1.4909090909090907,0.03340861135999195,5_5_3,5,
2020-06-04,True,-0.017523299193232846,-0.01176080909653603,1.6206896551724137,-0.019954333675991465,5_5_3,5,
2020-06-11,True,0.028160084013275254,0.03260873289085127,1.3448275862068966,0.026142842633964908,5_5_3,5,
2020-06-18,True,0.007225015463798129,0.017835850847825546,1.4385964912280702,0.005067120726956024,5_5_3,5,
2020-06-29,True,0.11783105225838782,0.15749046136281483,1.4339622641509433,0.1156801088621614,5_5_3,5,
2020-07-06,True,0.0856269864816144,0.040996926628539994,1.5471698113207546,0.08330623176463327,5_5_3,5,
2020-07-13,True,-0.017420601529997665,-0.027463079249164014,1.471698113207547,-0.019628148699808987,5_5_3,5,
2020-07-20,True,-0.02252859005241933,-0.027156052602789593,1.6470588235294117,-0.024999178287713447,5_5_3,5,
2020-07-27,True,0.04133833127501374,0.05127228979240421,1.5593220338983051,0.03899934822416628,5_5_3,5,
2020-08-03,True,-0.006567715763609525,-0.005404175877185057,1.5254237288135593,-0.008855851356829864,5_5_3,5,
2020-08-10,True,0.015854558778721658,0.019140483396846954,1.559322033898305,0.0135155757278742,5_5_3,5,
2020-08-17,True,0.0028244160472487697,-0.011339789462180014,1.4385964912280702,0.0006665213104066646,5_5_3,5,
2020-08-24,True,-0.010983727716662122,-0.003206696126809592,1.2881355932203389,-0.012915931106492631,5_5_3,5,
2020-08-31,True,-0.020948204312379738,-0.021992190812429143,1.5593220338983051,-0.023287187363227196,5_5_3,5,
2020-09-07,True,-0.013808726302739487,-0.016278647681611726,1.4482758620689655,-0.015981140095842936,5_5_3,5,
2020-09-14,True,-0.0009418873245226283,0.00942950214673418,1.586206896551724,-0.0033211976693502143,5_5_3,5,
2020-09-21,True,-0.007853459853140095,-0.01940940658889677,1.5789473684210524,-0.010221880905771674,5_5_3,5,
2020-09-28,False,,,,,5_5_3,5,1.0
2020-10-13,False,,,,,5_5_3,5,1.0
2020-10-20,True,-0.009231263162735885,-0.020684772101053617,1.0,-0.010731263162735885,5_5_3,5,
2020-10-27,True,0.020503603957946374,0.007240778517037324,1.357142857142857,0.018467889672232087,5_5_3,5,
2020-11-03,True,0.03463089518691354,0.03135040055680698,1.6785714285714284,0.0321130380440564,5_5_3,5,
2020-11-10,True,0.00023868481542157729,-0.0036883308566796258,1.4444444444444444,-0.0019279818512450892,5_5_3,5,
2020-11-17,True,0.020408055552794322,0.02269863020231118,1.5789473684210527,0.018039634500162743,5_5_3,5,
2020-11-24,True,0.012755667388913653,0.013280982619384154,1.5172413793103448,0.010479805319948136,5_5_3,5,
2020-12-01,False,,,,,5_5_3,5,1.0
2020-12-08,True,-0.012175397565040418,-0.02116465836263509,1.0,-0.013675397565040418,5_5_3,5,
2020-12-15,True,0.0015891523345683111,-0.0020779435095845252,1.7818181818181817,-0.0010835749381589617,5_5_3,5,
2020-12-22,True,0.009235915950227292,0.006132698558259476,1.411764705882353,0.007118268891403762,5_5_3,5,
2020-12-29,True,0.05067539495381589,0.06516794875727078,1.5471698113207546,0.048354640236834764,5_5_3,5,
2021-01-06,True,0.01674396218744239,0.013910825164127847,1.5185185185185184,0.014466184409664611,5_5_3,5,
2021-01-13,True,0.005931982958011258,-0.001266403961212077,1.5555555555555556,0.003598649624677924,5_5_3,5,
2021-01-20,True,0.0024958926073680187,-0.019604131933468064,1.5357142857142858,0.00019232117879659002,5_5_3,5,
2021-01-27,True,-0.020687499593656962,-0.006025864110935501,1.7857142857142856,-0.02336607102222839,5_5_3,5,
2021-02-03,True,0.04854505705562096,0.06391650393529451,1.5471698113207546,0.04622430233863983,5_5_3,5,
2021-02-10,True,-0.02682665750708081,-0.030793375189065567,1.6078431372549018,-0.029238422212963164,5_5_3,5,
2021-02-24,True,-0.020955564168747415,-0.014103430337078433,1.7407407407407407,-0.023566675279858527,5_5_3,5,
2021-03-03,True,-0.073513391741711,-0.0575199891021399,1.6296296296296298,-0.07595783618615544,5_5_3,5,
2021-03-10,True,0.02373292009651715,0.017786246713469844,1.5555555555555556,0.021399586763183816,5_5_3,5,
2021-03-17,True,-0.04487463422769326,-0.030685298182099502,1.2962962962962963,-0.0468190786721377,5_5_3,5,
2021-03-24,True,0.04021066158371582,0.027388479508806792,1.357142857142857,0.038174947298001534,5_5_3,5,
2021-03-31,True,0.014316332461571206,0.01149762395635022,1.3684210526315788,0.012263700882623838,5_5_3,5,
2021-04-08,True,-0.02804672599214447,-0.023713741832197308,1.4736842105263157,-0.03025725230793394,5_5_3,5,
2021-04-15,True,0.018273775881060043,0.021217270984405488,1.4736842105263157,0.016063249565270568,5_5_3,5,
2021-04-22,True,0.007911431333546392,0.0017422442450587374,1.4827586206896552,0.005687293402511909,5_5_3,5,
2021-04-29,True,-0.03176692575002197,-0.024188347367150084,1.5172413793103448,-0.03404278781898749,5_5_3,5,
2021-05-11,True,0.03820167871025368,0.031233663339291753,1.5925925925925926,0.035812789821364786,5_5_3,5,
2021-05-18,True,0.011864649411334029,0.020980609650179255,1.6140350877192982,0.009443596779755082,5_5_3,5,
2021-05-25,True,0.012124700206005238,0.007818554659933684,1.4035087719298245,0.0100194370481105,5_5_3,5,
2021-06-01,True,-0.01876517312281952,-0.014120939017450169,1.3684210526315788,-0.02081780470176689,5_5_3,5,
2021-06-08,True,-0.03295155298409998,-0.0316193966128548,1.4035087719298245,-0.03505681614199471,5_5_3,5,
2021-06-16,True,0.022497357768019827,0.026374057848137265,1.607142857142857,0.02008664348230554,5_5_3,5,
2021-06-23,True,0.02256303142352904,0.016158983518952785,1.5319148936170213,0.020265159083103508,5_5_3,5,
2021-06-30,True,-0.019621557210694515,-0.013762747485431772,1.6491228070175439,-0.02209524142122083,5_5_3,5,
2021-07-07,True,-0.008751350650330126,-0.00711817932351643,1.3684210526315788,-0.010803982229277495,5_5_3,5,
2021-07-14,True,0.010937033344142765,0.006865271289089469,1.5555555555555554,0.008603700010809432,5_5_3,5,
2021-07-21,True,-0.06572027163578971,-0.05003619805014915,1.6296296296296295,-0.06816471608023415,5_5_3,5,
2021-07-28,True,0.015433826369383116,0.030036768565570523,1.4074074074074072,0.013322715258272005,5_5_3,5,
2021-08-04,True,0.014758523278347794,0.013737977035273585,1.4736842105263157,0.01254799696255832,5_5_3,5,
2021-08-11,True,-0.028205668920380386,-0.009770451611099492,1.379310344827586,-0.030274634437621767,5_5_3,5,
2021-08-18,True,0.026868738630416493,0.007267460375128911,1.482758620689655,0.02464460069938201,5_5_3,5,
2021-08-25,True,-0.03044063899677597,0.004347746304745127,1.5789473684210527,-0.03280906004940755,5_5_3,5,
2021-09-01,True,0.016076627284716268,0.02771280600053897,1.368421052631579,0.014023995705768899,5_5_3,5,
2021-09-08,True,-0.024689189661152824,-0.017535257005969484,1.3214285714285714,-0.02667133251829568,5_5_3,5,
2021-09-15,True,0.024418880468746424,0.004252989924752886,1.607142857142857,0.022008166183032137,5_5_3,5,
2021-09-24,True,0.015119111712365598,-0.0022583307469000737,1.6071428571428572,0.012708397426651311,5_5_3,5,
2021-10-08,True,-0.0017280134891065593,-0.013665490639658226,1.6727272727272726,-0.004237104398197468,5_5_3,5,
2021-10-15,True,0.005939258003280168,-0.00031531296887901314,1.4909090909090907,0.003702894366916532,5_5_3,5,
2021-10-22,True,-0.017933118486924422,-0.006174259239516357,1.6363636363636362,-0.020387663941469878,5_5_3,5,
2021-10-29,True,0.0034052649324961244,0.00032811650505380877,1.3818181818181818,0.0013325376597688515,5_5_3,5,
2021-11-05,True,0.016536953662217264,0.011982429869388328,1.4909090909090907,0.014300590025853627,5_5_3,5,
2021-11-12,True,0.009681232807668885,0.0023161320024907193,1.4074074074074074,0.007570121696557773,5_5_3,5,
2021-11-19,True,-0.022021181069318527,-0.01768832520205655,1.4137931034482758,-0.024141870724490942,5_5_3,5,
2021-11-26,False,,,,,5_5_3,5,1.0
2021-12-03,True,0.030743089229860143,0.027522431820802693,1.0,0.02924308922986014,5_5_3,5,
2021-12-10,True,-0.019447719933818632,-0.02163462695213801,1.5272727272727271,-0.021738629024727722,5_5_3,5,
2021-12-17,True,0.0008860254802789004,0.0033402649657084875,1.4181818181818182,-0.0012412472469938269,5_5_3,5,
2021-12-24,True,0.02310692375300828,0.013545720224520786,1.6226415094339621,0.020672961488857337,5_5_3,5,
2021-12-31,True,-0.02853293447715185,-0.012534731641477193,1.543859649122807,-0.030848723950836057,5_5_3,5,
2022-01-10,True,-0.014069956656358625,-0.01745752857359621,1.4385964912280702,-0.01622785139320073,5_5_3,5,
2022-01-17,True,-0.0076601771003785585,-0.00984401320038277,1.5272727272727271,-0.00995108619128765,5_5_3,5,
2022-01-24,True,-0.0411242896691413,-0.03298336595486575,1.5,-0.0433742896691413,5_5_3,5,
2022-02-07,True,-0.023314331542310184,-0.012678453270996513,1.5714285714285714,-0.02567147439945304,5_5_3,5,
2022-02-14,True,0.02308268805161163,0.013331206410851509,1.5272727272727273,0.02079177896070254,5_5_3,5,
2022-02-21,True,0.021884651072286584,-0.002122018822759267,1.4385964912280702,0.01972675633544448,5_5_3,5,
2022-02-28,True,-0.0379313454145205,-0.045366786227534414,1.7543859649122806,-0.04056292436188892,5_5_3,5,
2022-03-07,True,-0.057713361273611916,-0.05158622264591501,1.6140350877192982,-0.060134413905190864,5_5_3,5,
2022-03-14,True,0.01571647081866733,0.021910557887748868,1.6140350877192982,0.013295418187088385,5_5_3,5,
2022-03-21,True,-0.0067924694724621065,-0.017785071712338507,1.5593220338983051,-0.009131452523309564,5_5_3,5,
2022-03-28,True,0.009828862871835079,0.015376723175139865,1.5932203389830508,0.007439032363360503,5_5_3,5,
2022-04-06,True,-0.01632544085096421,-0.022458211495836225,1.3454545454545455,-0.018343622669146027,5_5_3,5,
2022-04-13,True,-0.015404577603671804,-0.022504363456070195,1.418181818181818,-0.01753185033094453,5_5_3,5,
2022-04-20,True,-0.043902192521959184,-0.058005251978032274,1.6785714285714284,-0.046420049664816325,5_5_3,5,
2022-04-27,True,0.02084313442006271,0.0015133423991829768,1.7142857142857142,0.018271705848634138,5_5_3,5,
2022-05-09,True,0.03727940763521688,0.039160529389739546,1.8571428571428572,0.03449369334950259,5_5_3,5,
2022-05-16,True,0.01478625229077587,0.027295796925438046,1.5517241379310345,0.012458666083879319,5_5_3,5,
2022-05-23,True,-0.00223178096570754,-0.0037862792444375475,1.4137931034482758,-0.004352470620879954,5_5_3,5,
2022-05-30,True,0.043327979526471626,0.040748676904591545,1.4035087719298245,0.04122271636857689,5_5_3,5,
2022-06-07,True,-0.005668717901779425,0.017180962279073952,1.2982456140350878,-0.0076160863228320564,5_5_3,5,
2022-06-14,True,0.037267132993665866,0.025132338176660617,1.4642857142857142,0.035070704422237295,5_5_3,5,
2022-06-21,True,0.023908751778668,0.027346049884351294,1.3584905660377358,0.021871015929611395,5_5_3,5,
2022-06-28,True,-0.004180300156463605,-0.0007015425029230355,1.6140350877192982,-0.006601352788042553,5_5_3,5,
2022-07-05,True,-0.0347894023362001,-0.031110427024709775,1.543859649122807,-0.03710519180988431,5_5_3,5,
2022-07-12,True,0.004708443964148808,0.001090606277214308,1.5087719298245612,0.0024452860694119663,5_5_3,5,
2022-07-19,True,-0.01353821427913592,-0.011638874047162222,1.6296296296296298,-0.015982658723580366,5_5_3,5,
2022-07-26,True,-0.03735106506130565,-0.02602986617196129,1.7454545454545454,-0.03996924687948747,5_5_3,5,
2022-08-02,True,0.01399692560644433,0.016982621081141003,1.4545454545454544,0.011815107424626149,5_5_3,5,
2022-08-09,True,0.010864576522163692,0.007237135898043525,1.4285714285714284,0.008721719379306549,5_5_3,5,
2022-08-16,True,-0.020129239630529913,-0.002229336225056408,1.4736842105263157,-0.02233976594631939,5_5_3,5,
2022-08-23,True,-0.009563959986697276,-0.02120381692457472,1.5087719298245612,-0.011827117881434118,5_5_3,5,
2022-08-30,True,-0.0035428078582946778,-0.0018415835242166201,1.6296296296296295,-0.005987252302739122,5_5_3,5,
2022-09-06,True,0.010108026000231647,0.00998452848754028,1.4814814814814814,0.007885803778009425,5_5_3,5,
2022-09-14,True,-0.05344539882495048,-0.05490444619756374,1.4385964912280702,-0.05560329356179258,5_5_3,5,
2022-09-21,True,-0.006346534941771608,-0.007563056752445324,1.5087719298245612,-0.00860969283650845,5_5_3,5,
2022-09-28,True,-0.012151957349895269,-0.022030240161351723,1.5555555555555556,-0.014485290683228602,5_5_3,5,
2022-10-12,True,0.003907931963963345,0.012194455536384903,1.5999999999999999,0.001507931963963345,5_5_3,5,
2022-10-19,True,-0.014422250096641082,-0.00423742539070988,1.5087719298245612,-0.016685407991377924,5_5_3,5,
2022-10-26,True,-0.0022892401657418934,-0.0013714010117458217,1.2280701754385965,-0.004131345428899789,5_5_3,5,
2022-11-02,True,0.01866445326498319,0.015564257499614906,1.5849056603773584,0.01628709477441715,5_5_3,5,
2022-11-09,True,0.029676010011809865,0.03246320051536503,1.5172413793103448,0.027400147942844347,5_5_3,5,
2022-11-16,True,-0.01500021436803558,-0.007814054818003012,1.3793103448275863,-0.01706917988527696,5_5_3,5,
2022-11-23,True,0.04893792529394596,0.02823449017867569,1.586206896551724,0.04655861494911837,5_5_3,5,
2022-11-30,True,0.010170068768844527,0.007509594802005602,1.7454545454545454,0.007551886950662709,5_5_3,5,
2022-12-07,True,-0.01456015881328391,-0.005793778441313389,1.5087719298245612,-0.01682331670802075,5_5_3,5,
2022-12-14,True,-0.028242902492076866,-0.028600438029682415,1.3684210526315788,-0.030295534071024234,5_5_3,5,
2022-12-21,True,0.009784438276403185,0.0015159101316229275,1.4074074074074074,0.007673327165292073,5_5_3,5,
2022-12-28,True,0.02191778180737527,0.025935994596153346,1.7142857142857144,0.0193463532359467,5_5_3,5,
2023-01-05,True,0.02357884465248438,0.010668509346249917,1.5714285714285714,0.021221701795341524,5_5_3,5,
2023-01-12,True,0.03363862257863333,0.03642684143970283,1.5357142857142856,0.0313350511500619,5_5_3,5,
2023-01-19,True,0.010577111447441811,0.007325280695175873,1.4137931034482758,0.008456421792269398,5_5_3,5,
2023-02-02,True,0.004026619627142592,-0.0030498771598675084,1.5517241379310345,0.0016990334202460398,5_5_3,5,
2023-02-09,True,-0.008899864406323026,-0.009793439271825848,1.5517241379310345,-0.011227450613219577,5_5_3,5,
2023-02-16,True,0.009675686095202298,0.00929655359213132,1.3928571428571428,0.007586400380916585,5_5_3,5,
2023-02-23,True,-0.00012525089069746417,0.006741028296510397,1.482758620689655,-0.002349388821731947,5_5_3,5,
2023-03-02,True,-0.03326944082533241,-0.024636565721783226,1.6551724137931034,-0.035752199446022065,5_5_3,5,
2023-03-09,True,-0.019538348850534126,-0.009986746465940291,1.4827586206896552,-0.02176248678156861,5_5_3,5,
2023-03-16,True,0.009795000037059567,0.02291633948257396,1.2941176470588236,0.007853823566471331,5_5_3,5,
2023-03-23,True,0.010619961477638945,-0.004198289665234181,1.5357142857142858,0.008316390049067516,5_5_3,5,
2023-03-30,True,0.017320340371138027,0.0313410090575682,1.5714285714285714,0.01496319751399517,5_5_3,5,
2023-04-07,True,-0.0029076776823759513,-0.007703994669245449,1.4736842105263157,-0.005118203998165425,5_5_3,5,
2023-04-14,True,-0.01009200886898214,-0.020971295860543027,1.5789473684210527,-0.012460429921613718,5_5_3,5,
2023-04-21,True,-0.01663862163874127,-0.01080082807832116,1.5789473684210527,-0.01900704269137285,5_5_3,5,
2023-04-28,True,-0.0034714209442337704,-0.002222690139111208,1.6666666666666665,-0.00597142094423377,5_5_3,5,
2023-05-10,True,-0.006018508035529207,-0.009297598160207156,1.4693877551020407,-0.008222589668182269,5_5_3,5,
2023-05-17,True,-0.01579763845360848,-0.025291515561107893,1.2962962962962963,-0.017742082898052923,5_5_3,5,
2023-05-24,True,-0.016754639974043903,-0.009631222232853866,1.607142857142857,-0.01916535425975819,5_5_3,5,
2023-05-31,True,0.002551040035706946,-0.009394891503668543,1.4285714285714286,0.0004081828928498032,5_5_3,5,
2023-06-07,True,0.022025977092044475,0.02321623460619114,1.5357142857142858,0.019722405663473046,5_5_3,5,
2023-06-14,True,-0.007042643159981344,-0.007648342562814216,1.4285714285714284,-0.009185500302838486,5_5_3,5,
2023-06-21,True,0.029613509357753427,0.01367498358917819,1.5925925925925926,0.02722462046886454,5_5_3,5,
2023-06-30,True,0.009928342129269187,-0.0009959251720014282,1.5925925925925926,0.007539453240380299,5_5_3,5,
2023-07-07,True,0.0174219820399582,0.012398257692958731,1.607142857142857,0.015011267754243914,5_5_3,5,
2023-07-14,True,-0.015092028659984576,-0.016484028895675972,1.6206896551724137,-0.017523063142743198,5_5_3,5,
2023-07-21,True,0.0388625947021332,0.04906949832314577,1.3448275862068966,0.036845353322822856,5_5_3,5,
2023-07-28,True,0.0017538670963118499,0.0024096307395823453,1.6491228070175439,-0.000719817114214466,5_5_3,5,
2023-08-04,True,-0.03087832253853938,-0.03907318586008624,1.6610169491525424,-0.03336984796226819,5_5_3,5,
2023-08-11,True,-0.01413139199647896,-0.018320767820847874,1.4576271186440677,-0.016317832674445063,5_5_3,5,
2023-08-18,True,0.0313744799462438,0.02906477057549251,1.5272727272727273,0.029083570855334712,5_5_3,5,
2023-08-25,True,-0.03506464393242245,-0.02346154709949369,1.4230769230769231,-0.03719925931703784,5_5_3,5,
2023-09-01,True,-0.01534158551692624,-0.016425006276101276,1.728813559322034,-0.01793480585590929,5_5_3,5,
2023-09-08,True,-0.008769626447702315,-0.010207087297071305,1.5932203389830508,-0.011159456956176891,5_5_3,5,
2023-09-15,True,0.005043183868107515,0.004191256374673003,1.607142857142857,0.0026324695823932297,5_5_3,5,
2023-09-22,True,-0.013743643160620453,-0.004680981239981704,1.607142857142857,-0.016154357446334738,5_5_3,5,
2023-10-09,True,-0.025503815717494743,-0.015523519680668202,1.5714285714285714,-0.0278609585746376,5_5_3,5,
2023-10-16,True,-0.05056433987691332,-0.044689688370701704,1.3333333333333333,-0.05256433987691332,5_5_3,5,
2023-10-23,True,0.029308528514845406,0.030744702372403038,1.6842105263157894,0.02678221272537172,5_5_3,5,
2023-10-30,True,0.0026390076060689854,0.008264138928295195,1.6071428571428572,0.00022829332035469944,5_5_3,5,
2023-11-06,True,0.0027924997998114488,-0.0047730890757625485,1.4035087719298245,0.000687236641916712,5_5_3,5,
2023-11-13,True,0.001416167229126277,0.0013937264526860291,1.5087719298245614,-0.0008469906656105653,5_5_3,5,
2023-11-20,True,-0.014894376499092952,-0.02354492551076016,1.3448275862068966,-0.0169116178784033,5_5_3,5,
2023-11-27,True,-0.02548209668220493,-0.016157459214321723,1.4482758620689655,-0.02765451047530838,5_5_3,5,
2023-12-04,True,-0.014342900182511794,-0.010038893581649383,1.4642857142857142,-0.016539328753940367,5_5_3,5,
2023-12-11,True,-0.02343095078012347,-0.025557225493053982,1.75,-0.026055950780123467,5_5_3,5,
2023-12-18,True,0.005983072603514255,0.003914947237660194,1.4230769230769231,0.0038484572188988704,5_5_3,5,
2023-12-25,True,0.010996568176957908,0.015780627823783352,1.6153846153846154,0.008573491253880985,5_5_3,5,
2024-01-02,True,-0.03191705817210371,-0.03387476519677642,1.6785714285714284,-0.03443491531496085,5_5_3,5,
2024-01-09,True,-0.002657533438687284,0.003688525902092969,1.607142857142857,-0.00506824772440157,5_5_3,5,
2024-01-16,True,-0.03102141248245274,-0.024546324751941895,1.5185185185185184,-0.03329919026023052,5_5_3,5,
2024-01-23,True,0.01124069467825121,-0.009308978859441732,1.4285714285714286,0.009097837535394067,5_5_3,5,
2024-01-30,True,0.010441259171858156,0.01297340933785738,1.4385964912280702,0.00828336443501605,5_5_3,5,
2024-02-06,True,0.04768077543205156,0.046199496150129506,1.719298245614035,0.04510182806363051,5_5_3,5,
2024-02-21,True,0.009395256786437127,0.005633729521712252,1.5999999999999999,0.006995256786437127,5_5_3,5,
2024-02-28,True,0.029636378459528545,0.03686172488943656,1.5357142857142858,0.027332807030957116,5_5_3,5,
2024-03-06,True,0.013409185726692805,0.00836222188086702,1.3214285714285714,0.011427042869549948,5_5_3,5,
2024-03-13,True,-0.008152444390837232,0.007390086504056318,1.793103448275862,-0.010842099563251027,5_5_3,5,
2024-03-20,True,-0.027237707467273126,-0.04164953548844945,1.3793103448275863,-0.029306672984514507,5_5_3,5,
2024-03-27,True,0.01837835599209541,0.01740347996450645,1.793103448275862,0.015688700819681614,5_5_3,5,
2024-04-03,True,-0.02024254820129602,-0.022554813612349765,1.4827586206896552,-0.022466686132330504,5_5_3,5,
2024-04-12,True,0.010517426198897943,0.01048268180420861,1.6551724137931034,0.008034667578208287,5_5_3,5,
2024-04-19,True,0.024146262382046764,0.01951593908421822,1.6666666666666665,0.021646262382046765,5_5_3,5,
2024-04-26,True,0.01625855202457175,0.017402704811645676,1.5999999999999999,0.01385855202457175,5_5_3,5,
2024-05-08,True,0.012364387713994781,0.006472941011398483,1.4545454545454544,0.0101825695321766,5_5_3,5,
2024-05-15,True,0.010496971602983891,0.012882534271144826,1.75,0.00787197160298389,5_5_3,5,
2024-05-22,True,-0.011819802689737863,-0.021344658668408487,1.5517241379310345,-0.014147388896634415,5_5_3,5,
2024-05-29,True,0.008200708818286632,0.0018854857506930048,1.4482758620689655,0.006028295025183184,5_5_3,5,
2024-06-05,True,-0.01827264544240497,-0.015678344581322282,1.5636363636363637,-0.020618099987859517,5_5_3,5,
2024-06-13,True,-0.009351012428061682,-0.011577891687280713,1.6363636363636365,-0.011805557882607138,5_5_3,5,
2024-06-20,True,-0.012904348132033335,-0.020273915447085917,1.3962264150943398,-0.014998687754674845,5_5_3,5,
2024-06-27,True,-0.007807323865556012,-0.0031932439676302226,1.5094339622641508,-0.010071474808952239,5_5_3,5,
2024-07-04,True,0.010390551121994643,0.017224155984602106,1.75,0.0077655511219946426,5_5_3,5,
2024-07-11,True,0.022379695185520104,0.01318957219814415,1.5294117647058822,0.020085577538461283,5_5_3,5,
2024-07-18,False,,,,,5_5_3,5,1.0
2024-07-25,True,-0.0009880830929848911,0.008993716720188425,1.0,-0.002488083092984891,5_5_3,5,
2024-08-01,True,-0.011459449016209707,-0.010402003355429767,1.5636363636363635,-0.013804903561664252,5_5_3,5,
2024-08-08,True,0.006117057529435503,-0.011598559143084039,1.2727272727272727,0.004207966620344594,5_5_3,5,
2024-08-15,True,-0.03214593559060042,-0.02342571066723302,1.4909090909090907,-0.03438229922696406,5_5_3,5,
2024-08-22,True,0.010874082803777944,-0.005170484059581839,1.3962264150943395,0.008779743181136435,5_5_3,5,
2024-08-29,True,-0.003933497723428293,-0.00010441842287844647,1.5384615384615385,-0.0062411900311206015,5_5_3,5,
2024-09-05,True,-0.03213073694818161,-0.028172720237400316,1.5384615384615385,-0.03443842925587392,5_5_3,5,
2024-09-12,True,0.022759613276305764,0.016822839913287466,1.5384615384615385,0.020451920968613455,5_5_3,5,
2024-09-23,True,0.4089934557257385,0.4111387594463351,1.6428571428571428,0.4065291700114528,5_5_3,5,
2024-10-14,True,0.00045847260442724813,0.0003811736960901789,1.5932203389830508,-0.001931357904047328,5_5_3,5,
2024-10-21,True,0.0014378825827344264,0.01933467999775999,1.5254237288135593,-0.0008502530104859125,5_5_3,5,
2024-10-28,True,-0.015093220783536733,-0.011942114541103293,1.1929824561403508,-0.016882694467747258,5_5_3,5,
2024-11-04,True,0.047217654752816716,0.06639293450572038,1.3333333333333333,0.045217654752816715,5_5_3,5,
2024-11-11,True,-0.016928037496267527,-0.04516112556081804,1.4385964912280702,-0.019085932233109632,5_5_3,5,
2024-11-18,True,-0.014418276242882434,-0.02640825419527172,1.2280701754385965,-0.01626038150604033,5_5_3,5,
2024-11-25,True,0.03249493475900751,0.03134366079908941,1.5789473684210527,0.030126513706375934,5_5_3,5,
2024-12-02,True,0.029608638692250177,0.031070171537723422,1.6551724137931034,0.027125880071560523,5_5_3,5,
2024-12-09,True,-0.03523100346143901,-0.04661216602317651,1.4137931034482758,-0.03735169311661142,5_5_3,5,
2024-12-16,True,0.005217494895583942,0.00044932866932250717,1.2280701754385963,0.003375389632426047,5_5_3,5,
2024-12-23,True,0.013285638363511997,0.014868445867803892,1.6428571428571428,0.010821352649226283,5_5_3,5,
2024-12-30,True,-0.04244241332720585,-0.05662854228923194,1.543859649122807,-0.04475820280089006,5_5_3,5,
2025-01-07,True,0.01397281707907714,0.006539792011386698,1.7543859649122806,0.011341238131708719,5_5_3,5,
2025-01-14,True,0.002819474977437786,0.004059381305142547,1.72,0.00023947497743778603,5_5_3,5,
2025-01-21,False,,,,,5_5_3,5,1.0
2025-02-05,False,,,,,5_5_3,5,1.0
2025-02-12,True,0.0036506835094903627,-0.0002953714484677851,1.0,0.0021506835094903627,5_5_3,5,
2025-02-19,True,0.013871482640717706,0.012255700565350853,1.5087719298245614,0.011608324745980864,5_5_3,5,
2025-02-26,True,-0.003145113755248783,-0.010304240528510155,1.4909090909090907,-0.005381477391612419,5_5_3,5,
2025-03-05,True,-0.00043486345234768867,0.002223022397326667,1.4285714285714284,-0.002577720595204831,5_5_3,5,
2025-03-12,True,0.020205404301972107,0.013017528052963263,1.4385964912280702,0.01804750956513,5_5_3,5,
2025-03-19,True,-0.031172109777621995,-0.01919901429684724,1.6140350877192982,-0.03359316240920094,5_5_3,5,
2025-03-26,True,-0.011089523087114646,-0.015072940472985423,1.6428571428571428,-0.01355380880140036,5_5_3,5,
2025-04-02,True,-0.027509173738645074,-0.03206576038595235,1.5849056603773584,-0.029886532229211112,5_5_3,5,
2025-04-10,True,0.006368310222641462,0.005673127355591227,1.5849056603773586,0.003990951732075424,5_5_3,5,
2025-04-17,True,0.009996826924753278,0.006708444481830334,1.5087719298245614,0.007733669030016436,5_5_3,5,
2025-04-24,True,0.0165991008428064,0.02171729245651197,1.543859649122807,0.01428331136912219,5_5_3,5,
2025-05-06,True,0.014606830253537852,0.0045664941245866,1.4736842105263157,0.012396303937748378,5_5_3,5,
2025-05-13,True,-0.0009728218019627983,-0.0029178924996144068,1.1228070175438596,-0.0026570323282785876,5_5_3,5,
2025-05-20,False,,,,,5_5_3,5,2.0
2025-05-27,True,0.007582778798405045,0.013712295219594611,1.0,0.006082778798405046,5_5_3,5,
2025-06-04,True,0.006284397127477088,0.0056363379150772145,1.75,0.0036593971274770875,5_5_3,5,
2025-06-11,True,-0.005467721373098085,-0.0030057026833705293,1.6785714285714284,-0.007985578515955227,5_5_3,5,
2025-06-18,True,0.016009731468716874,0.01848840629714621,1.4074074074074074,0.013898620357605761,5_5_3,5,
2025-06-25,True,0.006226464100856827,0.006327872904263786,1.4901960784313726,0.003991169983209768,5_5_3,5,
2025-07-02,True,0.009763545681075406,0.011645268246191462,1.5517241379310345,0.007435959474178855,5_5_3,5,
2025-07-09,True,0.01100338532072497,0.007383972955401189,1.3103448275862069,0.00903786807934566,5_5_3,5,
2025-07-16,True,0.0264868340391657,0.032948680713856635,1.6206896551724137,0.02405579955640708,5_5_3,5,
2025-07-23,True,0.00927208613302401,0.011767424517785728,1.5172413793103448,0.006996224064058493,5_5_3,5,
2025-07-30,True,0.003832620661459067,-0.0025304336257580985,1.2413793103448276,0.0019705516959418255,5_5_3,5,
2025-08-06,True,0.007793853900533813,0.01266514243462275,1.5272727272727271,0.005502944809624722,5_5_3,5,
2025-08-13,True,0.010259293047845931,0.02689711634536496,1.4736842105263157,0.008048766732056458,5_5_3,5,
2025-08-20,True,0.015574797852629472,0.021891986281945212,1.473684210526316,0.013364271536839998,5_5_3,5,
2025-08-27,True,0.01600977023492945,0.0066336716867046175,1.6666666666666667,0.01350977023492945,5_5_3,5,
2025-09-03,True,-0.0015682144110468002,0.0037660126295052153,1.5357142857142856,-0.0038717858396182282,5_5_3,5,
2025-09-10,True,0.018074537824820467,0.019895958031881992,1.5357142857142856,0.015770966396249038,5_5_3,5,
2025-09-17,True,-0.011521265640583379,-0.001372098505233227,1.6206896551724137,-0.013952300123342,5_5_3,5,
2025-09-24,True,0.02909091016699202,0.03639186519736969,1.6896551724137931,0.02655642740837133,5_5_3,5,
2025-10-09,True,-0.005905541430832137,-0.010751801396009732,1.5999999999999999,-0.008305541430832137,5_5_3,5,
2025-10-16,True,-0.005596729394915419,-0.0054180583914956604,1.4642857142857142,-0.00779315796634399,5_5_3,5,
2025-10-23,True,0.01071569278171408,0.018875441456413726,1.5714285714285714,0.008358549924571222,5_5_3,5,
2025-10-30,True,-4.069402855654016e-05,-0.0008466912410011259,1.4385964912280702,-0.0021985887653986455,5_5_3,5,
2025-11-06,True,0.00398242577990469,0.0014125944561184933,1.4736842105263157,0.0017718994641152163,5_5_3,5,
2025-11-13,False,,,,,5_5_3,5,1.0
2025-11-20,True,-0.007909268037231312,-0.0064740019888808575,1.0,-0.009409268037231312,5_5_3,5,
2025-11-27,True,0.007715311811046927,0.006506613790056239,1.3725490196078431,0.0056564882816351626,5_5_3,5,
2025-12-04,True,-0.006326000298060049,-0.0034333084970201923,1.75,-0.00895100029806005,5_5_3,5,
2025-12-11,True,0.008405340249217078,0.004755999851163509,1.4285714285714284,0.006262483106359936,5_5_3,5,
2025-12-18,True,0.009439679875099551,0.017950311203507936,1.4285714285714286,0.007296822732242409,5_5_3,5,
2025-12-25,True,0.006566073399296865,0.015481009900493559,1.660377358490566,0.004075507361561016,5_5_3,5,
2026-01-05,True,0.017323913363815658,0.033904843928604086,1.5272727272727271,0.015033004272906568,5_5_3,5,
2026-01-12,True,0.0014346058793868147,-0.010815027102274218,1.4909090909090907,-0.0008017577569768215,5_5_3,5,
2026-01-19,True,-0.006866720742959946,0.00257659294586721,1.5357142857142856,-0.009170292171531374,5_5_3,5,
2026-01-26,True,-0.01594459538059809,-0.02394148235512542,1.6428571428571428,-0.018408881094883804,5_5_3,5,
2026-02-02,True,0.027755492750354552,0.02326155567615843,1.2307692307692308,0.025909338904200704,5_5_3,5,
2026-02-09,True,0.00867366810022742,0.003722373497696697,1.576923076923077,0.006308283484842805,5_5_3,5,
2026-02-24,True,-0.01082021814351998,-0.016097960659033968,1.5272727272727273,-0.01311112723442907,5_5_3,5,
2026-03-03,True,0.02486158383470911,0.014266383965782245,1.5999999999999999,0.02246158383470911,5_5_3,5,
2026-03-10,True,-0.0030531580831174693,-0.011701138094263824,1.5,-0.00530315808311747,5_5_3,5,
2026-03-17,True,-0.04785963055706964,-0.03962880037988305,1.5,-0.05010963055706964,5_5_3,5,
2026-03-24,True,0.010170534653465539,-0.0013318826655022325,1.309090909090909,0.008206898289829175,5_5_3,5,
2026-03-31,True,0.007184378959173205,0.006050362103061594,1.5087719298245614,0.004921221064436362,5_5_3,5,
2026-04-08,True,0.012308617761582213,0.01648244398735644,1.368421052631579,0.010255986182634845,5_5_3,5,
2026-04-15,True,0.0035135086131679017,0.009407954484943344,1.3818181818181818,0.0014407813404406287,5_5_3,5,
2026-04-22,True,-0.00231679362159006,-0.000561035817814396,1.4909090909090907,-0.004553157257953696,5_5_3,5,
2026-04-29,True,0.006654836032623986,0.025754330706777226,1.5999999999999999,0.0042548360326239865,5_5_3,5,
2026-05-11,True,-0.02632524874441172,-0.03281754422967359,1.4814814814814814,-0.02854747096663394,5_5_3,5,
2026-05-18,True,0.01421375507645698,0.0024017442282104787,1.2962962962962963,0.012269310632012535,5_5_3,5,
2026-05-25,True,0.010957471721750201,-0.010471829982779714,1.4339622641509433,0.008806528325523786,5_5_3,5,
2026-06-01,True,-0.03366882088933133,-0.038472764050731,1.5849056603773586,-0.03604617937989737,5_5_3,5,
2026-06-08,True,0.03399406605214328,0.02498428472059053,1.4230769230769231,0.03185945066752789,5_5_3,5,
2026-06-15,True,-0.031555860424470505,-0.010689396146665538,1.5294117647058825,-0.03384997807152933,5_5_3,5,
2026-06-23,True,-0.025970628898788855,-0.01335444064578525,1.4000000000000001,-0.028070628898788856,5_5_3,5,
2026-06-30,True,0.012880281728699984,-0.0085813545718241,1.44,0.010720281728699984,5_5_3,5,
2026-07-07,True,0.005466566042433,-0.006210503417657499,1.6551724137931034,0.0029838074217433445,5_5_3,5,
2026-07-14,True,0.003156658140567401,0.001458378413879699,1.4137931034482758,0.0010359684853949876,5_5_3,5,
2026-07-21,True,-0.014740108744042297,-0.007709395409378281,1.6727272727272726,-0.017249199653133207,5_5_3,5,
2026-07-28,True,0.011726870931178543,0.010405815397196278,1.75,0.009101870931178542,5_5_3,5,
2026-08-04,True,0.051927580464036456,0.017743823171555897,1.4035087719298245,0.04982231730614172,5_5_3,5,
2026-08-11,True,-0.011414039615422693,-0.007273277550156498,1.7543859649122806,-0.014045618562791113,5_5_3,5,
2026-08-18,True,-0.0011979327893339956,-0.018321333927893892,1.4909090909090907,-0.0034342964256976315,5_5_3,5,
2026-08-25,True,0.010296422623156491,0.014759043883944743,1.5999999999999999,0.007896422623156492,5_5_3,5,
2026-09-01,True,-0.005275797501388785,-0.0053485329719924,1.543859649122807,-0.007591586975072995,5_5_3,5,
2026-09-08,False,,,,,5_5_3,5,1.0
2026-09-15,True,0.019461416408616917,0.015098574787162353,1.0,0.017961416408616915,5_5_3,5,
2026-09-22,False,,,,,5_5_3,5,54.0
2026-09-30,False,,,,,5_5_3,5,55.0
2020-02-11,True,0.009726757623284042,0.013659064224346781,1.0,0.008226757623284042,10_10_5,1,
2020-02-12,True,-0.008464488418272503,-0.007177583786964664,0.23728813559322035,-0.008820420621662333,10_10_5,1,
2020-02-13,True,0.012188429535981834,0.01412324924386314,0.4666666666666667,0.011488429535981835,10_10_5,1,
2020-02-14,True,0.01769505221375526,0.022911703702852785,0.4,0.01709505221375526,10_10_5,1,
2020-02-17,True,-0.005746345998122567,-0.0027733121622406944,0.8,-0.006946345998122567,10_10_5,1,
2020-02-18,True,0.0045687237064939564,-0.00012863542955594555,0.7,0.0035187237064939567,10_10_5,1,
2020-02-19,True,0.016013705923539803,0.01912797308329518,0.5666666666666667,0.015163705923539803,10_10_5,1,
2020-02-20,True,-0.0020695617133271523,0.0025077630843625934,0.6666666666666666,-0.0030695617133271523,10_10_5,1,
2020-02-21,True,-0.017118815119593806,-0.015299266302375934,0.3,-0.017568815119593805,10_10_5,1,
2020-02-24,True,-0.0030496516607823173,0.0035577225159053225,0.3333333333333333,-0.0035496516607823173,10_10_5,1,
2020-02-25,True,0.015570515478705405,0.005051575871859157,0.16666666666666666,0.015320515478705405,10_10_5,1,
2020-02-26,True,-0.023641906529039015,-0.029636882148095615,0.16666666666666666,-0.023891906529039015,10_10_5,1,
2020-02-27,True,-0.00030516793522999036,-0.0049879904545935124,0.3,-0.0007551679352299904,10_10_5,1,
2020-02-28,True,0.0465193699296131,0.04285513970343853,0.36666666666666664,0.0459693699296131,10_10_5,1,
2020-03-02,True,-0.011761163799855099,-0.012963649869578204,0.6,-0.012661163799855098,10_10_5,1,
2020-03-03,True,0.020527163667548455,0.021521385659673323,0.26666666666666666,0.020127163667548454,10_10_5,1,
2020-03-04,True,-0.0014094231653357936,-0.0031557601992065563,0.23333333333333334,-0.0017594231653357936,10_10_5,1,
2020-03-05,True,-0.022396262668787255,-0.018512600534749103,0.23333333333333334,-0.022746262668787254,10_10_5,1,
2020-03-06,True,-0.022462979592938317,-0.027381084019015,0.16666666666666669,-0.022712979592938318,10_10_5,1,
2020-03-09,True,0.02509615026884654,0.03296093648926888,0.2033898305084746,0.024791065523083827,10_10_5,1,
2020-03-10,True,-0.019758515455791634,-0.026462440489465673,0.3050847457627119,-0.020216142574435703,10_10_5,1,
2020-03-11,True,-0.048875844620784446,-0.05204058840200789,0.3050847457627119,-0.049333471739428515,10_10_5,1,
2020-03-12,True,0.02805320392870216,0.03991308120331393,0.3050847457627119,0.02759557681005809,10_10_5,1,
2020-03-13,True,-0.03427045577538602,-0.040104560968373816,0.23728813559322035,-0.03462638797877585,10_10_5,1,
2020-03-16,True,-0.0018734137897772792,-0.0024235053273255246,0.3728813559322034,-0.0024327358236755844,10_10_5,1,
2020-03-17,True,-0.0228803113375785,-0.027481026308571965,0.4406779661016949,-0.023541328286731042,10_10_5,1,
2020-03-18,True,-0.0003142210328126618,0.00503824345322874,0.1694915254237288,-0.000568458320948255,10_10_5,1,
2020-03-19,True,-0.0288854558832142,-0.023160443851827722,0.2711864406779661,-0.02929223554423115,10_10_5,1,
2020-03-20,True,0.004998288510752411,0.008660269646921404,0.3389830508474576,0.004489813934481225,10_10_5,1,
2020-03-23,True,0.04057670905614748,0.0266987920390558,0.3728813559322034,0.040017387022249176,10_10_5,1,
2020-03-24,True,0.00609321044975294,-0.0034306243392555995,0.3793103448275862,0.00552424493251156,10_10_5,1,
2020-03-25,True,0.018337500610603595,0.010153019921985574,0.7241379310344828,0.01725129371405187,10_10_5,1,
2020-03-26,True,-0.020532482037359148,-0.022398125698875806,0.1724137931034483,-0.02079110272701432,10_10_5,1,
2020-03-27,True,0.008426607696495603,0.01001574846984285,0.27586206896551724,0.008012814593047328,10_10_5,1,
2020-03-30,True,-0.003563030852134519,-0.008865352755532355,0.23728813559322032,-0.00391896305552435,10_10_5,1,
2020-03-31,True,-0.006236965918911524,-0.007961528184826863,0.23728813559322035,-0.006592898122301355,10_10_5,1,
2020-04-01,True,0.018245064440737216,0.019685315969525254,0.5084745762711864,0.017482352576330438,10_10_5,1,
2020-04-02,True,0.016309349846382323,0.012588609172704214,0.3389830508474576,0.015800875270111137,10_10_5,1,
2020-04-03,True,0.0010042060363094235,0.0012847675968481725,0.4067796610169492,0.00039403654478399966,10_10_5,1,
2020-04-07,True,0.004668285987699949,0.009614197387794138,0.6440677966101694,0.0037021842927846948,10_10_5,1,
2020-04-08,True,0.0006275451959844138,0.00014924844300559487,0.2711864406779661,0.00022076553496746463,10_10_5,1,
2020-04-09,True,-0.01569672573473879,-0.01842179255744269,0.4067796610169492,-0.016306895226264214,10_10_5,1,
2020-04-10,True,0.003361543871239265,0.004187148223990636,0.2711864406779661,0.002954764210222316,10_10_5,1,
2020-04-13,True,0.01416151594626429,0.013858047226661141,0.2033898305084746,0.013856431200501578,10_10_5,1,
2020-04-14,True,-0.008458629152583828,-0.010425227131195645,0.2711864406779661,-0.008865408813600777,10_10_5,1,
2020-04-15,True,0.01511126290197371,0.014340510777314745,0.3728813559322034,0.014551940868075404,10_10_5,1,
2020-04-16,True,0.00016500420359993038,0.0002412656718401711,0.2033898305084746,-0.00014008054216278152,10_10_5,1,
2020-04-17,True,-0.003617446367313776,-0.0017433653667338711,0.23728813559322035,-0.003973378570703606,10_10_5,1,
2020-04-20,True,-0.013116659221422399,-0.012420824515687077,0.2711864406779661,-0.013523438882439348,10_10_5,1,
2020-04-21,True,0.01468466094725497,0.015392278607465162,0.3050847457627119,0.014227033828610902,10_10_5,1,
2020-04-22,True,-0.002306574267759568,-0.005494910266763395,0.3389830508474576,-0.0028150488440307547,10_10_5,1,
2020-04-23,True,-0.006161309345719822,-0.009693401745213699,0.3389830508474576,-0.006669783921991008,10_10_5,1,
2020-04-24,True,0.005966230252495252,0.002312454326221565,0.3050847457627119,0.0055086031338511835,10_10_5,1,
2020-04-27,True,-0.0008489427140375122,-0.0055850009246590565,0.3050847457627119,-0.00130656983268158,10_10_5,1,
2020-04-28,True,0.009813766372465933,0.012354505647134268,0.23728813559322035,0.009457834169076102,10_10_5,1,
2020-04-29,True,0.0060860352964551764,0.004321578012313863,0.3728813559322034,0.005526713262556871,10_10_5,1,
2020-04-30,True,0.01736341572943129,0.01936713645642375,0.3389830508474576,0.016854941153160104,10_10_5,1,
2020-05-06,True,0.0008155411117312068,0.0014170631989817567,0.3389830508474576,0.00030706653546002034,10_10_5,1,
2020-05-07,True,0.012081558399661903,0.009691897694043375,0.3389830508474576,0.011573083823390716,10_10_5,1,
2020-05-08,True,-0.0037848337277447746,-0.003042597111461562,0.23728813559322035,-0.004140765931134605,10_10_5,1,
2020-05-11,True,-0.003687001364578448,-0.006846573050728894,0.2033898305084746,-0.0039920861103411595,10_10_5,1,
2020-05-12,True,0.0043550621969754505,0.00247944473223604,0.23728813559322035,0.00399912999358562,10_10_5,1,
2020-05-13,True,-0.0033942893878138483,-0.002577889762694139,0.23728813559322035,-0.0037502215912036787,10_10_5,1,
2020-05-14,True,-0.005572526761627619,-0.004647142087484815,0.4067796610169492,-0.0061826962531530425,10_10_5,1,
2020-05-15,True,0.010865545517653136,0.007531760567032782,0.3050847457627119,0.01040791839900907,10_10_5,1,
2020-05-18,True,-0.0015293512065505431,-0.0005574964630181958,0.3389830508474576,-0.0020378257828217294,10_10_5,1,
2020-05-19,True,-0.0033043449620824695,-0.0028303568878519977,0.3389830508474576,-0.003812819538353656,10_10_5,1,
2020-05-20,True,-0.013254740742615704,-0.011913550754318424,0.3728813559322034,-0.01381406277651401,10_10_5,1,
2020-05-21,True,-0.019456197172069107,-0.019099792350375518,0.1694915254237288,-0.0197104344602047,10_10_5,1,
2020-05-22,True,0.005682828892930731,0.0027149861456628446,0.3728813559322034,0.005123506859032426,10_10_5,1,
2020-05-25,True,0.00941047777615869,0.008943090895986024,0.23728813559322035,0.009054545572768859,10_10_5,1,
2020-05-26,True,-0.007853742967784452,-0.004493560842077118,0.3728813559322034,-0.008413065001682757,10_10_5,1,
2020-05-27,True,-0.0036145794308343024,-0.001793038533732889,0.3728813559322034,-0.004173901464732607,10_10_5,1,
2020-05-28,True,0.014431788530860088,0.015636146715141526,0.7796610169491526,0.013262297005436359,10_10_5,1,
2020-05-29,True,0.020654245043567495,0.01933520155761607,0.4745762711864407,0.019942380636787833,10_10_5,1,
2020-06-01,True,0.0034393294115934244,0.004701200440234237,0.6101694915254238,0.0025240751743052887,10_10_5,1,
2020-06-02,True,0.00020786343356113542,-0.0017976569696913714,0.5084745762711864,-0.0005548484308456442,10_10_5,1,
2020-06-03,True,-0.004784006514182671,-0.0036498700511447143,0.4067796610169492,-0.005394176005708094,10_10_5,1,
2020-06-04,True,0.005053675840474946,0.008545095742988625,0.1694915254237288,0.004799438552339353,10_10_5,1,
2020-06-05,True,-0.006222842306837565,0.0002489732472242058,0.3050847457627119,-0.006680469425481633,10_10_5,1,
2020-06-08,True,0.005645642545888744,0.005357951844798783,0.3050847457627119,0.005188015427244676,10_10_5,1,
2020-06-09,True,0.0008969167965824629,-0.0011744429802168807,0.3050847457627119,0.000439289677938395,10_10_5,1,
2020-06-10,True,-0.02515341681533764,-0.02434042304370063,0.1694915254237288,-0.02540765410347323,10_10_5,1,
2020-06-11,True,0.015587308087825194,0.015094706112123431,0.2033898305084746,0.015282223342062482,10_10_5,1,
2020-06-12,True,0.002745061147274729,0.002702061885471835,0.2711864406779661,0.00233828148625778,10_10_5,1,
2020-06-15,True,0.009356147036083966,0.008064793302598086,0.44067796610169485,0.008695130086931424,10_10_5,1,
2020-06-16,True,-0.0016705616671120623,-0.001655278940754741,0.32727272727272727,-0.002161470758021153,10_10_5,1,
2020-06-17,True,0.008612820165277382,0.008286440652761993,0.5454545454545454,0.007794638347095564,10_10_5,1,
2020-06-18,True,0.0071059347173498474,0.011687239132265022,0.36363636363636365,0.006560480171895302,10_10_5,1,
2020-06-19,True,-0.0029605068870886047,0.0003951337803697922,0.36363636363636365,-0.0035059614325431503,10_10_5,1,
2020-06-22,True,0.0041242284468902156,0.005407400038450191,0.2545454545454545,0.0037424102650720336,10_10_5,1,
2020-06-23,True,0.002539449671012763,-0.0013026376181746108,0.18181818181818182,0.0022667223982854906,10_10_5,1,
2020-06-24,True,-0.0005623106138093622,-0.0012950559602723018,0.43636363636363634,-0.0012168560683548167,10_10_5,1,
2020-06-29,True,0.009280360422214293,0.011567542263049457,0.32727272727272727,0.008789451331305202,10_10_5,1,
2020-06-30,True,0.01410843913428149,0.014756418383412056,0.36363636363636365,0.013562984588826946,10_10_5,1,
2020-07-01,True,0.02336368138701569,0.032346090737496856,0.5454545454545454,0.022545499568833872,10_10_5,1,
2020-07-02,True,0.022253944636512493,0.030169185122962013,0.5818181818181818,0.02138121736378522,10_10_5,1,
2020-07-03,True,0.04774099392470087,0.057746496170875065,0.43636363636363634,0.04708644847015541,10_10_5,1,
2020-07-06,True,-0.0009946705959297131,-0.011142917626823439,0.39999999999999997,-0.001594670595929713,10_10_5,1,
2020-07-07,True,0.01681608535150808,0.024851368631307443,0.2909090909090909,0.016379721715144444,10_10_5,1,
2020-07-08,True,0.0167709839953304,0.01146012707571022,0.10909090909090909,0.01660734763169404,10_10_5,1,
2020-07-09,True,0.0044656641872395,-0.009389196918299763,0.36363636363636365,0.003920209641784955,10_10_5,1,
2020-07-10,True,0.027872882647420907,0.02112162164814369,0.2909090909090909,0.02743651901105727,10_10_5,1,
2020-07-13,True,0.0021419748198837772,-0.0008078436469049111,0.21818181818181817,0.00181470209261105,10_10_5,1,
2020-07-14,True,-0.008982181648406562,-0.02109364531898214,0.25925925925925924,-0.00937107053729545,10_10_5,1,
2020-07-15,True,-0.05187791167478786,-0.04071140828936486,0.2222222222222222,-0.052211245008121195,10_10_5,1,
2020-07-16,True,0.021723719278766023,0.011787576327399378,0.3333333333333333,0.021223719278766023,10_10_5,1,
2020-07-17,True,0.0005409520730738251,0.02855503814086307,0.5423728813559322,-0.00027260724896007317,10_10_5,1,
2020-07-20,True,0.007038143882074678,-0.00289096513190303,0.3389830508474576,0.006529669305803492,10_10_5,1,
2020-07-21,True,0.002212237094025916,-0.002973650349902313,0.2033898305084746,0.0019071523482632041,10_10_5,1,
2020-07-22,True,0.005680397521523677,0.0009282113927481366,0.2711864406779661,0.005273617860506728,10_10_5,1,
2020-07-23,True,-0.038554314377772805,-0.03215611595550309,0.13559322033898305,-0.03875770420828128,10_10_5,1,
2020-07-24,True,0.009910663586293094,0.008408286996470483,0.3389830508474576,0.009402189010021907,10_10_5,1,
2020-07-27,True,0.006603753159863364,-0.0033014386639574275,0.3728813559322034,0.006044431125965059,10_10_5,1,
2020-07-28,True,0.030407628461383576,0.02897075055858114,0.23728813559322035,0.030051696257993747,10_10_5,1,
2020-07-29,True,-0.007671608134215754,-0.007583872767862302,0.4406779661016949,-0.008332625083368296,10_10_5,1,
2020-07-30,True,0.012405911316874187,0.018575767819064917,0.6779661016949152,0.011388962164331815,10_10_5,1,
2020-07-31,True,0.007764861089861647,0.015582884772246997,0.2033898305084746,0.0074597763440989355,10_10_5,1,
2020-08-03,True,0.0007756158398547504,-0.003807361138445503,0.5423728813559322,-3.794348217914787e-05,10_10_5,1,
2020-08-04,True,0.005805596899860366,0.004456865040427863,0.5084745762711864,0.005042885035453586,10_10_5,1,
2020-08-05,True,-0.01358364520817094,-0.0042162844142820885,0.3389830508474576,-0.014092119784442128,10_10_5,1,
2020-08-06,True,-0.010031047053145873,-0.012309745912984227,0.2033898305084746,-0.010336131798908585,10_10_5,1,
2020-08-07,True,0.007998982906481553,0.011141182587466433,0.23728813559322035,0.007643050703091722,10_10_5,1,
2020-08-10,True,-0.010667763114818821,-0.015941046747331076,0.1694915254237288,-0.010922000402954414,10_10_5,1,
2020-08-11,True,-0.003557848344393139,-6.204253187571845e-05,0.2033898305084746,-0.003862933090155851,10_10_5,1,
2020-08-12,True,-0.0052527507103423045,-0.005610184755921202,0.3050847457627119,-0.005710377828986373,10_10_5,1,
2020-08-13,True,0.01913409857724318,0.019689947642244337,0.23728813559322035,0.01877816637385335,10_10_5,1,
2020-08-14,True,0.013896743381739364,0.020021938603331346,0.2711864406779661,0.013489963720722415,10_10_5,1,
2020-08-17,True,-0.0009401349023797992,-0.0022513878860349356,0.3728813559322034,-0.0014994569362781042,10_10_5,1,
2020-08-18,True,-0.01980237604331052,-0.01592302453577669,0.3389830508474576,-0.020310850619581704,10_10_5,1,
2020-08-19,True,0.005428712781858639,-0.0011459984951704405,0.23728813559322035,0.005072780578468808,10_10_5,1,
2020-08-20,True,0.009643595636180365,0.004884166369227662,0.1694915254237288,0.009389358348044772,10_10_5,1,
2020-08-21,True,0.012036694393075168,0.0037419423149763265,0.2711864406779661,0.01162991473205822,10_10_5,1,
2020-08-24,True,-0.0046070296024614986,-0.007346325570194005,0.23728813559322035,-0.004962961805851329,10_10_5,1,
2020-08-25,True,-0.009652291441546043,-0.012292393384829597,0.23728813559322035,-0.010008223644935874,10_10_5,1,
2020-08-26,True,0.00995101970080929,0.003049178829432577,0.6101694915254238,0.009035765463521153,10_10_5,1,
2020-08-27,True,0.02521274731980361,0.024907481237492392,0.13559322033898305,0.025009357489295135,10_10_5,1,
2020-08-28,True,-0.010174601351045063,-0.011343049830959745,0.23728813559322035,-0.010530533554434894,10_10_5,1,
2020-08-31,True,0.016854230576654868,0.01028109770196498,0.3728813559322034,0.016294908542756562,10_10_5,1,
2020-09-01,True,-0.0052449436016485575,-0.0038138725922019193,0.4745762711864407,-0.005956808008428218,10_10_5,1,
2020-09-02,True,-0.023846887954536766,-0.020601230613179564,0.2,-0.024146887954536768,10_10_5,1,
2020-09-03,True,0.0066097605565129,0.00740070990013406,0.36666666666666664,0.0060597605565129,10_10_5,1,
2020-09-04,True,-0.019524735328072657,-0.016498622673794084,0.43333333333333335,-0.02017473532807266,10_10_5,1,
2020-09-07,True,-0.007829328295249639,-0.008644514828623509,0.36666666666666664,-0.008379328295249639,10_10_5,1,
2020-09-08,True,-0.0029061277390740564,-0.0007096132772931622,0.43333333333333335,-0.0035561277390740564,10_10_5,1,
2020-09-09,True,-0.02165476204210733,-0.01990280051887337,0.3,-0.022104762042107328,10_10_5,1,
2020-09-10,True,0.01744709162257826,0.015279654280660217,0.3,0.016997091622578262,10_10_5,1,
2020-09-11,True,-0.0008489765270378184,-0.0012568762789961026,0.43333333333333335,-0.0014989765270378185,10_10_5,1,
2020-09-14,True,0.007145682798730305,0.007049361615547684,0.23333333333333334,0.006795682798730306,10_10_5,1,
2020-09-15,True,-0.004391532682229526,-0.004093299170231724,0.3333333333333333,-0.004891532682229527,10_10_5,1,
2020-09-16,True,0.00653119909340135,0.0011728839169068113,0.23333333333333334,0.00618119909340135,10_10_5,1,
2020-09-17,True,0.02274018178259256,0.02568293644564665,0.23333333333333334,0.02239018178259256,10_10_5,1,
2020-09-18,True,-0.01513074412699829,-0.018467414157236156,0.576271186440678,-0.015995150906659306,10_10_5,1,
2020-09-21,True,0.0002486913157534126,-0.0030243209274604145,0.3050847457627119,-0.0002089358028906552,10_10_5,1,
2020-09-22,False,,,,,10_10_5,1,1.0
2020-09-23,True,-0.010948992513083507,-0.00997066478892981,1.0,-0.012448992513083507,10_10_5,1,
2020-09-24,True,-0.0020357626101570815,-0.0020741572001471242,0.2711864406779661,-0.0024425422711740305,10_10_5,1,
2020-09-25,True,0.002898185368001701,0.0020998732624904755,0.2711864406779661,0.002491405706984752,10_10_5,1,
2020-09-28,False,,,,,10_10_5,1,1.0
2020-09-29,False,,,,,10_10_5,1,1.0
2020-09-30,True,0.0069964203084521785,0.009572606507606978,1.0,0.005496420308452179,10_10_5,1,
2020-10-09,True,0.017204823868816665,0.01935791762792688,0.5423728813559322,0.016391264546782768,10_10_5,1,
2020-10-12,True,0.0019959224739825275,0.0027853964772649557,0.6101694915254238,0.0010806682366943919,10_10_5,1,
2020-10-13,True,-0.0020075705566087194,-0.0046301449484056805,0.2711864406779661,-0.0024143502176256684,10_10_5,1,
2020-10-14,True,-0.0021298907132311622,-0.003779601534780445,0.23728813559322032,-0.0024858229166209926,10_10_5,1,
2020-10-15,True,0.0029844549882540577,0.004036975699659246,0.1724137931034483,0.002725834298598885,10_10_5,1,
2020-10-16,True,-0.01059941968424234,-0.014390819884869874,0.41379310344827586,-0.011220109339414754,10_10_5,1,
2020-10-19,True,0.009866647284710898,0.008965627857460896,0.4482758620689655,0.00919423349160745,10_10_5,1,
2020-10-20,True,-0.00789841071027214,-0.006617728908136681,0.24137931034482757,-0.00826047967578938,10_10_5,1,
2020-10-21,True,-0.0010960872772507247,-0.0010959017560222702,0.1724137931034483,-0.001354707966905897,10_10_5,1,
2020-10-22,True,-0.015967827282063134,-0.015526950316062865,0.1724137931034483,-0.016226447971718305,10_10_5,1,
2020-10-23,True,-0.0004141940090756214,-0.0033985523871669426,0.41379310344827586,-0.0010348836642480352,10_10_5,1,
2020-10-26,True,0.007920051467588838,0.0059037376785533,0.41379310344827586,0.007299361812416425,10_10_5,1,
2020-10-27,True,-0.0016655613066182493,-0.007343194746297924,0.41379310344827586,-0.0022862509617906633,10_10_5,1,
2020-10-28,True,0.024566473934161295,0.01682292533625852,0.3728813559322034,0.02400715190026299,10_10_5,1,
2020-10-29,True,-0.01570078307391535,-0.01691617178862135,0.3050847457627119,-0.016158410192559418,10_10_5,1,
2020-10-30,True,0.0018902904104573506,0.004290614390058918,0.7457627118644068,0.0007716463426607405,10_10_5,1,
2020-11-02,True,0.014534912089332455,0.011749897637259078,0.3050847457627119,0.014077284970688388,10_10_5,1,
2020-11-03,True,0.01232598579053736,0.011232546099265094,0.3389830508474576,0.011817511214266174,10_10_5,1,
2020-11-04,True,0.008985288363699797,0.008862786650932299,0.2711864406779661,0.008578508702682848,10_10_5,1,
2020-11-05,True,-0.001907557559721917,0.003938383301787274,0.23728813559322035,-0.0022634897631117474,10_10_5,1,
2020-11-06,True,0.034307869807192616,0.021512153416200764,0.2711864406779661,0.033901090146175664,10_10_5,1,
2020-11-09,True,-0.01882186993762191,-0.014124789432259064,0.3389830508474576,-0.019330344513893094,10_10_5,1,
2020-11-10,True,-0.0016965595423291417,-0.004299942692062735,0.3050847457627119,-0.0021541866609732095,10_10_5,1,
2020-11-11,True,-0.0016912485596947135,-0.003899935073659178,0.13559322033898305,-0.001894638390203188,10_10_5,1,
2020-11-12,True,-0.0044783670533270785,0.0005631099406883751,0.23728813559322035,-0.004834299256716909,10_10_5,1,
2020-11-13,True,0.010073848123995992,0.007301133055320761,0.2711864406779661,0.009667068462979043,10_10_5,1,
2020-11-16,True,-0.0026223823060635993,-0.0020434041502582962,0.4406779661016949,-0.003283399255216142,10_10_5,1,
2020-11-17,True,-0.007313642146116421,-0.001211153618303993,0.3728813559322034,-0.007872964180014725,10_10_5,1,
2020-11-18,True,0.01406145129691215,0.0065558701073636415,0.3050847457627119,0.013603824178268083,10_10_5,1,
2020-11-19,True,0.0024989146373906187,0.006417898763953135,0.4067796610169492,0.0018887451458651948,10_10_5,1,
2020-11-20,True,0.0012797692850808388,0.008396586821581698,0.2711864406779661,0.0008729896240638896,10_10_5,1,
2020-11-23,True,-0.0020382062501879844,0.002416442474795075,0.23728813559322035,-0.0023941384535778147,10_10_5,1,
2020-11-24,True,-0.018969153812600177,-0.01795864869605843,0.3050847457627119,-0.019426780931244246,10_10_5,1,
2020-11-25,True,0.0033160673325795787,0.002482986838560036,0.2033898305084746,0.003010982586816867,10_10_5,1,
2020-11-26,True,0.011019560220642563,0.01213233450653109,0.23728813559322035,0.010663628017252732,10_10_5,1,
2020-11-27,True,0.0007518518854645976,-0.00373905170540919,0.4666666666666667,5.185188546459759e-05,10_10_5,1,
2020-11-30,True,0.019842651764673418,0.019925126686714412,0.3333333333333333,0.019342651764673417,10_10_5,1,
2020-12-01,True,0.0003778458337541812,-0.0007734590544875987,0.23333333333333334,2.784583375418123e-05,10_10_5,1,
2020-12-02,True,0.0007619161008995204,-0.0036648786527445293,0.3333333333333333,0.00026191610089952035,10_10_5,1,
2020-12-03,True,0.005060758099422182,0.0005502533518346767,0.2033898305084746,0.00475567335365947,10_10_5,1,
2020-12-04,True,-0.004392105215671534,-0.008868990100932183,0.2711864406779661,-0.004798884876688483,10_10_5,1,
2020-12-07,False,,,,,10_10_5,1,1.0
2020-12-08,False,,,,,10_10_5,1,1.0
2020-12-09,True,0.009892388827184455,0.003650473064544548,1.0,0.008392388827184455,10_10_5,1,
2020-12-10,True,-0.008715137931922962,-0.012270011717641438,0.1694915254237288,-0.008969375220058555,10_10_5,1,
2020-12-11,True,0.004968430356822441,0.0031156225090297,0.2711864406779661,0.004561650695805492,10_10_5,1,
2020-12-14,True,0.012508756335336487,0.004545590365400233,0.4067796610169491,0.011898586843811064,10_10_5,1,
2020-12-15,True,-0.002542299323097482,-0.004049404992938187,0.4074074074074074,-0.0031534104342085933,10_10_5,1,
2020-12-16,True,0.01067835276372765,0.012332489173305658,0.37037037037037035,0.010122797208172093,10_10_5,1,
2020-12-17,True,-0.0036717900898369463,-0.0027874840202543934,0.48148148148148145,-0.0043940123120591685,10_10_5,1,
2020-12-18,True,0.006316312240273621,0.006552276918162111,0.37037037037037035,0.005760756684718065,10_10_5,1,
2020-12-21,True,-0.013725071564255816,-0.01793635498045853,0.2962962962962963,-0.014169516008700261,10_10_5,1,
2020-12-22,True,0.005399664440559718,0.006337085587247341,0.4444444444444444,0.004732997773893051,10_10_5,1,
2020-12-23,True,-0.010425052083458312,-0.008365052303137019,0.2962962962962963,-0.010869496527902757,10_10_5,1,
2020-12-24,True,0.006234922940538475,0.0118756843642993,0.37037037037037035,0.005679367384982919,10_10_5,1,
2020-12-25,True,-4.216827281522395e-05,0.0010158013894682996,0.37037037037037035,-0.0005977238283707795,10_10_5,1,
2020-12-28,True,0.011115532914249517,-0.004156229099553354,0.3333333333333333,0.010615532914249517,10_10_5,1,
2020-12-29,True,0.008164858399283088,0.013657841129893607,0.25925925925925924,0.007775969510394199,10_10_5,1,
2020-12-30,True,0.015661019760446555,0.01890143071933003,0.25925925925925924,0.015272130871557666,10_10_5,1,
2020-12-31,True,-0.0038141665470712563,0.006470567908476409,0.6296296296296295,-0.004758610991515701,10_10_5,1,
2021-01-04,True,0.022876200771970053,0.019512466539470676,0.5925925925925926,0.021987311883081163,10_10_5,1,
2021-01-05,True,0.005471568202960435,0.001522420362239327,0.2962962962962963,0.005027123758515991,10_10_5,1,
2021-01-06,True,0.0030986781960652635,0.008852181368067263,0.4074074074074074,0.0024875670849541526,10_10_5,1,
2021-01-07,True,0.012895245206477703,0.005293299007666424,0.2962962962962963,0.012450800762033257,10_10_5,1,
2021-01-08,True,-0.018389769031860247,-0.01810673263598564,0.3333333333333333,-0.018889769031860248,10_10_5,1,
2021-01-11,True,0.02378749974609535,0.026996774012070946,0.2222222222222222,0.023454166412762014,10_10_5,1,
2021-01-12,True,-0.010885278189598148,-0.006094881796577947,0.18518518518518517,-0.011163055967375926,10_10_5,1,
2021-01-13,True,-0.008125810384735572,-0.007003980611051655,0.25925925925925924,-0.00851469927362446,10_10_5,1,
2021-01-14,True,-0.0006673799362491149,-0.006220789951216452,0.6101694915254237,-0.0015826341735372504,10_10_5,1,
2021-01-15,True,0.00900041041531861,0.014055547557171406,0.3050847457627119,0.008542783296674543,10_10_5,1,
2021-01-18,True,-0.008832352591145516,-0.01100046407025492,0.3389830508474576,-0.009340827167416703,10_10_5,1,
2021-01-19,True,0.006415377797143614,0.00801353590018807,0.3389830508474576,0.005906903220872428,10_10_5,1,
2021-01-20,True,0.007221161813687635,0.00925192527662035,0.3389830508474576,0.006712687237416449,10_10_5,1,
2021-01-21,True,9.991503535741506e-05,-0.005338997736996094,0.4067796610169492,-0.0005102544561680088,10_10_5,1,
2021-01-22,True,0.0018030952300016536,-0.0027601760005984185,0.2033898305084746,0.0014980104842389416,10_10_5,1,
2021-01-25,True,-0.005592242390924372,-0.011831020526065968,0.2711864406779661,-0.005999022051941321,10_10_5,1,
2021-01-26,True,-0.005395215512135639,-0.008341794492370347,0.3,-0.0058452155121356385,10_10_5,1,
2021-01-27,True,-0.0038363100293389686,-0.005706953044061098,0.36666666666666664,-0.004386310029338969,10_10_5,1,
2021-01-28,True,-0.008205727297288036,-0.013278446876532315,0.43333333333333335,-0.008855727297288035,10_10_5,1,
2021-01-29,True,0.006898550435926717,0.012688471822699521,0.43333333333333335,0.006248550435926717,10_10_5,1,
2021-02-01,True,0.014661367070057435,0.00917167868224344,0.3728813559322034,0.01410204503615913,10_10_5,1,
2021-02-02,True,-0.018131092625833362,-0.011494902527439043,0.3050847457627119,-0.01858871974447743,10_10_5,1,
2021-02-03,True,-0.003292002522378785,-0.0028355903540174254,0.6101694915254238,-0.004207256759666921,10_10_5,1,
2021-02-04,True,-0.007655230313522104,-0.0032466705138292783,0.24137931034482757,-0.008017299279039346,10_10_5,1,
2021-02-05,True,0.009999506578750416,0.013277722854267942,0.20689655172413793,0.009689161751164209,10_10_5,1,
2021-02-08,True,0.01813986380389576,0.020411221846137823,0.3103448275862069,0.01767434656251645,10_10_5,1,
2021-02-09,True,0.03433687647631646,0.03212274464883351,0.3448275862068966,0.03381963509700612,10_10_5,1,
2021-02-10,True,-0.0095847313280453,-0.0172096892949607,0.3448275862068966,-0.010101972707355645,10_10_5,1,
2021-02-18,True,0.021538414994690145,0.015379363268139573,0.5517241379310345,0.020710828787793595,10_10_5,1,
2021-02-19,True,-0.025657033959067068,-0.023559636467850295,0.4482758620689655,-0.026329447752170516,10_10_5,1,
2021-02-22,True,-0.002090857116049221,0.002318190972946052,0.3728813559322034,-0.0026501791499475257,10_10_5,1,
2021-02-23,True,-0.011471872609776806,-0.008922241629737522,0.2033898305084746,-0.011776957355539519,10_10_5,1,
2021-02-24,True,-0.03109236763619567,-0.025550557292178134,0.3050847457627119,-0.03154999475483974,10_10_5,1,
2021-02-25,True,0.003768787116489939,0.007025438489824567,0.3389830508474576,0.003260312540218752,10_10_5,1,
2021-02-26,True,0.015884191693986163,0.01257651913998617,0.3389830508474576,0.015375717117714975,10_10_5,1,
2021-03-01,True,-0.021995395537464848,-0.01735308291251139,0.2033898305084746,-0.02230048028322756,10_10_5,1,
2021-03-02,True,0.004434271590924868,0.009766102059848356,0.4406779661016949,0.0037732546417723256,10_10_5,1,
2021-03-03,True,-0.0473216770918723,-0.028728222608024143,0.1016949152542373,-0.04747421946475366,10_10_5,1,
2021-03-04,True,0.028275370527729934,0.021605412939517628,0.13559322033898305,0.028071980697221458,10_10_5,1,
2021-03-05,True,-0.0552058475003214,-0.034397009112175254,0.23728813559322032,-0.05556177970371123,10_10_5,1,
2021-03-08,True,0.0004212000947768405,-0.007203179453583751,0.1724137931034483,0.00016257940512166808,10_10_5,1,
2021-03-09,True,-0.00010020246616460251,-0.010569911510038445,0.1724137931034483,-0.0003588231558197749,10_10_5,1,
2021-03-10,True,0.026137726079976987,0.021070859894390337,0.48275862068965514,0.025413588148942505,10_10_5,1,
2021-03-11,True,-0.01135269819715131,-0.004953754704485021,0.3448275862068966,-0.011869939576461656,10_10_5,1,
2021-03-12,True,-0.02025728966378012,-0.00877244937279027,0.3793103448275862,-0.020826255181021498,10_10_5,1,
2021-03-15,True,0.002000795222382746,0.001228059158354062,0.3103448275862069,0.0015352779810034356,10_10_5,1,
2021-03-16,True,0.021426580253760923,0.009101525078650127,0.1724137931034483,0.021167959564105752,10_10_5,1,
2021-03-17,True,-0.011133935275778491,-0.008877445623067632,0.3389830508474576,-0.011642409852049678,10_10_5,1,
2021-03-18,True,-0.0054326034119183434,-0.005508106952459093,0.1694915254237288,-0.005686840700053937,10_10_5,1,
2021-03-19,True,0.0017327138452918145,0.011699136548117425,0.2033898305084746,0.0014276290995291025,10_10_5,1,
2021-03-22,True,-0.019001232538776846,-0.01510755176389025,0.20338983050847456,-0.01930631728453956,10_10_5,1,
2021-03-23,True,-0.016210901548126593,-0.014095591408612374,0.3389830508474576,-0.016719376124397778,10_10_5,1,
2021-03-24,True,0.019648686869775354,0.00913476223746261,0.3389830508474576,0.01914021229350417,10_10_5,1,
2021-03-25,True,0.022581117585058114,0.016875468519667064,0.3389830508474576,0.02207264300878693,10_10_5,1,
2021-03-26,True,-0.005759755395803344,-0.0017755818701031575,0.4067796610169492,-0.006369924887328768,10_10_5,1,
2021-03-29,False,,,,,10_10_5,1,1.0
2021-03-30,True,-0.004175636516598083,-0.0018355881057831392,1.0,-0.005675636516598083,10_10_5,1,
2021-03-31,True,0.01271487515071034,0.009707502078551094,0.3050847457627119,0.012257248032066273,10_10_5,1,
2021-04-01,True,0.004101687525069184,0.0064997836905550796,0.3728813559322034,0.0035423654911708787,10_10_5,1,
2021-04-02,True,-0.001821041182210067,-0.002531719052822193,0.1694915254237288,-0.0020752784703456603,10_10_5,1,
2021-04-06,True,-0.005742218806992345,-0.0040181284785640765,0.13559322033898305,-0.005945608637500819,10_10_5,1,
2021-04-07,True,0.004722706919125766,0.002095206505150388,0.3389830508474576,0.00421423234285458,10_10_5,1,
2021-04-08,True,-0.014009673455976188,-0.010203983910449603,0.2033898305084746,-0.0143147582017389,10_10_5,1,
2021-04-09,True,-0.02149664917585284,-0.017015235791111485,0.23728813559322035,-0.021852581379242668,10_10_5,1,
2021-04-12,True,-0.0032009711969662436,-0.0031988181511749046,0.2711864406779661,-0.0036077508579831926,10_10_5,1,
2021-04-13,True,0.008666636323474544,0.007943972888649285,0.4067796610169492,0.00805646683194912,10_10_5,1,
2021-04-14,True,-0.0038144066173488624,-0.00023962112666705426,0.3050847457627119,-0.00427203373599293,10_10_5,1,
2021-04-15,True,-0.000642458141743841,0.00331509241865233,0.2711864406779661,-0.00104923780276079,10_10_5,1,
2021-04-16,True,0.022829240700348793,0.01807441561901887,0.4745762711864407,0.022117376293569132,10_10_5,1,
2021-04-19,True,0.0004962955554871851,-0.004793318356482787,0.3728813559322034,-6.302647841111995e-05,10_10_5,1,
2021-04-20,True,0.010791114500772782,0.008374734533583695,0.2711864406779661,0.010384334839755833,10_10_5,1,
2021-04-21,True,-0.005314885943611359,-0.0034736679533619447,0.2033898305084746,-0.005619970689374071,10_10_5,1,
2021-04-22,True,0.008786686291957042,0.00423032764060473,0.2033898305084746,0.00848160154619433,10_10_5,1,
2021-04-23,True,-0.01618628900611861,-0.011578162168563009,0.3050847457627119,-0.016643916124762678,10_10_5,1,
2021-04-26,True,0.002562943118398483,-0.0028447362521804276,0.3389830508474576,0.0020544685421272964,10_10_5,1,
2021-04-27,True,0.008361330579788832,0.007807167637413856,0.3050847457627119,0.007903703461144765,10_10_5,1,
2021-04-28,True,0.011218241104011128,0.0037673343836966914,0.3050847457627119,0.010760613985367061,10_10_5,1,
2021-04-29,True,-0.010187732069013637,-0.009052736935383077,0.2711864406779661,-0.010594511730030585,10_10_5,1,
2021-04-30,True,-0.008657302008695762,-0.003396463758847227,0.3050847457627119,-0.009114929127339829,10_10_5,1,
2021-05-06,True,-0.007887669051190736,-0.009552551103419737,0.3389830508474576,-0.008396143627461923,10_10_5,1,
2021-05-07,True,-0.007921231984812293,-0.008338657903528175,0.2711864406779661,-0.008328011645829242,10_10_5,1,
2021-05-10,True,0.012596706725223865,0.007295891915873931,0.4067796610169492,0.011986537233698441,10_10_5,1,
2021-05-11,True,-0.00043769978872816985,-0.0013415165340432567,0.4067796610169492,-0.0010478692802535937,10_10_5,1,
2021-05-12,True,0.004077432506734165,0.003851808281774114,0.23728813559322035,0.0037215003033443344,10_10_5,1,
2021-05-13,True,0.020869476799130662,0.020969564366582434,0.13559322033898305,0.020666086968622186,10_10_5,1,
2021-05-14,True,0.010124692468297001,0.00950888118760769,0.3389830508474576,0.009616217892025814,10_10_5,1,
2021-05-17,True,-0.0017284657281887025,-0.0010129737243884734,0.3389830508474576,-0.002236940304459889,10_10_5,1,
2021-05-18,True,-0.0020435174209605857,-0.002618346355272359,0.1016949152542373,-0.0021960597938419416,10_10_5,1,
2021-05-19,True,0.006129809262209507,0.005513963623866319,0.4067796610169492,0.005519639770684083,10_10_5,1,
2021-05-20,True,-0.008313967034607569,-0.010627349981412503,0.03389830508474576,-0.008364814492234687,10_10_5,1,
2021-05-21,True,0.0035947227603563997,0.005559933040708208,0.2033898305084746,0.003289638014593688,10_10_5,1,
2021-05-24,True,0.02739929081064752,0.023620609736035747,0.4406779661016949,0.02673827386149498,10_10_5,1,
2021-05-25,True,0.0016734035423777113,-0.001188757456534468,0.4745762711864407,0.0009615391355980502,10_10_5,1,
2021-05-26,True,0.005407432492521265,0.008250269144340978,0.5084745762711864,0.0046447206281144855,10_10_5,1,
2021-05-27,True,-0.01016535912393126,-0.004735938625993696,0.23728813559322035,-0.01052129132732109,10_10_5,1,
2021-05-28,True,-0.002518944812255266,0.0006752555961998073,0.3728813559322034,-0.0030782668461535713,10_10_5,1,
2021-05-31,True,0.013870777921318139,0.0044610012955865535,0.23728813559322035,0.013514845717928308,10_10_5,1,
2021-06-01,True,-0.008453228321625731,-0.010479935112633875,0.23728813559322035,-0.008809160525015562,10_10_5,1,
2021-06-02,True,-0.008158710126925782,-0.008159470109227589,0.2711864406779661,-0.008565489787942731,10_10_5,1,
2021-06-03,True,0.007898772947306704,0.009895064909387088,0.3389830508474576,0.007390298371035517,10_10_5,1,
2021-06-04,True,0.0010941096792181765,0.001061833328709719,0.23728813559322035,0.0007381774758283459,10_10_5,1,
2021-06-07,True,-0.006645670822498647,-0.004826106728972135,0.2711864406779661,-0.007052450483515596,10_10_5,1,
2021-06-08,True,-0.0007318332075490307,-0.0015706077521724722,0.2033898305084746,-0.0010369179533117425,10_10_5,1,
2021-06-09,True,0.008824705199903539,0.005117927751319952,0.23728813559322035,0.008468772996513708,10_10_5,1,
2021-06-10,True,-0.008531147783240581,-0.012606007043604183,0.3389830508474576,-0.009039622359511768,10_10_5,1,
2021-06-11,True,-0.013175228495186818,-0.011399630556408179,0.2711864406779661,-0.013582008156203767,10_10_5,1,
2021-06-15,True,-0.020043190874942732,-0.011778268930255686,0.47457627118644063,-0.020755055281722393,10_10_5,1,
2021-06-16,True,0.004201349331898402,0.006905871392031212,0.48148148148148145,0.00347912710967618,10_10_5,1,
2021-06-17,True,-0.0015198879143011117,-0.000405105526158566,0.3333333333333333,-0.002019887914301112,10_10_5,1,
2021-06-18,True,0.0028711007949116926,0.004986746205168786,0.4074074074074074,0.0022599896838005817,10_10_5,1,
2021-06-21,True,0.004977432547546184,0.0028126784052506797,0.4528301886792453,0.004298187264527316,10_10_5,1,
2021-06-22,True,0.012041892161892675,0.009762307316514538,0.4528301886792453,0.011362646878873808,10_10_5,1,
2021-06-23,True,0.0012998873987291866,0.0012308304928706926,0.1509433962264151,0.001073472304389564,10_10_5,1,
2021-06-24,True,0.018496734567712607,0.014687894241939269,0.49056603773584906,0.017760885511108833,10_10_5,1,
2021-06-25,True,-0.001031589807474217,-0.00016876977455246764,0.5283018867924528,-0.0018240426376628961,10_10_5,1,
2021-06-28,True,-0.010179103788782047,-0.009448219010139583,0.25925925925925924,-0.010567992677670935,10_10_5,1,
2021-06-29,True,0.011540028816732276,0.00945381791532909,0.37037037037037035,0.01098447326117672,10_10_5,1,
2021-06-30,True,-0.0007704326592806608,-0.013416851507371153,0.3333333333333333,-0.0012704326592806608,10_10_5,1,
2021-07-01,True,-0.021480380976841885,-0.015497950081914947,0.3333333333333333,-0.021980380976841886,10_10_5,1,
2021-07-02,True,0.003583358549310181,0.004235190618075098,0.4074074074074074,0.00297224743819907,10_10_5,1,
2021-07-05,True,-0.005972038272696639,-0.005265002983690494,0.2222222222222222,-0.0063053716060299725,10_10_5,1,
2021-07-06,True,0.023340692735296376,0.017175264201776813,0.2222222222222222,0.02300735940196304,10_10_5,1,
2021-07-07,True,-0.018478853329479034,-0.01174700869149558,0.2962962962962963,-0.01892329777392348,10_10_5,1,
2021-07-08,True,0.005214938486652147,0.010415434093677723,0.25925925925925924,0.004826049597763258,10_10_5,1,
2021-07-09,True,0.00881590945033631,0.003204989672819897,0.3333333333333333,0.00831590945033631,10_10_5,1,
2021-07-12,True,0.002034838396815101,0.0013017313650764732,0.4074074074074074,0.0014237272857039898,10_10_5,1,
2021-07-13,True,-0.011423604525171827,-0.011245160470735097,0.2222222222222222,-0.01175693785850516,10_10_5,1,
2021-07-14,True,0.010758405686064319,0.007592516831571413,0.25925925925925924,0.01036951679717543,10_10_5,1,
2021-07-15,True,-0.013152970904369378,-0.00718785077778628,0.44067796610169485,-0.01381398785352192,10_10_5,1,
2021-07-16,True,0.0025669631440499033,-0.004752113433525165,0.2711864406779661,0.0021601834830329543,10_10_5,1,
2021-07-19,True,0.006753511680454816,0.007637045680759589,0.2711864406779661,0.006346732019437867,10_10_5,1,
2021-07-20,True,3.872254231559401e-05,0.005437173187055386,0.23728813559322035,-0.0003172096610742365,10_10_5,1,
2021-07-21,True,-0.00664974595912123,0.0028807013624704805,0.2711864406779661,-0.007056525620138179,10_10_5,1,
2021-07-22,True,-0.022460724028842385,-0.01045943370376827,0.2711864406779661,-0.022867503689859334,10_10_5,1,
2021-07-23,True,-0.03135238268994332,-0.02240728457228567,0.3050847457627119,-0.03181000980858739,10_10_5,1,
2021-07-26,True,-0.03176285447115588,-0.03448467669164248,0.23728813559322035,-0.03211878667454571,10_10_5,1,
2021-07-27,True,0.023689777626825646,0.013694675833267068,0.23728813559322035,0.023333845423435817,10_10_5,1,
2021-07-28,True,-0.010944462081710647,-0.0005126270623340007,0.3050847457627119,-0.011402089200354714,10_10_5,1,
2021-07-29,True,-0.012192947438894913,0.0003242878491884827,0.23728813559322035,-0.012548879642284743,10_10_5,1,
2021-07-30,True,0.027795998564906995,0.02332486894987781,0.3050847457627119,0.027338371446262926,10_10_5,1,
2021-08-02,True,0.01383393901194776,0.0021760606271065954,0.3389830508474576,0.013325464435676573,10_10_5,1,
2021-08-03,True,-0.00991609683493292,0.0032077206135055552,0.2033898305084746,-0.010221181580695633,10_10_5,1,
2021-08-04,True,-0.000767378622165185,-0.0028523108137080287,0.13559322033898305,-0.0009707684526736596,10_10_5,1,
2021-08-05,True,-0.01214871258381658,-0.009271327478591758,0.1694915254237288,-0.012402949871952172,10_10_5,1,
2021-08-06,True,0.026159528702868622,0.02000745238761348,0.1694915254237288,0.02590529141473303,10_10_5,1,
2021-08-09,True,0.010908696754971924,0.010499878807020085,0.4067796610169492,0.0102985272634465,10_10_5,1,
2021-08-10,True,-0.007811564703930966,-0.004416140412534794,0.4067796610169492,-0.008421734195456389,10_10_5,1,
2021-08-11,True,-0.0043761832311247995,-0.003498061420734504,0.4745762711864407,-0.00508804763790446,10_10_5,1,
2021-08-12,True,-0.0038184313826874934,-0.004416438464469841,0.3389830508474576,-0.00432690595895868,10_10_5,1,
2021-08-13,True,0.0052710737130662174,0.0014426491195169537,0.2033898305084746,0.004965988967303506,10_10_5,1,
2021-08-16,True,-0.021169477392244538,-0.01597693881828273,0.4406779661016949,-0.02183049434139708,10_10_5,1,
2021-08-17,True,0.002581352287233638,0.012170389933819867,0.4067796610169492,0.0019711827957082143,10_10_5,1,
2021-08-18,True,0.0001698504378485132,-0.007821221364101525,0.3389830508474576,-0.0003386241384226732,10_10_5,1,
2021-08-19,True,-0.016119728174517994,-0.005125670142781779,0.2033898305084746,-0.016424812920280706,10_10_5,1,
2021-08-20,True,0.017262554882251813,0.012810222747332832,0.2711864406779661,0.016855775221234864,10_10_5,1,
2021-08-23,True,0.009839560210224444,0.005562094767702688,0.4067796610169492,0.009229390718699021,10_10_5,1,
2021-08-24,True,0.0010869350061266131,0.0016187040203364607,0.2711864406779661,0.0006801553451096639,10_10_5,1,
2021-08-25,True,-0.024077126711129555,-0.01583838225815409,0.3389830508474576,-0.02458560128740074,10_10_5,1,
2021-08-26,True,0.0011298001280517745,0.004843679632977756,0.5423728813559322,0.0003162408060178762,10_10_5,1,
2021-08-27,True,-0.011782578055977376,-0.00830112634395954,0.2711864406779661,-0.012189357716994325,10_10_5,1,
2021-08-30,True,-0.005349205440934115,0.007068853505847017,0.23728813559322035,-0.005705137644323946,10_10_5,1,
2021-08-31,True,0.015369886016885097,0.014724284604538609,0.3050847457627119,0.01491225889824103,10_10_5,1,
2021-09-01,True,-0.018746692587934884,0.007868221273367698,0.3728813559322034,-0.01930601462183319,10_10_5,1,
2021-09-02,True,0.00658578884210211,-0.006044892478104521,0.3728813559322034,0.0060264668082038045,10_10_5,1,
2021-09-03,True,0.03420007510889716,0.018708768164576183,0.3728813559322034,0.03364075307499886,10_10_5,1,
2021-09-06,True,0.00042341022926932644,0.01054026139576168,0.13559322033898305,0.00022002039876085186,10_10_5,1,
2021-09-07,True,-0.00661499029767764,-0.0014390470566076786,0.1694915254237288,-0.006869227585813233,10_10_5,1,
2021-09-08,True,-0.006730551261148024,0.00527482752200034,0.1694915254237288,-0.006984788549283617,10_10_5,1,
2021-09-09,True,0.007446356129162474,0.001064547606853113,0.2,0.007146356129162474,10_10_5,1,
2021-09-10,True,-0.013819628512715692,-0.0022548325837344774,0.23333333333333334,-0.014169628512715691,10_10_5,1,
2021-09-13,True,-0.004669632011740356,-0.018451027976970683,0.26666666666666666,-0.005069632011740356,10_10_5,1,
2021-09-14,True,-0.014277613890135312,-0.0030457310427494584,0.3333333333333333,-0.014777613890135313,10_10_5,1,
2021-09-15,True,-0.00724278818511021,-0.014570992916746179,0.36666666666666664,-0.00779278818511021,10_10_5,1,
2021-09-16,True,0.00359438501908854,-0.005154228494271411,0.23333333333333334,0.00324438501908854,10_10_5,1,
2021-09-17,True,0.008475549121898773,0.021002785234226516,0.36666666666666664,0.007925549121898773,10_10_5,1,
2021-09-22,True,0.005921529344419387,0.004391244021623899,0.16666666666666666,0.005671529344419387,10_10_5,1,
2021-09-23,True,0.011711908480793076,-0.001822701274755222,0.26666666666666666,0.011311908480793076,10_10_5,1,
2021-09-24,True,0.006396343210504531,-0.00882479008290759,0.3666666666666667,0.005846343210504531,10_10_5,1,
2021-09-27,True,0.0007716904786368467,-0.0031616501590170784,0.3050847457627119,0.0003140633599927789,10_10_5,1,
2021-09-28,True,-0.0022308873631470987,-0.006124923018629105,0.2711864406779661,-0.0026376670241640477,10_10_5,1,
2021-09-29,True,0.010838618614958932,0.01541934239514922,0.2033898305084746,0.01053353386919622,10_10_5,1,
2021-09-30,True,0.006090276755399724,0.0031939297001918163,0.2711864406779661,0.005683497094382775,10_10_5,1,
2021-10-08,True,0.006990190436922656,-0.0040826312871211365,0.3389830508474576,0.00648171586065147,10_10_5,1,
2021-10-11,True,-0.00972460269170863,-0.012092012532562686,0.5084745762711864,-0.01048731455611541,10_10_5,1,
2021-10-12,True,0.007883742452190028,0.005962448334729939,0.3728813559322034,0.007324420418291722,10_10_5,1,
2021-10-13,True,0.0013274070236149469,-0.003944915380959796,0.3389830508474576,0.0008189324473437604,10_10_5,1,
2021-10-14,True,0.002862202511613822,0.00022697842344417024,0.2711864406779661,0.002455422850596873,10_10_5,1,
2021-10-15,True,-0.003092393878914001,-0.006055287179694815,0.3389830508474576,-0.0036008684551851874,10_10_5,1,
2021-10-18,True,0.013328477372506581,0.010019991877419141,0.3389830508474576,0.012820002796235394,10_10_5,1,
2021-10-19,True,-0.005579713087798413,-0.0029829237643686597,0.3728813559322034,-0.006139035121696718,10_10_5,1,
2021-10-20,True,-0.000536555878444062,-0.0003035127273609257,0.4406779661016949,-0.0011975728275966046,10_10_5,1,
2021-10-21,True,0.0019513635157577894,-1.3689812492741358e-05,0.4067796610169492,0.0013411940242323657,10_10_5,1,
2021-10-22,True,0.0061102131987457,0.006828907098794695,0.3050847457627119,0.005652586080101632,10_10_5,1,
2021-10-25,True,0.004539979034618913,-0.0019526775681731276,0.3389830508474576,0.004031504458347727,10_10_5,1,
2021-10-26,True,-0.019336263225994813,-0.0158385976592136,0.3389830508474576,-0.019844737802265998,10_10_5,1,
2021-10-27,True,-0.004615651237329325,-0.006276181373012544,0.3389830508474576,-0.005124125813600511,10_10_5,1,
2021-10-28,True,0.012575076217019383,0.009701976556434124,0.2711864406779661,0.012168296556002434,10_10_5,1,
2021-10-29,True,0.0018182224995390375,0.0032112755377403804,0.3389830508474576,0.001309747923267851,10_10_5,1,
2021-11-01,True,-0.008177011824488685,-0.008603556441029992,0.4067796610169492,-0.008787181316014109,10_10_5,1,
2021-11-02,True,0.004132683435941228,0.005573387858939149,0.4745762711864407,0.003420819029161567,10_10_5,1,
2021-11-03,True,0.0008493351681378822,0.004312309947053891,0.4067796610169492,0.0002391656766124584,10_10_5,1,
2021-11-04,True,-0.003302673554407786,-0.00438713071577189,0.4406779661016949,-0.003963690503560329,10_10_5,1,
2021-11-05,True,0.0036869484539030738,0.0013752006806696578,0.2711864406779661,0.003280168792886125,10_10_5,1,
2021-11-08,True,-0.001501894636871241,-0.0020099512579930573,0.2033898305084746,-0.001806979382633953,10_10_5,1,
2021-11-09,True,-0.001273483758317723,-0.0018316006027431153,0.2711864406779661,-0.0016802634193346722,10_10_5,1,
2021-11-10,True,0.01525860804588569,0.01550800619589852,0.30508474576271183,0.014800980927241622,10_10_5,1,
2021-11-11,True,-0.003959773128345883,-0.0002523826356049804,0.41379310344827586,-0.004580462783518297,10_10_5,1,
2021-11-12,True,-0.00010947749141721302,0.0005936590271008397,0.27586206896551724,-0.0005232705948654888,10_10_5,1,
2021-11-15,True,0.0015184783235664603,-0.00112531596181509,0.41379310344827586,0.0008977886683940464,10_10_5,1,
2021-11-16,True,0.0002749624224279176,0.0008361133470869993,0.41379310344827586,-0.00034572723274449625,10_10_5,1,
2021-11-17,True,-0.005253098575394517,-0.008377398818259189,0.30508474576271183,-0.005710725694038585,10_10_5,1,
2021-11-18,True,0.009867778964879122,0.011201377802188212,0.3333333333333333,0.009367778964879121,10_10_5,1,
2021-11-19,True,0.0019263426539699962,0.0030100194837435284,0.43333333333333335,0.001276342653969996,10_10_5,1,
2021-11-22,False,,,,,10_10_5,1,1.0
2021-11-23,False,,,,,10_10_5,1,1.0
2021-11-24,True,-0.005038697557498496,-0.0053594551679385935,1.0,-0.006538697557498497,10_10_5,1,
2021-11-25,False,,,,,10_10_5,1,1.0
2021-11-26,False,,,,,10_10_5,1,1.0
2021-11-29,True,-0.0051693725689587805,-0.002858643361868919,1.0,-0.006669372568958781,10_10_5,1,
2021-11-30,True,0.003060978558568693,0.005225944533872468,0.1694915254237288,0.0028067412704330997,10_10_5,1,
2021-12-01,True,-0.000796850251052474,0.0021608596798509687,0.2711864406779661,-0.0012036299120694231,10_10_5,1,
2021-12-02,True,0.006722166398056552,0.010738506634871962,0.576271186440678,0.005857759618395535,10_10_5,1,
2021-12-03,True,0.004822144175588566,0.0016012776979285762,0.3389830508474576,0.00431366959931738,10_10_5,1,
2021-12-06,True,0.00858083317765926,0.002067229210018842,0.4406779661016949,0.007919816228506718,10_10_5,1,
2021-12-07,True,0.01218298111235965,0.011616415142120797,0.4067796610169492,0.011572811620834227,10_10_5,1,
2021-12-08,True,0.01587427686634439,0.011556647591171261,0.2711864406779661,0.015467497205327443,10_10_5,1,
2021-12-09,True,0.0023562672071143357,0.00248658653787708,0.5084745762711864,0.0015935553427075559,10_10_5,1,
2021-12-10,True,-0.005574779674511391,-0.004242938034024399,0.3389830508474576,-0.006083254250782578,10_10_5,1,
2021-12-13,True,-0.004717912410908882,-0.004740904917024425,0.37288135593220334,-0.005277234444807187,10_10_5,1,
2021-12-14,True,-0.0034737872386740617,-0.004520518348643646,0.3333333333333333,-0.003973787238674062,10_10_5,1,
2021-12-15,True,0.0069178067238066685,0.005226731929117524,0.2962962962962963,0.006473362279362224,10_10_5,1,
2021-12-16,True,-0.022263030502375807,-0.015760277633011455,0.2222222222222222,-0.022596363835709142,10_10_5,1,
2021-12-17,True,-0.013254730762435543,-0.009130271746511707,0.48148148148148145,-0.013976952984657766,10_10_5,1,
2021-12-20,True,0.011561234245588213,0.011998655674061413,0.25925925925925924,0.011172345356699325,10_10_5,1,
2021-12-21,True,0.005025654297998916,0.0011763341476003113,0.25925925925925924,0.004636765409110027,10_10_5,1,
2021-12-22,True,0.004171856564291445,0.0023324709301827135,0.18518518518518517,0.003894078786513667,10_10_5,1,
2021-12-23,True,-0.004677169527719292,-0.002946481598964928,0.37037037037037035,-0.005232725083274848,10_10_5,1,
2021-12-24,True,0.0062843773558135824,0.004376920865475527,0.3333333333333333,0.005784377355813582,10_10_5,1,
2021-12-27,True,0.010421567945977083,0.0034380244752546833,0.18867924528301885,0.010138549078052554,10_10_5,1,
2021-12-28,True,-0.00934716161998232,-0.00929724012307446,0.2641509433962264,-0.00974338803507666,10_10_5,1,
2021-12-29,True,0.017483979537620386,0.00988221797442517,0.49056603773584906,0.016748130481016612,10_10_5,1,
2021-12-30,True,0.005888712823973322,0.006351204635854768,0.33962264150943394,0.0053792788617091705,10_10_5,1,
2021-12-31,True,-0.011129401353186305,-0.001829401017930878,0.4528301886792453,-0.011808646636205173,10_10_5,1,
2022-01-04,True,-0.014069734118978132,-0.0120034764343855,0.3333333333333333,-0.014569734118978132,10_10_5,1,
2022-01-05,True,-0.0030442984271065753,-0.0011541293861807738,0.37037037037037035,-0.003599853982662131,10_10_5,1,
2022-01-06,True,-0.003265971857400444,-0.00024454959772909934,0.25925925925925924,-0.0036548607462893326,10_10_5,1,
2022-01-07,True,0.0065401537777378775,0.007176456367685017,0.14814814814814814,0.006317931555515655,10_10_5,1,
2022-01-10,True,-0.00986817267097102,-0.007201475142476203,0.37037037037037035,-0.010423728226526575,10_10_5,1,
2022-01-11,True,0.013013599100103409,0.005524290894872215,0.4074074074074074,0.012402487988992298,10_10_5,1,
2022-01-12,True,-0.02379872577006452,-0.019251603796761257,0.2962962962962963,-0.024243170214508964,10_10_5,1,
2022-01-13,True,0.005366710314696977,-0.004568535715550002,0.5423728813559322,0.004553150992663079,10_10_5,1,
2022-01-14,True,0.013697260652867298,0.008807074752191073,0.1694915254237288,0.013443023364731705,10_10_5,1,
2022-01-17,True,0.003585300682165776,0.0074290926997250565,0.2033898305084746,0.0032802159364030644,10_10_5,1,
2022-01-18,True,-0.016345216480078237,-0.00571867919003697,0.2033898305084746,-0.01665030122584095,10_10_5,1,
2022-01-19,True,-0.004031996392796678,0.00010470430802974186,0.23728813559322035,-0.004387928596186509,10_10_5,1,
2022-01-20,True,-0.010157267136475237,-0.01575665663325634,0.2711864406779661,-0.010564046797492186,10_10_5,1,
2022-01-21,True,0.009557503075666674,0.0026455266068158506,0.3728813559322034,0.00899818104176837,10_10_5,1,
2022-01-24,True,-0.014855404987463178,-0.019223960337895165,0.4067796610169492,-0.015465574478988602,10_10_5,1,
2022-01-25,True,-0.002858048017167234,0.00014181815030974253,0.3389830508474576,-0.00336652259343842,10_10_5,1,
2022-01-26,True,-0.020655249631744428,-0.016045189353107905,0.3389830508474576,-0.021163724208015613,10_10_5,1,
2022-01-27,True,-0.0019117139003351036,0.0007772683147587887,0.3728813559322034,-0.0024710359342334084,10_10_5,1,
2022-01-28,True,-0.003906335992237653,0.0012859241758013133,0.2033898305084746,-0.004211420738000364,10_10_5,1,
2022-02-07,True,-0.0030367738203982268,0.0014903419055774204,0.3728813559322034,-0.0035960958542965316,10_10_5,1,
2022-02-08,True,0.015701617455100646,0.009657251823839266,0.3389830508474576,0.015193142878829459,10_10_5,1,
2022-02-09,True,-0.01062679328495501,-0.003994003860847757,0.3103448275862069,-0.011092310526334321,10_10_5,1,
2022-02-10,True,-0.016466616711525883,-0.011765036394761026,0.3103448275862069,-0.016932133952905194,10_10_5,1,
2022-02-11,True,-0.0009131897445158884,-0.0065841766880652425,0.30508474576271183,-0.0013708168631599562,10_10_5,1,
2022-02-14,True,0.027569605595863512,0.014996188900160523,0.4406779661016949,0.02690858864671097,10_10_5,1,
2022-02-15,True,-0.003938277637509202,-0.001476079730710276,0.23728813559322035,-0.004294209840899033,10_10_5,1,
2022-02-16,True,-0.003050850486347119,-0.004005042544196741,0.3050847457627119,-0.003508477604991187,10_10_5,1,
2022-02-17,True,0.007456278989764534,0.009574519139093837,0.23728813559322035,0.007100346786374704,10_10_5,1,
2022-02-18,True,-0.010617383952726588,-0.0046596532350311765,0.3389830508474576,-0.011125858528997775,10_10_5,1,
2022-02-21,True,-0.0025235283254095233,-0.0054206245926688304,0.3389830508474576,-0.00303200290168071,10_10_5,1,
2022-02-22,True,0.018058705605039117,0.005380391776055906,0.2033898305084746,0.017753620859276405,10_10_5,1,
2022-02-23,True,-0.003221294510776769,-0.009070517872168574,0.2711864406779661,-0.003628074171793718,10_10_5,1,
2022-02-24,True,0.007317451043126755,0.0020121741367994106,0.3728813559322034,0.0067581290092284495,10_10_5,1,
2022-02-25,True,0.002241532246226726,0.003986805940989142,0.2711864406779661,0.001834752585209777,10_10_5,1,
2022-02-28,True,0.0007643832754612652,-0.0007113066628772295,0.3728813559322034,0.00020506124156296015,10_10_5,1,
2022-03-01,True,-0.0008729210233812349,0.0016547768333312896,0.3728813559322034,-0.00143224305727954,10_10_5,1,
2022-03-02,True,-0.013533753775846468,-0.014206082165094431,0.5084745762711864,-0.014296465640253248,10_10_5,1,
2022-03-03,True,-0.009506241495992147,-0.005832693547032152,0.5423728813559322,-0.010319800818026045,10_10_5,1,
2022-03-04,True,-0.017562707154149374,-0.024963811686509702,0.3389830508474576,-0.01807118173042056,10_10_5,1,
2022-03-07,True,-0.018347644429294558,-0.023094581266205536,0.3389830508474576,-0.018856119005565743,10_10_5,1,
2022-03-08,True,0.0027750983193322878,0.003410628774413113,0.1016949152542373,0.002622555946450932,10_10_5,1,
2022-03-09,True,-0.023717618288565192,-0.01979049628119837,0.13559322033898305,-0.023921008119073668,10_10_5,1,
2022-03-10,True,0.011743327184290725,0.012974820974831857,0.2033898305084746,0.011438242438528012,10_10_5,1,
2022-03-11,True,-0.021132988033230334,-0.025662816361864876,0.1694915254237288,-0.021387225321365926,10_10_5,1,
2022-03-14,True,-0.024712377142459635,-0.02357717941817625,0.23728813559322035,-0.025068309345849464,10_10_5,1,
2022-03-15,True,0.04357959595227947,0.03689172686256603,0.3389830508474576,0.043071121376008284,10_10_5,1,
2022-03-16,True,-0.0019746928453334913,-0.001466850799417392,0.3448275862068966,-0.002491934224643836,10_10_5,1,
2022-03-17,True,0.009912909617278717,0.01285058988312642,0.7586206896551724,0.008774978582795958,10_10_5,1,
2022-03-18,True,-0.00799797731678787,-0.004612936212737515,0.3389830508474576,-0.008506451893059057,10_10_5,1,
2022-03-21,True,0.008896133520192554,0.004060241439808938,0.3728813559322034,0.00833681148629425,10_10_5,1,
2022-03-22,True,-0.0008674186846686205,-0.00335287149093148,0.1694915254237288,-0.0011216559728042138,10_10_5,1,
2022-03-23,True,-0.0020511352241189846,-0.0007370331194653701,0.3,-0.0025011352241189845,10_10_5,1,
2022-03-24,True,-0.023857274317455813,-0.02486779798491544,0.6,-0.024757274317455814,10_10_5,1,
2022-03-25,True,0.0068023769923221305,0.007100520103546764,0.4,0.006202376992322131,10_10_5,1,
2022-03-28,True,-0.0029441455608853564,-0.0012667208105173792,0.43333333333333335,-0.0035941455608853564,10_10_5,1,
2022-03-29,True,0.014681787634065132,0.016547534044865447,0.4,0.014081787634065132,10_10_5,1,
2022-03-30,True,-0.00888930071016829,-0.009862614125237581,0.5333333333333333,-0.00968930071016829,10_10_5,1,
2022-03-31,True,0.016294901382156713,0.013613818483819231,0.5,0.015544901382156712,10_10_5,1,
2022-04-01,True,-0.010531018337809681,-0.0037259912862010096,0.3050847457627119,-0.010988645456453748,10_10_5,1,
2022-04-06,True,-0.005812279634204168,-0.009701537772829462,0.3050847457627119,-0.0062699067528482364,10_10_5,1,
2022-04-07,True,-0.011764943623639695,-0.002660374067839577,0.3050847457627119,-0.012222570742283763,10_10_5,1,
2022-04-08,True,-0.034089949863938755,-0.02633782216735328,0.23728813559322035,-0.034445882067328584,10_10_5,1,
2022-04-11,True,0.020943782147582874,0.015207914950159057,0.1694915254237288,0.02068954485944728,10_10_5,1,
2022-04-12,True,0.0063564515128525295,-1.7453290982798553e-05,0.2711864406779661,0.0059496718518355805,10_10_5,1,
2022-04-13,True,-0.001639267383651727,0.0006886530623860045,0.3448275862068966,-0.0021565087629620717,10_10_5,1,
2022-04-14,True,0.006190243814286228,-0.001808646401379821,0.27586206896551724,0.005776450710837952,10_10_5,1,
2022-04-15,True,0.016490325162342244,0.005273688859385803,0.3103448275862069,0.016024807920962933,10_10_5,1,
2022-04-18,True,-0.008899419474334879,-0.006815808983861691,0.24137931034482757,-0.00926148843985212,10_10_5,1,
2022-04-19,True,-0.018813214310239638,-0.017702653755036532,0.20689655172413793,-0.019123559137825846,10_10_5,1,
2022-04-20,True,-0.0259288317886979,-0.02330170572122282,0.20689655172413793,-0.02623917661628411,10_10_5,1,
2022-04-21,True,-0.017228130980475882,-0.01002387131457663,0.27586206896551724,-0.01764192408392416,10_10_5,1,
2022-04-22,True,-0.03849849339532983,-0.03305867478967022,0.4067796610169491,-0.03910866288685526,10_10_5,1,
2022-04-25,True,-0.03419414376208091,-0.029577605003931116,0.3389830508474576,-0.034702618338352094,10_10_5,1,
2022-04-26,True,0.05737724753832569,0.037746401007793605,0.2711864406779661,0.056970467877308736,10_10_5,1,
2022-04-27,True,0.01566402743990157,0.012549334703797582,0.4067796610169492,0.015053857948376147,10_10_5,1,
2022-04-28,True,0.036249195411789385,0.025142823492847167,0.3389830508474576,0.0357407208355182,10_10_5,1,
2022-04-29,True,-0.006661127493865583,-0.013295701341250993,0.4067796610169492,-0.007271296985391007,10_10_5,1,
2022-05-05,True,0.0016681550240175127,-0.006535721924921204,0.3728813559322034,0.0011088329901192077,10_10_5,1,
2022-05-06,True,-0.010216725007030213,-0.011637503593797961,0.3050847457627119,-0.01067435212567428,10_10_5,1,
2022-05-09,True,0.034351119040040144,0.026168444757866362,0.2033898305084746,0.03404603429427743,10_10_5,1,
2022-05-10,True,0.010097237887478763,0.007322753972667877,0.2711864406779661,0.009690458226461814,10_10_5,1,
2022-05-11,True,0.009862383368402023,0.009810576673406598,0.4745762711864407,0.009150518961622361,10_10_5,1,
2022-05-12,True,0.00255808965604084,0.008042091047402158,0.4745762711864407,0.001846225249261179,10_10_5,1,
2022-05-13,True,-0.010802134035127696,-0.013011498707622556,0.4745762711864407,-0.011513998441907357,10_10_5,1,
2022-05-16,True,0.009286654054353558,0.009900557759044689,0.6440677966101694,0.008320552359438304,10_10_5,1,
2022-05-17,True,-0.011836439270185295,-0.016735895139033202,0.5084745762711864,-0.012599151134592075,10_10_5,1,
2022-05-18,True,0.01732485747139381,0.021062887829467886,0.7457627118644068,0.016206213403597198,10_10_5,1,
2022-05-19,True,0.022352393974135663,0.015029552872825298,0.23728813559322035,0.021996461770745834,10_10_5,1,
2022-05-20,True,-0.0009489222671859634,-0.0018672806871782386,0.4745762711864407,-0.0016607866739656244,10_10_5,1,
2022-05-23,True,-0.02120108009241816,-0.027184365346833314,0.23728813559322035,-0.02155701229580799,10_10_5,1,
2022-05-24,True,0.017635870986621397,0.012361961357574983,0.3050847457627119,0.017178243867977328,10_10_5,1,
2022-05-25,True,0.008911295636186312,0.009882624683041102,0.3389830508474576,0.008402821059915124,10_10_5,1,
2022-05-26,True,-0.001783319581087102,-0.0022049698406912525,0.2711864406779661,-0.0021900992421040513,10_10_5,1,
2022-05-27,True,0.005792314747740158,0.004002212739072958,0.3728813559322034,0.0052329927138418525,10_10_5,1,
2022-05-30,True,0.014920156247590362,0.014904122477266085,0.4745762711864407,0.0142082918408107,10_10_5,1,
2022-05-31,True,0.0005877690897497978,-0.004116369675227569,0.3050847457627119,0.00013014197110572997,10_10_5,1,
2022-06-01,True,0.002387880513009354,0.0069551094208186275,0.3389830508474576,0.0018794059367381675,10_10_5,1,
2022-06-02,True,0.017965698344261,0.017947198771580988,0.23728813559322035,0.01760976614087117,10_10_5,1,
2022-06-06,True,0.007031462901179151,0.003887299543681124,0.2033898305084746,0.006726378155416439,10_10_5,1,
2022-06-07,True,0.002259126735253412,0.0053214070581241385,0.3389830508474576,0.0017506521589822257,10_10_5,1,
2022-06-08,True,-0.012096866381615399,-0.017101280261998388,0.2033898305084746,-0.012401951127378111,10_10_5,1,
2022-06-09,True,0.0063958570801016775,0.012851295327434254,0.3050847457627119,0.0059382299614576094,10_10_5,1,
2022-06-10,True,-0.015968679578667197,-0.008647559165393616,0.3050847457627119,-0.016426306697311266,10_10_5,1,
2022-06-13,True,0.013620460399797767,0.022597848229626783,0.30508474576271183,0.0131628332811537,10_10_5,1,
2022-06-14,True,0.013875855773757504,0.012248812400549819,0.25925925925925924,0.013486966884868615,10_10_5,1,
2022-06-15,True,-0.009342350600518797,-0.012476807872285845,0.48148148148148145,-0.010064572822741018,10_10_5,1,
2022-06-16,True,0.02097104472743779,0.020563190565768996,0.25925925925925924,0.0205821558385489,10_10_5,1,
2022-06-17,True,0.011512269050718298,0.0037683815354761312,0.37037037037037035,0.010956713495162742,10_10_5,1,
2022-06-20,True,-1.748016214447045e-05,-0.001573412273600853,0.2962962962962963,-0.00046192460658891484,10_10_5,1,
2022-06-21,True,-0.015388582965460949,-0.015431091894573855,0.14814814814814814,-0.015610805187683171,10_10_5,1,
2022-06-22,True,0.010456116838942762,0.016621586359254478,0.14814814814814814,0.01023389461672054,10_10_5,1,
2022-06-23,True,0.01892204615972619,0.01141472366257729,0.25925925925925924,0.0185331572708373,10_10_5,1,
2022-06-24,True,0.006990701374460554,0.0072158043101334815,0.25925925925925924,0.006601812485571665,10_10_5,1,
2022-06-27,True,0.010672920575487766,0.008153563263482792,0.4074074074074074,0.010061809464376655,10_10_5,1,
2022-06-28,True,-0.009673051967597442,-0.008841405135564927,0.37037037037037035,-0.010228607523152997,10_10_5,1,
2022-06-29,True,0.014190287208402198,0.01205729390895093,0.3333333333333333,0.013690287208402197,10_10_5,1,
2022-06-30,True,-0.007525553107103892,-0.006504369187811591,0.2222222222222222,-0.007858886440437226,10_10_5,1,
2022-07-01,True,0.010773965712288515,0.010104939951776151,0.2222222222222222,0.010440632378955182,10_10_5,1,
2022-07-04,True,-0.007638067788929982,-0.008853479872936665,0.25925925925925924,-0.00802695667781887,10_10_5,1,
2022-07-05,True,-0.004144151273918046,-0.010641028279081055,0.4444444444444444,-0.004810817940584713,10_10_5,1,
2022-07-06,True,0.015516768225132536,0.006816583409814238,0.3333333333333333,0.015016768225132536,10_10_5,1,
2022-07-07,True,-0.012209569223032176,-0.008211034783819692,0.4074074074074074,-0.012820680334143287,10_10_5,1,
2022-07-08,True,-0.008652075593514498,-0.010692202174285221,0.2962962962962963,-0.009096520037958944,10_10_5,1,
2022-07-11,True,-0.008768665296115627,-0.008900722211230078,0.2222222222222222,-0.00910199862944896,10_10_5,1,
2022-07-12,True,0.0005615547119769353,-0.001797170403362693,0.4074074074074074,-4.955639913417577e-05,10_10_5,1,
2022-07-13,True,0.003045323016983396,0.000949082922564111,0.4333333333333333,0.002395323016983396,10_10_5,1,
2022-07-14,True,-0.007290822015961736,-0.011091948794718575,0.16666666666666666,-0.007540822015961736,10_10_5,1,
2022-07-15,True,0.006083142505271181,0.009348048499211392,0.3,0.0056331425052711815,10_10_5,1,
2022-07-18,True,0.0033278389864718977,0.003340646967286005,0.43333333333333335,0.0026778389864718978,10_10_5,1,
2022-07-19,True,-0.0010655213654176402,0.00011641881898439364,0.5084745762711864,-0.0018282332298244198,10_10_5,1,
2022-07-20,True,-0.009978021890035485,-0.003940861786320532,0.4406779661016949,-0.010639038839188026,10_10_5,1,
2022-07-21,True,-0.004160701362512764,-0.0068773751004841555,0.3728813559322034,-0.004720023396411069,10_10_5,1,
2022-07-22,True,-0.0019881882083934797,-0.0056890043740203166,0.2711864406779661,-0.0023949678694104286,10_10_5,1,
2022-07-25,True,0.006149110534055355,0.00492550506935104,0.3728813559322034,0.0055897885001570495,10_10_5,1,
2022-07-26,True,0.002539863730692578,0.003805356959533142,0.4745762711864407,0.0018279993239129167,10_10_5,1,
2022-07-27,True,-4.725967636702366e-05,-0.0012131855033127666,0.2711864406779661,-0.0004540393373839728,10_10_5,1,
2022-07-28,True,-0.017960666854552772,-0.015724012002752277,0.4067796610169492,-0.018570836346078198,10_10_5,1,
2022-07-29,True,-0.008211236754659929,-0.0029522702359283813,0.4067796610169492,-0.008821406246185352,10_10_5,1,
2022-08-01,True,-0.013017661563376135,-0.011578791077415471,0.3389830508474576,-0.013526136139647323,10_10_5,1,
2022-08-02,True,0.0028479227677377264,-0.0011094688605961384,0.23728813559322035,0.002491990564347896,10_10_5,1,
2022-08-03,True,0.006156883493397942,0.004430300252276013,0.1694915254237288,0.005902646205262348,10_10_5,1,
2022-08-04,True,0.011322835022471923,0.014126961223627612,0.3050847457627119,0.010865207903827856,10_10_5,1,
2022-08-05,True,-0.00038891866662512596,0.0010224336837402017,0.4067796610169492,-0.0009990881581505497,10_10_5,1,
2022-08-08,True,-0.004396107431666808,-0.00030556417914844844,0.23728813559322035,-0.004752039635056639,10_10_5,1,
2022-08-09,True,-0.0035389638191244996,-0.0025185577020975496,0.2033898305084746,-0.0038440485648872113,10_10_5,1,
2022-08-10,True,0.017732509881972443,0.015241381635821925,0.2033898305084746,0.01742742513620973,10_10_5,1,
2022-08-11,True,0.0035856804682568794,-0.0021185651915202083,0.4745762711864407,0.0028738160614772182,10_10_5,1,
2022-08-12,True,-0.0041528563023311696,0.0003314945574258186,0.3389830508474576,-0.004661330878602356,10_10_5,1,
2022-08-15,True,-0.0021806632892016607,-0.0028812738898514405,0.4745762711864407,-0.002892527695981322,10_10_5,1,
2022-08-16,True,0.0028015088907320253,0.00585040688276132,0.3728813559322034,0.0022421868568337205,10_10_5,1,
2022-08-17,True,-0.008692282226251962,-0.007425508333684975,0.3728813559322034,-0.009251604260150268,10_10_5,1,
2022-08-18,True,-0.009269320486057504,-0.007823111652183164,0.2711864406779661,-0.009676100147074453,10_10_5,1,
2022-08-19,True,0.009438110587667144,0.009349894774534791,0.3050847457627119,0.008980483469023076,10_10_5,1,
2022-08-22,True,-0.009202490854275118,-0.0024222111769135676,0.13559322033898305,-0.009405880684783593,10_10_5,1,
2022-08-23,True,-0.01472261684996012,-0.01875490801533249,0.1694915254237288,-0.014976854138095713,10_10_5,1,
2022-08-24,True,0.010336601271580868,0.00723713848071782,0.3050847457627119,0.0098789741529368,10_10_5,1,
2022-08-25,True,-0.010692786653546876,-0.015655669313858624,0.3728813559322034,-0.011252108687445181,10_10_5,1,
2022-08-26,True,0.008003924456422116,0.009463139835061205,0.4067796610169492,0.007393754964896693,10_10_5,1,
2022-08-29,True,-0.0024765075837497375,-0.003673102672962397,0.5423728813559322,-0.003290066905783636,10_10_5,1,
2022-08-30,True,0.003411476741928872,-0.0018875622032596797,0.3728813559322034,0.0028521547080305673,10_10_5,1,
2022-08-31,True,-0.002953319253532381,-0.00254661564319372,0.5084745762711864,-0.003716031117939161,10_10_5,1,
2022-09-01,True,-0.00869959751323718,-0.0054928028249868685,0.23728813559322035,-0.00905552971662701,10_10_5,1,
2022-09-02,True,0.0008649581089863674,0.003267457056878951,0.2711864406779661,0.0004581784479694183,10_10_5,1,
2022-09-05,True,0.006120257016886012,0.004990850867755979,0.3050847457627119,0.005662629898241944,10_10_5,1,
2022-09-06,True,0.008659852794458509,0.006432658181499425,0.3389830508474576,0.008151378218187321,10_10_5,1,
2022-09-07,True,-0.002579689631659592,-0.0029445414310793287,0.2711864406779661,-0.002986469292676541,10_10_5,1,
2022-09-08,True,0.013046900782426353,0.01325465216720597,0.1694915254237288,0.01279266349429076,10_10_5,1,
2022-09-09,True,-0.011287284569936138,-0.01473964688300143,0.4406779661016949,-0.01194830151908868,10_10_5,1,
2022-09-13,True,0.007413060197882347,0.007416750851030778,0.2711864406779661,0.007006280536865398,10_10_5,1,
2022-09-14,True,-0.019131279280150803,-0.01789503625902575,0.3728813559322034,-0.019690601314049108,10_10_5,1,
2022-09-15,True,-0.018350980598818876,-0.023150844253111345,0.2711864406779661,-0.018757760259835825,10_10_5,1,
2022-09-16,True,0.004868046803893358,0.0013792008690784961,0.2711864406779661,0.004461267142876409,10_10_5,1,
2022-09-19,True,-0.002212262337345061,-0.005859787860462078,0.23728813559322035,-0.0025681945407348915,10_10_5,1,
2022-09-20,True,-0.015437644469014057,-0.009010282157845504,0.3728813559322034,-0.015996966502912362,10_10_5,1,
2022-09-21,True,0.0008789181359324364,-0.0013492369427654902,0.5084745762711864,0.00011620627152565677,10_10_5,1,
2022-09-22,True,-0.01845319136071276,-0.013095008055330705,0.6101694915254238,-0.019368445598000893,10_10_5,1,
2022-09-23,True,0.0028497806013147676,-0.0013507976575288972,0.1694915254237288,0.0025955433131791745,10_10_5,1,
2022-09-26,True,0.00814009676352358,0.01230662900390267,0.2033898305084746,0.007835012017760868,10_10_5,1,
2022-09-27,True,-0.008333386580300408,-0.006805326713028944,0.4745762711864407,-0.00904525098708007,10_10_5,1,
2022-09-28,True,-0.009039670633964294,-0.009494115685171365,0.3389830508474576,-0.009548145210235481,10_10_5,1,
2022-09-29,True,-0.008710975176701954,-0.005605571339492449,0.23728813559322035,-0.009066907380091785,10_10_5,1,
2022-09-30,True,-0.02315048378106922,-0.01957551803106756,0.2711864406779661,-0.023557263442086168,10_10_5,1,
2022-10-10,True,0.002298367676340752,-0.004008754475578828,0.3728813559322034,0.001739045642442447,10_10_5,1,
2022-10-11,True,0.021073335108130527,0.01454410570010678,0.24137931034482757,0.020711266142613285,10_10_5,1,
2022-10-12,True,0.011420784117402926,0.011602758972900636,0.5172413793103449,0.010644922048437408,10_10_5,1,
2022-10-13,True,0.01656380866265554,0.012631625930843418,0.48275862068965514,0.01583967073162106,10_10_5,1,
2022-10-14,True,0.013067576134719712,0.01323171625078228,0.4482758620689655,0.012395162341616264,10_10_5,1,
2022-10-17,True,-0.0095944745437311,-0.009253705439686604,0.27586206896551724,-0.010008267647179376,10_10_5,1,
2022-10-18,True,-0.01749877589437423,-0.016397686212462206,0.3389830508474576,-0.018007250470645414,10_10_5,1,
2022-10-19,True,0.009789346161961855,0.006685052704221936,0.23728813559322035,0.009433413958572024,10_10_5,1,
2022-10-20,True,-0.006088120062399142,-0.00344746400863097,0.3,-0.006538120062399142,10_10_5,1,
2022-10-21,True,-0.022789944906133567,-0.02611639487166022,0.43333333333333335,-0.023439944906133568,10_10_5,1,
2022-10-24,True,0.004130225774281074,0.0015521742162185707,0.3333333333333333,0.0036302257742810737,10_10_5,1,
2022-10-25,True,0.022462680424422402,0.017077824503270018,0.3050847457627119,0.022005053305778333,10_10_5,1,
2022-10-26,True,-0.005421441996875362,-0.010937191901347695,0.4406779661016949,-0.006082458946027904,10_10_5,1,
2022-10-27,True,-0.02540924316198372,-0.027328181980471895,0.3389830508474576,-0.025917717738254905,10_10_5,1,
2022-10-28,True,0.002184166137106527,0.004471467419011731,0.4406779661016949,0.0015231491879539845,10_10_5,1,
2022-10-31,True,0.0300649152875446,0.025379037008777087,0.3728813559322034,0.029505593253646295,10_10_5,1,
2022-11-01,True,0.011342436862251793,0.009227704469523259,0.5084745762711864,0.010579724997845014,10_10_5,1,
2022-11-02,True,0.0003415999815543786,0.00449886263806183,0.3389830508474576,-0.00016687459471680783,10_10_5,1,
2022-11-03,True,0.028640448761380888,0.02543504504294608,0.3050847457627119,0.02818282164273682,10_10_5,1,
2022-11-04,True,0.006132758511985346,0.004430138972151436,0.3728813559322034,0.005573436478087041,10_10_5,1,
2022-11-07,True,-0.00303208050163257,-0.005073808432615485,0.1016949152542373,-0.003184622874513926,10_10_5,1,
2022-11-08,True,-0.008771110032101782,-0.013159139274790232,0.2711864406779661,-0.00917788969311873,10_10_5,1,
2022-11-09,True,0.02494413178550073,0.023229972998452687,0.4067796610169492,0.024333962293975303,10_10_5,1,
2022-11-10,True,0.020175849752766734,0.004247545449355836,0.23728813559322035,0.019819917549376904,10_10_5,1,
2022-11-11,True,-0.010318646033516895,-0.005157152802640275,0.576271186440678,-0.011183052813177913,10_10_5,1,
2022-11-14,True,0.013763308886653315,0.020978932099978656,0.576271186440678,0.012898902106992297,10_10_5,1,
2022-11-15,True,-0.011383702546314097,-0.010214433394491119,0.6101694915254238,-0.012298956783602233,10_10_5,1,
2022-11-16,True,-0.0019009930328918894,0.003672558794489864,0.3389830508474576,-0.002409467609163076,10_10_5,1,
2022-11-17,True,-0.012524046168087184,-0.013074346209763553,0.2711864406779661,-0.012930825829104133,10_10_5,1,
2022-11-18,True,0.001883688803542104,-0.0011273373103982448,0.2711864406779661,0.0014769091425251549,10_10_5,1,
2022-11-21,True,-0.007426036040628516,-0.0024447090518359403,0.1694915254237288,-0.007680273328764109,10_10_5,1,
2022-11-22,True,0.006755830621766449,0.005395183582017677,0.2033898305084746,0.006450745876003737,10_10_5,1,
2022-11-23,True,-0.0032530545753524137,-0.0075091023613803685,0.3728813559322034,-0.0038123766092507186,10_10_5,1,
2022-11-24,True,-0.01824445360519367,-0.012086660810575908,0.23728813559322035,-0.0186003858085835,10_10_5,1,
2022-11-25,True,0.013822547837404414,0.013259144997236584,0.23728813559322035,0.013466615634014583,10_10_5,1,
2022-11-28,True,0.010392085604807203,0.017868908699843297,0.23333333333333334,0.010042085604807204,10_10_5,1,
2022-11-29,True,0.022294896896277287,0.01654095765465504,0.16666666666666666,0.022044896896277286,10_10_5,1,
2022-11-30,True,-0.003493796192439306,-0.00663987602193297,0.26666666666666666,-0.0038937961924393064,10_10_5,1,
2022-12-01,True,0.007185889774234999,0.004030453991531409,0.4,0.006585889774234999,10_10_5,1,
2022-12-02,True,0.0028391941171591033,0.008146364716432429,0.4,0.0022391941171591035,10_10_5,1,
2022-12-05,True,0.005437017728599045,0.004966267851407143,0.3666666666666667,0.004887017728599045,10_10_5,1,
2022-12-06,True,6.346041836471022e-05,-0.0025383152154367164,0.3389830508474576,-0.00044501415790647623,10_10_5,1,
2022-12-07,True,-0.0018556666572903885,0.00036434763441342826,0.13559322033898305,-0.002059056487798863,10_10_5,1,
2022-12-08,True,-0.0013714511696960754,0.00127124179150999,0.1694915254237288,-0.0016256884578316685,10_10_5,1,
2022-12-09,True,0.0002235820106653038,-0.005587374932690182,0.2711864406779661,-0.00018319765035164535,10_10_5,1,
2022-12-12,True,-0.01119562081803928,0.0006513755611887041,0.4067796610169491,-0.011805790309564704,10_10_5,1,
2022-12-13,True,-0.0033361976767312712,-0.002191009262067401,0.21428571428571427,-0.0036576262481598427,10_10_5,1,
2022-12-14,True,0.00018063761350665359,-0.00592282216750596,0.2857142857142857,-0.000247933815064775,10_10_5,1,
2022-12-15,True,-0.0029030852515274214,0.0037782558252693953,0.39285714285714285,-0.003492370965813136,10_10_5,1,
2022-12-16,True,-0.012838348548450226,-0.02059202395879187,0.2857142857142857,-0.013266919977021655,10_10_5,1,
2022-12-19,True,-0.006950186618608324,-0.008418887450730033,0.25,-0.007325186618608324,10_10_5,1,
2022-12-20,True,0.0010704842955527216,0.00269909191363824,0.25,0.0006954842955527216,10_10_5,1,
2022-12-21,True,-0.011899879048995348,-0.012483825125365553,0.21428571428571427,-0.01222130762042392,10_10_5,1,
2022-12-22,True,0.0031639872295061372,0.004379979265576395,0.3571428571428571,0.0026282729437918516,10_10_5,1,
2022-12-23,True,0.011631789983370675,0.010442467116384732,0.5714285714285714,0.010774647126227818,10_10_5,1,
2022-12-26,True,0.0060926767582115526,0.00506434797018069,0.7142857142857142,0.005021248186782981,10_10_5,1,
2022-12-27,True,-0.004947095404629053,-0.0054329165919947756,0.3214285714285714,-0.00542923826177191,10_10_5,1,
2022-12-28,True,0.003501430694958636,0.003940788941638467,0.3571428571428571,0.0029657164092443504,10_10_5,1,
2022-12-29,True,0.0012335800647309825,-0.002236807360277703,0.42857142857142855,0.0005907229218738396,10_10_5,1,
2022-12-30,True,0.0009703908944211319,0.007676515468922515,0.3571428571428571,0.00043467660870684626,10_10_5,1,
2023-01-03,True,0.0072923427722658,0.005082265481089272,0.46428571428571425,0.006595914200837228,10_10_5,1,
2023-01-04,True,0.018052164136492927,0.011572336696561098,0.5357142857142857,0.0172485927079215,10_10_5,1,
2023-01-05,True,0.01446545940065413,0.005769997361626108,0.2857142857142857,0.0140368879720827,10_10_5,1,
2023-01-06,True,0.005416218188430488,0.004532030398369261,0.21428571428571427,0.005094789617001916,10_10_5,1,
2023-01-09,True,0.004244569062005053,0.00039706908206836063,0.3214285714285714,0.003762426204862196,10_10_5,1,
2023-01-10,True,-0.00527465531394141,-0.0028752714098106646,0.14285714285714285,-0.005488941028227124,10_10_5,1,
2023-01-11,True,0.002533037749213015,0.0015438267647633925,0.17857142857142855,0.002265180606355872,10_10_5,1,
2023-01-12,True,0.008156190455081789,0.009909358088875015,0.33898305084745756,0.007647715878810603,10_10_5,1,
2023-01-13,True,0.018470353042562605,0.015295823525432862,0.23728813559322035,0.018114420839172776,10_10_5,1,
2023-01-16,True,0.005822005893162259,0.0015515396272377426,0.5084745762711864,0.0050592940287554795,10_10_5,1,
2023-01-17,True,-0.001991438007027669,-0.0014527487119844816,0.3728813559322034,-0.0025507600409259744,10_10_5,1,
2023-01-18,True,0.009374027930952804,0.010786055037395876,0.3389830508474576,0.008865553354681617,10_10_5,1,
2023-01-19,True,0.0214557250772842,0.021410877151563375,0.4,0.0208557250772842,10_10_5,1,
2023-01-20,True,-0.012263700502244174,-0.013863768007287234,0.3333333333333333,-0.012763700502244174,10_10_5,1,
2023-01-30,True,-0.005936661662711466,-0.004446827737012781,0.3333333333333333,-0.006436661662711465,10_10_5,1,
2023-01-31,True,0.010863798604142667,0.013078947515595287,0.26666666666666666,0.010463798604142668,10_10_5,1,
2023-02-01,True,-0.0040011529977345564,-0.0072897352056211446,0.13333333333333333,-0.004201152997734556,10_10_5,1,
2023-02-02,True,-0.008966547415373893,-0.00964195916838573,0.26666666666666666,-0.009366547415373893,10_10_5,1,
2023-02-03,True,-0.0061069614980771144,-0.0022194009341380974,0.3333333333333333,-0.006606961498077114,10_10_5,1,
2023-02-06,True,-0.001718393929971577,0.0021412990434764435,0.43333333333333335,-0.002368393929971577,10_10_5,1,
2023-02-07,True,-0.006691689759229314,-0.007662877921165944,0.43333333333333335,-0.007341689759229314,10_10_5,1,
2023-02-08,True,0.014348471409796948,0.014572735945429667,0.36666666666666664,0.013798471409796948,10_10_5,1,
2023-02-09,True,-0.005369291508943373,-0.004715940795641558,0.4,-0.0059692915089433725,10_10_5,1,
2023-02-10,True,0.015183856589456418,0.011153373721684578,0.4,0.014583856589456419,10_10_5,1,
2023-02-13,True,-3.736703419321049e-05,0.0008051873655480753,0.26666666666666666,-0.0004373670341932105,10_10_5,1,
2023-02-14,True,-0.004295239955744929,-0.0035220771213115725,0.23333333333333334,-0.004645239955744928,10_10_5,1,
2023-02-15,True,-0.009243995795475222,-0.012811279137598228,0.3,-0.009693995795475223,10_10_5,1,
2023-02-16,True,-0.011000445906160864,-0.009411268869072925,0.26666666666666666,-0.011400445906160864,10_10_5,1,
2023-02-17,True,0.022192341122057303,0.021444234944730602,0.6,0.0212923411220573,10_10_5,1,
2023-02-20,True,-0.006788264076992223,-0.0010622415483569417,0.4666666666666667,-0.007488264076992223,10_10_5,1,
2023-02-21,True,-0.002360054272815898,-0.00017426689661022307,0.3,-0.0028100542728158977,10_10_5,1,
2023-02-22,True,0.0027842373634349993,-0.0007321824580781385,0.5666666666666667,0.0019342373634349992,10_10_5,1,
2023-02-23,True,-0.014085918875793127,-0.01219643450105373,0.16666666666666666,-0.014335918875793127,10_10_5,1,
2023-02-24,True,0.001203790718428982,0.002036288808176725,0.2,0.000903790718428982,10_10_5,1,
2023-02-27,True,0.0024431882236176316,0.004252035212129372,0.16666666666666666,0.002193188223617632,10_10_5,1,
2023-02-28,True,0.003187465957255011,0.011258432340961237,0.36666666666666664,0.002637465957255011,10_10_5,1,
2023-03-01,True,-0.004100744463519366,0.0010345884472585842,0.26666666666666666,-0.004500744463519366,10_10_5,1,
2023-03-02,True,1.3167381243400777e-05,0.0037046467961707676,0.5,-0.0007368326187565992,10_10_5,1,
2023-03-03,True,-0.001472208601770103,-0.005198176054842321,0.4,-0.0020722086017701032,10_10_5,1,
2023-03-06,True,-0.019076359789889013,-0.01764706883790324,0.4,-0.019676359789889013,10_10_5,1,
2023-03-07,True,-0.0001339898317932205,0.003407282945027418,0.2,-0.00043398983179322053,10_10_5,1,
2023-03-08,True,-0.011688709273187325,-0.009406929075042085,0.3666666666666667,-0.012238709273187326,10_10_5,1,
2023-03-09,True,-0.009761152556750644,-0.00910740559806453,0.1694915254237288,-0.010015389844886237,10_10_5,1,
2023-03-10,True,0.007912353390200726,0.010122871500424005,0.3389830508474576,0.00740387881392954,10_10_5,1,
2023-03-13,True,-0.000693025103314591,0.0008254537081386439,0.4406779661016949,-0.0013540420524671335,10_10_5,1,
2023-03-14,True,-0.012937971547112561,-0.009111661390492807,0.3050847457627119,-0.013395598665756629,10_10_5,1,
2023-03-15,True,-0.0020514612296124225,-0.000608722887224839,0.1694915254237288,-0.0023056985177480156,10_10_5,1,
2023-03-16,True,-0.008861880006786269,0.0016266563070300069,0.2711864406779661,-0.009268659667803218,10_10_5,1,
2023-03-17,True,-0.0011207047467826213,-0.003070473201581413,0.4406779661016949,-0.0017817216959351637,10_10_5,1,
2023-03-20,True,0.02147111986792822,0.009897450801997651,0.2033898305084746,0.021166035122165507,10_10_5,1,
2023-03-21,True,-0.007784082988046922,-0.001149926927605988,0.1694915254237288,-0.008038320276182516,10_10_5,1,
2023-03-22,True,0.0037572537314826972,0.014211521839273317,0.2711864406779661,0.0033504740704657482,10_10_5,1,
2023-03-23,True,0.00041396765251439186,-0.0025232352135516464,0.2033898305084746,0.00010888290675167996,10_10_5,1,
2023-03-24,True,0.0011962961747105998,-0.0021223939560235904,0.23728813559322035,0.0008403639713207693,10_10_5,1,
2023-03-27,True,-0.0022822270392683203,-0.0044018809038341615,0.3050847457627119,-0.002739854157912388,10_10_5,1,
2023-03-28,True,-0.0028762028216131777,-0.0002935635957088385,0.4406779661016949,-0.00353721977076572,10_10_5,1,
2023-03-29,True,0.01118512818467154,0.006106131174851606,0.2711864406779661,0.01077834852365459,10_10_5,1,
2023-03-30,True,-7.872827741400574e-05,0.005583043574779254,0.3050847457627119,-0.0005363553960580736,10_10_5,1,
2023-03-31,True,0.0014283939485867764,0.009665657227774531,0.4067796610169492,0.0008182244570613526,10_10_5,1,
2023-04-03,True,-0.003337159617217984,0.0004919172226972899,0.3728813559322034,-0.0038964816511162887,10_10_5,1,
2023-04-04,True,0.002750094635190377,0.005561442083347877,0.3728813559322034,0.0021907726012920722,10_10_5,1,
2023-04-06,True,0.014119418936837642,0.008937980777444069,0.2,0.013819418936837642,10_10_5,1,
2023-04-07,True,-0.0015644853669528316,-0.0071592178256319125,0.3333333333333333,-0.0020644853669528314,10_10_5,1,
2023-04-10,True,-0.0027818439310610915,0.0009040476117096523,0.26666666666666666,-0.0031818439310610917,10_10_5,1,
2023-04-11,True,-0.008699330084724156,-0.0024180843984923863,0.3333333333333333,-0.009199330084724157,10_10_5,1,
2023-04-12,True,0.004078614381905202,-0.002935181439964764,0.26666666666666666,0.003678614381905202,10_10_5,1,
2023-04-13,True,-0.0009778042634028428,0.0037396297515991162,0.2,-0.001277804263402843,10_10_5,1,
2023-04-14,True,0.009491219890222323,0.009460644068148378,0.3333333333333333,0.008991219890222323,10_10_5,1,
2023-04-17,True,0.005312706679979119,0.0029879258449118998,0.36666666666666664,0.004762706679979119,10_10_5,1,
2023-04-18,True,-0.009531580469648948,-0.00914492356907276,0.3333333333333333,-0.010031580469648948,10_10_5,1,
2023-04-19,True,-0.007133039098126017,-0.002678904395111769,0.3333333333333333,-0.007633039098126017,10_10_5,1,
2023-04-20,True,-0.014232339316997201,-0.02174439121251514,0.23333333333333334,-0.0145823393169972,10_10_5,1,
2023-04-21,True,-0.013088198995839443,-0.011640544979873843,0.5,-0.013838198995839443,10_10_5,1,
2023-04-24,True,-0.00747896091534488,-0.01326782091269756,0.2,-0.00777896091534488,10_10_5,1,
2023-04-25,True,0.006340602219144703,0.000324753851220273,0.3,0.005890602219144703,10_10_5,1,
2023-04-26,True,0.009339771080949492,0.00744883445887681,0.4666666666666667,0.008639771080949493,10_10_5,1,
2023-04-27,True,-0.00031133443057366637,0.006808074847576604,0.5,-0.0010613344305736663,10_10_5,1,
2023-04-28,True,-0.0010915626448327021,0.004145754640769125,0.3389830508474576,-0.0016000372211038886,10_10_5,1,
2023-05-04,True,-0.0036398532540855397,-0.0029621726977839763,0.1694915254237288,-0.003894090542221133,10_10_5,1,
2023-05-05,True,0.0034085108327100403,0.010606091183862921,0.2711864406779661,0.0030017311716930913,10_10_5,1,
2023-05-08,True,-0.01212812165791193,-0.011796414219779556,0.2711864406779661,-0.01253490131892888,10_10_5,1,
2023-05-09,True,0.009414383306514115,-0.0018407175813964032,0.3050847457627119,0.008956756187870047,10_10_5,1,
2023-05-10,True,-0.000421694115610615,-0.0040868649510780045,0.4067796610169492,-0.0010318636071360388,10_10_5,1,
2023-05-11,True,-0.012781930321954797,-0.01297795514180168,0.3050847457627119,-0.013239557440598864,10_10_5,1,
2023-05-12,True,0.0199094497239043,0.016257792505841924,0.4067796610169492,0.019299280232378875,10_10_5,1,
2023-05-15,True,-0.006433866361682042,-0.007969583967597572,0.5084745762711864,-0.007196578226088822,10_10_5,1,
2023-05-16,True,-0.0007936106018470601,-0.0004549672938971235,0.23728813559322035,-0.0011495428052368905,10_10_5,1,
2023-05-17,True,-0.005789610983310786,-0.0028067296188620024,0.3728813559322034,-0.006348933017209091,10_10_5,1,
2023-05-18,True,0.004143263637670181,-0.000995939547783134,0.2711864406779661,0.003736483976653232,10_10_5,1,
2023-05-19,True,0.006138924955625818,0.004757479792527716,0.3050847457627119,0.00568129783698175,10_10_5,1,
2023-05-22,True,-0.013343989215865593,-0.015869141921903647,0.3728813559322034,-0.013903311249763899,10_10_5,1,
2023-05-23,True,-0.00802188961924848,-0.010501810871940818,0.3050847457627119,-0.008479516737892547,10_10_5,1,
2023-05-24,True,-0.001107062261772891,0.00025918439345537996,0.23728813559322035,-0.0014629944651627215,10_10_5,1,
2023-05-25,True,0.001892347809822603,0.0036753530494193247,0.23728813559322035,0.0015364156064327724,10_10_5,1,
2023-05-26,True,-0.010594657580051816,-0.00881177554916715,0.3666666666666667,-0.011144657580051816,10_10_5,1,
2023-05-29,True,-0.0027330490424310795,0.0016847526568645095,0.6333333333333333,-0.0036830490424310794,10_10_5,1,
2023-05-30,True,-0.008860855398464842,-0.006629123584255835,0.6333333333333333,-0.009810855398464841,10_10_5,1,
2023-05-31,True,0.007042840709972443,0.007001261121499873,0.3666666666666667,0.0064928407099724425,10_10_5,1,
2023-06-01,True,0.013082666205121102,0.010702741664008577,0.3389830508474576,0.012574191628849915,10_10_5,1,
2023-06-02,True,-0.005969861773198345,-0.005714045287016599,0.3728813559322034,-0.00652918380709665,10_10_5,1,
2023-06-05,True,-0.006609959674670959,-0.010741827169581896,0.3728813559322034,-0.0071692817085692645,10_10_5,1,
2023-06-06,True,-0.011096283192001786,-0.0074008371995387765,0.4067796610169492,-0.01170645268352721,10_10_5,1,
2023-06-07,True,0.010295285851859655,0.006998208355133898,0.23728813559322035,0.009939353648469824,10_10_5,1,
2023-06-08,True,-0.0010990352080204038,0.004165843412319344,0.4406779661016949,-0.0017600521571729463,10_10_5,1,
2023-06-09,True,0.010859278013517737,0.004942935914248305,0.3728813559322034,0.010299955979619432,10_10_5,1,
2023-06-12,True,0.0017442840890189945,0.007870029313434938,0.33898305084745756,0.0012358095127478082,10_10_5,1,
2023-06-13,True,-5.97280141740563e-05,-0.00015104381412835385,0.3508771929824561,-0.0005860438036477405,10_10_5,1,
2023-06-14,True,0.016707753313022912,0.015018018817237584,0.42105263157894735,0.01607617436565449,10_10_5,1,
2023-06-15,True,0.004071369239300184,0.007575223277957747,0.4137931034482758,0.0034506795841277704,10_10_5,1,
2023-06-16,True,-0.004128451518588611,-0.0044062654048507895,0.3448275862068966,-0.0046456928978989565,10_10_5,1,
2023-06-19,True,-0.005835567781218054,-0.0039301047490573945,0.24137931034482757,-0.0061976367467352945,10_10_5,1,
2023-06-20,True,-0.020428090462365635,-0.021195544591086236,0.3448275862068966,-0.02094533184167598,10_10_5,1,
2023-06-21,True,0.0003710416697865013,-0.004369895189492251,0.20689655172413793,6.069684220029437e-05,10_10_5,1,
2023-06-26,True,0.007268479455628221,0.009947856774350908,0.3103448275862069,0.006802962214248911,10_10_5,1,
2023-06-27,True,0.002781953570144996,-0.0015107291394323636,0.3103448275862069,0.0023164363287656855,10_10_5,1,
2023-06-28,True,-0.004050914266592443,-0.002828371695574252,0.3103448275862069,-0.004516431507971753,10_10_5,1,
2023-06-29,True,0.010391233010578685,0.011428311777766553,0.24137931034482757,0.010029164045061444,10_10_5,1,
2023-06-30,True,0.008423489263934212,0.00847955701546414,0.41379310344827586,0.007802799608761799,10_10_5,1,
2023-07-03,True,0.003227439550621792,0.0033343619603200497,0.3103448275862069,0.0027619223092424814,10_10_5,1,
2023-07-04,True,-0.005055553471605322,-0.008169281423936931,0.24137931034482757,-0.0054176224371225625,10_10_5,1,
2023-07-05,True,-0.005171702792547637,-0.006191106908591733,0.24137931034482757,-0.005533771758064878,10_10_5,1,
2023-07-06,True,0.005015645824961295,0.0022052853322850063,0.27586206896551724,0.004601852721513019,10_10_5,1,
2023-07-07,True,0.0044329998238221415,0.003800141542584125,0.24137931034482757,0.0040709308583049,10_10_5,1,
2023-07-10,True,-0.0007911197937038451,0.004831469449873224,0.6896551724137931,-0.0018256025523245348,10_10_5,1,
2023-07-11,True,-0.003155153633116064,-0.0031711691047944914,0.3103448275862069,-0.003620670874495374,10_10_5,1,
2023-07-12,True,0.012748032258894128,0.011031966707028037,0.20689655172413793,0.012437687431307921,10_10_5,1,
2023-07-13,True,-0.00023629602732648763,-0.004519848368328157,0.4482758620689655,-0.000908709820429936,10_10_5,1,
2023-07-14,True,-0.0019950632036994202,-0.0011893476720467012,0.30508474576271183,-0.002452690322343488,10_10_5,1,
2023-07-17,True,-0.0056578789976223145,-0.003509906919277976,0.3050847457627119,-0.0061155061162663825,10_10_5,1,
2023-07-18,True,0.0034288808416567287,0.0017083144502394324,0.4406779661016949,0.002767863892504186,10_10_5,1,
2023-07-19,True,-0.010948935967528398,-0.011416921585434349,0.3050847457627119,-0.011406563086172465,10_10_5,1,
2023-07-20,True,-0.001680445678485271,-0.002021525113009414,0.2033898305084746,-0.0019855304242479828,10_10_5,1,
2023-07-21,True,0.012296460650885212,0.013126081881936124,0.4745762711864407,0.01158459624410555,10_10_5,1,
2023-07-24,True,0.007603549103026778,0.010633770409279106,0.23728813559322035,0.0072476168996369475,10_10_5,1,
2023-07-25,True,-0.003133489897890467,0.00043395386116004675,0.5423728813559322,-0.003947049219924365,10_10_5,1,
2023-07-26,True,-0.008120511844166789,-0.005706199131061899,0.3333333333333333,-0.00862051184416679,10_10_5,1,
2023-07-27,True,0.028114332297441126,0.027571145960548306,0.4,0.027514332297441126,10_10_5,1,
2023-07-28,True,0.003960568692624884,0.0013999651452704957,0.2711864406779661,0.003553789031607935,10_10_5,1,
2023-07-31,True,-0.004089506090154756,-0.0035945717789165237,0.5084745762711864,-0.0048522179545615355,10_10_5,1,
2023-08-01,True,-0.009745846310089585,-0.005481065147513559,0.3728813559322034,-0.01030516834398789,10_10_5,1,
2023-08-02,True,0.012342847684899315,0.016589014195494356,0.2033898305084746,0.012037762939136602,10_10_5,1,
2023-08-03,True,-7.008068638566455e-05,-0.00608762223163374,0.3050847457627119,-0.0005277078050297324,10_10_5,1,
2023-08-04,True,-0.00727991866035951,-0.006393951312905015,0.13333333333333333,-0.00747991866035951,10_10_5,1,
2023-08-07,True,-0.0011734487828743904,-0.004001416653874636,0.26666666666666666,-0.0015734487828743904,10_10_5,1,
2023-08-08,True,-0.003332461769458576,-0.001794204344863469,0.5,-0.004082461769458576,10_10_5,1,
2023-08-09,True,0.0057492964867412125,0.005624591641150175,0.2,0.005449296486741213,10_10_5,1,
2023-08-10,True,-0.028487526469134824,-0.03252279821335838,0.23333333333333334,-0.028837526469134823,10_10_5,1,
2023-08-11,True,0.00890099754961732,0.00570125575000137,0.3333333333333333,0.008400997549617319,10_10_5,1,
2023-08-14,True,-0.00983014443042569,-0.008925804462294814,0.13333333333333333,-0.010030144430425691,10_10_5,1,
2023-08-15,True,-0.01638226934649001,-0.009282592871470735,0.1,-0.016532269346490013,10_10_5,1,
2023-08-16,True,0.009459126427770276,0.008929068237474701,0.2,0.009159126427770276,10_10_5,1,
2023-08-17,True,-0.019485272548755553,-0.015704298573535436,0.6333333333333333,-0.020435272548755552,10_10_5,1,
2023-08-18,True,-0.007919996046015069,-0.008490899760037106,0.5333333333333333,-0.00871999604601507,10_10_5,1,
2023-08-21,True,-0.0004917252189351795,0.00034407966017504767,0.4666666666666667,-0.0011917252189351795,10_10_5,1,
2023-08-22,True,-0.013539040061779513,-0.012646990133281953,0.43333333333333335,-0.014189040061779512,10_10_5,1,
2023-08-23,True,-0.0008899284266539318,-0.003970120475385761,0.5333333333333333,-0.0016899284266539318,10_10_5,1,
2023-08-24,True,0.05053313596814924,0.054110760132255034,0.6779661016949152,0.04951618681560687,10_10_5,1,
2023-08-25,True,-0.04212996766952081,-0.04391711934024005,0.41379310344827586,-0.04275065732469323,10_10_5,1,
2023-08-28,True,0.0239943884643247,0.017702398297166203,0.8275862068965517,0.02275300915397987,10_10_5,1,
2023-08-29,True,-0.003947146199309467,-0.0030867621853474664,0.27586206896551724,-0.004360939302757743,10_10_5,1,
2023-08-30,True,-0.0038498916667732744,-0.002917486352542932,0.1724137931034483,-0.004108512356428447,10_10_5,1,
2023-08-31,True,0.004754186203323107,0.007577744159278751,0.20689655172413793,0.0044438413757369,10_10_5,1,
2023-09-01,True,0.004584672048314882,0.007416780316700639,0.23333333333333334,0.0042346720483148826,10_10_5,1,
2023-09-04,True,-0.004981564845341841,-0.007084550588839785,0.16666666666666666,-0.005231564845341841,10_10_5,1,
2023-09-05,True,-0.003920849982381989,-0.0016502776606388693,0.4666666666666667,-0.004620849982381989,10_10_5,1,
2023-09-06,True,-0.02152962968761681,-0.01503783415052545,0.43333333333333335,-0.02217962968761681,10_10_5,1,
2023-09-07,True,-0.0031490924877771833,3.603532859548027e-05,0.36666666666666664,-0.0036990924877771834,10_10_5,1,
2023-09-08,True,0.008777444245321033,0.006959214044595955,0.26666666666666666,0.008377444245321034,10_10_5,1,
2023-09-11,True,-0.0032367204870041373,-0.0016961653361622505,0.23333333333333334,-0.0035867204870041374,10_10_5,1,
2023-09-12,True,-0.009394322164164791,-0.0070595368017916165,0.43333333333333335,-0.01004432216416479,10_10_5,1,
2023-09-13,True,-0.001828499435487635,0.0008425209619828075,0.2,-0.002128499435487635,10_10_5,1,
2023-09-14,True,-0.010718631840205764,-0.008991829893497522,0.3,-0.011168631840205764,10_10_5,1,
2023-09-15,True,0.007830117392333334,0.004572682465229288,0.43333333333333335,0.007180117392333333,10_10_5,1,
2023-09-18,True,-0.007115659171689243,-0.003558403124443771,0.23728813559322035,-0.007471591375079074,10_10_5,1,
2023-09-19,True,-0.008026852085579397,-0.0054438158617645775,0.3389830508474576,-0.008535326661850584,10_10_5,1,
2023-09-20,True,-0.008414201300538045,-0.0063611093929366,0.3389830508474576,-0.008922675876809233,10_10_5,1,
2023-09-21,True,0.0189907358770156,0.0148385589547321,0.3389830508474576,0.018482261300744415,10_10_5,1,
2023-09-22,True,-0.006181830500984383,-0.0053404134877820825,0.4666666666666667,-0.006881830500984383,10_10_5,1,
2023-09-25,True,-0.005592455554018037,-0.004767811998422847,0.26666666666666666,-0.005992455554018037,10_10_5,1,
2023-09-26,True,0.010589071079441827,0.006830727056594146,0.16666666666666666,0.010339071079441826,10_10_5,1,
2023-09-27,True,-0.008139785231667697,-0.005271496234059158,0.5666666666666667,-0.008989785231667697,10_10_5,1,
2023-09-28,True,-0.0001414335860286553,0.004126642089406536,0.3,-0.0005914335860286552,10_10_5,1,
2023-10-09,True,-0.007799092651031913,-0.006507022537971421,0.3,-0.008249092651031914,10_10_5,1,
2023-10-10,True,-0.0016593728854131325,0.004822345306586476,0.23728813559322035,-0.002015305088802963,10_10_5,1,
2023-10-11,True,-0.0028767492464630597,-0.0015091747966185902,0.1694915254237288,-0.0031309865345986528,10_10_5,1,
2023-10-12,True,-0.007892402991565697,-0.004118010290109033,0.2711864406779661,-0.008299182652582646,10_10_5,1,
2023-10-13,True,-0.005540295421646494,-0.008517041266253696,0.3389830508474576,-0.006048769997917681,10_10_5,1,
2023-10-16,True,-0.0025511823618386696,-0.0012831164521989815,0.2033898305084746,-0.0028562671076013814,10_10_5,1,
2023-10-17,True,-0.014373016064609969,-0.014710720932607788,0.3050847457627119,-0.014830643183254036,10_10_5,1,
2023-10-18,True,-0.01802975757942923,-0.01541328448180942,0.23728813559322035,-0.01838568978281906,10_10_5,1,
2023-10-19,True,-0.010240673099086162,-0.005856119517855225,0.23728813559322035,-0.010596605302475992,10_10_5,1,
2023-10-20,True,-0.01132084719107079,-0.008587279516382369,0.4067796610169492,-0.011931016682596213,10_10_5,1,
2023-10-23,True,0.01581803635995314,0.01411246011288696,0.23728813559322035,0.01546210415656331,10_10_5,1,
2023-10-24,True,-0.008326874333900728,-0.012411968310550798,0.3389830508474576,-0.008835348910171915,10_10_5,1,
2023-10-25,True,0.006246216733015652,0.0032359424511375647,0.6206896551724138,0.005315182250257032,10_10_5,1,
2023-10-26,True,0.00886120775484276,0.01863814430575045,0.2711864406779661,0.008454428093825812,10_10_5,1,
2023-10-27,True,0.0063008922501316435,0.00914260086872646,0.2711864406779661,0.0058941125891146945,10_10_5,1,
2023-10-30,True,0.0010948698785475683,-5.438488976003896e-05,0.3728813559322034,0.0005355478446492632,10_10_5,1,
2023-10-31,True,-0.0036121461368114967,-0.006084994913049668,0.1694915254237288,-0.00386638342494709,10_10_5,1,
2023-11-01,True,-0.002060736480827395,-0.0074998211411217725,0.23728813559322035,-0.0024166686842172253,10_10_5,1,
2023-11-02,True,0.009480119656267496,0.015265711169944041,0.2711864406779661,0.009073339995250547,10_10_5,1,
2023-11-03,True,0.0050135737731854795,0.007650186653728873,0.23728813559322035,0.004657641569795649,10_10_5,1,
2023-11-06,True,-0.004823653927872239,-0.001700914687371108,0.6779661016949152,-0.005840603080414612,10_10_5,1,
2023-11-07,True,-0.00259243491036593,-0.0010730680098985325,0.5333333333333333,-0.00339243491036593,10_10_5,1,
2023-11-08,True,0.002011198127884262,-0.00020391159581356472,0.3333333333333333,0.0015111981278842618,10_10_5,1,
2023-11-09,True,-0.0015276423701894414,5.891682923519381e-05,0.4666666666666667,-0.0022276423701894413,10_10_5,1,
2023-11-10,True,-0.0014633513717594397,-0.0018729557729361898,0.4,-0.00206335137175944,10_10_5,1,
2023-11-13,True,0.009111669778186645,0.011373904504636956,0.43333333333333335,0.008461669778186645,10_10_5,1,
2023-11-14,True,-0.0016664891822484188,-0.005085078280504973,0.23333333333333334,-0.002016489182248419,10_10_5,1,
2023-11-15,True,-0.008795898180187587,-0.01085366965606324,0.3333333333333333,-0.009295898180187587,10_10_5,1,
2023-11-16,True,0.0005389801922071817,0.0033977655857057878,0.3,8.898019220718171e-05,10_10_5,1,
2023-11-17,True,0.004911890918649337,0.0036241035248371863,0.26666666666666666,0.0045118909186493365,10_10_5,1,
2023-11-20,True,-0.0014485513342787138,-0.006029239224444354,0.2,-0.0017485513342787137,10_10_5,1,
2023-11-21,True,-0.008241106406085363,-0.009399831252069734,0.3,-0.008691106406085364,10_10_5,1,
2023-11-22,True,0.00676925497941665,0.006469258236207953,0.3,0.00631925497941665,10_10_5,1,
2023-11-23,True,-0.0068647728723998285,-0.00915468297697801,0.43333333333333335,-0.007514772872399829,10_10_5,1,
2023-11-24,True,-0.006043261020130961,-0.0054648402694178,0.43333333333333335,-0.006693261020130962,10_10_5,1,
2023-11-27,True,0.0024438988846091987,0.002444871224065543,0.4,0.0018438988846091987,10_10_5,1,
2023-11-28,True,-0.009268709901083817,-0.009702276488066916,0.36666666666666664,-0.009818709901083817,10_10_5,1,
2023-11-29,True,0.0024975157916721797,0.0010713898323581501,0.26666666666666666,0.0020975157916721795,10_10_5,1,
2023-11-30,True,-0.004649558290782448,-0.001457958476975416,0.2,-0.004949558290782448,10_10_5,1,
2023-12-01,True,-0.013173543218146037,-0.008761739417668774,0.36666666666666664,-0.013723543218146037,10_10_5,1,
2023-12-04,True,-0.019061235934551706,-0.01801985833013324,0.26666666666666666,-0.019461235934551707,10_10_5,1,
2023-12-05,True,0.0018114038085897419,0.0026576078682142117,0.30508474576271183,0.001353776689945674,10_10_5,1,
2023-12-06,True,-0.0024646194438411725,-0.0008805711481108035,0.31034482758620685,-0.0029301366852204826,10_10_5,1,
2023-12-07,True,-0.0014448043049391677,-0.002583355005531905,0.24561403508771928,-0.0018132253575707468,10_10_5,1,
2023-12-08,True,0.009695720473757677,0.00995630000163126,0.38596491228070173,0.009116773105336625,10_10_5,1,
2023-12-11,True,0.002258476314975882,0.0020466052580340754,0.42857142857142855,0.001615619172118739,10_10_5,1,
2023-12-12,True,-0.013659736184396056,-0.008538555542995324,0.25925925925925924,-0.014048625073284944,10_10_5,1,
2023-12-13,True,-0.006840508099399806,-0.005710276743743501,0.2962962962962963,-0.00728495254384425,10_10_5,1,
2023-12-14,True,-0.010074384023419711,-0.009395130142703701,0.3214285714285714,-0.010556526880562567,10_10_5,1,
2023-12-15,True,-0.007052166755722939,-0.005725965255750604,0.39285714285714285,-0.0076414524700086535,10_10_5,1,
2023-12-18,True,0.0025156687722417198,0.0032886535644019777,0.5357142857142857,0.001712097343670291,10_10_5,1,
2023-12-19,True,-0.012466386481895677,-0.016999766139394138,0.46428571428571425,-0.013162815053324249,10_10_5,1,
2023-12-20,True,0.010544269180150403,0.013367754256291633,0.17857142857142855,0.010276412037293261,10_10_5,1,
2023-12-21,True,-0.00015892979741504682,-0.0001487248602132194,0.21428571428571427,-0.00048035836884361826,10_10_5,1,
2023-12-22,True,0.0037125965098803665,0.0058235649921248,0.21428571428571427,0.003391167938451795,10_10_5,1,
2023-12-25,True,-0.006675416434283807,-0.006293603548143123,0.3571428571428571,-0.007211130719998092,10_10_5,1,
2023-12-26,True,0.0025051184708472923,0.002657085102986808,0.25,0.0021301184708472924,10_10_5,1,
2023-12-27,True,0.020930869059735728,0.025868393607839567,0.3214285714285714,0.02044872620259287,10_10_5,1,
2023-12-28,True,0.006136461208453181,0.005466059425247708,0.8571428571428571,0.004850746922738895,10_10_5,1,
2023-12-29,True,-0.006267297094591439,-0.012704701759232178,0.42857142857142855,-0.006910154237448582,10_10_5,1,
2024-01-02,True,-0.0009397501441393563,-0.0011793473089971177,0.25,-0.0013147501441393562,10_10_5,1,
2024-01-03,True,-0.010476636712406428,-0.011198773605322865,0.17857142857142855,-0.01074449385526357,10_10_5,1,
2024-01-04,True,-0.009933052839269877,-0.008387436441906664,0.17543859649122806,-0.010196210734006719,10_10_5,1,
2024-01-05,True,-0.013428208769677685,-0.012328418749406385,0.3157894736842105,-0.013901892980204,10_10_5,1,
2024-01-08,True,-0.004064753910945465,-0.00041597437194018454,0.3157894736842105,-0.00453843812147178,10_10_5,1,
2024-01-09,True,-0.0015649983280328346,-0.0003736204437078781,0.3157894736842105,-0.0020386825385591504,10_10_5,1,
2024-01-10,True,0.004587484351330131,0.004688850598900448,0.24561403508771928,0.004219063298698552,10_10_5,1,
2024-01-11,True,-0.009150632453128143,-0.005157977601499916,0.36666666666666664,-0.009700632453128143,10_10_5,1,
2024-01-12,True,-0.00117431723116056,0.0004719984316474261,0.36666666666666664,-0.0017243172311605598,10_10_5,1,
2024-01-15,True,0.005068095976169303,0.004347370956935126,0.36666666666666664,0.004518095976169303,10_10_5,1,
2024-01-16,True,-0.02468368832087146,-0.02441150575207611,0.3333333333333333,-0.02518368832087146,10_10_5,1,
2024-01-17,True,0.010857207349613663,0.013807761903308633,0.2,0.010557207349613663,10_10_5,1,
2024-01-18,True,-0.002960155920601009,-0.0036428537593827088,0.4745762711864407,-0.00367202032738067,10_10_5,1,
2024-01-19,True,-0.029854282924390258,-0.024636547080156012,0.4745762711864407,-0.03056614733116992,10_10_5,1,
2024-01-22,True,0.014541915425252103,0.015729737480061692,0.3728813559322034,0.013982593391353798,10_10_5,1,
2024-01-23,True,0.006185520456602946,0.009473153586924956,0.3050847457627119,0.005727893337958878,10_10_5,1,
2024-01-24,True,0.01733636526879003,0.01954511513691214,0.4067796610169492,0.016726195777264606,10_10_5,1,
2024-01-25,True,0.0005583924409793028,0.0009592388107939975,0.3728813559322034,-9.295929190022978e-07,10_10_5,1,
2024-01-26,True,-0.016371534219321027,-0.02109665460620984,0.23728813559322035,-0.016727466422710856,10_10_5,1,
2024-01-29,True,-0.02148091735824704,-0.019568340949525424,0.2033898305084746,-0.02178600210400975,10_10_5,1,
2024-01-30,True,-0.013604808876393367,-0.015176685512497751,0.2033898305084746,-0.01390989362215608,10_10_5,1,
2024-01-31,True,0.008888117229728678,0.007419254012097317,0.23728813559322035,0.008532185026338847,10_10_5,1,
2024-02-01,True,-0.024516466726789768,-0.022410455070138363,0.4067796610169492,-0.025126636218315193,10_10_5,1,
2024-02-02,True,-0.004425379337051491,-0.00587733804924735,0.6101694915254238,-0.005340633574339627,10_10_5,1,
2024-02-05,True,0.05868673882477953,0.050733450178967764,0.23728813559322035,0.0583308066213897,10_10_5,1,
2024-02-06,True,0.018925034397699884,0.013368234033234012,0.23728813559322035,0.018569102194310055,10_10_5,1,
2024-02-07,True,0.01992615234362062,0.015768428015671486,0.23728813559322035,0.01957022014023079,10_10_5,1,
2024-02-08,True,-0.0017474540149176193,0.002852380771778867,0.23728813559322035,-0.00210338621830745,10_10_5,1,
2024-02-19,True,-0.002866372364222719,0.00029784688032996793,0.23728813559322035,-0.0032223045676125495,10_10_5,1,
2024-02-20,True,0.01454606039959616,0.01662209215589657,0.2,0.01424606039959616,10_10_5,1,
2024-02-21,True,0.012622053698531054,0.016114015234035304,0.2,0.012322053698531054,10_10_5,1,
2024-02-22,True,0.004712338294233504,0.00024239118684320012,0.26666666666666666,0.004312338294233504,10_10_5,1,
2024-02-23,True,-0.004209911607908599,-0.010006040551793195,0.4,-0.0048099116079085985,10_10_5,1,
2024-02-26,True,0.02261504118525992,0.022515445747274418,0.3333333333333333,0.02211504118525992,10_10_5,1,
2024-02-27,True,-0.02755448866464266,-0.023224848339229144,0.36666666666666664,-0.028104488664642657,10_10_5,1,
2024-02-28,True,0.03242136665661862,0.030006792472977235,0.5333333333333333,0.03162136665661862,10_10_5,1,
2024-02-29,True,0.00791453550085018,0.0080204645292352,0.5333333333333333,0.007114535500850179,10_10_5,1,
2024-03-01,True,0.0010324201071516862,-0.0032443391826541255,0.5333333333333333,0.00023242010715168618,10_10_5,1,
2024-03-04,True,0.004516379779223436,0.003619444736004942,0.23333333333333334,0.004166379779223436,10_10_5,1,
2024-03-05,True,-0.0003490690201974604,0.0003087743225116087,0.3,-0.0007990690201974604,10_10_5,1,
2024-03-06,True,-0.0027414107796850124,-0.008718205351467707,0.3333333333333333,-0.0032414107796850124,10_10_5,1,
2024-03-07,True,0.002712528851684032,0.0072149433032912165,0.2,0.002412528851684032,10_10_5,1,
2024-03-08,True,0.01045308699027705,0.014470934831037962,0.36666666666666664,0.00990308699027705,10_10_5,1,
2024-03-11,True,0.0020810410110176166,0.0002499040719588319,0.3,0.0016310410110176167,10_10_5,1,
2024-03-12,True,-0.00969320101779669,-0.005084505017214313,0.26666666666666666,-0.010093201017796689,10_10_5,1,
2024-03-13,True,-0.004024761815073885,-0.005950543482089425,0.26666666666666666,-0.004424761815073885,10_10_5,1,
2024-03-14,True,-0.001071347195326694,0.007463955677777074,0.13333333333333333,-0.001271347195326694,10_10_5,1,
2024-03-15,True,0.0007646851761875462,0.008352968304804118,0.26666666666666666,0.00036468517618754617,10_10_5,1,
2024-03-18,True,-0.004862885054096469,-0.007306872166247065,0.36666666666666664,-0.005412885054096469,10_10_5,1,
2024-03-19,True,0.003657265843469983,0.005744094348921566,0.2,0.003357265843469983,10_10_5,1,
2024-03-20,True,-0.003508065431588235,-0.008198546547196336,0.23333333333333334,-0.003858065431588235,10_10_5,1,
2024-03-21,True,-0.008430605096186245,-0.013931599846087465,0.2033898305084746,-0.008735689841948958,10_10_5,1,
2024-03-22,True,0.0010689906571529765,-0.006476981395900669,0.3050847457627119,0.0006113635385089087,10_10_5,1,
2024-03-25,True,-0.0005032073934084818,0.002663728717986477,0.2711864406779661,-0.0009099870544254309,10_10_5,1,
2024-03-26,True,-0.008240749259520721,-0.016339069880533692,0.2711864406779661,-0.00864752892053767,10_10_5,1,
2024-03-27,True,0.006324852208895244,0.008229840477920037,0.3389830508474576,0.0058163776326240575,10_10_5,1,
2024-03-28,True,0.011533981436396204,0.010731317254545592,0.4067796610169492,0.01092381194487078,10_10_5,1,
2024-03-29,True,0.012998545584320093,0.013432325185379875,0.3728813559322034,0.012439223550421787,10_10_5,1,
2024-04-01,True,-0.008938081067256198,-0.006157385120655897,0.6101694915254238,-0.009853335304544334,10_10_5,1,
2024-04-02,True,-0.007462898138526041,-0.007311477242020288,0.23728813559322035,-0.007818830341915871,10_10_5,1,
2024-04-03,True,-0.009461415760100676,-0.007547884802115402,0.3389830508474576,-0.009969890336371863,10_10_5,1,
2024-04-08,True,0.002514652881304213,0.004008175727942403,0.3050847457627119,0.0020570257626601448,10_10_5,1,
2024-04-09,True,-0.014655254299034595,-0.014854808783688783,0.4067796610169492,-0.015265423790560019,10_10_5,1,
2024-04-10,True,0.00016536368038061372,0.0060408498111053045,0.2711864406779661,-0.00024141598063633543,10_10_5,1,
2024-04-11,True,-0.013140271083464787,-0.009417011301007873,0.2711864406779661,-0.013547050744481736,10_10_5,1,
2024-04-12,True,0.01019075119362898,0.013681680666230593,0.3728813559322034,0.009631429159730675,10_10_5,1,
2024-04-15,True,-0.012057035011909533,-0.011543067899389893,0.2711864406779661,-0.012463814672926482,10_10_5,1,
2024-04-16,True,0.017280016010774564,0.0160420614656152,0.2033898305084746,0.01697493126501185,10_10_5,1,
2024-04-17,True,-0.007461450160306409,-0.0018632897800505085,0.3728813559322034,-0.008020772194204714,10_10_5,1,
2024-04-18,True,-0.008767821107171848,-0.006290677342467942,0.4067796610169492,-0.009377990598697272,10_10_5,1,
2024-04-19,True,0.00714312112864581,-0.001438164261830253,0.3389830508474576,0.006634646552374624,10_10_5,1,
2024-04-22,True,-0.004737502827924622,-0.006648545926442015,0.3050847457627119,-0.00519512994656869,10_10_5,1,
2024-04-23,True,-0.006588530187357482,2.009758037680968e-05,0.2711864406779661,-0.006995309848374431,10_10_5,1,
2024-04-24,True,0.005325724682603129,0.0050898972262868976,0.23728813559322035,0.004969792479213298,10_10_5,1,
2024-04-25,True,0.023114468464304667,0.018700433215642503,0.2711864406779661,0.022707688803287718,10_10_5,1,
2024-04-26,True,0.021918032789052643,0.015628254800194395,0.5423728813559322,0.021104473467018745,10_10_5,1,
2024-04-29,True,0.007581976290206746,0.007416277828021919,0.576271186440678,0.006717569510545729,10_10_5,1,
2024-04-30,True,0.0020099247611906753,0.0012063603707080472,0.4,0.0014099247611906753,10_10_5,1,
2024-05-06,True,-0.0008367873509055934,7.382593773526903e-05,0.4,-0.0014367873509055933,10_10_5,1,
2024-05-07,True,-0.005935302113657084,-0.007105259844778719,0.3,-0.0063853021136570836,10_10_5,1,
2024-05-08,True,0.013310848330791955,0.01359927717713885,0.5333333333333333,0.012510848330791954,10_10_5,1,
2024-05-09,True,-0.004654309488375569,-0.005100530935831806,0.3333333333333333,-0.005154309488375568,10_10_5,1,
2024-05-10,True,0.0065102658947221006,0.0068519754652926574,0.4,0.005910265894722101,10_10_5,1,
2024-05-13,True,-0.0030134803412402034,-0.0017368842560166369,0.3333333333333333,-0.0035134803412402034,10_10_5,1,
2024-05-14,True,-0.005131563223904769,-0.00691140608911899,0.3389830508474576,-0.0056400378001759555,10_10_5,1,
2024-05-15,True,-0.004631793904839036,-0.0013625629062954516,0.4745762711864407,-0.005343658311618696,10_10_5,1,
2024-05-16,True,0.005111071401027722,0.01143404797973227,0.2711864406779661,0.004704291740010773,10_10_5,1,
2024-05-17,True,0.0049628407575410295,0.002668503045379269,0.3050847457627119,0.0045052136388969615,10_10_5,1,
2024-05-20,True,-0.0010492934304198176,-0.0026557512541955245,0.576271186440678,-0.0019137002100808346,10_10_5,1,
2024-05-21,True,0.001490508458644317,0.0021738944809218948,0.23728813559322035,0.0011345762552544864,10_10_5,1,
2024-05-22,True,-0.011064596675979884,-0.014891368253272193,0.4067796610169492,-0.011674766167505308,10_10_5,1,
2024-05-23,True,-0.0036606602726537135,-0.007097508618683188,0.4,-0.004260660272653713,10_10_5,1,
2024-05-24,True,0.007562225869011034,0.006483464528582315,0.36666666666666664,0.007012225869011034,10_10_5,1,
2024-05-27,True,-0.006062740662046923,-0.006648132839787847,0.36666666666666664,-0.006612740662046923,10_10_5,1,
2024-05-28,True,0.0008752336121982859,0.0007161551788264057,0.23333333333333334,0.0005252336121982859,10_10_5,1,
2024-05-29,True,-0.0003652352940972714,-0.000357650362883758,0.3,-0.0008152352940972714,10_10_5,1,
2024-05-30,True,-0.0028594989832757714,-0.005787025222876909,0.43333333333333335,-0.0035094989832757714,10_10_5,1,
2024-05-31,True,-0.0008274300505464841,-0.0003396691136807338,0.2033898305084746,-0.001132514796309196,10_10_5,1,
2024-06-03,True,0.010617183091741667,0.00885103713588906,0.3050847457627119,0.0101595559730976,10_10_5,1,
2024-06-04,True,-0.0015936309755561436,-0.0014828753614080756,0.4067796610169492,-0.0022038004670815676,10_10_5,1,
2024-06-05,True,-0.004344394869222328,-0.004637326462388725,0.3389830508474576,-0.004852869445493515,10_10_5,1,
2024-06-06,True,-0.006959141685460099,-0.00874390337873029,0.4745762711864407,-0.007671006092239759,10_10_5,1,
2024-06-07,True,-0.001516007637137071,0.0004897938286936335,0.3728813559322034,-0.002075329671035376,10_10_5,1,
2024-06-11,True,0.007994424415258626,0.0033802470469710064,0.2033898305084746,0.007689339669495914,10_10_5,1,
2024-06-12,True,-0.011116997568313853,-0.006939198632330335,0.3728813559322034,-0.011676319602212158,10_10_5,1,
2024-06-13,True,0.002277292633890338,0.0003582342243018643,0.4067796610169492,0.001667123142364914,10_10_5,1,
2024-06-14,True,-0.0017005117176884083,0.004292866620094999,0.4067796610169492,-0.002310681209213832,10_10_5,1,
2024-06-17,True,0.003677882512267124,0.004705022187399672,0.33898305084745756,0.003169407935995938,10_10_5,1,
2024-06-18,True,-0.007638772580938686,-0.009383034182233678,0.10526315789473684,-0.0077966673177807914,10_10_5,1,
2024-06-19,True,-0.013371907645536533,-0.011226400961119591,0.2807017543859649,-0.01379296027711548,10_10_5,1,
2024-06-20,True,-0.00676534055324301,-0.0035254716326146643,0.24561403508771928,-0.007133761605874589,10_10_5,1,
2024-06-21,True,-0.0022137317918486067,-0.007294655528409055,0.21052631578947367,-0.0025295212655328174,10_10_5,1,
2024-06-24,True,-0.0062189977354491135,-0.008720528135635171,0.17543859649122806,-0.006482155630185955,10_10_5,1,
2024-06-25,True,0.009221551508543976,0.008722180885717402,0.2807017543859649,0.008800498876965029,10_10_5,1,
2024-06-26,True,-0.007098261914293962,-0.009357974529188169,0.38596491228070173,-0.007677209282715015,10_10_5,1,
2024-06-27,True,0.0003070073175678896,0.0037752098341461513,0.2807017543859649,-0.00011404531401105773,10_10_5,1,
2024-06-28,True,0.0062400585211266745,0.007198433898510189,0.3508771929824561,0.005713742731652991,10_10_5,1,
2024-07-01,True,-0.0023802911146501176,-0.006502070539208451,0.21428571428571427,-0.002701719686078689,10_10_5,1,
2024-07-02,True,-0.0029947524334821107,-0.00243598924355808,0.2857142857142857,-0.0034233238620535395,10_10_5,1,
2024-07-03,True,-0.014236470770749568,-0.01100749254900624,0.25,-0.014611470770749568,10_10_5,1,
2024-07-04,True,1.4878567238218e-05,-0.0005210491171233023,0.25,-0.000360121432761782,10_10_5,1,
2024-07-05,True,-0.015399327268254897,-0.010354073113532364,0.36363636363636365,-0.01594478181370944,10_10_5,1,
2024-07-08,True,0.00997798381521539,0.010449144464079121,0.2909090909090909,0.009541620178851754,10_10_5,1,
2024-07-09,True,0.012821182083167246,0.012074012767087718,0.36363636363636365,0.012275727537712701,10_10_5,1,
2024-07-10,True,0.009927754420886085,0.005780622105308133,0.21818181818181817,0.009600481693613359,10_10_5,1,
2024-07-11,True,-0.001062755289984498,-0.0016758031503152936,0.4727272727272727,-0.0017718461990754073,10_10_5,1,
2024-07-12,True,-0.0007127670503055325,0.00043140076804798716,0.2909090909090909,-0.001149130686669169,10_10_5,1,
2024-07-15,True,0.006939513553832646,0.011504729593688756,0.2909090909090909,0.006503149917469009,10_10_5,1,
2024-07-16,True,0.0009680473311494872,-0.004204540055403138,0.45614035087719296,0.0002838368048336977,10_10_5,1,
2024-07-17,False,,,,,10_10_5,1,1.0
2024-07-18,False,,,,,10_10_5,1,1.0
2024-07-19,True,-0.006543958708745759,-0.006451006031835375,1.0,-0.008043958708745759,10_10_5,1,
2024-07-22,True,-0.016324711236409654,-0.025468879797871356,0.3728813559322034,-0.01688403327030796,10_10_5,1,
2024-07-23,True,-0.006404617361678673,-0.009978312582377651,0.4067796610169492,-0.007014786853204096,10_10_5,1,
2024-07-24,True,0.0038289194702413225,0.004540441697881531,0.4745762711864407,0.0031170550634616614,10_10_5,1,
2024-07-25,True,0.003809526176479188,0.004988238730136083,0.3050847457627119,0.0033518990578351206,10_10_5,1,
2024-07-26,True,-0.0026796626062367563,-0.008160893158891147,0.3389830508474576,-0.0031881371825079425,10_10_5,1,
2024-07-29,True,-0.009114102248213615,-0.0024657003450452883,0.2033898305084746,-0.009419186993976328,10_10_5,1,
2024-07-30,True,0.026309433634283813,0.028608234128729537,0.3389830508474576,0.025800959058012628,10_10_5,1,
2024-07-31,True,-0.017209879580756243,-0.01353302704642228,0.1694915254237288,-0.017464116868891835,10_10_5,1,
2024-08-01,True,-0.009316154152551184,-0.009660054158439723,0.2711864406779661,-0.009722933813568133,10_10_5,1,
2024-08-02,True,-0.0024432066619638933,-0.0006729806967284604,0.2711864406779661,-0.0028499863229808423,10_10_5,1,
2024-08-05,True,-0.002407738917112547,-0.0027686381505911697,0.2711864406779661,-0.002814518578129496,10_10_5,1,
2024-08-06,True,0.0040838301585523285,-0.0019688781346918582,0.23728813559322035,0.003727897955162498,10_10_5,1,
2024-08-07,True,0.003492523336195588,0.006020794987923615,0.2711864406779661,0.003085743675178639,10_10_5,1,
2024-08-08,True,-0.005877363260326607,-0.011014521638627947,0.3728813559322034,-0.006436685294224912,10_10_5,1,
2024-08-09,True,0.0026100422359057723,-0.001008300491523864,0.2711864406779661,0.0022032625748888233,10_10_5,1,
2024-08-12,True,0.00160405286277844,0.0018207321630828222,0.3389830508474576,0.0010955782865072535,10_10_5,1,
2024-08-13,True,-0.011659757053286104,-0.011578175192863999,0.2033898305084746,-0.011964841799048817,10_10_5,1,
2024-08-14,True,0.012519819377846443,0.011292555389422431,0.1694915254237288,0.01226558208971085,10_10_5,1,
2024-08-15,True,-0.0034983746459288046,-0.0036962993762798078,0.2711864406779661,-0.0039051543069457536,10_10_5,1,
2024-08-16,True,0.0018548704268531008,0.0036589817367120767,0.23728813559322035,0.0014989382234632702,10_10_5,1,
2024-08-19,True,-0.01763520031379891,-0.015093809090478328,0.4067796610169492,-0.018245369805324336,10_10_5,1,
2024-08-20,True,-3.5753679705763375e-05,-0.0015418951412998346,0.4067796610169492,-0.0006459231712311872,10_10_5,1,
2024-08-21,True,-0.00939757561484784,-0.010173429523615359,0.3050847457627119,-0.009855202733491907,10_10_5,1,
2024-08-22,True,0.008422704140572827,0.005321216215064878,0.1694915254237288,0.008168466852437235,10_10_5,1,
2024-08-23,True,-0.004679017616236514,-0.0035359746375395375,0.4067796610169491,-0.005289187107761937,10_10_5,1,
2024-08-26,True,-0.009422943089515518,-0.007797270988022869,0.20689655172413793,-0.009733287917101725,10_10_5,1,
2024-08-27,True,-0.000427688271083641,-0.004548355464749778,0.24137931034482757,-0.0007897572366008824,10_10_5,1,
2024-08-28,True,0.016636772938903283,0.00504338308953836,0.3793103448275862,0.016067807421661903,10_10_5,1,
2024-08-29,True,0.019679632941917866,0.012723351415385787,0.48275862068965514,0.018955495010883384,10_10_5,1,
2024-08-30,False,,,,,10_10_5,1,1.0
2024-09-02,False,,,,,10_10_5,1,1.0
2024-09-03,True,0.001288811174256116,0.0008492827704883314,1.0,-0.00021118882574388403,10_10_5,1,
2024-09-04,True,-0.00024496752073817753,0.004711001351751933,0.711864406779661,-0.001312764130907669,10_10_5,1,
2024-09-05,True,-0.010071870267952612,-0.017274913313213413,0.4067796610169492,-0.010682039759478035,10_10_5,1,
2024-09-06,True,-0.010653878317743216,-0.005341401651005954,0.23728813559322032,-0.011009810521133047,10_10_5,1,
2024-09-09,True,-0.00319588214215524,-0.003103737636311836,0.20689655172413793,-0.0035062269697414467,10_10_5,1,
2024-09-10,True,-0.007879403324533744,0.0031820805968406324,0.3793103448275862,-0.008448368841775123,10_10_5,1,
2024-09-11,True,0.00046816379935307837,-0.005157633426833263,0.3793103448275862,-0.00010080171788830097,10_10_5,1,
2024-09-12,True,-0.006561172220784213,-0.007541210199958076,0.27586206896551724,-0.006974965324232489,10_10_5,1,
2024-09-13,True,0.007498550870961429,0.00657271285062853,0.20689655172413793,0.007188206043375223,10_10_5,1,
2024-09-18,True,0.004948579996032617,0.006401342157201302,0.20689655172413793,0.004638235168446411,10_10_5,1,
2024-09-19,True,0.007442615731631075,0.0013774759887502145,0.4482758620689655,0.006770201938527626,10_10_5,1,
2024-09-20,True,0.011559035757674401,0.010642269693671002,0.4067796610169491,0.010948866266148978,10_10_5,1,
2024-09-23,True,0.04349184413353824,0.046760510412625994,0.5423728813559322,0.04267828481150434,10_10_5,1,
2024-09-24,True,-0.0020562961433165036,-0.0016829710515853446,0.7457627118644068,-0.0031749402111131138,10_10_5,1,
2024-09-25,True,0.0604323604711779,0.06449900931566413,0.4067796610169492,0.059822190979652475,10_10_5,1,
2024-09-26,True,0.06953750201374832,0.08011364550208842,0.1694915254237288,0.06928326472561273,10_10_5,1,
2024-09-27,True,0.1802565104681613,0.1694766445013402,0.3050847457627119,0.17979888334951724,10_10_5,1,
2024-09-30,True,-0.0682370788678952,-0.0623393439802809,0.3050847457627119,-0.06869470598653928,10_10_5,1,
2024-10-08,True,-0.048386415149919565,-0.04925821093954255,0.2033898305084746,-0.04869149989568228,10_10_5,1,
2024-10-09,True,0.0001609427000153973,-0.005931721189766946,0.23728813559322032,-0.00019498950337443316,10_10_5,1,
2024-10-10,True,-0.025771362287408818,-0.019804454295230922,0.3103448275862069,-0.02623687952878813,10_10_5,1,
2024-10-11,True,0.0032635919878582975,0.008248779272080767,0.48275862068965514,0.0025394540568238148,10_10_5,1,
2024-10-14,True,-0.036225613076086446,-0.034938888852807194,0.4482758620689655,-0.036898026869189894,10_10_5,1,
2024-10-15,True,0.013902268593629178,0.013026324697001756,0.5862068965517241,0.013022958248801592,10_10_5,1,
2024-10-16,True,-0.018550914074853733,-0.019085796117355787,0.30508474576271183,-0.0190085411934978,10_10_5,1,
2024-10-17,True,0.03097831608318219,0.04524785739129986,0.2033898305084746,0.030673231337419476,10_10_5,1,
2024-10-18,True,0.0013378789555081364,-0.00087652276880658,0.4745762711864407,0.0006260145487284754,10_10_5,1,
2024-10-21,True,0.012769278924117547,0.01097548796579559,0.2033898305084746,0.012464194178354834,10_10_5,1,
2024-10-22,True,-0.0022524920846750357,-0.00013544222780243484,0.3050847457627119,-0.0027101192033191033,10_10_5,1,
2024-10-23,True,-0.008144714934123477,-0.006262534571131889,0.1694915254237288,-0.00839895222225907,10_10_5,1,
2024-10-24,True,0.009303991482930788,0.012437624306705202,0.5084745762711864,0.008541279618524009,10_10_5,1,
2024-10-25,True,0.00600957763636806,0.007815222244945328,0.3728813559322034,0.005450255602469755,10_10_5,1,
2024-10-28,True,-0.015430424259742304,-0.021759422156077755,0.3728813559322034,-0.015989746293640607,10_10_5,1,
2024-10-29,True,-0.009626866675325906,-0.0020806356409066545,0.4745762711864407,-0.010338731082105567,10_10_5,1,
2024-10-30,True,-0.0029570274696992934,0.0008399578746782083,0.3728813559322034,-0.0035163495035975987,10_10_5,1,
2024-10-31,True,0.011544925600331319,0.0003813057360781901,0.4067796610169492,0.010934756108805895,10_10_5,1,
2024-11-01,True,0.0041009637403502264,0.010629140964123384,0.3728813559322034,0.003541641706451921,10_10_5,1,
2024-11-04,True,0.012554115582426629,0.03056165441972196,0.1694915254237288,0.012299878294291036,10_10_5,1,
2024-11-05,True,-0.009814820591788625,-0.011272913617936415,0.1694915254237288,-0.010069057879924218,10_10_5,1,
2024-11-06,True,0.03873971061468244,0.04733522351699766,0.4406779661016949,0.0380786936655299,10_10_5,1,
2024-11-07,True,-0.015153212626351678,-0.021229129226683175,0.2711864406779661,-0.015559992287368627,10_10_5,1,
2024-11-08,True,0.012863215597329641,0.02044535206248504,0.3728813559322034,0.012303893563431336,10_10_5,1,
2024-11-11,True,-0.006519852863668855,-0.01595488874698918,0.13559322033898305,-0.006723242694177329,10_10_5,1,
2024-11-12,True,0.011669653814625522,0.009856832255307068,0.1694915254237288,0.01141541652648993,10_10_5,1,
2024-11-13,True,-0.012418726903899861,-0.02252078266275973,0.3050847457627119,-0.012876354022543928,10_10_5,1,
2024-11-14,True,-0.0012477189206984397,-0.01076523831349445,0.1694915254237288,-0.001501956208834033,10_10_5,1,
2024-11-15,True,0.0007511620884519775,-0.009912544318301589,0.3050847457627119,0.0002935349698079097,10_10_5,1,
2024-11-18,True,0.002594219628175541,0.005644966589337549,0.3050847457627119,0.002136592509531473,10_10_5,1,
2024-11-19,True,0.007794053248095767,0.005869576193045237,0.26666666666666666,0.007394053248095766,10_10_5,1,
2024-11-20,True,0.003427022478503944,-6.600687258700222e-05,0.23333333333333334,0.003077022478503944,10_10_5,1,
2024-11-21,True,-0.023676426399614172,-0.029485450658720786,0.23333333333333334,-0.02402642639961417,10_10_5,1,
2024-11-22,True,-0.0061563894251060085,-0.007284819591148814,0.16666666666666666,-0.006406389425106009,10_10_5,1,
2024-11-25,True,-0.00042993353957812195,-0.004360771950551868,0.2,-0.000729933539578122,10_10_5,1,
2024-11-26,True,0.02432539241690748,0.022136369873328846,0.26666666666666666,0.023925392416907477,10_10_5,1,
2024-11-27,True,-0.008586437382887733,-0.008434314765057058,0.36666666666666664,-0.009136437382887733,10_10_5,1,
2024-11-28,True,0.006243837747590016,0.01129338368631042,0.6,0.0053438377475900165,10_10_5,1,
2024-11-29,True,0.008201361703600496,0.011889435203130953,0.6333333333333333,0.007251361703600496,10_10_5,1,
2024-12-02,True,-0.0001594451347021501,-0.001292024720046798,0.5333333333333333,-0.0009594451347021501,10_10_5,1,
2024-12-03,True,-0.008065327898132036,-0.010545054438792858,0.2,-0.008365327898132036,10_10_5,1,
2024-12-04,True,-0.001376161824415989,0.0028909312711855907,0.16666666666666666,-0.001626161824415989,10_10_5,1,
2024-12-05,True,0.011798965456457446,0.01160875032162761,0.3,0.011348965456457446,10_10_5,1,
2024-12-06,True,0.024755428806739716,0.028693718665143565,0.3333333333333333,0.024255428806739716,10_10_5,1,
2024-12-09,True,-0.020104905122227526,-0.027166910383481343,0.3333333333333333,-0.020604905122227526,10_10_5,1,
2024-12-10,True,0.0019894266688204377,0.004550854941278684,0.4,0.0013894266688204376,10_10_5,1,
2024-12-11,True,0.005260888569120634,0.0024972021947062364,0.36666666666666664,0.004710888569120634,10_10_5,1,
2024-12-12,True,-0.01624543039381479,-0.016038665905749865,0.23333333333333334,-0.01659543039381479,10_10_5,1,
2024-12-13,True,-0.0027342311617796415,-0.00970270157471804,0.2,-0.0030342311617796414,10_10_5,1,
2024-12-16,True,0.004035087921587244,0.003451215297370655,0.33333333333333326,0.0035350879215872437,10_10_5,1,
2024-12-17,True,-0.004674379182886205,-0.006699494252692566,0.25,-0.005049379182886205,10_10_5,1,
2024-12-18,True,0.0032230192674088448,0.008051787521038425,0.3214285714285714,0.0027408764102659876,10_10_5,1,
2024-12-19,True,-0.0019652976466561062,-0.0013664255303266523,0.5357142857142857,-0.002768869075227535,10_10_5,1,
2024-12-20,True,0.0028144877363404674,-0.0020960587185809253,0.2857142857142857,0.0023859163077690386,10_10_5,1,
2024-12-23,True,0.01589472090262272,0.01298491209651677,0.2857142857142857,0.015466149474051291,10_10_5,1,
2024-12-24,True,-0.004035125056966882,-0.003102367666283281,0.21428571428571427,-0.004356553628395454,10_10_5,1,
2024-12-25,True,-0.0005638245396738636,0.0021492578244581475,0.21428571428571427,-0.0008852531111024351,10_10_5,1,
2024-12-26,True,-0.00272546373619378,-0.002802318585109411,0.2857142857142857,-0.0031540351647652088,10_10_5,1,
2024-12-27,True,0.005490328032669697,0.0040193773844540105,0.2857142857142857,0.0050617566040982685,10_10_5,1,
2024-12-30,True,-0.013425915713532707,-0.019214748550215516,0.6428571428571428,-0.014390201427818421,10_10_5,1,
2024-12-31,True,-0.02426118936518872,-0.02845848051841458,0.25,-0.02463618936518872,10_10_5,1,
2025-01-02,True,-0.008804536486720237,-0.014848241342993883,0.3214285714285714,-0.009286679343863093,10_10_5,1,
2025-01-03,True,-0.0014159761314482247,-0.0011963035292378247,0.39285714285714285,-0.002005261845733939,10_10_5,1,
2025-01-06,True,0.0003279678512299223,0.004495853579000275,0.3571428571428571,-0.00020774643448436334,10_10_5,1,
2025-01-07,True,-0.004649912178538769,-0.0018533044045218792,0.46428571428571425,-0.00534634074996734,10_10_5,1,
2025-01-08,True,-0.002515767288405841,-0.0005158859933685652,0.46428571428571425,-0.003212195859834412,10_10_5,1,
2025-01-09,True,-0.02294203213318932,-0.02115469024026651,0.39285714285714285,-0.023531317847475034,10_10_5,1,
2025-01-10,True,0.011871760865269738,0.008124073582468264,0.25,0.011496760865269738,10_10_5,1,
2025-01-13,True,0.02433422274479979,0.025054300061160016,0.39999999999999997,0.02373422274479979,10_10_5,1,
2025-01-14,True,-0.00045715158737455415,0.00035727629620752163,0.5454545454545454,-0.0012753334055563724,10_10_5,1,
2025-01-15,True,-0.004392124276484332,-0.004858115103748084,0.21818181818181817,-0.004719397003757059,10_10_5,1,
2025-01-16,True,0.011108224785864798,0.012878373059326648,0.48275862068965514,0.010384086854830315,10_10_5,1,
2025-01-17,True,0.0004956825488027821,0.0012622838231690795,0.20689655172413793,0.00018533772121657517,10_10_5,1,
2025-01-20,True,-0.007616300430364307,-0.008003008536965379,0.4067796610169491,-0.008226469921889731,10_10_5,1,
2025-01-21,True,0.0031286396292632807,0.004598586161464715,0.576271186440678,0.0022642328496022637,10_10_5,1,
2025-01-22,True,-0.00509578972746292,-0.00946549773046711,0.3728813559322034,-0.005655111761361225,10_10_5,1,
2025-01-23,True,0.00744198809821559,0.013209609008710795,0.3050847457627119,0.006984360979571522,10_10_5,1,
2025-01-24,True,0.0047733918704155305,0.001355105174789063,0.3050847457627119,0.0043157647517714625,10_10_5,1,
2025-01-27,True,-0.01503956888558178,-0.01183976348479418,0.3389830508474576,-0.015548043461852967,10_10_5,1,
2025-02-05,True,0.005315216543232927,0.014687074953422367,0.3389830508474576,0.0048067419669617405,10_10_5,1,
2025-02-06,True,0.013330861984209826,0.015117400660501877,0.23728813559322035,0.012974929780819995,10_10_5,1,
2025-02-07,True,0.0014841532265036617,0.0009507412694280659,0.3050847457627119,0.001026526107859594,10_10_5,1,
2025-02-10,True,-0.006004063030098158,-0.0071797891049041745,0.3728813559322034,-0.006563385063996463,10_10_5,1,
2025-02-11,True,0.005727426075982611,0.00896400238381175,0.2711864406779661,0.005320646414965662,10_10_5,1,
2025-02-12,True,-0.0006035519967092468,-0.005258843141633786,0.23728813559322035,-0.0009594842000990773,10_10_5,1,
2025-02-13,True,0.009280325883939167,0.01218210063307585,0.1694915254237288,0.009026088595803575,10_10_5,1,
2025-02-14,True,-0.0010763391366297185,-0.0017286567469978723,0.13559322033898305,-0.001279728967138193,10_10_5,1,
2025-02-17,True,-0.007215114925811454,-0.012111895102934648,0.2711864406779661,-0.007621894586828403,10_10_5,1,
2025-02-18,True,-0.0009373512461136065,0.008140341094406048,0.2711864406779661,-0.0013441309071305556,10_10_5,1,
2025-02-19,True,0.003925807070931428,0.0017817037899142607,0.2711864406779661,0.003519027409914479,10_10_5,1,
2025-02-20,True,0.00038874882953223946,0.00754269146837578,0.23728813559322035,3.281662614240894e-05,10_10_5,1,
2025-02-21,True,-0.0018118656638522652,-0.007259051517149205,0.23728813559322035,-0.002167797867242096,10_10_5,1,
2025-02-24,True,-0.003807328967005978,0.0007489411640006524,0.1694915254237288,-0.004061566255141571,10_10_5,1,
2025-02-25,True,0.009415979466597094,0.00885456265515047,0.3050847457627119,0.008958352347953027,10_10_5,1,
2025-02-26,True,0.0035163052800233937,-0.0032571648343814436,0.3050847457627119,0.003058678161379326,10_10_5,1,
2025-02-27,True,-0.006117876635285011,-0.013581155011126634,0.3728813559322034,-0.006677198669183316,10_10_5,1,
2025-02-28,True,-0.001987170375454822,-0.005969603473207532,0.2711864406779661,-0.002393950036471771,10_10_5,1,
2025-03-03,True,0.005367968576839036,0.007862290902956568,0.2033898305084746,0.005062883831076324,10_10_5,1,
2025-03-04,True,0.005174503777105081,0.006396708608662895,0.23728813559322035,0.0048185715737152504,10_10_5,1,
2025-03-05,True,-0.00039802263912253527,0.004720972232992167,0.13559322033898305,-0.0006014124696310098,10_10_5,1,
2025-03-06,True,0.0051398096264216875,3.493326890756717e-05,0.4406779661016949,0.004478792677269145,10_10_5,1,
2025-03-07,True,-0.00737407674321858,-0.011375272363046815,0.3728813559322034,-0.007933398777116884,10_10_5,1,
2025-03-10,True,0.012247203564052936,0.014838562313582786,0.4067796610169492,0.011637034072527513,10_10_5,1,
2025-03-11,True,-0.005323848832159509,-0.0058227890899354585,0.3050847457627119,-0.005781475950803577,10_10_5,1,
2025-03-12,True,0.002505172682772567,-0.0024411560028299363,0.2033898305084746,0.0022000879370098554,10_10_5,1,
2025-03-13,True,0.017858771002140974,0.02060859739475305,0.2711864406779661,0.017451991341124025,10_10_5,1,
2025-03-14,True,-0.0004414947488821812,-0.0006112227496119379,0.3728813559322034,-0.0010008167827804863,10_10_5,1,
2025-03-17,False,,,,,10_10_5,1,1.0
2025-03-18,False,,,,,10_10_5,1,1.0
2025-03-19,True,-0.003435849156549904,-0.007714984832949364,1.0,-0.004935849156549904,10_10_5,1,
2025-03-20,True,-0.009112477585973165,-0.010298508657626144,0.2033898305084746,-0.009417562331735877,10_10_5,1,
2025-03-21,True,0.003869796020048032,0.0029728957627151685,0.3050847457627119,0.0034121689014039638,10_10_5,1,
2025-03-24,True,-8.217390833632695e-05,-0.00026250647299987296,0.2711864406779661,-0.0004889535693532761,10_10_5,1,
2025-03-25,True,-0.0020817196142866863,-0.003736343602505713,0.2711864406779661,-0.0024884992753036353,10_10_5,1,
2025-03-26,True,0.0006307876708221981,0.0030251969510293225,0.3728813559322034,7.146563692389302e-05,10_10_5,1,
2025-03-27,True,-0.007066774168782882,-0.007934080576466085,0.4406779661016949,-0.007727791117935425,10_10_5,1,
2025-03-28,True,-0.0005996719334060486,-0.0041479814989105355,0.3389830508474576,-0.001108146509677235,10_10_5,1,
2025-03-31,True,0.00015340285512490707,0.00213239573552181,0.3050847457627119,-0.0003042242635191608,10_10_5,1,
2025-04-01,True,-0.004196056092844249,-0.009554634923293427,0.3389830508474576,-0.004704530669115435,10_10_5,1,
2025-04-02,True,-0.04151783945509672,-0.04592074728646196,0.2033898305084746,-0.04182292420085943,10_10_5,1,
2025-04-03,True,-0.02283362970510224,-0.026093951459959176,0.3389830508474576,-0.023342104281373427,10_10_5,1,
2025-04-07,True,0.0019197546928755172,0.0005575164283665356,0.5084745762711864,0.0011570428284687377,10_10_5,1,
2025-04-08,True,0.04689508339634044,0.04727258628493071,0.2711864406779661,0.046488303735323484,10_10_5,1,
2025-04-09,True,-0.010207190123192097,-0.006568065697588398,0.2711864406779661,-0.010613969784209046,10_10_5,1,
2025-04-10,True,0.019099670229384764,0.012779400582923225,0.3389830508474576,0.01859119565311358,10_10_5,1,
2025-04-11,True,-0.007799937091717787,-0.004148576247413269,0.6101694915254238,-0.008715191329005922,10_10_5,1,
2025-04-14,True,-0.0038788898878887195,-0.0027786770324018236,0.2711864406779661,-0.004285669548905669,10_10_5,1,
2025-04-15,True,-0.0029540238082328514,-0.0023785793815973852,0.2033898305084746,-0.003259108553995563,10_10_5,1,
2025-04-16,True,0.0027896002929514844,0.0016343995651844992,0.1694915254237288,0.0025353630048158913,10_10_5,1,
2025-04-17,True,0.0036192975425068472,0.0012749175589861295,0.2711864406779661,0.0032125178814898982,10_10_5,1,
2025-04-18,True,0.00509003387531149,0.005607288629174451,0.5084745762711864,0.00432732201090471,10_10_5,1,
2025-04-21,True,0.004947593325920793,0.004313209852475265,0.4745762711864407,0.004235728919141132,10_10_5,1,
2025-04-22,True,-0.0008587862505142499,-0.003839783474024635,0.6101694915254238,-0.0017740404878023855,10_10_5,1,
2025-04-23,True,0.0020096650840206636,-0.0009210617202768669,0.6440677966101694,0.0010435633891054093,10_10_5,1,
2025-04-24,True,2.5535361109940702e-05,-0.0007649028067140124,0.4067796610169492,-0.0005846341304154831,10_10_5,1,
2025-04-25,True,-0.0029077307907486804,-0.006226882181806673,0.3050847457627119,-0.003365357909392748,10_10_5,1,
2025-04-28,True,-0.0022199694425343985,-0.00010556537963829233,0.2711864406779661,-0.0026267491035513475,10_10_5,1,
2025-04-29,True,0.003983106180584297,0.006892165531563331,0.3050847457627119,0.0035254790619402288,10_10_5,1,
2025-04-30,True,0.018148641167446064,0.021800603930282242,0.3389830508474576,0.01764016659117488,10_10_5,1,
2025-05-06,True,-0.008719422358578874,-0.011792075551145252,0.3728813559322034,-0.00927874439247718,10_10_5,1,
2025-05-07,True,0.005093741598296728,0.0062711671820370185,0.5084745762711864,0.004331029733889948,10_10_5,1,
2025-05-08,True,0.003552928566279342,0.0013931756182709793,0.3389830508474576,0.0030444539900081552,10_10_5,1,
2025-05-09,True,0.008450962800734442,0.013705377668210167,0.4745762711864407,0.007739098393954781,10_10_5,1,
2025-05-12,True,-0.00043246263276450756,-0.005578093552743337,0.3333333333333333,-0.0009324626327645076,10_10_5,1,
2025-05-13,True,0.004431175031494135,0.00667151380582793,0.23333333333333334,0.004081175031494136,10_10_5,1,
2025-05-14,True,-0.00762964692233511,-0.011379821705350816,0.3,-0.00807964692233511,10_10_5,1,
2025-05-15,True,-0.0038642759522066676,-0.0021260380072011466,0.16666666666666666,-0.004114275952206667,10_10_5,1,
2025-05-16,True,0.0008436201437985623,0.00022164737384411344,0.23333333333333334,0.0004936201437985622,10_10_5,1,
2025-05-19,True,0.004008492468703015,0.00391412682468784,0.4067796610169492,0.0033983229771775915,10_10_5,1,
2025-05-20,True,0.0027245943422054583,0.0021143587554187083,0.3050847457627119,0.0022669672235613907,10_10_5,1,
2025-05-21,True,-0.00020829957188812944,-0.0016522134266608716,0.4406779661016949,-0.0008693165210406718,10_10_5,1,
2025-05-22,False,,,,,10_10_5,1,1.0
2025-05-23,False,,,,,10_10_5,1,1.0
2025-05-26,True,-0.004948154791157985,-0.0039295303971372325,1.0,-0.006448154791157986,10_10_5,1,
2025-05-27,True,-0.001599833723385898,-0.0009989393325781294,0.2711864406779661,-0.002006613384402847,10_10_5,1,
2025-05-28,True,0.00706886392092695,0.006733440120454964,0.2033898305084746,0.006763779175164238,10_10_5,1,
2025-05-29,True,-0.005182246764335576,-0.005365445220242281,0.3050847457627119,-0.005639873882979644,10_10_5,1,
2025-05-30,True,0.003253935507109962,0.0059912330060755,0.4067796610169492,0.002643766015584538,10_10_5,1,
2025-06-03,True,0.0061299634918100775,0.0066192651793393125,0.4745762711864407,0.005418099085030417,10_10_5,1,
2025-06-04,True,0.0026086985930235595,0.0024029338531002717,0.4067796610169492,0.0019985291014981356,10_10_5,1,
2025-06-05,True,0.002200916091762447,0.0007604579313318371,0.4406779661016949,0.0015398991426099043,10_10_5,1,
2025-06-06,True,0.0005134368652574353,0.004685856454920037,0.1694915254237288,0.00025919957712184207,10_10_5,1,
2025-06-09,True,-0.0038195281995396526,-0.00598354831916047,0.3728813559322034,-0.0043788502334379574,10_10_5,1,
2025-06-10,True,0.0033616341836955298,0.004429493394601286,0.3389830508474576,0.0028531596074243435,10_10_5,1,
2025-06-11,True,-0.004056094205279561,0.000756099224559009,0.1694915254237288,-0.004310331493415155,10_10_5,1,
2025-06-12,True,-0.0065320202754414,-0.006998560730671122,0.23728813559322035,-0.006887952478831231,10_10_5,1,
2025-06-13,True,0.0019608976526653173,0.003744539604625694,0.23728813559322035,0.0016049654492754867,10_10_5,1,
2025-06-16,True,0.0006002486451461804,-9.849078843238767e-05,0.2711864406779661,0.0001934689841292312,10_10_5,1,
2025-06-17,True,-0.0007320130777714835,-0.0005580503489522607,0.20689655172413793,-0.0010423579053576903,10_10_5,1,
2025-06-18,True,-0.007020979910160508,-0.008779246352585911,0.3448275862068966,-0.007538221289470853,10_10_5,1,
2025-06-19,True,-0.0027425900507243965,-0.00468617658779187,0.3793103448275862,-0.003311555567965776,10_10_5,1,
2025-06-20,True,0.005783256299984328,0.008241665210009897,0.27586206896551724,0.005369463196536052,10_10_5,1,
2025-06-23,True,0.009088007198328139,0.012313880321760375,0.20689655172413793,0.008777662370741932,10_10_5,1,
2025-06-24,True,0.006166900449497317,0.011390995561124325,0.31034482758620685,0.005701383208118007,10_10_5,1,
2025-06-25,True,-0.002247117419240854,-0.0014638595086608145,0.31034482758620685,-0.0027126346606201643,10_10_5,1,
2025-06-26,True,-0.009057504976648593,-0.000666479429251051,0.20689655172413793,-0.0093678498042348,10_10_5,1,
2025-06-27,True,0.003927900726067671,0.004306741887707212,0.3448275862068966,0.0034106593467573263,10_10_5,1,
2025-06-30,True,0.00330490451647897,0.0011621927862947407,0.24137931034482757,0.0029428355509617285,10_10_5,1,
2025-07-01,True,0.00580805869450024,0.0029388121540726104,0.24137931034482757,0.005445989728982999,10_10_5,1,
2025-07-02,True,0.0032006353363778946,0.004834021206823648,0.3448275862068966,0.00268339395706755,10_10_5,1,
2025-07-03,True,9.690333872430215e-05,-0.0007643227968869871,0.3793103448275862,-0.0004720621785170772,10_10_5,1,
2025-07-04,True,-0.0018551021028927147,-0.001894020252983165,0.27586206896551724,-0.0022688952063409907,10_10_5,1,
2025-07-07,True,0.009466791977412835,0.011625518597533,0.27586206896551724,0.00905299887396456,10_10_5,1,
2025-07-08,True,-0.0036220286525280557,-0.0026696397612765974,0.3448275862068966,-0.0041392700318384,10_10_5,1,
2025-07-09,True,0.0034338828922374745,0.006046781348897969,0.41379310344827586,0.0028131932370650606,10_10_5,1,
2025-07-10,True,-0.0014979044557642369,0.003290933984508354,0.24137931034482757,-0.0018599734212814782,10_10_5,1,
2025-07-11,True,0.0034573869662560645,0.000367772143981105,0.41379310344827586,0.0028366973110836506,10_10_5,1,
2025-07-14,True,0.0036451866644513957,-0.001150055872387501,0.3103448275862069,0.0031796694230720856,10_10_5,1,
2025-07-15,True,-0.003830354375251963,-0.0011749045849796978,0.24137931034482757,-0.004192423340769204,10_10_5,1,
2025-07-16,True,0.008625432072974273,0.009975889615247637,0.26666666666666666,0.008225432072974274,10_10_5,1,
2025-07-17,True,0.008327409404627895,0.007574238479851075,0.23333333333333334,0.007977409404627895,10_10_5,1,
2025-07-18,True,0.007502043389496232,0.008397845601402698,0.26666666666666666,0.007102043389496232,10_10_5,1,
2025-07-21,True,0.009524228518906297,0.014330417043401347,0.36666666666666664,0.008974228518906297,10_10_5,1,
2025-07-22,True,-0.0035670721245740795,-0.00762571192442773,0.36666666666666664,-0.00411707212457408,10_10_5,1,
2025-07-23,True,-0.0012427017169548249,0.013623091714638378,0.3,-0.001692701716954825,10_10_5,1,
2025-07-24,True,0.0009768565448666018,-0.005272215679532587,0.3333333333333333,0.0004768565448666018,10_10_5,1,
2025-07-25,True,-0.0032749023839628967,-0.0003600918956439462,0.4,-0.0038749023839628966,10_10_5,1,
2025-07-28,True,-0.00024384589956399176,0.006122062500458694,0.26666666666666666,-0.0006438458995639918,10_10_5,1,
2025-07-29,True,0.0025564558374784494,-0.0029153706013622022,0.23333333333333334,0.0022064558374784494,10_10_5,1,
2025-07-30,True,-0.012115784591529783,-0.017079450704773395,0.3333333333333333,-0.012615784591529783,10_10_5,1,
2025-07-31,True,-0.003036497872143575,-0.007189285034024126,0.3333333333333333,-0.003536497872143575,10_10_5,1,
2025-08-01,True,0.011543637914227441,0.010133643610773423,0.4,0.010943637914227441,10_10_5,1,
2025-08-04,True,0.00802848124515534,0.005294849268417568,0.2711864406779661,0.00762170158413839,10_10_5,1,
2025-08-05,True,0.003723606267436269,0.006234998192832534,0.3389830508474576,0.003215131691165082,10_10_5,1,
2025-08-06,True,-0.0017413981770278597,-0.003281429471426032,0.2711864406779661,-0.0021481778380448087,10_10_5,1,
2025-08-07,True,0.0013847150961335368,0.001674523133339379,0.1694915254237288,0.0011304778079979437,10_10_5,1,
2025-08-08,True,-0.001310442341570103,0.004208601758460915,0.2033898305084746,-0.0016155270873328149,10_10_5,1,
2025-08-11,True,0.0030416571107892768,0.004494419459549408,0.2711864406779661,0.0026348774497723278,10_10_5,1,
2025-08-12,True,-0.002670246068563071,0.0050025543612786305,0.23728813559322035,-0.003026178271952901,10_10_5,1,
2025-08-13,True,-0.005826249909264298,-0.008998039662220635,0.23728813559322035,-0.006182182112654129,10_10_5,1,
2025-08-14,True,0.003922075305560445,0.018129265567129446,0.4406779661016949,0.003261058356407902,10_10_5,1,
2025-08-15,True,0.001662189243161638,0.0054606987924167814,0.2711864406779661,0.0012554095821446889,10_10_5,1,
2025-08-18,True,-0.0034502310093362724,-0.004492606036487099,0.23728813559322035,-0.003806163212726103,10_10_5,1,
2025-08-19,True,0.009719315771224616,0.017621760579585397,0.2711864406779661,0.009312536110207667,10_10_5,1,
2025-08-20,True,0.006823599707488547,0.0011235502399921436,0.2033898305084746,0.006518514961725836,10_10_5,1,
2025-08-21,True,0.01116660560974754,0.027329776786917035,0.4067796610169492,0.010556436118222117,10_10_5,1,
2025-08-22,True,0.009475697987782788,0.008596759726582116,0.3389830508474576,0.0089672234115116,10_10_5,1,
2025-08-25,True,-0.0013809722480354633,0.0023597719892254924,0.3050847457627119,-0.0018385993666795311,10_10_5,1,
2025-08-26,True,-0.018126359878008376,-0.019213100293443336,0.23728813559322035,-0.018482292081398205,10_10_5,1,
2025-08-27,True,0.0049761949324595685,0.0162716349722172,0.1694915254237288,0.004721957644323975,10_10_5,1,
2025-08-28,True,-3.302922715629834e-05,0.008809316964586516,0.23728813559322035,-0.00038896143054612886,10_10_5,1,
2025-08-29,True,-0.004826371487489868,0.0007455651020083135,0.2033898305084746,-0.00513145623325258,10_10_5,1,
2025-09-01,True,0.0025415779013454503,-0.0071471349702859795,0.3728813559322034,0.001982255867447145,10_10_5,1,
2025-09-02,True,-0.006685002872863167,-0.013018628952272869,0.2033898305084746,-0.006990087618625879,10_10_5,1,
2025-09-03,True,-0.006259220746760385,-0.01494102527527731,0.3389830508474576,-0.006767695323031571,10_10_5,1,
2025-09-04,True,0.013705556914304026,0.02283770186611638,0.1016949152542373,0.01355301454142267,10_10_5,1,
2025-09-05,True,-0.001607341077534785,0.0035113486210358856,0.23728813559322035,-0.0019632732809246154,10_10_5,1,
2025-09-08,True,0.0012844493124197494,-0.005252589684251163,0.03389830508474576,0.0012336018547926307,10_10_5,1,
2025-09-09,True,-0.006961033265485707,-0.003010208229719349,0.3728813559322034,-0.007520355299384013,10_10_5,1,
2025-09-10,True,0.014446907903730858,0.020665733571548536,0.23728813559322035,0.014090975700341027,10_10_5,1,
2025-09-11,True,-0.0073582011245667,-0.002509381708324925,0.2711864406779661,-0.007764980785583649,10_10_5,1,
2025-09-12,True,0.0009241938569485429,0.0009630893335431893,0.2033898305084746,0.000619109111185831,10_10_5,1,
2025-09-15,True,-0.008758573723767026,-0.003402847912839334,0.3728813559322034,-0.009317895757665331,10_10_5,1,
2025-09-16,True,0.004512972633138442,0.005627004402032045,0.3050847457627119,0.004055345514494374,10_10_5,1,
2025-09-17,True,-0.012461255192602355,-0.011751054720162048,0.2711864406779661,-0.012868034853619304,10_10_5,1,
2025-09-18,True,0.0009223862947317061,0.0031776943515472856,0.3389830508474576,0.0004139117184605197,10_10_5,1,
2025-09-19,True,-0.0025640505927435157,-5.948875730057401e-05,0.2711864406779661,-0.0029708302537604647,10_10_5,1,
2025-09-22,True,-0.004031155300696961,-0.008306855854067907,0.23728813559322035,-0.004387087504086792,10_10_5,1,
2025-09-23,True,0.005649844549874549,0.016044466734471297,0.2711864406779661,0.0052430648888576,10_10_5,1,
2025-09-24,True,-0.0054317607745672635,0.00039082549620609257,0.4745762711864407,-0.006143625181346924,10_10_5,1,
2025-09-25,True,0.0025635030907096477,-0.0013350308097837523,0.23728813559322035,0.0022075708873198173,10_10_5,1,
2025-09-26,True,0.005801500483467003,0.013486672333800845,0.2711864406779661,0.005394720822450054,10_10_5,1,
2025-09-29,True,-0.0025909268459345736,0.010485456985491385,0.3389830508474576,-0.00309940142220576,10_10_5,1,
2025-09-30,True,0.008418951294967038,0.00832801622165627,0.2033898305084746,0.008113866549204325,10_10_5,1,
2025-10-09,True,-0.013223594801019024,-0.0336804663048717,0.4067796610169492,-0.013833764292544447,10_10_5,1,
2025-10-10,True,0.013302222208320117,0.030438924812880373,0.3728813559322034,0.012742900174421812,10_10_5,1,
2025-10-13,True,0.0025583594558020615,-0.012857339836519223,0.23728813559322035,0.002202427252412231,10_10_5,1,
2025-10-14,True,0.008571186109390958,0.0074483256992941855,0.23728813559322035,0.008215253906001127,10_10_5,1,
2025-10-15,True,0.0012888782147799556,0.0007811745909729106,0.3050847457627119,0.0008312510961358877,10_10_5,1,
2025-10-16,True,-0.012916186336266245,-0.013336957711511957,0.3389830508474576,-0.013424660912537432,10_10_5,1,
2025-10-17,True,-0.00015435425835383376,-0.0025117009393062707,0.3333333333333333,-0.0006543542583538338,10_10_5,1,
2025-10-20,True,0.006533143741128429,0.0020336154905480643,0.2,0.0062331437411284295,10_10_5,1,
2025-10-21,True,0.0010128153347263413,-0.000803652348421405,0.16666666666666666,0.0007628153347263413,10_10_5,1,
2025-10-22,True,0.008751463095329247,0.009327136516126752,0.3333333333333333,0.008251463095329247,10_10_5,1,
2025-10-23,True,0.0024911109881815253,0.009868905202393972,0.3,0.0020411109881815254,10_10_5,1,
2025-10-24,True,0.0012537192182751086,0.0025804018016191963,0.1016949152542373,0.0011011768453937528,10_10_5,1,
2025-10-27,True,0.0013120934510319473,-0.0026000961137360315,0.3050847457627119,0.0008544663323878795,10_10_5,1,
2025-10-28,True,0.0021266115047040833,0.013060183190938471,0.3050847457627119,0.0016689843860600154,10_10_5,1,
2025-10-29,True,-0.004965945209315539,-0.005014307847619034,0.1694915254237288,-0.005220182497451133,10_10_5,1,
2025-10-30,True,-0.000922959926222483,-0.007206179379804123,0.3333333333333333,-0.001422959926222483,10_10_5,1,
2025-10-31,True,0.0005441658140825553,0.002741954385927504,0.36666666666666664,-5.83418591744466e-06,10_10_5,1,
2025-11-03,True,-0.00734862612404222,-0.01845211122553255,0.3,-0.0077986261240422195,10_10_5,1,
2025-11-04,True,0.005913728275688753,0.01489581949871559,0.3,0.005463728275688753,10_10_5,1,
2025-11-05,True,0.0025110168252798345,0.0067183432476538366,0.3,0.0020610168252798346,10_10_5,1,
2025-11-06,True,0.000798206571087697,0.005228329877848957,0.5,4.8206571087696954e-05,10_10_5,1,
2025-11-07,True,0.015589329474812204,0.007457545194511798,0.13333333333333333,0.015389329474812204,10_10_5,1,
2025-11-10,True,-0.003993898588957488,-0.011236273463299166,0.2,-0.004293898588957488,10_10_5,1,
2025-11-11,True,0.0004343821926916199,-0.003696453465796042,0.13333333333333333,0.0002343821926916199,10_10_5,1,
2025-11-12,True,-0.0009553105677024368,0.0030090267077271986,0.2,-0.0012553105677024369,10_10_5,1,
2025-11-13,True,-0.005381910874116976,-0.007908520423014646,0.23333333333333334,-0.005731910874116976,10_10_5,1,
2025-11-14,True,-0.009106627069440409,-0.006764970550161662,0.5,-0.00985662706944041,10_10_5,1,
2025-11-17,True,-0.005179876904044897,-0.006415219241073893,0.23728813559322035,-0.005535809107434728,10_10_5,1,
2025-11-18,False,,,,,10_10_5,1,1.0
2025-11-19,False,,,,,10_10_5,1,1.0
2025-11-20,True,-0.004617879923930133,-0.009462363105222258,1.0,-0.0061178799239301335,10_10_5,1,
2025-11-21,True,0.0019195533560197122,0.001534537568565759,0.4067796610169492,0.0013093838644942886,10_10_5,1,
2025-11-24,True,0.004160747491208471,0.002361570772472629,0.13559322033898305,0.003957357660699996,10_10_5,1,
2025-11-25,True,-0.0011695515588407979,0.0009339480250204644,0.2033898305084746,-0.0014746363046035098,10_10_5,1,
2025-11-26,True,-0.00039658067929593255,-0.0008030675257675545,0.3389830508474576,-0.000905055255567119,10_10_5,1,
2025-11-27,True,0.005121691148507641,0.0071096540072663255,0.4406779661016949,0.004460674199355099,10_10_5,1,
2025-11-28,True,0.010464014597248909,0.006151986981066531,0.3728813559322034,0.009904692563350604,10_10_5,1,
2025-12-01,True,-0.004808777234694916,-0.004785183535642859,0.4745762711864407,-0.005520641641474576,10_10_5,1,
2025-12-02,True,0.0003746384827082826,-0.0029929602784341666,0.2711864406779661,-3.214117830866657e-05,10_10_5,1,
2025-12-03,True,-0.00035251742251179904,-0.0010382236895501637,0.3050847457627119,-0.0008101445411558669,10_10_5,1,
2025-12-04,True,0.005859449339338707,0.009115652533843117,0.3050847457627119,0.005401822220694639,10_10_5,1,
2025-12-05,True,-0.0011570800264619518,0.0002234449003791357,0.4406779661016949,-0.001818096975614494,10_10_5,1,
2025-12-08,True,-0.009487951778317343,-0.008454645532635627,0.5084745762711864,-0.010250663642724122,10_10_5,1,
2025-12-09,True,0.0038776664836505706,0.005897126587836857,0.3050847457627119,0.003420039365006503,10_10_5,1,
2025-12-10,True,-0.006667093176547501,-0.009513529830481439,0.2033898305084746,-0.006972177922310213,10_10_5,1,
2025-12-11,True,1.022851455602498e-05,3.029051875695618e-05,0.2711864406779661,-0.00039655114646092415,10_10_5,1,
2025-12-12,True,-0.0005774542203069439,-0.0006640011708132653,0.2033898305084746,-0.0008825389660696559,10_10_5,1,
2025-12-15,True,-0.00355945468192387,-0.007188543905698069,0.37288135593220334,-0.004118776715822175,10_10_5,1,
2025-12-16,True,0.005981903257857938,0.010608459926426726,0.3157894736842105,0.005508219047331623,10_10_5,1,
2025-12-17,True,0.007078812598689369,0.002531809570789048,0.2807017543859649,0.006657759967110422,10_10_5,1,
2025-12-18,True,0.0027793467328495794,0.006440946372164005,0.38596491228070173,0.002200399364428527,10_10_5,1,
2025-12-19,True,-0.0009222685679538156,0.004102305695996839,0.17543859649122806,-0.0011854264626906578,10_10_5,1,
2025-12-22,True,-0.0024873187143123134,-0.0022045393744147446,0.14035087719298245,-0.002697845030101787,10_10_5,1,
2025-12-23,True,-0.00024264261210780064,0.0036418566647011662,0.3157894736842105,-0.0007163268226341164,10_10_5,1,
2025-12-24,True,0.0030528513867433575,0.005150548009902105,0.21052631578947367,0.002737061913059147,10_10_5,1,
2025-12-25,True,-0.0015173331985510214,0.003346386163247566,0.3508771929824561,-0.002043648988024706,10_10_5,1,
2025-12-26,True,-0.0008297086235006674,-0.00820270455463424,0.3508771929824561,-0.0013560244129743517,10_10_5,1,
2025-12-29,True,-0.0008038727828952972,0.006919052869441735,0.38596491228070173,-0.0013828201513163497,10_10_5,1,
2025-12-30,True,0.0018305014850477535,0.0028395653804711434,0.42105263157894735,0.0011989225376793323,10_10_5,1,
2025-12-31,True,0.010307546379631915,0.011329260639444528,0.42105263157894735,0.009675967432263495,10_10_5,1,
2026-01-05,True,0.014758429196951918,0.017309266356206433,0.2807017543859649,0.014337376565372971,10_10_5,1,
2026-01-06,True,-0.002854118571824129,-0.004781124154664936,0.38596491228070173,-0.0034330659402451815,10_10_5,1,
2026-01-07,True,0.003487618197713533,0.0003304624455807633,0.3157894736842105,0.0030139339871872173,10_10_5,1,
2026-01-08,True,0.002637805344208951,0.010608487783299193,0.17543859649122806,0.0023746474494721085,10_10_5,1,
2026-01-09,True,0.0022511370213664002,0.010554183904764666,0.42105263157894735,0.0016195580739979793,10_10_5,1,
2026-01-12,True,-0.0007448005159749471,-0.006126831323526859,0.21052631578947367,-0.0010605899896591576,10_10_5,1,
2026-01-13,True,-0.010051678839529286,-0.007493359520708375,0.21428571428571427,-0.010373107410957857,10_10_5,1,
2026-01-14,True,0.0071333668280874575,0.0063064631843994055,0.17857142857142855,0.006865509685230315,10_10_5,1,
2026-01-15,True,-0.014983028768272516,-0.010605650104455187,0.21428571428571427,-0.015304457339701087,10_10_5,1,
2026-01-16,True,0.0060694707721830245,0.007251512873581342,0.5172413793103448,0.005293608703217508,10_10_5,1,
2026-01-19,True,0.0007235581903801126,-0.0020878949399087913,0.3389830508474576,0.00021508361410892617,10_10_5,1,
2026-01-20,True,-0.0036570899835220937,0.005474145966106498,0.2033898305084746,-0.003962174729284806,10_10_5,1,
2026-01-21,True,0.00010195169776643251,0.001438436044347398,0.23728813559322035,-0.000253980505623398,10_10_5,1,
2026-01-22,True,-0.007801901951998149,0.002270335844449932,0.13559322033898305,-0.008005291782506623,10_10_5,1,
2026-01-23,True,-0.001686755233984064,-0.0032552735851918936,0.23728813559322035,-0.0020426874373738945,10_10_5,1,
2026-01-26,True,-0.0014449064553400904,-0.0001405500253458305,0.2711864406779661,-0.0018516861163570396,10_10_5,1,
2026-01-27,True,-0.0012246765585096594,-0.0001784107491254257,0.3728813559322034,-0.0017839985924079644,10_10_5,1,
2026-01-28,True,0.002756463206139055,-0.0008371925810601933,0.23728813559322035,0.0024005310027492245,10_10_5,1,
2026-01-29,True,-0.010472810570021144,-0.014282637410431122,0.2711864406779661,-0.010879590231038093,10_10_5,1,
2026-01-30,True,-0.006018618664581163,-0.007083961605131917,0.2033898305084746,-0.006323703410343875,10_10_5,1,
2026-02-02,True,0.0018219648887097008,0.006216511341002134,0.2711864406779661,0.0014151852276927516,10_10_5,1,
2026-02-03,True,0.017476586387122427,0.007228504840408759,0.4745762711864407,0.016764721980342765,10_10_5,1,
2026-02-04,True,0.0016017186405323735,-0.007643719125242892,0.23728813559322035,0.001245786437142543,10_10_5,1,
2026-02-05,True,0.003959548163168443,0.01449842563244664,0.2033898305084746,0.0036544634174057317,10_10_5,1,
2026-02-06,True,0.0037134407838781075,0.004141837761873195,0.3728813559322034,0.0031541187499798022,10_10_5,1,
2026-02-09,True,2.603131032846424e-05,0.0007403660244680254,0.23728813559322035,-0.0003299008930613663,10_10_5,1,
2026-02-10,True,-0.00023356390465204978,0.0018524175300475272,0.23728813559322035,-0.0005894961080418802,10_10_5,1,
2026-02-11,True,-0.0064698725776806375,-0.004693885735278388,0.5084745762711864,-0.007232584442087417,10_10_5,1,
2026-02-12,True,0.0004987582813528311,0.003365774022783833,0.4745762711864407,-0.00021310612542682996,10_10_5,1,
2026-02-13,True,0.0051609213221025215,0.0012677158179016305,0.2711864406779661,0.0047541416610855725,10_10_5,1,
2026-02-24,True,0.0021853957400067062,0.005555677063489346,0.4745762711864407,0.001473531333227045,10_10_5,1,
2026-02-25,True,-0.002430892095940586,-0.005370425310126168,0.3728813559322034,-0.002990214129838891,10_10_5,1,
2026-02-26,True,-0.00320563141029962,0.00010304129060948895,0.2033898305084746,-0.0035107161560623316,10_10_5,1,
2026-02-27,True,0.008452086067840033,0.008940128433812703,0.3728813559322034,0.007892764033941728,10_10_5,1,
2026-03-02,True,-0.0098423710561574,-0.02644632942478005,0.3389830508474576,-0.010350845632428588,10_10_5,1,
2026-03-03,True,-0.0021822446738619283,0.008011830385892987,0.23728813559322035,-0.0025381768772517587,10_10_5,1,
2026-03-04,True,-0.004000181753816725,-0.006620872188757822,0.3728813559322034,-0.004559503787715031,10_10_5,1,
2026-03-05,True,0.0013831516428308634,0.0032047342254670676,0.4406779661016949,0.000722134693678321,10_10_5,1,
2026-03-06,True,0.01200568181228463,0.004014391866966379,0.4745762711864407,0.011293817405504968,10_10_5,1,
2026-03-09,True,0.00705045549896428,0.006630009753046307,0.4067796610169492,0.006440286007438857,10_10_5,1,
2026-03-10,True,-0.0016557256943436603,0.005804175932643678,0.2033898305084746,-0.0019608104401063722,10_10_5,1,
2026-03-11,True,-0.006832089120181391,-0.0031615722073668486,0.06779661016949153,-0.0069337840354356285,10_10_5,1,
2026-03-12,True,0.0003500985691754706,-0.0033600706025767365,0.2033898305084746,4.501382341275871e-05,10_10_5,1,
2026-03-13,True,0.005566457157360159,-0.0018763808679202864,0.1694915254237288,0.0053122198692245656,10_10_5,1,
2026-03-16,True,0.0005184968946431544,-0.008559710895419804,0.4067796610169492,-9.167259688226941e-05,10_10_5,1,
2026-03-17,True,-0.010508927109160005,-0.009230787148173832,0.847457627118644,-0.011780113549837972,10_10_5,1,
2026-03-18,True,-0.006802572927164531,-0.0064203601212749995,0.576271186440678,-0.007666979706825548,10_10_5,1,
2026-03-19,True,-0.028381496255349074,-0.02392184263542645,0.3050847457627119,-0.028839123373993143,10_10_5,1,
2026-03-20,True,-0.006825065183976243,-0.008865359163200795,0.4067796610169492,-0.0074352346755016665,10_10_5,1,
2026-03-23,True,0.021107113629650294,0.009026885512550884,0.4067796610169492,0.02049694413812487,10_10_5,1,
2026-03-24,True,0.0064468632345576335,0.006537142552221667,0.13559322033898305,0.006243473404049159,10_10_5,1,
2026-03-25,True,-0.022424149193046874,-0.021737050571107776,0.3793103448275862,-0.022993114710288254,10_10_5,1,
2026-03-26,True,0.014423602498479168,0.008121531169838363,0.3728813559322034,0.013864280464580863,10_10_5,1,
2026-03-27,True,0.011826357908264275,0.006339518620220194,0.6440677966101694,0.010860256213349021,10_10_5,1,
2026-03-30,True,0.005817503730512785,0.003011404038729662,0.2033898305084746,0.005512418984750073,10_10_5,1,
2026-03-31,True,0.0014256616371958223,-0.0006490064721746679,0.3050847457627119,0.0009680345185517545,10_10_5,1,
2026-04-01,True,-0.0071069430422850645,-0.004689518808548236,0.23728813559322035,-0.007462875245674895,10_10_5,1,
2026-04-02,True,-0.009248552188097808,-0.012040917881635431,0.23728813559322035,-0.009604484391487639,10_10_5,1,
2026-04-03,True,0.017953900785184596,0.014083521599901247,0.1694915254237288,0.017699663497049004,10_10_5,1,
2026-04-07,True,0.0060434534912738695,0.00960946165691747,0.5084745762711864,0.00528074162686709,10_10_5,1,
2026-04-08,True,-0.0015893242997041836,0.004823909151860508,0.711864406779661,-0.0026571209098736753,10_10_5,1,
2026-04-09,True,-0.0013068792346903754,-0.0010032118405726201,0.1694915254237288,-0.0015611165228259687,10_10_5,1,
2026-04-10,True,0.002551308572147583,0.01230433392091952,0.2711864406779661,0.002144528911130634,10_10_5,1,
2026-04-13,True,0.0075183889293882885,0.007093530896106287,0.16666666666666669,0.007268388929388288,10_10_5,1,
2026-04-14,True,-0.0018451280030291118,-0.006687697910233121,0.3333333333333333,-0.002345128003029112,10_10_5,1,
2026-04-15,True,-0.0020512425477084355,0.0028218873843593732,0.2,-0.0023512425477084354,10_10_5,1,
2026-04-16,True,-0.005794293921733496,-0.0009941606206857387,0.2,-0.006094293921733496,10_10_5,1,
2026-04-17,True,0.003807397376631988,0.005692186242808453,0.26666666666666666,0.0034073973766319877,10_10_5,1,
2026-04-20,True,0.0031965933646507672,-0.0017886233675661468,0.3666666666666667,0.002646593364650767,10_10_5,1,
2026-04-21,True,0.0009645838316420848,0.00897796727941944,0.3728813559322034,0.00040526179774377975,10_10_5,1,
2026-04-22,True,-0.0018046795633303288,-0.006241171380906771,0.3050847457627119,-0.0022623066819743966,10_10_5,1,
2026-04-23,True,-0.0027877842887551463,-0.002022626295162203,0.2711864406779661,-0.0031945639497720953,10_10_5,1,
2026-04-24,True,-0.001713426606452168,-0.0012954207819024309,0.3050847457627119,-0.0021710537250962357,10_10_5,1,
2026-04-27,True,-0.001697149455130606,-0.0032960506108929825,0.5084745762711864,-0.0024598613195373855,10_10_5,1,
2026-04-28,True,0.01088103328206544,0.01375128473849621,0.4067796610169492,0.010270863790540017,10_10_5,1,
2026-04-29,True,-0.003043018986023536,0.0039795948648407384,0.4067796610169492,-0.00365318847754896,10_10_5,1,
2026-04-30,True,0.007229928549950616,0.008562999457480033,0.3728813559322034,0.006670606516052311,10_10_5,1,
2026-05-06,True,-0.0006821587148360496,-0.0038668594200072025,0.3728813559322034,-0.0012414807487343546,10_10_5,1,
2026-05-07,True,0.0026977389528357694,0.005979182686208674,0.3728813559322034,0.002138416918937464,10_10_5,1,
2026-05-08,True,0.005678306307364932,0.008708554164702965,0.3728813559322034,0.005118984273466627,10_10_5,1,
2026-05-11,True,-0.006705685831780941,-0.009909773251473552,0.23728813559322035,-0.007061618035170772,10_10_5,1,
2026-05-12,True,0.009954452756549912,0.015699662091480084,0.2033898305084746,0.0096493680107872,10_10_5,1,
2026-05-13,True,-0.014520040605954848,-0.020575766488934864,0.23728813559322035,-0.01487597280934468,10_10_5,1,
2026-05-14,True,-0.009335405269034988,-0.014803758401781069,0.23728813559322035,-0.00969133747242482,10_10_5,1,
2026-05-15,True,-0.005207894496054378,-0.0034248254159626665,0.23728813559322035,-0.005563826699444209,10_10_5,1,
2026-05-18,True,0.005334219263918395,0.003694290165742562,0.2033898305084746,0.0050291345181556835,10_10_5,1,
2026-05-19,True,-0.002441179892706876,0.0044385487936713,0.3728813559322034,-0.0030005019266051806,10_10_5,1,
2026-05-20,True,-0.008169628430777719,-0.012924015256718125,0.3389830508474576,-0.008678103007048906,10_10_5,1,
2026-05-21,True,0.005316090731408861,0.004910643783992912,0.2033898305084746,0.00501100598564615,10_10_5,1,
2026-05-22,True,-0.0031202116962195338,1.9530206651550938e-05,0.2711864406779661,-0.0035269913572364827,10_10_5,1,
2026-05-25,True,0.005718227682565934,0.0030472329805063653,0.23728813559322035,0.005362295479176103,10_10_5,1,
2026-05-26,True,-0.008914772342720492,-0.010049049503074437,0.3728813559322034,-0.009474094376618798,10_10_5,1,
2026-05-27,True,0.0008403310029175373,0.001992881804796614,0.3728813559322034,0.0002810089690192323,10_10_5,1,
2026-05-28,True,0.002431316250850045,-0.005240796443904329,0.2033898305084746,0.002126231505087333,10_10_5,1,
2026-05-29,True,0.01064940552159664,0.0015534032764578454,0.5084745762711864,0.00988669365718986,10_10_5,1,
2026-06-01,True,-0.005118413936486731,-0.002203580756025451,0.4067796610169492,-0.005728583428012154,10_10_5,1,
2026-06-02,True,-0.00822997815359817,-0.007668117706586697,0.23728813559322035,-0.008585910356988,10_10_5,1,
2026-06-03,True,-0.008282724630013075,-0.004433729210566115,0.4067796610169492,-0.008892894121538498,10_10_5,1,
2026-06-04,True,-0.01977281033643961,-0.024789381637801398,0.2711864406779661,-0.02017958999745656,10_10_5,1,
2026-06-05,True,-0.0005863589456821716,0.0007589754796644819,0.3389830508474576,-0.001094833521953358,10_10_5,1,
2026-06-08,True,5.6939665415064085e-05,0.00021944477928020198,0.5,-0.0006930603345849359,10_10_5,1,
2026-06-09,True,0.0017561392278212839,-0.0025098534216803628,0.3,0.001306139227821284,10_10_5,1,
2026-06-10,True,0.0055918696103327845,0.00847668400845511,0.4406779661016949,0.004930852661180242,10_10_5,1,
2026-06-11,True,0.015408542214127269,0.013137827473342996,0.2711864406779661,0.01500176255311032,10_10_5,1,
2026-06-12,True,0.003817960996933927,0.005805146497368928,0.5084745762711864,0.003055249132527147,10_10_5,1,
2026-06-15,True,-0.00976152259360862,-0.007552423841010479,0.44067796610169485,-0.010422539542761162,10_10_5,1,
2026-06-16,True,-0.0011907050706940656,0.0035730536251332434,0.2545454545454545,-0.0015725232525122474,10_10_5,1,
2026-06-17,True,-0.011512114289256498,-0.009324167421965752,0.14545454545454545,-0.011730296107438316,10_10_5,1,
2026-06-18,True,0.009790401292866352,0.022633260739292088,0.39285714285714285,0.009201115578580638,10_10_5,1,
2026-06-22,True,-0.016474024702680088,-0.01932031421201648,0.3214285714285714,-0.016956167559822946,10_10_5,1,
2026-06-23,True,-0.016340319195604306,-0.0045715583448721125,0.46428571428571425,-0.017036747767032876,10_10_5,1,
2026-06-24,True,0.00022805969555747343,0.004992372339160695,0.25,-0.00014694030444252658,10_10_5,1,
2026-06-25,True,-0.025230316507851163,-0.023458938084505717,0.3571428571428571,-0.025766030793565448,10_10_5,1,
2026-06-26,True,0.007994017681224463,0.009227659981597436,0.35714285714285715,0.007458303395510177,10_10_5,1,
2026-06-29,True,0.0015811200747901319,0.004216113408377113,0.35714285714285715,0.001045405789075846,10_10_5,1,
2026-06-30,True,0.01338167488735655,0.005323782301086743,0.2857142857142857,0.012953103458785122,10_10_5,1,
2026-07-01,True,0.0071036573962066744,-0.0021143543339422373,0.42857142857142855,0.0064608002533495315,10_10_5,1,
2026-07-02,True,0.006309077640961471,0.008263986914834903,0.39999999999999997,0.005709077640961471,10_10_5,1,
2026-07-03,True,0.012345117722277,-0.001905951048977853,0.2909090909090909,0.011908754085913364,10_10_5,1,
2026-07-06,True,-0.008226687597678882,-0.010403861130779029,0.36363636363636365,-0.008772142143133427,10_10_5,1,
2026-07-07,True,-0.0021731370356853435,-0.007970664633754078,0.18181818181818182,-0.002445864308412616,10_10_5,1,
2026-07-08,True,-3.260129949158546e-05,0.00986432708381339,0.46428571428571425,-0.0007290298709201568,10_10_5,1,
2026-07-09,True,-0.0015074578099572755,-0.005643454365810118,0.3571428571428571,-0.002043172095671561,10_10_5,1,
2026-07-10,True,-0.004531170677191427,-0.01229229371368845,0.3571428571428571,-0.005066884962905712,10_10_5,1,
2026-07-13,True,0.01563395783475989,0.01201063215660543,0.46428571428571425,0.014937529263331318,10_10_5,1,
2026-07-14,True,0.0037117540308065572,0.001522914551925132,0.39285714285714285,0.003122468316520843,10_10_5,1,
2026-07-15,True,-0.007484421945018735,-0.0023173015073148858,0.5357142857142857,-0.008287993373590163,10_10_5,1,
2026-07-16,True,-0.014192545020576063,-0.01660283390165434,0.5084745762711864,-0.014955256884982842,10_10_5,1,
2026-07-17,True,0.0032265150263594846,0.011478962019220683,0.2033898305084746,0.002921430280596773,10_10_5,1,
2026-07-20,True,0.02354046944837573,0.009622296655991,0.3050847457627119,0.02308284232973166,10_10_5,1,
2026-07-21,True,0.007066822945185908,0.009520389881238139,0.2711864406779661,0.006660043284168959,10_10_5,1,
2026-07-22,True,-0.0029914555496137205,-0.0024583044201233763,0.3050847457627119,-0.0034490826682577885,10_10_5,1,
2026-07-23,True,-0.009351813361541537,-0.014905936823126128,0.2711864406779661,-0.009758593022558486,10_10_5,1,
2026-07-24,True,-0.0021782483918446295,0.0014565971585868418,0.2033898305084746,-0.002483333137607341,10_10_5,1,
2026-07-27,True,-0.023300066058730275,-0.0015509429443856604,0.23728813559322035,-0.023655998262120104,10_10_5,1,
2026-07-28,True,-0.0009386567097730172,0.004812939673320444,0.2033898305084746,-0.0012437414555357292,10_10_5,1,
2026-07-29,True,0.014022826948199556,0.008506368435808155,0.3728813559322034,0.01346350491430125,10_10_5,1,
2026-07-30,True,-0.02480625139464786,-0.0004482714333998564,0.3728813559322034,-0.025365573428546166,10_10_5,1,
2026-07-31,True,0.005049550298038825,0.0028070365705140763,0.3389830508474576,0.004541075721767639,10_10_5,1,
2026-08-03,True,0.00846111768149791,-0.0034819727551970736,0.3389830508474576,0.007952643105226724,10_10_5,1,
2026-08-04,True,0.019394917578229143,0.010047195860690611,0.4067796610169492,0.018784748086703718,10_10_5,1,
2026-08-05,True,0.009403605885621493,0.0032215652877316883,0.4067796610169492,0.00879343639409607,10_10_5,1,
2026-08-06,True,0.005771949100760062,0.009733418892006613,0.3389830508474576,0.005263474524488876,10_10_5,1,
2026-08-07,True,0.0021703156151831144,0.0027865285569235706,0.4067796610169492,0.0015601461236576905,10_10_5,1,
2026-08-10,True,-0.006946942695891629,-0.006381535554055928,0.4067796610169492,-0.007557112187417053,10_10_5,1,
2026-08-11,True,0.006038110071250033,0.006136235292171633,0.3389830508474576,0.005529635494978847,10_10_5,1,
2026-08-12,True,-0.008292746643973331,-0.009558573549259765,0.3,-0.008742746643973332,10_10_5,1,
2026-08-13,True,-0.0027476049437603124,-0.0007127328148335725,0.23333333333333334,-0.0030976049437603124,10_10_5,1,
2026-08-14,True,0.01711594437026145,0.007877693200480115,0.4,0.01651594437026145,10_10_5,1,
2026-08-17,True,-0.011948737645422864,-0.009045585546375943,0.26666666666666666,-0.012348737645422863,10_10_5,1,
2026-08-18,True,-0.01166333876114944,-0.008129956522804814,0.26666666666666666,-0.012063338761149438,10_10_5,1,
2026-08-19,True,-0.0008916745667127027,-0.004546011239513395,0.5,-0.0016416745667127027,10_10_5,1,
2026-08-20,True,0.005397471106094175,0.004206390302706464,0.2711864406779661,0.004990691445077226,10_10_5,1,
2026-08-21,True,-0.012137773827612677,-0.011263117224479651,0.3728813559322034,-0.012697095861510983,10_10_5,1,
2026-08-24,True,0.010130138825794485,0.003371228522562523,0.2711864406779661,0.009723359164777536,10_10_5,1,
2026-08-25,True,0.011209111543386613,0.009207585172911018,0.711864406779661,0.01014131493321712,10_10_5,1,
2026-08-26,True,0.012138145589653614,0.007408688389466731,0.4666666666666667,0.011438145589653614,10_10_5,1,
2026-08-27,True,-0.007292103442018968,-0.005556842789853593,0.26666666666666666,-0.007692103442018968,10_10_5,1,
2026-08-28,True,0.010142413006739468,0.009209603708936056,0.3,0.009692413006739467,10_10_5,1,
2026-08-31,True,-0.004668052073884408,-0.003323836619906537,0.23333333333333334,-0.0050180520738844075,10_10_5,1,
2026-09-01,True,-0.005380833666539893,-0.003950282585795236,0.36666666666666664,-0.0059308336665398935,10_10_5,1,
2026-09-02,True,0.00044148314753913824,0.0023788960313121297,0.4,-0.0001585168524608618,10_10_5,1,
2026-09-03,True,0.0030686723691010515,-0.0017579708834001048,0.3333333333333333,0.0025686723691010515,10_10_5,1,
2026-09-04,True,-0.0037072336624610347,-0.0027223165257719787,0.3,-0.004157233662461035,10_10_5,1,
2026-09-07,True,-0.00011137183377108836,0.0007290016103510666,0.2,-0.0004113718337710884,10_10_5,1,
2026-09-08,True,-0.005457254036163992,-0.0029172881573536927,0.3050847457627119,-0.00591488115480806,10_10_5,1,
2026-09-09,True,-0.010830314918407205,-0.010107026947876331,0.23728813559322035,-0.011186247121797036,10_10_5,1,
2026-09-10,True,-0.007782663781775843,-0.010699545156126786,0.2033898305084746,-0.008087748527538555,10_10_5,1,
2026-09-11,True,0.0014170100059515793,0.00031874400051951134,0.3728813559322034,0.0008576879720532742,10_10_5,1,
2026-09-14,False,,,,,10_10_5,1,1.0
2026-09-15,True,0.0004283956259346407,-0.00020212289894788117,1.0,-0.0010716043740653593,10_10_5,1,
2026-09-16,True,0.005754964272901498,0.005812559709599841,0.23728813559322035,0.005399032069511667,10_10_5,1,
2026-09-17,True,0.0066272571228497505,0.0066024920437624144,0.3728813559322034,0.006067935088951445,10_10_5,1,
2026-09-18,True,0.005801523793811413,0.010857681843044842,0.2711864406779661,0.005394744132794464,10_10_5,1,
2026-09-21,True,-0.00035930412725164993,-0.004192830845261273,0.3389830508474576,-0.0008677787035228364,10_10_5,1,
2026-09-22,True,-0.007658827645207108,-0.00856938239932351,0.3728813559322034,-0.008218149679105414,10_10_5,1,
2026-09-23,True,-0.012819378899897212,-0.013949011078894341,0.2033898305084746,-0.013124463645659924,10_10_5,1,
2026-09-24,True,-0.008027746539089397,-0.014712404587506384,0.3728813559322034,-0.008587068572987702,10_10_5,1,
2026-09-28,True,0.004737723392836535,0.005744069664213715,0.3389830508474576,0.004229248816565349,10_10_5,1,
2026-09-29,False,,,,,10_10_5,1,59.0
2026-09-30,False,,,,,10_10_5,1,59.0
2020-02-14,True,0.027356454448437262,0.04220704248654171,1.0,0.02585645444843726,10_10_5,5,
2020-02-21,True,-0.03808913911717357,-0.04161293530162836,1.6,-0.04048913911717357,10_10_5,5,
2020-02-28,True,0.03225260698597947,0.028109315041482882,0.9666666666666667,0.030802606985979468,10_10_5,5,
2020-03-06,True,-0.03686291485819649,-0.03578987400980297,0.8666666666666667,-0.03816291485819649,10_10_5,5,
2020-03-13,True,-0.07640205574362138,-0.08552313457946967,1.0847457627118644,-0.07802917438768918,10_10_5,5,
2020-03-20,True,0.03228642346056631,0.019467996526462562,1.0508474576271187,0.03071015227412563,10_10_5,5,
2020-03-27,True,0.03627743144951266,0.025477183429333052,1.0508474576271187,0.03470116026307198,10_10_5,5,
2020-04-03,True,0.006608063786194522,-0.003262068155582772,1.0847457627118644,0.004980945142126725,10_10_5,5,
2020-04-13,True,0.01875661974525704,0.015980237285537078,1.11864406779661,0.017078653643562123,10_10_5,5,
2020-04-20,True,-0.0033802789962176284,-0.010066994634633257,0.9491525423728814,-0.00480400780977695,10_10_5,5,
2020-04-27,True,0.031085405427817157,0.03216042295031686,1.0508474576271187,0.029509134241376477,10_10_5,5,
2020-05-07,True,0.004720190440984053,-0.0004450159547397429,1.11864406779661,0.003042224339289138,10_10_5,5,
2020-05-14,True,-0.012557892329246936,-0.012609948038267624,0.8135593220338984,-0.013778231312297783,10_10_5,5,
2020-05-21,True,-0.01916166793576527,-0.013930657090853423,1.0508474576271187,-0.02073793912220595,10_10_5,5,
2020-05-28,True,0.03541025536357591,0.03482292045962778,1.3220338983050848,0.03342720451611828,10_10_5,5,
2020-06-04,True,-0.012885566982986204,-0.011925761849177005,1.423728813559322,-0.015021160203325187,10_10_5,5,
2020-06-11,True,0.03472015504985816,0.033365096207957703,0.9830508474576272,0.03324557877867172,10_10_5,5,
2020-06-18,True,0.012055303665746898,0.015333577660649455,1.3220338983050848,0.010072252818289272,10_10_5,5,
2020-06-29,True,0.1374364019476674,0.1571724083004504,0.8727272727272727,0.1361273110385765,10_10_5,5,
2020-07-06,True,0.04837644173895671,0.03753200945081895,1.309090909090909,0.046412805375320346,10_10_5,5,
2020-07-13,True,-0.023623806376085226,-0.021661380228240542,0.9090909090909091,-0.024987442739721588,10_10_5,5,
2020-07-20,True,-0.016819185566936283,-0.029061268450184075,0.983050847457627,-0.018293761838122723,10_10_5,5,
2020-07-27,True,0.057772044274877796,0.05328578096487888,1.0508474576271187,0.056195773088437116,10_10_5,5,
2020-08-03,True,0.004766756252366653,-0.005030321705823998,1.2542372881355932,0.0028854003201632633,10_10_5,5,
2020-08-10,True,0.008818704101996217,0.0175442435383201,1.0169491525423728,0.007293280373182658,10_10_5,5,
2020-08-17,True,0.009357837449788025,-0.010841573337679619,1.0169491525423728,0.007832413720974466,10_10_5,5,
2020-08-24,True,0.008288420589862048,-0.003413541286764498,0.8135593220338984,0.0070680816068112,10_10_5,5,
2020-08-31,True,-0.028364484200218067,-0.02351438761269588,1.152542372881356,-0.030093297759540102,10_10_5,5,
2020-09-07,True,-0.013857688933480177,-0.015717465814483994,1.2,-0.015657688933480178,10_10_5,5,
2020-09-14,True,0.017310470506593723,0.010661746912597529,1.0666666666666667,0.015710470506593723,10_10_5,5,
2020-09-21,True,-0.00907518908277127,-0.019084451561976228,1.0666666666666667,-0.01067518908277127,10_10_5,5,
2020-09-28,False,,,,,10_10_5,5,1.0
2020-10-13,True,0.0010833753480085065,-0.010087748153384311,1.0,-0.00041662465199149355,10_10_5,5,
2020-10-20,True,-0.022354979502092674,-0.02100823038713642,1.0169491525423728,-0.023880403230906233,10_10_5,5,
2020-10-27,True,0.010113051318170155,0.008058443976861921,1.1724137931034482,0.008354430628514983,10_10_5,5,
2020-11-03,True,0.034831875700627346,0.03117819347423605,1.2542372881355932,0.032950519768423954,10_10_5,5,
2020-11-10,True,0.006859605912417651,-0.002462744446789068,0.9491525423728814,0.005435877098858329,10_10_5,5,
2020-11-17,True,0.011269140179525565,0.02259270442666878,0.9830508474576272,0.009794563908339124,10_10_5,5,
2020-11-24,True,0.01493241431169541,0.012882414172160888,1.0847457627118644,0.013305295667627615,10_10_5,5,
2020-12-01,True,0.006040586995284525,-0.014538738296007405,1.0,0.004540586995284524,10_10_5,5,
2020-12-08,False,,,,,10_10_5,5,1.0
2020-12-15,True,-0.0016181390265083365,-0.006223681086689535,1.0,-0.0031181390265083366,10_10_5,5,
2020-12-22,True,0.004368496475604572,0.006212609287323519,1.2962962962962963,0.0024240520311601273,10_10_5,5,
2020-12-29,True,0.027891562601772644,0.061812137007898844,1.222222222222222,0.02605822926843931,10_10_5,5,
2021-01-06,True,0.01741920311847642,0.016304734024760983,1.3703703703703702,0.015363647562920866,10_10_5,5,
2021-01-13,True,0.005061581334654346,-0.0025540696813795513,1.0,0.0035615813346543458,10_10_5,5,
2021-01-20,True,-0.00789902681571025,-0.019034089106153066,1.3220338983050848,-0.009882077663167876,10_10_5,5,
2021-01-27,True,0.005296973664272025,-0.008946976150173066,1.1333333333333333,0.0035969736642720252,10_10_5,5,
2021-02-03,True,0.05732783808332634,0.05998637864673617,1.3666666666666667,0.055277838083326335,10_10_5,5,
2021-02-10,True,-0.009456672282404953,-0.030697400047285956,1.0344827586206897,-0.011008396420335988,10_10_5,5,
2021-02-24,True,-0.020370247678066097,-0.01437822354586006,1.2542372881355932,-0.022251603610269486,10_10_5,5,
2021-03-03,True,-0.07081675795451066,-0.05915612288827482,1.0169491525423728,-0.07234218168332422,10_10_5,5,
2021-03-10,True,0.0201791659723317,0.017524797872443723,0.847457627118644,0.018907979531653733,10_10_5,5,
2021-03-17,True,-0.057426413810621385,-0.03153838522246265,0.8135593220338982,-0.058646752793672235,10_10_5,5,
2021-03-24,True,0.04655678835931905,0.027785785231145724,0.9491525423728814,0.045133059545759725,10_10_5,5,
2021-03-31,True,0.009893405071089033,0.011694194817646946,1.0847457627118644,0.008266286427021237,10_10_5,5,
2021-04-08,True,-0.03081919817999202,-0.02283634117396834,0.8813559322033898,-0.032141232078297104,10_10_5,5,
2021-04-15,True,0.02687121086224331,0.02122427522796479,0.8813559322033898,0.025549176963938228,10_10_5,5,
2021-04-22,True,0.019945284200513207,0.00138230996202595,1.11864406779661,0.01826731809881829,10_10_5,5,
2021-04-29,True,-0.029234291386201632,-0.023166234083326305,1.152542372881356,-0.030963104945523665,10_10_5,5,
2021-05-11,True,0.034485945734332724,0.03202825936997048,1.1864406779661016,0.03270628471738357,10_10_5,5,
2021-05-18,True,0.020743999070860226,0.02128729312727316,0.847457627118644,0.01947281263018226,10_10_5,5,
2021-05-25,True,0.006164932465319166,0.007291358611946307,1.0847457627118644,0.004537813821251369,10_10_5,5,
2021-06-01,True,-0.012758183950582579,-0.012778388994839894,1.11864406779661,-0.014436150052277495,10_10_5,5,
2021-06-08,True,-0.03140314972961892,-0.031441243916836184,0.9152542372881356,-0.032776031085551126,10_10_5,5,
2021-06-16,True,0.015535681846769568,0.024377591745812895,1.2203389830508473,0.013705173372193298,10_10_5,5,
2021-06-23,True,0.010465817080245804,0.015715768592009745,1.3333333333333333,0.008465817080245804,10_10_5,5,
2021-06-30,True,-0.005722324793253527,-0.013428317002286397,1.2592592592592593,-0.007611213682142416,10_10_5,5,
2021-07-07,True,-0.009313027318562038,-0.008515031961667434,1.074074074074074,-0.010924138429673148,10_10_5,5,
2021-07-14,True,0.00940426165711087,0.00809327703511828,0.9629629629629629,0.007959817212666425,10_10_5,5,
2021-07-21,True,-0.07229807934647603,-0.05094341360673638,1.0169491525423728,-0.07382350307528959,10_10_5,5,
2021-07-28,True,0.005510296487924033,0.027829452939635353,0.9152542372881356,0.00413741513199183,10_10_5,5,
2021-08-04,True,0.029010513181608397,0.013448508524550509,0.7457627118644068,0.027891869113811786,10_10_5,5,
2021-08-11,True,-0.02872457029384887,-0.010441071789206717,1.0508474576271187,-0.03030084148028955,10_10_5,5,
2021-08-18,True,0.012464075301123685,0.006963886448684501,0.9491525423728814,0.011040346487564363,10_10_5,5,
2021-08-25,True,-0.039294352574127916,0.0018988864494479066,1.11864406779661,-0.04097231867582283,10_10_5,5,
2021-09-01,True,0.012606756289679532,0.029124902794339335,0.8813559322033898,0.011284722391374447,10_10_5,5,
2021-09-08,True,-0.026072588768509035,-0.01779693544566076,0.9830508474576272,-0.027547165039695475,10_10_5,5,
2021-09-15,True,0.02997374553497604,0.004068460879495527,0.8,0.02877374553497604,10_10_5,5,
2021-09-24,True,0.023836128358199312,0.00026454047730500434,1.0,0.02233612835819931,10_10_5,5,
2021-10-08,True,0.013928056055741463,-0.013867669717650103,0.8813559322033898,0.012606022157436378,10_10_5,5,
2021-10-15,True,0.007563474308279439,4.3488538741699446e-05,1.152542372881356,0.005834660748957405,10_10_5,5,
2021-10-22,True,0.007121332548067536,-0.007533727816280433,1.152542372881356,0.005392518988745502,10_10_5,5,
2021-10-29,True,-0.002163396943300088,0.0002539330206438036,1.152542372881356,-0.003892210502622122,10_10_5,5,
2021-11-05,True,0.007556316990999352,0.012723031665961657,1.3559322033898304,0.005522418685914606,10_10_5,5,
2021-11-12,True,0.008246462844404655,0.0023885012302374323,1.0508474576271187,0.006670191657963977,10_10_5,5,
2021-11-19,False,,,,,10_10_5,5,1.0
2021-11-26,False,,,,,10_10_5,5,1.0
2021-12-03,True,0.03575848604841737,0.029614488377997402,1.0,0.03425848604841737,10_10_5,5,
2021-12-10,True,-0.029385324379571393,-0.022799314575952433,0.9491525423728814,-0.030809053193130716,10_10_5,5,
2021-12-17,True,-0.0019739892742529157,0.003389454233021703,1.0508474576271185,-0.0035502604606935935,10_10_5,5,
2021-12-24,True,0.028756573821795934,0.01459442381307734,1.037037037037037,0.027201018266240377,10_10_5,5,
2021-12-31,True,-0.026484412263781437,-0.007536183968704038,1.1320754716981132,-0.028182525471328608,10_10_5,5,
2022-01-10,True,-0.007212183372759377,-0.017625526341978618,1.037037037037037,-0.008767738928314932,10_10_5,5,
2022-01-17,True,-0.019780801081215906,-0.011265153255452505,1.2203389830508473,-0.02161130955579218,10_10_5,5,
2022-01-24,True,-0.04289730874843575,-0.03294634197063978,0.9830508474576272,-0.04437188501962219,10_10_5,5,
2022-02-07,True,-0.014589535946741904,-0.011502977081740015,1.0508474576271187,-0.016165807133182584,10_10_5,5,
2022-02-14,True,0.022031382640331432,0.013946878021204891,1.1864406779661016,0.02025172162338228,10_10_5,5,
2022-02-21,True,0.027966700669861344,-0.0023999531664569288,0.9152542372881356,0.02659381931392914,10_10_5,5,
2022-02-28,True,-0.06594702026234954,-0.04315515588247181,1.0508474576271187,-0.06752329144879021,10_10_5,5,
2022-03-07,True,-0.04272949182698829,-0.05210780545753962,1.11864406779661,-0.044407457928683204,10_10_5,5,
2022-03-14,True,0.016605019963760525,0.01929800784305886,0.6101694915254238,0.01568976572647239,10_10_5,5,
2022-03-21,True,-0.01009161262350739,-0.017626751149986238,1.1864406779661016,-0.011871273640456542,10_10_5,5,
2022-03-28,True,0.01917638495500673,0.015361948396643723,1.2,0.01737638495500673,10_10_5,5,
2022-04-06,True,-0.023445994160849457,-0.023842879101042363,1.2,-0.025245994160849456,10_10_5,5,
2022-04-13,True,-0.005036806764579638,-0.020119645395011113,1.0508474576271187,-0.0066130779510203165,10_10_5,5,
2022-04-20,True,-0.06262701158457301,-0.05906666098258441,0.9655172413793103,-0.06407528744664198,10_10_5,5,
2022-04-27,True,0.030822162744975352,0.006088222771686707,0.9152542372881356,0.02944928138904315,10_10_5,5,
2022-05-09,True,0.04125745283639938,0.03826270617349605,0.847457627118644,0.03998626639572141,10_10_5,5,
2022-05-16,True,0.03019148362549794,0.027058299548396666,1.1864406779661016,0.028411822608548788,10_10_5,5,
2022-05-23,True,0.0017837508918156035,-0.003872549755438528,1.423728813559322,-0.0003518423285233795,10_10_5,5,
2022-05-30,True,0.039289335009031194,0.039873437119382335,1.152542372881356,0.03756052144970916,10_10_5,5,
2022-06-07,True,-0.006871633819488534,0.016594262299927682,0.9830508474576272,-0.008346210090674974,10_10_5,5,
2022-06-14,True,0.02622170143912437,0.02199606754048143,0.8135593220338982,0.025001362456073522,10_10_5,5,
2022-06-21,True,0.028079727135503996,0.02784752798945952,1.037037037037037,0.02652417157994844,10_10_5,5,
2022-06-28,True,-0.0016547628611479112,-0.0023465614128007854,1.0,-0.003154762861147911,10_10_5,5,
2022-07-05,True,-0.01457019160096323,-0.0313863398442299,1.0,-0.01607019160096323,10_10_5,5,
2022-07-12,True,-0.0027812461749637664,-0.002140067708775891,1.1111111111111112,-0.004447912841630433,10_10_5,5,
2022-07-19,True,-0.011956241385824434,-0.011474648071201148,1.1864406779661016,-0.013735902402773587,10_10_5,5,
2022-07-26,True,-0.03419982254227216,-0.026807759135020415,0.9152542372881356,-0.03557270389820437,10_10_5,5,
2022-08-02,True,0.019356601468255113,0.01800086360582764,1.152542372881356,0.01762778790893308,10_10_5,5,
2022-08-09,True,0.009730382022760007,0.007711477675397925,0.8813559322033898,0.008408348124454922,10_10_5,5,
2022-08-16,True,-0.015305781109454684,-0.002698662936201011,1.1864406779661016,-0.017085442126403838,10_10_5,5,
2022-08-23,True,-0.010653840074103409,-0.021571709953086417,0.7796610169491526,-0.011823331599527137,10_10_5,5,
2022-08-30,True,-0.003910321627721052,-0.002293872600029336,1.1864406779661016,-0.005689982644670204,10_10_5,5,
2022-09-06,True,0.012451649128562545,0.009020544850415995,1.0508474576271187,0.010875377942121867,10_10_5,5,
2022-09-14,True,-0.05351714361806412,-0.054047343870521895,0.9830508474576272,-0.05499171988925056,10_10_5,5,
2022-09-21,True,-0.009287576639490876,-0.010588608013348657,0.9830508474576272,-0.010762152910677317,10_10_5,5,
2022-09-28,True,-0.017454489303559254,-0.02385937844533298,1.0847457627118644,-0.01908160794762705,10_10_5,5,
2022-10-12,True,0.016783683354855614,0.011886531951114948,1.0847457627118644,0.015156564710787818,10_10_5,5,
2022-10-19,False,,,,,10_10_5,5,1.0
2022-10-26,True,0.0063270391316065,-0.0006840670763383334,1.0,0.0048270391316065,10_10_5,5,
2022-11-02,True,0.018624693253238924,0.015777094900017326,1.2203389830508475,0.016794184778662652,10_10_5,5,
2022-11-09,True,0.04008470328078542,0.03268983545993336,0.7796610169491526,0.038915211755361695,10_10_5,5,
2022-11-16,True,-0.010914484345827742,-0.00792114331547263,1.3220338983050848,-0.012897535193285369,10_10_5,5,
2022-11-23,True,0.022238361588478306,0.027974644216663177,1.0169491525423728,0.020712937859664746,10_10_5,5,
2022-11-30,True,0.009743046707620516,0.007823614861136119,0.9333333333333333,0.008343046707620516,10_10_5,5,
2022-12-07,True,-0.013973179928564885,-0.005399435568360876,1.1,-0.015623179928564886,10_10_5,5,
2022-12-14,True,-0.02911852396977464,-0.02865296787706116,0.8135593220338982,-0.030338862952825486,10_10_5,5,
2022-12-21,True,0.01272361027654365,0.0016031315735618493,0.8571428571428571,0.011437895990829365,10_10_5,5,
2022-12-28,True,0.021865893233344563,0.0263568022000493,1.3928571428571428,0.01977660751905885,10_10_5,5,
2023-01-05,True,0.023916013783421567,0.009535960121243544,1.2857142857142856,0.021987442354850138,10_10_5,5,
2023-01-12,True,0.03945438661940189,0.03648760564909517,0.9152542372881355,0.03808150526346969,10_10_5,5,
2023-01-19,True,0.011563703806797276,0.008369874647981456,0.8666666666666667,0.010263703806797276,10_10_5,5,
2023-02-02,True,-0.006572767943278823,-0.002929712227715407,1.0,-0.008072767943278823,10_10_5,5,
2023-02-09,True,-0.006240181434867807,-0.009161121436577619,1.4333333333333333,-0.008390181434867807,10_10_5,5,
2023-02-16,True,-0.0033936404938827843,0.009778821723263475,1.0,-0.004893640493882785,10_10_5,5,
2023-02-23,True,-0.010471909526643735,0.006351544666293444,1.1666666666666667,-0.012221909526643735,10_10_5,5,
2023-03-02,True,-0.02275177324552195,-0.02490063682419675,0.9666666666666667,-0.02420177324552195,10_10_5,5,
2023-03-09,True,-0.022212535807773107,-0.007760536368980503,1.1333333333333333,-0.023912535807773107,10_10_5,5,
2023-03-16,True,0.016810208355400195,0.02170219289265315,1.0847457627118644,0.0151830897113324,10_10_5,5,
2023-03-23,True,0.009526854172444634,-0.003516273903329346,0.9152542372881356,0.008153972816512431,10_10_5,5,
2023-03-30,True,0.0019814442818278104,0.030795991074124167,0.9830508474576272,0.0005068680106413697,10_10_5,5,
2023-04-07,True,-0.0012254611996006008,-0.007932531188900587,1.0,-0.002725461199600601,10_10_5,5,
2023-04-14,True,-0.015108593780904952,-0.021183054310864417,0.9,-0.016458593780904952,10_10_5,5,
2023-04-21,True,-0.009383727877089718,-0.011033567969522469,1.3,-0.011333727877089719,10_10_5,5,
2023-04-28,True,-0.007491703640931268,-0.0020792609052528387,1.2666666666666666,-0.009391703640931268,10_10_5,5,
2023-05-10,True,-0.00035569830569976525,-0.009531991742018438,1.152542372881356,-0.0020845118650217992,10_10_5,5,
2023-05-17,True,-0.013717636380575732,-0.02558062280058497,1.0847457627118644,-0.015344755024643528,10_10_5,5,
2023-05-24,True,-0.019893931090717635,-0.009064492904795537,1.0847457627118644,-0.02152104973478543,10_10_5,5,
2023-05-31,True,0.008886613862558202,-0.006330043278203446,1.152542372881356,0.007157800303236168,10_10_5,5,
2023-06-07,True,0.017888141429567475,0.02387929231897806,1.0169491525423728,0.016362717700753916,10_10_5,5,
2023-06-14,True,-0.012800800455389295,-0.007100000718163946,1.1864406779661016,-0.014580461472338447,10_10_5,5,
2023-06-21,True,0.015092438324108018,0.012680990915073562,1.0689655172413792,0.013488990048245948,10_10_5,5,
2023-06-30,True,0.002297790962066833,-0.00043111641341430235,1.0,0.0007977909620668329,10_10_5,5,
2023-07-07,True,0.012479272287269699,0.011721482581436772,1.0,0.0109792722872697,10_10_5,5,
2023-07-14,True,-0.013038408590234817,-0.016233713455380726,1.3220338983050848,-0.015021459437692444,10_10_5,5,
2023-07-21,True,0.03406237942565964,0.04682967008465213,1.0847457627118644,0.03243526078159185,10_10_5,5,
2023-07-28,True,0.005690874815360699,0.0024868946473210517,0.9830508474576272,0.004216298544174259,10_10_5,5,
2023-08-04,True,-0.029580626574199673,-0.038968076378367016,1.1333333333333333,-0.03128062657419967,10_10_5,5,
2023-08-11,True,-0.02546687107460138,-0.01938193657881877,0.9333333333333333,-0.026866871074601378,10_10_5,5,
2023-08-18,True,0.016682777491256108,0.0275683963108418,1.1333333333333333,0.014982777491256108,10_10_5,5,
2023-08-25,True,-0.02520929902193813,-0.025356425260630245,1.3666666666666667,-0.02725929902193813,10_10_5,5,
2023-09-01,True,-0.025158746320780117,-0.01632387123192577,1.2,-0.026958746320780116,10_10_5,5,
2023-09-08,True,-0.022012613679543016,-0.009942260240951217,1.0333333333333332,-0.023562613679543015,10_10_5,5,
2023-09-15,True,0.0011163455182396996,0.003781842088985547,1.0333333333333334,-0.0004336544817603006,10_10_5,5,
2023-09-22,True,-0.01185688240122553,-0.004495724023586598,1.1666666666666667,-0.01360688240122553,10_10_5,5,
2023-10-09,True,-0.03266995427659698,-0.015807110060052306,0.9666666666666667,-0.03411995427659698,10_10_5,5,
2023-10-16,True,-0.04924807112159795,-0.04511944751210646,0.9830508474576272,-0.05072264739278439,10_10_5,5,
2023-10-23,True,0.029507703267452008,0.033174127844847676,1.0847457627118644,0.027880584623384212,10_10_5,5,
2023-10-30,True,0.009964212814808394,0.009089050591371207,1.11864406779661,0.008286246713113479,10_10_5,5,
2023-11-06,True,-0.00855844605855434,-0.0048946552596855295,1.11864406779661,-0.010236412160249255,10_10_5,5,
2023-11-13,True,0.004681752175779456,0.0022760881964028947,1.2,0.002881752175779456,10_10_5,5,
2023-11-20,True,-0.015442659903537582,-0.02324100079265565,0.9,-0.016792659903537583,10_10_5,5,
2023-11-27,True,-0.0201165329913323,-0.01623568109940961,1.2,-0.0219165329913323,10_10_5,5,
2023-12-04,True,-0.013228911772844104,-0.009429660869206012,1.1333333333333333,-0.014928911772844104,10_10_5,5,
2023-12-11,True,-0.03008487647487627,-0.02651941912517255,1.11864406779661,-0.031762842576571186,10_10_5,5,
2023-12-18,True,0.00808838950894331,0.005506894492550439,1.25,0.006213389508943311,10_10_5,5,
2023-12-25,True,0.008215868352287806,0.013669860178778628,1.0714285714285714,0.006608725495144949,10_10_5,5,
2024-01-02,True,-0.03535657093613208,-0.03264413760357011,1.2142857142857142,-0.03717799950756065,10_10_5,5,
2024-01-09,True,-0.004705549290267787,0.003890508693078441,0.9473684210526315,-0.006126601921846734,10_10_5,5,
2024-01-16,True,-0.031618603973717775,-0.0242602138478009,1.2666666666666666,-0.033518603973717774,10_10_5,5,
2024-01-23,True,-0.013687746793125281,-0.009784210378667122,1.1333333333333333,-0.015387746793125281,10_10_5,5,
2024-01-30,True,0.021976636382955883,0.012800441956324559,0.7796610169491526,0.020807144857532153,10_10_5,5,
2024-02-06,True,0.051484145220608915,0.04924454439632169,1.11864406779661,0.049806179118914,10_10_5,5,
2024-02-21,True,0.004857766079234088,0.0045244582685631226,0.8333333333333334,0.003607766079234088,10_10_5,5,
2024-02-28,True,0.03387990311272861,0.03872071120695201,1.0,0.032379903112728606,10_10_5,5,
2024-03-06,True,-0.0012341313955850604,0.007684303003143113,1.2,-0.00303413139558506,10_10_5,5,
2024-03-13,True,-0.0038517552602351456,0.008157799652868402,0.9333333333333333,-0.005251755260235145,10_10_5,5,
2024-03-20,True,-0.015180517241027784,-0.04125433064774828,1.0,-0.016680517241027783,10_10_5,5,
2024-03-27,True,0.01902787222210846,0.01890382319548952,1.11864406779661,0.017349906120413545,10_10_5,5,
2024-04-03,True,-0.028256950962603142,-0.02168758199566063,1.2881355932203389,-0.03018915435243365,10_10_5,5,
2024-04-12,True,0.007189067362977263,0.00997443226137126,1.0847457627118644,0.005561948718909466,10_10_5,5,
2024-04-19,True,0.027703993737254563,0.01607547903270693,1.0508474576271187,0.026127722550813883,10_10_5,5,
2024-04-26,True,0.01778689838291986,0.017049572467227735,0.9830508474576272,0.016312322111733422,10_10_5,5,
2024-05-08,True,0.007692083787221856,0.006598381054141732,1.4333333333333333,0.005542083787221856,10_10_5,5,
2024-05-15,True,0.01210870461237635,0.012177179463538324,1.0,0.010608704612376351,10_10_5,5,
2024-05-22,True,-0.005478985756850008,-0.021609553963737788,1.2542372881355932,-0.007360341689053397,10_10_5,5,
2024-05-29,True,0.008171854690852198,0.0008230817060959931,1.0333333333333334,0.006621854690852197,10_10_5,5,
2024-06-05,True,-0.016627553321640245,-0.01690760886430646,1.2,-0.018427553321640245,10_10_5,5,
2024-06-13,True,-0.016160214934067423,-0.012316993922922338,1.0169491525423728,-0.017685638662880983,10_10_5,5,
2024-06-20,True,-0.015710325163100506,-0.02034740609047596,1.0847457627118644,-0.017337443807168302,10_10_5,5,
2024-06-27,True,-0.010121500998282655,-0.009016168798571892,0.9824561403508771,-0.011595185208808971,10_10_5,5,
2024-07-04,True,0.012591056656363002,0.01725400005135414,1.0175438596491229,0.011064740866889317,10_10_5,5,
2024-07-11,True,0.013126380459001418,0.01195311893706368,1.0545454545454545,0.011544562277183236,10_10_5,5,
2024-07-18,False,,,,,10_10_5,5,1.0
2024-07-25,True,0.002108510779168611,0.008601768171341546,1.0,0.0006085107791686112,10_10_5,5,
2024-08-01,True,-0.004362306145810713,-0.008972230598981414,1.0169491525423728,-0.005887729874624273,10_10_5,5,
2024-08-08,True,0.0018922261878361888,-0.010483194829895704,0.9830508474576272,0.00041764991664974805,10_10_5,5,
2024-08-15,True,-0.022562971482661107,-0.026287008215205014,0.9152542372881356,-0.02393585283859331,10_10_5,5,
2024-08-22,True,0.009888186856328623,-0.005210081411600444,1.0169491525423728,0.008362763127515063,10_10_5,5,
2024-08-29,False,,,,,10_10_5,5,1.0
2024-09-05,True,-0.03124889126660539,-0.027627316748607633,1.0,-0.03274889126660539,10_10_5,5,
2024-09-12,True,0.02284019006259417,0.017632934909942635,0.9152542372881356,0.021467308706661966,10_10_5,5,
2024-09-23,True,0.37284333142629944,0.40909480439971263,1.3559322033898304,0.37080943312121467,10_10_5,5,
2024-09-30,True,-0.13244327837091974,-0.1260794983745859,1.152542372881356,-0.13417209193024177,10_10_5,5,
2024-10-14,True,-0.003406714535695402,0.0005416231396918979,0.9491525423728814,-0.004830443349254724,10_10_5,5,
2024-10-21,True,0.005582629884028467,0.02572044570069035,1.2203389830508475,0.003752121409452196,10_10_5,5,
2024-10-28,True,-0.013434983535181763,-0.012871927396328258,1.1864406779661016,-0.015214644552130915,10_10_5,5,
2024-11-04,True,0.02541181193323838,0.06646755312210535,1.1864406779661016,0.023632150916289226,10_10_5,5,
2024-11-11,True,-0.01452403763782274,-0.04847318170844683,0.9830508474576272,-0.015998613909009182,10_10_5,5,
2024-11-18,True,-0.015000370955952518,-0.025639391624137253,0.8135593220338984,-0.016220709939003364,10_10_5,5,
2024-11-25,True,0.02743499786186591,0.03257808056906999,0.7666666666666667,0.02628499786186591,10_10_5,5,
2024-12-02,True,0.02794142905849484,0.031208361833187658,1.2333333333333334,0.02609142905849484,10_10_5,5,
2024-12-09,True,-0.031008476544134578,-0.04512993114943569,0.9333333333333333,-0.032408476544134576,10_10_5,5,
2024-12-16,True,0.0013379389294761973,0.0013775675194253026,1.0333333333333332,-0.00021206107052380266,10_10_5,5,
2024-12-23,True,0.008133798061726594,0.013112235904119056,1.0357142857142856,0.006580226633155165,10_10_5,5,
2024-12-30,True,-0.04766818269051137,-0.05803331400270849,1.25,-0.04954318269051137,10_10_5,5,
2025-01-07,True,0.004268199044549704,0.009226919337177168,1.107142857142857,0.0026074847588354183,10_10_5,5,
2025-01-14,True,-0.006879093229687829,3.694967809508281e-05,1.107142857142857,-0.008539807515402115,10_10_5,5,
2025-01-21,True,-0.005932181572363792,-0.002169024099746111,1.3559322033898304,-0.007966079877448538,10_10_5,5,
2025-02-05,True,0.01972472426892798,0.032849874644719064,1.2203389830508475,0.017894215794351707,10_10_5,5,
2025-02-12,True,0.002605344363142059,0.0007216207790939085,0.8813559322033898,0.001283310464836974,10_10_5,5,
2025-02-19,True,0.006449124983242221,0.011435455703480745,0.847457627118644,0.005177938542564255,10_10_5,5,
2025-02-26,True,0.00024406937289041654,-0.008928784633600573,0.9830508474576272,-0.001230506898296024,10_10_5,5,
2025-03-05,True,0.0015963413171365733,0.002089733370416601,0.847457627118644,0.0003251548764586073,10_10_5,5,
2025-03-12,False,,,,,10_10_5,5,1.0
2025-03-19,True,-0.006572105609236941,-0.018996441330427213,1.0,-0.008072105609236942,10_10_5,5,
2025-03-26,True,-0.015709497133363146,-0.016318733056210656,1.0508474576271187,-0.017285768319803826,10_10_5,5,
2025-04-02,True,-0.027921575208466238,-0.0335047664364874,0.9830508474576272,-0.029396151479652678,10_10_5,5,
2025-04-10,True,0.007543779764209154,0.004611737530036283,1.0508474576271187,0.005967508577768475,10_10_5,5,
2025-04-17,True,0.013065374912169055,0.0065016995998558565,1.1864406779661016,0.011285713895219903,10_10_5,5,
2025-04-24,True,0.020437646525352522,0.0217085412936999,1.2881355932203389,0.018505443135522014,10_10_5,5,
2025-05-06,True,0.0036243604737647363,0.003813344063231108,1.11864406779661,0.001946394372069821,10_10_5,5,
2025-05-13,True,-0.006379320406442682,-0.0028625593208769424,1.1333333333333333,-0.008079320406442683,10_10_5,5,
2025-05-20,False,,,,,10_10_5,5,1.0
2025-05-27,True,0.009561386269669285,0.01299083056818658,1.0,0.008061386269669285,10_10_5,5,
2025-06-04,True,0.004824073846656869,0.006204274621653161,1.152542372881356,0.0030952602873348346,10_10_5,5,
2025-06-11,True,-0.0037495282802124004,-0.0028404439538780987,0.9830508474576272,-0.005224104551398841,10_10_5,5,
2025-06-18,True,0.013282538257312772,0.018533059769657207,1.0169491525423728,0.011757114528499212,10_10_5,5,
2025-06-25,True,-0.001762481502295743,0.00631008336647882,0.9655172413793103,-0.0032107573643647084,10_10_5,5,
2025-07-02,True,0.004193806964522164,0.011125389994712612,1.0,0.002693806964522164,10_10_5,5,
2025-07-09,True,0.005311594527933634,0.006936593064419199,1.103448275862069,0.0036564221141405302,10_10_5,5,
2025-07-16,True,0.02940336286626003,0.032720459003564524,0.9333333333333333,0.028003362866260033,10_10_5,5,
2025-07-23,True,0.0012041727114397382,0.011067857541911535,0.8666666666666667,-9.582728856026199e-05,10_10_5,5,
2025-07-30,True,0.0040010326496761695,-0.0029155895429893585,0.9,0.0026510326496761694,10_10_5,5,
2025-08-06,True,0.006766167344592164,0.012812216531882864,1.0666666666666667,0.005166167344592164,10_10_5,5,
2025-08-13,True,0.0052084060778813035,0.027798260956708405,0.847457627118644,0.0039372196372033375,10_10_5,5,
2025-08-20,True,0.006034866406963831,0.019976755870633054,0.8813559322033898,0.004712832508658746,10_10_5,5,
2025-08-27,True,-0.008359700645951745,0.005410252438285915,0.9152542372881356,-0.009732582001883948,10_10_5,5,
2025-09-03,True,0.0007152803577379653,0.0021211110291773213,0.9491525423728814,-0.0007084484558213568,10_10_5,5,
2025-09-10,True,8.564870159940695e-05,0.02183748527900967,0.6440677966101694,-0.0008804529933158472,10_10_5,5,
2025-09-17,True,-0.01673260369346391,-0.0011526370983798919,0.9830508474576272,-0.01820717996465035,10_10_5,5,
2025-09-24,True,0.0060753510357960585,0.03167435896572456,0.9491525423728814,0.004651622222236736,10_10_5,5,
2025-10-09,True,0.019715995359771105,-0.009851477018296258,0.9152542372881356,0.018343114003838902,10_10_5,5,
2025-10-16,True,-0.00112294018444356,-0.005532092012203103,1.152542372881356,-0.002851753743765594,10_10_5,5,
2025-10-23,True,-0.002730265029666624,0.017807331691471674,0.8813559322033898,-0.004052298927971709,10_10_5,5,
2025-10-30,True,-0.0033557336911905545,-0.001911607757822464,0.9,-0.004705733691190555,10_10_5,5,
2025-11-06,True,0.011832344562704189,0.0007088519063279193,1.2,0.010032344562704189,10_10_5,5,
2025-11-13,True,-0.016753937486806977,-0.034825042856851604,0.7666666666666666,-0.01790393748680698,10_10_5,5,
2025-11-20,True,0.0036777375763830922,-0.005625373387818432,1.1666666666666667,0.001927737576383092,10_10_5,5,
2025-11-27,True,0.01135996824108006,0.0043806169588754594,0.9830508474576272,0.009885391969893619,10_10_5,5,
2025-12-04,True,-0.003197543165783095,-0.003185349376132502,1.0847457627118644,-0.004824661809850891,10_10_5,5,
2025-12-11,True,0.008001839591650217,0.004760085789815449,1.152542372881356,0.006273026032328183,10_10_5,5,
2025-12-18,True,0.0022330520553711904,0.01720408185077202,1.0508474576271185,0.0006567808689305126,10_10_5,5,
2025-12-25,True,0.007446729806416194,0.016279544889827056,0.7719298245614035,0.006288835069574089,10_10_5,5,
2026-01-05,True,0.02646637596225845,0.03493762308729589,1.1228070175438596,0.024782165435942662,10_10_5,5,
2026-01-12,True,-0.006492876666845974,-0.01024785876756907,1.0175438596491229,-0.008019192456319659,10_10_5,5,
2026-01-19,True,-0.009190092978953825,0.0030544562178441872,1.0508474576271185,-0.010766364165394502,10_10_5,5,
2026-01-26,True,-0.012492623004684076,-0.023359212343874426,0.6440677966101694,-0.01345872469959933,10_10_5,5,
2026-02-02,True,0.03127919463809469,0.02399696352367989,0.9152542372881356,0.029906313282162488,10_10_5,5,
2026-02-09,True,-0.005478147242334154,0.0032398738347595604,0.9152542372881356,-0.006851028598266357,10_10_5,5,
2026-02-24,True,-0.0009387744015925822,-0.017000237672094156,1.152542372881356,-0.002667587960914616,10_10_5,5,
2026-03-03,True,0.00320166000870974,0.014674938336456141,1.0847457627118644,0.0015745413646419432,10_10_5,5,
2026-03-10,True,-0.003330471110533575,-0.011256214504823206,1.0169491525423728,-0.004855894839347135,10_10_5,5,
2026-03-17,True,-0.04331123270974146,-0.03920769406883345,1.0508474576271187,-0.04488750389618214,10_10_5,5,
2026-03-24,True,0.010221275398668421,0.0018652154765418233,1.0508474576271187,0.008645004212227744,10_10_5,5,
2026-03-31,True,0.00635904540491152,0.005977194814849342,1.0169491525423728,0.00483362167609796,10_10_5,5,
2026-04-08,True,0.00480149380717164,0.016360294705197106,1.1864406779661016,0.0030218327902224876,10_10_5,5,
2026-04-15,True,0.0027982260235005886,0.015144057917725553,0.8333333333333334,0.0015482260235005886,10_10_5,5,
2026-04-22,True,0.007419286141235311,0.0006933608190151667,1.1333333333333333,0.005719286141235311,10_10_5,5,
2026-04-29,True,0.006207041689993985,0.02422009147951122,1.3220338983050848,0.004223990842536357,10_10_5,5,
2026-05-11,True,-0.0224089455355349,-0.03321667329639589,1.1864406779661016,-0.024188606552484053,10_10_5,5,
2026-05-18,True,-0.012985709654810969,0.0006320251773179629,0.9152542372881356,-0.014358591010743172,10_10_5,5,
2026-05-25,True,0.004768310641096216,-0.00904483667723225,0.9152542372881356,0.0033954292851640124,10_10_5,5,
2026-06-01,True,-0.03754961925427655,-0.03814407571468399,1.1864406779661016,-0.0393292802712257,10_10_5,5,
2026-06-08,True,0.027777268022908412,0.025948243316500277,1.0333333333333334,0.026227268022908413,10_10_5,5,
2026-06-15,True,-0.028420082571231273,-0.011588349068435113,1.1333333333333333,-0.030120082571231273,10_10_5,5,
2026-06-23,True,-0.03649437829730529,-0.009393735084677121,1.0,-0.037994378297305294,10_10_5,5,
2026-06-30,True,0.023184353920593846,-0.0009798992316736215,1.0,0.021684353920593844,10_10_5,5,
2026-07-07,True,0.002693545627816621,-0.005021042873908654,1.0357142857142856,0.0011399741992451926,10_10_5,5,
2026-07-14,True,0.014704613883273985,0.007128334496503672,1.25,0.012829613883273985,10_10_5,5,
2026-07-21,True,-0.017908740159736796,-0.008160270195014202,1.1864406779661016,-0.01968840117668595,10_10_5,5,
2026-07-28,True,0.005421726074896491,0.011780310866644994,0.9152542372881356,0.004048844718964288,10_10_5,5,
2026-08-04,True,0.044206659710268194,0.019649329931304357,1.11864406779661,0.04252869360857328,10_10_5,5,
2026-08-11,True,0.002010457098954365,-0.005900340628779211,1.152542372881356,0.00028164353963233083,10_10_5,5,
2026-08-18,True,-0.021419894003789956,-0.016660181820666847,1.0,-0.022919894003789958,10_10_5,5,
2026-08-25,True,0.0156051969104286,0.01670619199968864,1.3666666666666667,0.0135551969104286,10_10_5,5,
2026-09-01,True,-0.006994877544029275,-0.0057099524275285975,1.1333333333333333,-0.008694877544029275,10_10_5,5,
2026-09-08,True,-0.02476745719569237,-0.02797186711296163,1.0,-0.026267457195692373,10_10_5,5,
2026-09-15,True,0.019006606045081587,0.019320070582415704,0.9491525423728814,0.017582877231522263,10_10_5,5,
2026-09-22,False,,,,,10_10_5,5,59.0
2026-09-30,False,,,,,10_10_5,5,59.0
