date,rank_days,corr_days,max_days,horizon,names,rank_ic,period
2020-01-10,3,3,3,1,137,0.06584386067450174,discovery_2020_23
2020-01-13,3,3,3,1,132,-0.010813944204252567,discovery_2020_23
2020-01-14,3,3,3,1,136,-0.10340257356704757,discovery_2020_23
2020-01-15,3,3,3,1,149,-0.056113076570181546,discovery_2020_23
2020-01-16,3,3,3,1,179,0.005666736445495804,discovery_2020_23
2020-01-17,3,3,3,1,144,-0.10415803943954287,discovery_2020_23
2020-01-20,3,3,3,1,124,-0.020322113439762507,discovery_2020_23
2020-01-21,3,3,3,1,117,-0.11757154232951476,discovery_2020_23
2020-01-22,3,3,3,1,113,0.1074245089115795,discovery_2020_23
2020-02-06,3,3,3,1,188,0.13500056220537368,discovery_2020_23
2020-02-07,3,3,3,1,168,-0.01771135013055,discovery_2020_23
2020-02-10,3,3,3,1,151,0.11306864027113467,discovery_2020_23
2020-02-11,3,3,3,1,131,-0.030406302899151555,discovery_2020_23
2020-02-12,3,3,3,1,145,-0.06365457236887724,discovery_2020_23
2020-02-13,3,3,3,1,165,0.07683830121006018,discovery_2020_23
2020-02-14,3,3,3,1,164,0.025830614847498688,discovery_2020_23
2020-02-17,3,3,3,1,177,-0.12888681583433576,discovery_2020_23
2020-02-18,3,3,3,1,180,0.0149130839399961,discovery_2020_23
2020-02-19,3,3,3,1,180,0.07566484713251222,discovery_2020_23
2020-02-20,3,3,3,1,180,-0.15336357494931133,discovery_2020_23
2020-02-21,3,3,3,1,162,-0.057208165464388096,discovery_2020_23
2020-02-24,3,3,3,1,168,-0.07468810102431298,discovery_2020_23
2020-02-25,3,3,3,1,151,0.20736118864969103,discovery_2020_23
2020-02-26,3,3,3,1,155,0.09281485417683598,discovery_2020_23
2020-02-27,3,3,3,1,151,-0.2720455923011603,discovery_2020_23
2020-02-28,3,3,3,1,165,0.051653606062791894,discovery_2020_23
2020-03-02,3,3,3,1,182,0.22257998376181212,discovery_2020_23
2020-03-03,3,3,3,1,180,0.018570895037672612,discovery_2020_23
2020-03-04,3,3,3,1,164,0.1651501597028118,discovery_2020_23
2020-03-05,3,3,3,1,174,-0.06443055462558703,discovery_2020_23
2020-03-06,3,3,3,1,167,-0.19025397432985908,discovery_2020_23
2020-03-09,3,3,3,1,175,0.20103691043493366,discovery_2020_23
2020-03-10,3,3,3,1,179,-0.006378872828594209,discovery_2020_23
2020-03-11,3,3,3,1,165,-0.010270768125462928,discovery_2020_23
2020-03-12,3,3,3,1,156,-0.15893193995852248,discovery_2020_23
2020-03-13,3,3,3,1,186,-0.025046005487160343,discovery_2020_23
2020-03-16,3,3,3,1,115,0.22414636651229516,discovery_2020_23
2020-03-17,3,3,3,1,119,0.10789686400605687,discovery_2020_23
2020-03-18,3,3,3,1,119,-0.1540946243327415,discovery_2020_23
2020-03-24,3,3,3,1,127,0.1214577508958176,discovery_2020_23
2020-03-25,3,3,3,1,123,-0.019421655509596646,discovery_2020_23
2020-03-26,3,3,3,1,167,-0.14792683680318383,discovery_2020_23
2020-03-27,3,3,3,1,175,-0.15949314962228156,discovery_2020_23
2020-03-30,3,3,3,1,163,0.16557391138412236,discovery_2020_23
2020-03-31,3,3,3,1,156,0.08498595211599132,discovery_2020_23
2020-04-01,3,3,3,1,164,0.28912170065095616,discovery_2020_23
2020-04-02,3,3,3,1,154,-0.089877441010591,discovery_2020_23
2020-04-03,3,3,3,1,143,-0.032334796290641246,discovery_2020_23
2020-04-07,3,3,3,1,144,-0.0682736049321209,discovery_2020_23
2020-04-08,3,3,3,1,157,-0.022818715004131913,discovery_2020_23
2020-04-09,3,3,3,1,184,0.19473231509215347,discovery_2020_23
2020-04-10,3,3,3,1,173,0.03568084048879422,discovery_2020_23
2020-04-13,3,3,3,1,146,0.24107983047417744,discovery_2020_23
2020-04-14,3,3,3,1,159,0.10688935043238992,discovery_2020_23
2020-04-15,3,3,3,1,185,-0.21253158916213713,discovery_2020_23
2020-04-16,3,3,3,1,230,0.014648437388578614,discovery_2020_23
2020-04-17,3,3,3,1,214,-0.03365657631705354,discovery_2020_23
2020-04-20,3,3,3,1,190,0.049737568439109085,discovery_2020_23
2020-04-21,3,3,3,1,182,0.021835334736248928,discovery_2020_23
2020-04-22,3,3,3,1,170,0.13372425360662513,discovery_2020_23
2020-04-23,3,3,3,1,149,0.02766679759647773,discovery_2020_23
2020-04-24,3,3,3,1,157,0.027020384704195075,discovery_2020_23
2020-04-27,3,3,3,1,185,-0.042072651231112194,discovery_2020_23
2020-04-28,3,3,3,1,166,-0.06652088593388494,discovery_2020_23
2020-04-29,3,3,3,1,144,0.20795193089466016,discovery_2020_23
2020-04-30,3,3,3,1,144,0.0673695973664635,discovery_2020_23
2020-05-06,3,3,3,1,133,-0.10677346800176482,discovery_2020_23
2020-05-07,3,3,3,1,141,0.0636516417892588,discovery_2020_23
2020-05-08,3,3,3,1,145,-0.11315272760083649,discovery_2020_23
2020-05-11,3,3,3,1,143,0.13323032290455983,discovery_2020_23
2020-05-12,3,3,3,1,147,0.16907544215740175,discovery_2020_23
2020-05-13,3,3,3,1,165,0.08270731443513034,discovery_2020_23
2020-05-14,3,3,3,1,138,-0.07975696854585507,discovery_2020_23
2020-05-15,3,3,3,1,118,0.08959394015190719,discovery_2020_23
2020-05-18,3,3,3,1,109,0.0749445121503085,discovery_2020_23
2020-05-19,3,3,3,1,133,-0.018245373298841204,discovery_2020_23
2020-05-20,3,3,3,1,167,-0.02648429005838573,discovery_2020_23
2020-05-21,3,3,3,1,187,-0.03613356702420741,discovery_2020_23
2020-05-22,3,3,3,1,155,-0.0847714623638302,discovery_2020_23
2020-05-25,3,3,3,1,112,-0.2294606492150971,discovery_2020_23
2020-05-27,3,3,3,1,108,0.030711041350667913,discovery_2020_23
2020-05-28,3,3,3,1,167,0.13011618580365827,discovery_2020_23
2020-05-29,3,3,3,1,192,0.030985923861820797,discovery_2020_23
2020-06-01,3,3,3,1,208,0.005578027711503607,discovery_2020_23
2020-06-02,3,3,3,1,198,0.08340703224311877,discovery_2020_23
2020-06-03,3,3,3,1,153,-0.04793098771728733,discovery_2020_23
2020-06-04,3,3,3,1,141,-0.03572047866371049,discovery_2020_23
2020-06-05,3,3,3,1,138,-0.0855206831217997,discovery_2020_23
2020-06-08,3,3,3,1,193,0.11650534833598404,discovery_2020_23
2020-06-09,3,3,3,1,187,0.12151635531701416,discovery_2020_23
2020-06-10,3,3,3,1,205,0.07770046385812962,discovery_2020_23
2020-06-11,3,3,3,1,190,-0.02264433203060188,discovery_2020_23
2020-06-12,3,3,3,1,143,-0.0050443846603924584,discovery_2020_23
2020-06-15,3,3,3,1,110,-0.07356093822673959,discovery_2020_23
2020-06-16,3,3,3,1,107,0.09480877329730263,discovery_2020_23
2020-06-17,3,3,3,1,123,0.11667341156375743,discovery_2020_23
2020-06-18,3,3,3,1,145,0.10155649517139048,discovery_2020_23
2020-06-19,3,3,3,1,142,-0.10601362814796964,discovery_2020_23
2020-06-22,3,3,3,1,128,0.03783351480816445,discovery_2020_23
2020-06-23,3,3,3,1,163,0.15411047167420272,discovery_2020_23
2020-06-24,3,3,3,1,147,-0.05743639247075393,discovery_2020_23
2020-06-29,3,3,3,1,159,-0.11176162380961079,discovery_2020_23
2020-06-30,3,3,3,1,158,-0.04404812524705669,discovery_2020_23
2020-07-01,3,3,3,1,160,0.23197719959140814,discovery_2020_23
2020-07-02,3,3,3,1,160,-0.10483646505389863,discovery_2020_23
2020-07-10,3,3,3,1,141,-0.14292900601866285,discovery_2020_23
2020-07-13,3,3,3,1,124,-0.017959624291023303,discovery_2020_23
2020-07-14,3,3,3,1,133,0.04461737410842139,discovery_2020_23
2020-07-15,3,3,3,1,131,0.09791324127130402,discovery_2020_23
2020-07-16,3,3,3,1,136,0.014716301483650392,discovery_2020_23
2020-07-17,3,3,3,1,104,-0.01702826843115653,discovery_2020_23
2020-07-20,3,3,3,1,122,0.022692574615964,discovery_2020_23
2020-07-21,3,3,3,1,111,-0.06048493260047132,discovery_2020_23
2020-07-22,3,3,3,1,174,-0.004281711318770983,discovery_2020_23
2020-07-23,3,3,3,1,169,0.06576863503403246,discovery_2020_23
2020-07-24,3,3,3,1,174,-0.167977944340249,discovery_2020_23
2020-07-27,3,3,3,1,107,0.09821474503295403,discovery_2020_23
2020-07-28,3,3,3,1,102,-0.19284347077556924,discovery_2020_23
2020-07-29,3,3,3,1,103,0.04011038044636288,discovery_2020_23
2020-07-30,3,3,3,1,160,0.01227772174758542,discovery_2020_23
2020-07-31,3,3,3,1,179,0.04849906758333656,discovery_2020_23
2020-08-03,3,3,3,1,170,0.08266201917469726,discovery_2020_23
2020-08-04,3,3,3,1,148,-0.17421418339836353,discovery_2020_23
2020-08-05,3,3,3,1,157,-0.16280777284026549,discovery_2020_23
2020-08-06,3,3,3,1,169,-0.04282996247414445,discovery_2020_23
2020-08-07,3,3,3,1,162,-0.003834648598077978,discovery_2020_23
2020-08-10,3,3,3,1,134,-0.050923437774760924,discovery_2020_23
2020-08-11,3,3,3,1,127,-0.00019627459109271267,discovery_2020_23
2020-08-12,3,3,3,1,139,0.02063533371987302,discovery_2020_23
2020-08-13,3,3,3,1,172,0.10605445972958784,discovery_2020_23
2020-08-14,3,3,3,1,142,-0.0856844677574719,discovery_2020_23
2020-08-17,3,3,3,1,164,0.19809986722483827,discovery_2020_23
2020-08-18,3,3,3,1,165,-0.1476765745161229,discovery_2020_23
2020-08-19,3,3,3,1,203,0.04664039190532622,discovery_2020_23
2020-08-20,3,3,3,1,188,0.06353754064510855,discovery_2020_23
2020-08-21,3,3,3,1,126,0.05365459299134868,discovery_2020_23
2020-08-24,3,3,3,1,127,0.01165020103249387,discovery_2020_23
2020-08-25,3,3,3,1,131,-0.007083973381050004,discovery_2020_23
2020-08-26,3,3,3,1,144,0.07934903410258334,discovery_2020_23
2020-08-27,3,3,3,1,136,-0.08801306267250933,discovery_2020_23
2020-08-28,3,3,3,1,136,0.06860729177912192,discovery_2020_23
2020-08-31,3,3,3,1,134,0.059175081067748034,discovery_2020_23
2020-09-01,3,3,3,1,207,0.04057433345866654,discovery_2020_23
2020-09-02,3,3,3,1,224,0.043205084972887046,discovery_2020_23
2020-09-03,3,3,3,1,190,0.010441864395163898,discovery_2020_23
2020-09-04,3,3,3,1,153,0.03260710226342081,discovery_2020_23
2020-09-07,3,3,3,1,142,0.06719023419612208,discovery_2020_23
2020-09-08,3,3,3,1,116,-0.004824659198518755,discovery_2020_23
2020-09-09,3,3,3,1,155,0.10646342497214764,discovery_2020_23
2020-09-10,3,3,3,1,120,0.13885604260326218,discovery_2020_23
2020-09-14,3,3,3,1,111,0.030369853937809416,discovery_2020_23
2020-09-15,3,3,3,1,103,-0.16547039150573803,discovery_2020_23
2020-09-16,3,3,3,1,145,0.08969791683919871,discovery_2020_23
2020-09-17,3,3,3,1,148,0.02373687314448013,discovery_2020_23
2020-09-18,3,3,3,1,177,0.07606575045826391,discovery_2020_23
2020-09-21,3,3,3,1,173,0.052533401823562066,discovery_2020_23
2020-09-22,3,3,3,1,178,0.30528364703092875,discovery_2020_23
2020-09-23,3,3,3,1,171,-0.025651041202064212,discovery_2020_23
2020-09-30,3,3,3,1,136,-0.07249052921488901,discovery_2020_23
2020-10-09,3,3,3,1,152,0.06507980987031248,discovery_2020_23
2020-10-12,3,3,3,1,126,-0.05736930364918223,discovery_2020_23
2020-10-13,3,3,3,1,116,-0.011818167852735439,discovery_2020_23
2020-10-14,3,3,3,1,127,0.02321404776917612,discovery_2020_23
2020-10-15,3,3,3,1,151,-0.21352302626192718,discovery_2020_23
2020-10-16,3,3,3,1,139,0.13468035285272492,discovery_2020_23
2020-10-19,3,3,3,1,121,0.008470887409273048,discovery_2020_23
2020-10-20,3,3,3,1,127,0.045410071861264244,discovery_2020_23
2020-10-21,3,3,3,1,170,0.032559108927754,discovery_2020_23
2020-10-22,3,3,3,1,175,-0.09493089828926873,discovery_2020_23
2020-10-23,3,3,3,1,187,0.2513271875840231,discovery_2020_23
2020-10-26,3,3,3,1,167,-0.19746226167908532,discovery_2020_23
2020-10-27,3,3,3,1,160,0.04527579097150515,discovery_2020_23
2020-10-28,3,3,3,1,128,0.16442005329461223,discovery_2020_23
2020-10-29,3,3,3,1,122,-0.12600707180928655,discovery_2020_23
2020-10-30,3,3,3,1,123,0.026048275411899715,discovery_2020_23
2020-11-02,3,3,3,1,127,-0.08479586135482843,discovery_2020_23
2020-11-03,3,3,3,1,189,0.021066871490994604,discovery_2020_23
2020-11-04,3,3,3,1,174,-0.015245981781719717,discovery_2020_23
2020-11-05,3,3,3,1,180,0.003343898339245746,discovery_2020_23
2020-11-06,3,3,3,1,163,0.0887599748162068,discovery_2020_23
2020-11-09,3,3,3,1,120,-0.043210037321378944,discovery_2020_23
2020-11-10,3,3,3,1,115,-0.08290441648053941,discovery_2020_23
2020-11-11,3,3,3,1,109,0.07544450674544977,discovery_2020_23
2020-11-12,3,3,3,1,128,-0.1285726152453002,discovery_2020_23
2020-11-13,3,3,3,1,119,-0.2620071787754066,discovery_2020_23
2020-11-16,3,3,3,1,132,0.07902911261993334,discovery_2020_23
2020-11-17,3,3,3,1,127,0.017949142473995202,discovery_2020_23
2020-11-18,3,3,3,1,168,0.19346012841678095,discovery_2020_23
2020-11-19,3,3,3,1,175,0.050075492885820604,discovery_2020_23
2020-11-20,3,3,3,1,173,-0.2079463675260779,discovery_2020_23
2020-11-23,3,3,3,1,182,-0.02585163481671418,discovery_2020_23
2020-11-24,3,3,3,1,195,0.007092849980089302,discovery_2020_23
2020-11-25,3,3,3,1,188,-0.17571352134354803,discovery_2020_23
2020-11-26,3,3,3,1,156,-0.08940471929043516,discovery_2020_23
2020-11-27,3,3,3,1,140,0.20329049737833155,discovery_2020_23
2020-11-30,3,3,3,1,148,0.05658896511060006,discovery_2020_23
2020-12-01,3,3,3,1,169,-0.03496292244700716,discovery_2020_23
2020-12-02,3,3,3,1,171,-0.009514449278956455,discovery_2020_23
2020-12-03,3,3,3,1,162,0.25066986954032555,discovery_2020_23
2020-12-04,3,3,3,1,143,0.0739839392071463,discovery_2020_23
2020-12-07,3,3,3,1,128,-0.10745195846683393,discovery_2020_23
2020-12-08,3,3,3,1,101,-0.15121493807104244,discovery_2020_23
2020-12-11,3,3,3,1,109,0.06423399942510336,discovery_2020_23
2020-12-15,3,3,3,1,104,-0.17875566132121565,discovery_2020_23
2020-12-16,3,3,3,1,116,-0.10780846352883537,discovery_2020_23
2020-12-17,3,3,3,1,139,-0.038127602911419506,discovery_2020_23
2020-12-18,3,3,3,1,151,-0.0037400670807353777,discovery_2020_23
2020-12-21,3,3,3,1,151,0.0767644834250761,discovery_2020_23
2020-12-22,3,3,3,1,165,-0.15649214905855566,discovery_2020_23
2020-12-23,3,3,3,1,122,0.03673981253783033,discovery_2020_23
2020-12-24,3,3,3,1,136,0.14943053804678785,discovery_2020_23
2020-12-25,3,3,3,1,118,-0.015490725286604898,discovery_2020_23
2020-12-28,3,3,3,1,150,0.2698394431874113,discovery_2020_23
2020-12-29,3,3,3,1,147,0.025048027609902317,discovery_2020_23
2020-12-30,3,3,3,1,175,0.05769511751672092,discovery_2020_23
2020-12-31,3,3,3,1,180,0.018785421688972254,discovery_2020_23
2021-01-04,3,3,3,1,165,-0.00830331130730031,discovery_2020_23
2021-01-05,3,3,3,1,114,0.04961857567926775,discovery_2020_23
2021-01-06,3,3,3,1,108,0.08328053770655011,discovery_2020_23
2021-01-07,3,3,3,1,114,0.16089481871509595,discovery_2020_23
2021-01-08,3,3,3,1,134,0.13704830544786153,discovery_2020_23
2021-01-11,3,3,3,1,151,-0.1084325800694302,discovery_2020_23
2021-01-12,3,3,3,1,145,-0.0977975475820261,discovery_2020_23
2021-01-13,3,3,3,1,157,-0.05081605249535518,discovery_2020_23
2021-01-14,3,3,3,1,165,-0.007715174356336426,discovery_2020_23
2021-01-15,3,3,3,1,179,-0.09709562625874096,discovery_2020_23
2021-01-18,3,3,3,1,158,-0.10700716592088627,discovery_2020_23
2021-01-19,3,3,3,1,138,0.10573217287165186,discovery_2020_23
2021-01-20,3,3,3,1,125,0.24216463675708919,discovery_2020_23
2021-01-21,3,3,3,1,144,0.03085409413761717,discovery_2020_23
2021-01-22,3,3,3,1,138,0.185529655014912,discovery_2020_23
2021-01-25,3,3,3,1,115,0.10671822139807204,discovery_2020_23
2021-01-28,3,3,3,1,114,0.058586234972996414,discovery_2020_23
2021-01-29,3,3,3,1,114,-0.18827246125369024,discovery_2020_23
2021-02-02,3,3,3,1,101,0.009418055061289591,discovery_2020_23
2021-02-03,3,3,3,1,103,0.05115349342939831,discovery_2020_23
2021-02-04,3,3,3,1,154,-0.0810438488498262,discovery_2020_23
2021-02-05,3,3,3,1,144,-0.049035014390848765,discovery_2020_23
2021-02-08,3,3,3,1,130,-0.07869497235704531,discovery_2020_23
2021-02-09,3,3,3,1,124,0.20118492180872213,discovery_2020_23
2021-02-10,3,3,3,1,134,-0.10332805035334378,discovery_2020_23
2021-02-18,3,3,3,1,141,-0.02338559148658339,discovery_2020_23
2021-02-19,3,3,3,1,123,-0.06946856211620671,discovery_2020_23
2021-02-25,3,3,3,1,127,-0.054099897525374155,discovery_2020_23
2021-02-26,3,3,3,1,125,-0.00042553191509446477,discovery_2020_23
2021-03-01,3,3,3,1,122,-0.0986775144845759,discovery_2020_23
2021-03-02,3,3,3,1,113,-0.1830794087449973,discovery_2020_23
2021-03-03,3,3,3,1,143,-0.2324591913473566,discovery_2020_23
2021-03-04,3,3,3,1,171,0.34641556212477465,discovery_2020_23
2021-03-05,3,3,3,1,149,-0.15297233320943374,discovery_2020_23
2021-03-08,3,3,3,1,147,0.05462743632090611,discovery_2020_23
2021-03-09,3,3,3,1,139,0.08264276314652207,discovery_2020_23
2021-03-10,3,3,3,1,172,0.10785529911040562,discovery_2020_23
2021-03-11,3,3,3,1,132,-0.24615641494579357,discovery_2020_23
2021-03-12,3,3,3,1,137,-0.28562427298765874,discovery_2020_23
2021-03-15,3,3,3,1,134,0.1172279205180775,discovery_2020_23
2021-03-16,3,3,3,1,162,0.18158550090283831,discovery_2020_23
2021-03-17,3,3,3,1,160,-0.006494058222500392,discovery_2020_23
2021-03-18,3,3,3,1,147,-0.015058039045334154,discovery_2020_23
2021-03-19,3,3,3,1,160,0.028949648676973118,discovery_2020_23
2021-03-22,3,3,3,1,151,-0.06087418742048486,discovery_2020_23
2021-03-23,3,3,3,1,149,0.014674805228655137,discovery_2020_23
2021-03-24,3,3,3,1,134,0.14003082479143766,discovery_2020_23
2021-03-25,3,3,3,1,145,-0.07407035631076424,discovery_2020_23
2021-03-26,3,3,3,1,134,0.048360247936085954,discovery_2020_23
2021-03-29,3,3,3,1,149,0.09754796815782336,discovery_2020_23
2021-03-30,3,3,3,1,167,0.06463154060019351,discovery_2020_23
2021-03-31,3,3,3,1,163,0.09178297547809706,discovery_2020_23
2021-04-01,3,3,3,1,146,0.021851064549978413,discovery_2020_23
2021-04-02,3,3,3,1,160,0.018054471066237556,discovery_2020_23
2021-04-06,3,3,3,1,147,-0.013929344562329983,discovery_2020_23
2021-04-07,3,3,3,1,182,0.0678408089964066,discovery_2020_23
2021-04-08,3,3,3,1,173,-0.014781473500256565,discovery_2020_23
2021-04-09,3,3,3,1,169,-0.019918402052874682,discovery_2020_23
2021-04-12,3,3,3,1,150,-0.055248378135022216,discovery_2020_23
2021-04-13,3,3,3,1,126,-0.014837956853088155,discovery_2020_23
2021-04-14,3,3,3,1,110,-0.06492874133690202,discovery_2020_23
2021-04-15,3,3,3,1,103,-0.0037396726554376307,discovery_2020_23
2021-04-16,3,3,3,1,123,0.18101407869364172,discovery_2020_23
2021-04-19,3,3,3,1,128,0.045019370861874596,discovery_2020_23
2021-04-20,3,3,3,1,148,0.11428169506848475,discovery_2020_23
2021-04-21,3,3,3,1,176,-0.008913875279553384,discovery_2020_23
2021-04-22,3,3,3,1,175,0.06718335125690389,discovery_2020_23
2021-04-23,3,3,3,1,180,-0.055131011388922936,discovery_2020_23
2021-04-26,3,3,3,1,177,-0.08445592440863252,discovery_2020_23
2021-04-27,3,3,3,1,157,-0.012102022921834016,discovery_2020_23
2021-04-28,3,3,3,1,165,0.05226947433246136,discovery_2020_23
2021-04-29,3,3,3,1,153,0.01721253731011177,discovery_2020_23
2021-04-30,3,3,3,1,155,-0.16559982027296738,discovery_2020_23
2021-05-06,3,3,3,1,168,-0.014427518203699337,discovery_2020_23
2021-05-07,3,3,3,1,152,-0.0791812256043239,discovery_2020_23
2021-05-10,3,3,3,1,100,-0.011479940124813279,discovery_2020_23
2021-05-11,3,3,3,1,108,0.06401482629997456,discovery_2020_23
2021-05-12,3,3,3,1,105,0.03977406788363909,discovery_2020_23
2021-05-13,3,3,3,1,137,0.1872950829562341,discovery_2020_23
2021-05-14,3,3,3,1,145,0.13644379890193617,discovery_2020_23
2021-05-17,3,3,3,1,143,-0.21880788988102828,discovery_2020_23
2021-05-18,3,3,3,1,166,-0.10404412729452213,discovery_2020_23
2021-05-19,3,3,3,1,168,0.002933315785753328,discovery_2020_23
2021-05-20,3,3,3,1,185,0.01001408719689696,discovery_2020_23
2021-05-21,3,3,3,1,182,-0.14585169485784882,discovery_2020_23
2021-05-24,3,3,3,1,167,-0.32727225880273425,discovery_2020_23
2021-05-25,3,3,3,1,183,0.17575140166681494,discovery_2020_23
2021-05-26,3,3,3,1,170,0.13145227646025978,discovery_2020_23
2021-05-27,3,3,3,1,183,-0.1046981140735917,discovery_2020_23
2021-05-28,3,3,3,1,175,0.06416932385593273,discovery_2020_23
2021-05-31,3,3,3,1,171,0.009893177921578133,discovery_2020_23
2021-06-01,3,3,3,1,158,0.10159816049998269,discovery_2020_23
2021-06-02,3,3,3,1,137,0.10715890065348407,discovery_2020_23
2021-06-03,3,3,3,1,123,-0.1224481240836381,discovery_2020_23
2021-06-04,3,3,3,1,130,-0.07521680365306173,discovery_2020_23
2021-06-07,3,3,3,1,144,-0.024318904928642526,discovery_2020_23
2021-06-08,3,3,3,1,157,0.20123687557081724,discovery_2020_23
2021-06-09,3,3,3,1,159,0.017214650965427545,discovery_2020_23
2021-06-10,3,3,3,1,154,-0.005331734109520314,discovery_2020_23
2021-06-11,3,3,3,1,131,-0.03532325826276652,discovery_2020_23
2021-06-15,3,3,3,1,105,0.1351736656363796,discovery_2020_23
2021-06-21,3,3,3,1,102,0.04426472928873668,discovery_2020_23
2021-06-22,3,3,3,1,130,-0.17270764466619795,discovery_2020_23
2021-06-23,3,3,3,1,157,0.13656650983103305,discovery_2020_23
2021-06-24,3,3,3,1,167,0.09383690078165567,discovery_2020_23
2021-06-25,3,3,3,1,168,-0.020954565960571544,discovery_2020_23
2021-06-28,3,3,3,1,178,-0.045576485947108385,discovery_2020_23
2021-06-29,3,3,3,1,185,-0.141792353172729,discovery_2020_23
2021-06-30,3,3,3,1,192,0.24883085746354253,discovery_2020_23
2021-07-01,3,3,3,1,187,-0.03095544967850567,discovery_2020_23
2021-07-02,3,3,3,1,178,-0.05605972186029451,discovery_2020_23
2021-07-05,3,3,3,1,173,-0.01108532456602957,discovery_2020_23
2021-07-06,3,3,3,1,138,0.0124670200690716,discovery_2020_23
2021-07-07,3,3,3,1,120,-0.03007184601711216,discovery_2020_23
2021-07-08,3,3,3,1,127,-0.15499243492809667,discovery_2020_23
2021-07-09,3,3,3,1,156,0.007535909366931907,discovery_2020_23
2021-07-12,3,3,3,1,165,0.05688090243016313,discovery_2020_23
2021-07-13,3,3,3,1,160,0.021898949000344708,discovery_2020_23
2021-07-14,3,3,3,1,158,-0.12458592430413756,discovery_2020_23
2021-07-15,3,3,3,1,154,0.020603939738155542,discovery_2020_23
2021-07-16,3,3,3,1,143,0.0007612770576795553,discovery_2020_23
2021-07-19,3,3,3,1,148,0.06898990063051622,discovery_2020_23
2021-07-20,3,3,3,1,149,-0.13425813835149272,discovery_2020_23
2021-07-21,3,3,3,1,149,-0.14163648715427574,discovery_2020_23
2021-07-22,3,3,3,1,160,-0.28680587505409294,discovery_2020_23
2021-07-23,3,3,3,1,148,-0.12312974592181558,discovery_2020_23
2021-07-26,3,3,3,1,121,0.01885952062217037,discovery_2020_23
2021-08-02,3,3,3,1,144,0.19007782845365026,discovery_2020_23
2021-08-03,3,3,3,1,134,-0.20325000498836224,discovery_2020_23
2021-08-04,3,3,3,1,189,0.07791286660384845,discovery_2020_23
2021-08-05,3,3,3,1,171,-0.02130869260340921,discovery_2020_23
2021-08-06,3,3,3,1,134,0.00940916527024711,discovery_2020_23
2021-08-09,3,3,3,1,135,-0.13738346820499486,discovery_2020_23
2021-08-10,3,3,3,1,150,-0.14609829972374586,discovery_2020_23
2021-08-11,3,3,3,1,169,-0.012022199611799345,discovery_2020_23
2021-08-12,3,3,3,1,165,-0.09960138632421414,discovery_2020_23
2021-08-13,3,3,3,1,151,0.1293647397956802,discovery_2020_23
2021-08-16,3,3,3,1,159,-0.12190991402780928,discovery_2020_23
2021-08-17,3,3,3,1,152,-0.1628204000333794,discovery_2020_23
2021-08-18,3,3,3,1,128,0.1300457796900555,discovery_2020_23
2021-08-19,3,3,3,1,149,0.023306289617425143,discovery_2020_23
2021-08-20,3,3,3,1,129,0.219160123342458,discovery_2020_23
2021-08-23,3,3,3,1,153,0.0557841478357524,discovery_2020_23
2021-08-24,3,3,3,1,152,0.14816042482905623,discovery_2020_23
2021-08-25,3,3,3,1,153,-0.06685520039890973,discovery_2020_23
2021-08-26,3,3,3,1,165,0.06654823047119948,discovery_2020_23
2021-08-27,3,3,3,1,156,-0.031481446359326294,discovery_2020_23
2021-08-30,3,3,3,1,134,-0.15870870403121465,discovery_2020_23
2021-08-31,3,3,3,1,118,-0.04457397253121452,discovery_2020_23
2021-09-01,3,3,3,1,120,-0.19525128274078019,discovery_2020_23
2021-09-02,3,3,3,1,122,0.07907698357502867,discovery_2020_23
2021-09-03,3,3,3,1,120,0.04793413397187917,discovery_2020_23
2021-09-06,3,3,3,1,137,0.038969418864802145,discovery_2020_23
2021-09-07,3,3,3,1,136,0.07923607418036344,discovery_2020_23
2021-09-08,3,3,3,1,159,-0.13087798107752396,discovery_2020_23
2021-09-09,3,3,3,1,154,0.24426848835972131,discovery_2020_23
2021-09-10,3,3,3,1,139,-0.27786889094466466,discovery_2020_23
2021-09-13,3,3,3,1,146,0.0799096904459853,discovery_2020_23
2021-09-14,3,3,3,1,167,-0.042534181497586115,discovery_2020_23
2021-09-15,3,3,3,1,146,-0.04349905043142289,discovery_2020_23
2021-09-16,3,3,3,1,115,0.028312494821827187,discovery_2020_23
2021-09-22,3,3,3,1,131,-0.03598505827510419,discovery_2020_23
2021-09-23,3,3,3,1,134,-0.017758591883560812,discovery_2020_23
2021-09-24,3,3,3,1,148,0.038186709707955103,discovery_2020_23
2021-09-27,3,3,3,1,191,0.06897328233306883,discovery_2020_23
2021-09-28,3,3,3,1,182,-0.002245448636865427,discovery_2020_23
2021-09-29,3,3,3,1,145,0.005044694658006535,discovery_2020_23
2021-09-30,3,3,3,1,124,-0.006379289183187707,discovery_2020_23
2021-10-08,3,3,3,1,129,0.06324731617119958,discovery_2020_23
2021-10-11,3,3,3,1,134,-0.027620830281377146,discovery_2020_23
2021-10-12,3,3,3,1,190,0.09017854098007078,discovery_2020_23
2021-10-13,3,3,3,1,180,-0.04868287097121327,discovery_2020_23
2021-10-14,3,3,3,1,144,0.038074013937898374,discovery_2020_23
2021-10-15,3,3,3,1,128,0.2070838137836087,discovery_2020_23
2021-10-18,3,3,3,1,126,0.17705111784984356,discovery_2020_23
2021-10-19,3,3,3,1,138,-0.07948701263907011,discovery_2020_23
2021-10-20,3,3,3,1,147,0.07852215371820238,discovery_2020_23
2021-10-21,3,3,3,1,159,0.05776637292328729,discovery_2020_23
2021-10-22,3,3,3,1,168,0.07234871042248343,discovery_2020_23
2021-10-25,3,3,3,1,161,0.0732618217995303,discovery_2020_23
2021-10-26,3,3,3,1,170,-0.08829616186690764,discovery_2020_23
2021-10-27,3,3,3,1,166,0.013957393225990601,discovery_2020_23
2021-10-28,3,3,3,1,160,-0.01727719392852169,discovery_2020_23
2021-10-29,3,3,3,1,133,0.11427288888245919,discovery_2020_23
2021-11-01,3,3,3,1,119,-0.15583143868944402,discovery_2020_23
2021-11-02,3,3,3,1,131,0.07448111847900878,discovery_2020_23
2021-11-03,3,3,3,1,162,-0.11977741667378962,discovery_2020_23
2021-11-04,3,3,3,1,159,0.010123725298271501,discovery_2020_23
2021-11-05,3,3,3,1,142,0.07232613457847657,discovery_2020_23
2021-11-08,3,3,3,1,146,-0.04517014347642045,discovery_2020_23
2021-11-09,3,3,3,1,139,0.13510243614783243,discovery_2020_23
2021-11-10,3,3,3,1,150,-0.030909258999944216,discovery_2020_23
2021-11-11,3,3,3,1,150,-0.08881321037557012,discovery_2020_23
2021-11-12,3,3,3,1,156,0.00040225070741046174,discovery_2020_23
2021-11-15,3,3,3,1,164,0.051136147222005934,discovery_2020_23
2021-11-16,3,3,3,1,174,0.04885569235865707,discovery_2020_23
2021-11-17,3,3,3,1,152,-0.0225400820309317,discovery_2020_23
2021-11-18,3,3,3,1,145,-0.008863056623062367,discovery_2020_23
2021-11-19,3,3,3,1,142,0.06713716128451354,discovery_2020_23
2021-11-22,3,3,3,1,144,0.07910011693952586,discovery_2020_23
2021-11-23,3,3,3,1,139,-0.10030279828211953,discovery_2020_23
2021-11-24,3,3,3,1,144,0.10531191662511034,discovery_2020_23
2021-11-25,3,3,3,1,139,0.10798486055365523,discovery_2020_23
2021-11-26,3,3,3,1,144,-0.08287188455593046,discovery_2020_23
2021-11-29,3,3,3,1,120,0.22512328131667939,discovery_2020_23
2021-11-30,3,3,3,1,115,-0.05460459996505293,discovery_2020_23
2021-12-01,3,3,3,1,109,0.12722120488569283,discovery_2020_23
2021-12-02,3,3,3,1,158,-0.13851472383638683,discovery_2020_23
2021-12-03,3,3,3,1,139,0.08193184844843956,discovery_2020_23
2021-12-06,3,3,3,1,128,-0.030902171740512106,discovery_2020_23
2021-12-07,3,3,3,1,127,0.23547854611183705,discovery_2020_23
2021-12-08,3,3,3,1,134,0.1281494609355265,discovery_2020_23
2021-12-09,3,3,3,1,152,-0.07029719406122752,discovery_2020_23
2021-12-10,3,3,3,1,174,0.08682425006035081,discovery_2020_23
2021-12-13,3,3,3,1,156,0.10264580369843529,discovery_2020_23
2021-12-14,3,3,3,1,169,0.02328518828776684,discovery_2020_23
2021-12-15,3,3,3,1,140,0.04422309450400468,discovery_2020_23
2021-12-16,3,3,3,1,120,0.16367664745563654,discovery_2020_23
2021-12-17,3,3,3,1,107,0.08709389045338883,discovery_2020_23
2021-12-20,3,3,3,1,108,-0.11841873359730028,discovery_2020_23
2021-12-21,3,3,3,1,129,0.01650293707011902,discovery_2020_23
2021-12-22,3,3,3,1,128,0.0038388018243427874,discovery_2020_23
2021-12-23,3,3,3,1,138,0.03796524610885391,discovery_2020_23
2021-12-24,3,3,3,1,172,-0.026788962505291496,discovery_2020_23
2021-12-27,3,3,3,1,154,0.3622779211924452,discovery_2020_23
2021-12-28,3,3,3,1,149,0.01958474251152409,discovery_2020_23
2021-12-29,3,3,3,1,133,-0.034837411385985104,discovery_2020_23
2021-12-30,3,3,3,1,160,-0.002299241228746635,discovery_2020_23
2021-12-31,3,3,3,1,151,-0.21988321623972296,discovery_2020_23
2022-01-04,3,3,3,1,148,-0.0041368243072150085,discovery_2020_23
2022-01-05,3,3,3,1,156,-0.01724098417787018,discovery_2020_23
2022-01-06,3,3,3,1,154,-0.013581094735872481,discovery_2020_23
2022-01-07,3,3,3,1,143,-0.10613848789936202,discovery_2020_23
2022-01-10,3,3,3,1,139,-0.12154719587148102,discovery_2020_23
2022-01-11,3,3,3,1,124,0.03453403599471359,discovery_2020_23
2022-01-12,3,3,3,1,122,-0.13110897053998316,discovery_2020_23
2022-01-13,3,3,3,1,134,0.08998898984709845,discovery_2020_23
2022-01-14,3,3,3,1,144,0.0014609042334100314,discovery_2020_23
2022-01-17,3,3,3,1,151,0.01850008976269174,discovery_2020_23
2022-01-18,3,3,3,1,153,0.29655298269335056,discovery_2020_23
2022-01-19,3,3,3,1,182,-0.07455830846032839,discovery_2020_23
2022-01-20,3,3,3,1,181,0.1657150692073496,discovery_2020_23
2022-01-21,3,3,3,1,158,0.08764172306741476,discovery_2020_23
2022-01-24,3,3,3,1,132,0.03196447696066484,discovery_2020_23
2022-01-25,3,3,3,1,136,-0.03849108282308895,discovery_2020_23
2022-01-26,3,3,3,1,117,-0.06082688600524468,discovery_2020_23
2022-01-27,3,3,3,1,104,-0.13124968326538544,discovery_2020_23
2022-02-09,3,3,3,1,130,-0.21004720853416992,discovery_2020_23
2022-02-10,3,3,3,1,123,-0.141212395791401,discovery_2020_23
2022-02-11,3,3,3,1,137,0.14070811432507718,discovery_2020_23
2022-02-14,3,3,3,1,154,0.35677459079834356,discovery_2020_23
2022-02-15,3,3,3,1,166,-0.20022430936758281,discovery_2020_23
2022-02-16,3,3,3,1,170,0.04736955236801738,discovery_2020_23
2022-02-17,3,3,3,1,154,-0.10550699875153885,discovery_2020_23
2022-02-18,3,3,3,1,162,-0.0486663058407055,discovery_2020_23
2022-02-21,3,3,3,1,173,-0.16686309480901,discovery_2020_23
2022-02-22,3,3,3,1,185,0.05014949702709847,discovery_2020_23
2022-02-23,3,3,3,1,199,-0.055763985252616353,discovery_2020_23
2022-02-24,3,3,3,1,136,0.04092790922655911,discovery_2020_23
2022-02-25,3,3,3,1,122,-0.14695768756091782,discovery_2020_23
2022-03-03,3,3,3,1,147,-0.053075295630363964,discovery_2020_23
2022-03-04,3,3,3,1,144,0.07940606713458767,discovery_2020_23
2022-03-07,3,3,3,1,145,-0.06465529966796502,discovery_2020_23
2022-03-14,3,3,3,1,108,-0.08035420824830483,discovery_2020_23
2022-03-15,3,3,3,1,135,0.05493136018768945,discovery_2020_23
2022-03-16,3,3,3,1,140,0.09723643583778617,discovery_2020_23
2022-03-17,3,3,3,1,153,-0.0012246669023453505,discovery_2020_23
2022-03-18,3,3,3,1,167,0.030677838256154395,discovery_2020_23
2022-03-21,3,3,3,1,178,-0.01163728442085539,discovery_2020_23
2022-03-22,3,3,3,1,141,0.09705367052404126,discovery_2020_23
2022-03-23,3,3,3,1,123,-0.14206106620991263,discovery_2020_23
2022-03-24,3,3,3,1,125,-0.08758114923587712,discovery_2020_23
2022-03-25,3,3,3,1,142,-0.1776274497079592,discovery_2020_23
2022-03-28,3,3,3,1,123,-0.013217911740531713,discovery_2020_23
2022-03-29,3,3,3,1,135,0.006377551020711629,discovery_2020_23
2022-03-30,3,3,3,1,137,0.006019611873489794,discovery_2020_23
2022-03-31,3,3,3,1,161,0.015483457258123376,discovery_2020_23
2022-04-01,3,3,3,1,157,-0.21157375144201582,discovery_2020_23
2022-04-06,3,3,3,1,152,0.01972416244117198,discovery_2020_23
2022-04-07,3,3,3,1,129,-0.096764319898059,discovery_2020_23
2022-04-08,3,3,3,1,130,-0.08312064292101963,discovery_2020_23
2022-04-11,3,3,3,1,129,-0.011840555019595108,discovery_2020_23
2022-04-12,3,3,3,1,108,0.13527624020506654,discovery_2020_23
2022-04-13,3,3,3,1,107,-0.07865590000141626,discovery_2020_23
2022-04-14,3,3,3,1,113,-0.09343477926865895,discovery_2020_23
2022-04-15,3,3,3,1,128,0.24799356797668426,discovery_2020_23
2022-04-18,3,3,3,1,140,0.11544937677673302,discovery_2020_23
2022-04-19,3,3,3,1,155,-0.1273348796510519,discovery_2020_23
2022-04-20,3,3,3,1,149,-0.08026820462067077,discovery_2020_23
2022-04-21,3,3,3,1,154,-0.09469883041467175,discovery_2020_23
2022-04-22,3,3,3,1,117,-0.1686345252907233,discovery_2020_23
2022-05-06,3,3,3,1,131,-0.07960346408969392,discovery_2020_23
2022-05-10,3,3,3,1,113,0.2985862307896873,discovery_2020_23
2022-05-11,3,3,3,1,136,-0.02982083880605891,discovery_2020_23
2022-05-12,3,3,3,1,204,0.11118382971068622,discovery_2020_23
2022-05-13,3,3,3,1,233,0.1323442144961969,discovery_2020_23
2022-05-16,3,3,3,1,195,-0.10333863670875922,discovery_2020_23
2022-05-17,3,3,3,1,183,-0.03936750000405361,discovery_2020_23
2022-05-18,3,3,3,1,152,-0.12484291478622575,discovery_2020_23
2022-05-19,3,3,3,1,146,0.05839107851514218,discovery_2020_23
2022-05-20,3,3,3,1,153,0.06291117521211959,discovery_2020_23
2022-05-23,3,3,3,1,164,0.04429592830601386,discovery_2020_23
2022-05-24,3,3,3,1,183,0.001979681341808698,discovery_2020_23
2022-05-25,3,3,3,1,182,-0.0349213932974969,discovery_2020_23
2022-05-26,3,3,3,1,169,-0.012764248730733582,discovery_2020_23
2022-05-27,3,3,3,1,180,0.0900388699925154,discovery_2020_23
2022-05-30,3,3,3,1,169,0.003695761621513605,discovery_2020_23
2022-05-31,3,3,3,1,166,-0.0111566662290904,discovery_2020_23
2022-06-01,3,3,3,1,157,-0.04245662285142218,discovery_2020_23
2022-06-02,3,3,3,1,143,-0.03732324859514605,discovery_2020_23
2022-06-06,3,3,3,1,149,0.18693133173740512,discovery_2020_23
2022-06-07,3,3,3,1,165,0.01785772729250258,discovery_2020_23
2022-06-08,3,3,3,1,141,0.17191943345204355,discovery_2020_23
2022-06-09,3,3,3,1,142,-0.16472333755394183,discovery_2020_23
2022-06-10,3,3,3,1,141,0.052318836237085074,discovery_2020_23
2022-06-13,3,3,3,1,121,-0.22854558973033173,discovery_2020_23
2022-06-14,3,3,3,1,124,0.042354251869481545,discovery_2020_23
2022-06-15,3,3,3,1,144,0.16869225174747263,discovery_2020_23
2022-06-16,3,3,3,1,139,0.1887464419310403,discovery_2020_23
2022-06-17,3,3,3,1,178,0.046254516837565735,discovery_2020_23
2022-06-20,3,3,3,1,165,-0.13385849910843436,discovery_2020_23
2022-06-21,3,3,3,1,168,-0.21811035481155602,discovery_2020_23
2022-06-22,3,3,3,1,161,-0.004954605547559031,discovery_2020_23
2022-06-23,3,3,3,1,143,0.1393123133410224,discovery_2020_23
2022-06-24,3,3,3,1,162,-0.029416040377267503,discovery_2020_23
2022-06-27,3,3,3,1,160,0.021031891361352414,discovery_2020_23
2022-06-28,3,3,3,1,170,0.05876709760850742,discovery_2020_23
2022-06-29,3,3,3,1,154,-0.10107236809171724,discovery_2020_23
2022-06-30,3,3,3,1,150,0.04215150647766729,discovery_2020_23
2022-07-01,3,3,3,1,132,0.18484180822325377,discovery_2020_23
2022-07-04,3,3,3,1,140,-0.00755291303223662,discovery_2020_23
2022-07-05,3,3,3,1,128,0.05433793612908742,discovery_2020_23
2022-07-06,3,3,3,1,128,-0.055696390864716075,discovery_2020_23
2022-07-07,3,3,3,1,164,-0.12960330284944907,discovery_2020_23
2022-07-08,3,3,3,1,145,-0.1058470985957241,discovery_2020_23
2022-07-11,3,3,3,1,145,0.03609111356973617,discovery_2020_23
2022-07-12,3,3,3,1,163,0.03455022225962396,discovery_2020_23
2022-07-13,3,3,3,1,130,0.16384344360088973,discovery_2020_23
2022-07-14,3,3,3,1,133,0.04434792256291986,discovery_2020_23
2022-07-15,3,3,3,1,121,-0.018158293168799196,discovery_2020_23
2022-07-18,3,3,3,1,132,-0.011132214285341583,discovery_2020_23
2022-07-19,3,3,3,1,165,0.09878908783206117,discovery_2020_23
2022-07-20,3,3,3,1,154,0.11045495804496458,discovery_2020_23
2022-07-21,3,3,3,1,151,0.07767509832446154,discovery_2020_23
2022-07-22,3,3,3,1,142,-0.13654057531696237,discovery_2020_23
2022-07-25,3,3,3,1,149,0.28844859649295895,discovery_2020_23
2022-07-26,3,3,3,1,144,-0.03963160683606688,discovery_2020_23
2022-07-27,3,3,3,1,131,-0.06783203662545705,discovery_2020_23
2022-07-28,3,3,3,1,141,-0.03612393360441909,discovery_2020_23
2022-07-29,3,3,3,1,152,0.027840118373438652,discovery_2020_23
2022-08-01,3,3,3,1,168,0.15131479044534807,discovery_2020_23
2022-08-02,3,3,3,1,140,-0.06060599455632253,discovery_2020_23
2022-08-08,3,3,3,1,102,-0.1250452387957359,discovery_2020_23
2022-08-09,3,3,3,1,161,-0.01422709728972403,discovery_2020_23
2022-08-10,3,3,3,1,161,0.10816732924534735,discovery_2020_23
2022-08-11,3,3,3,1,181,0.08902291884316435,discovery_2020_23
2022-08-12,3,3,3,1,182,-0.09955359588712762,discovery_2020_23
2022-08-15,3,3,3,1,175,-0.04257884729450436,discovery_2020_23
2022-08-16,3,3,3,1,171,-0.12352936942164609,discovery_2020_23
2022-08-17,3,3,3,1,145,-0.08021902429401892,discovery_2020_23
2022-08-18,3,3,3,1,147,-0.11031458115012337,discovery_2020_23
2022-08-19,3,3,3,1,139,0.15993475043001662,discovery_2020_23
2022-08-22,3,3,3,1,138,0.1918716487220901,discovery_2020_23
2022-08-23,3,3,3,1,143,-0.029818511633683424,discovery_2020_23
2022-08-24,3,3,3,1,147,-0.1486119926278887,discovery_2020_23
2022-08-25,3,3,3,1,155,-0.029498325442009168,discovery_2020_23
2022-08-26,3,3,3,1,149,0.24476561839734395,discovery_2020_23
2022-08-29,3,3,3,1,125,0.009604025951964268,discovery_2020_23
2022-08-30,3,3,3,1,164,0.17396568274895796,discovery_2020_23
2022-08-31,3,3,3,1,156,0.05622917149356354,discovery_2020_23
2022-09-01,3,3,3,1,183,0.0462306285590555,discovery_2020_23
2022-09-02,3,3,3,1,182,0.02947471722393796,discovery_2020_23
2022-09-05,3,3,3,1,151,-0.004407639560888184,discovery_2020_23
2022-09-06,3,3,3,1,136,0.2140649283573797,discovery_2020_23
2022-09-07,3,3,3,1,126,0.03449904985882997,discovery_2020_23
2022-09-08,3,3,3,1,157,-0.06962383993384466,discovery_2020_23
2022-09-09,3,3,3,1,176,0.11595349753584296,discovery_2020_23
2022-09-13,3,3,3,1,171,0.029409472083005667,discovery_2020_23
2022-09-14,3,3,3,1,185,-0.24504313520745624,discovery_2020_23
2022-09-15,3,3,3,1,193,-0.014507958407325845,discovery_2020_23
2022-09-16,3,3,3,1,184,0.005380005317217092,discovery_2020_23
2022-09-19,3,3,3,1,164,0.002368319207597568,discovery_2020_23
2022-09-20,3,3,3,1,108,-0.05812153164968929,discovery_2020_23
2022-09-22,3,3,3,1,115,0.025845079454014708,discovery_2020_23
2022-09-23,3,3,3,1,113,0.06563628689354846,discovery_2020_23
2022-09-26,3,3,3,1,122,0.0983814072978299,discovery_2020_23
2022-09-27,3,3,3,1,141,-0.12531828068674863,discovery_2020_23
2022-09-28,3,3,3,1,131,-0.0807511937611466,discovery_2020_23
2022-09-29,3,3,3,1,130,-0.1834062328023374,discovery_2020_23
2022-09-30,3,3,3,1,125,-0.28616283124429875,discovery_2020_23
2022-10-10,3,3,3,1,113,-0.09020511375245262,discovery_2020_23
2022-10-11,3,3,3,1,117,0.008549842552684374,discovery_2020_23
2022-10-12,3,3,3,1,125,0.05915281790164833,discovery_2020_23
2022-10-13,3,3,3,1,119,0.007448544662992503,discovery_2020_23
2022-10-14,3,3,3,1,142,0.07715433288542338,discovery_2020_23
2022-10-17,3,3,3,1,105,0.12507872495422181,discovery_2020_23
2022-10-18,3,3,3,1,106,0.06201835515213982,discovery_2020_23
2022-10-19,3,3,3,1,107,-0.06995500765612314,discovery_2020_23
2022-10-20,3,3,3,1,139,0.030899642073868853,discovery_2020_23
2022-10-21,3,3,3,1,168,0.058979737104646685,discovery_2020_23
2022-10-24,3,3,3,1,161,0.13319597152277893,discovery_2020_23
2022-10-25,3,3,3,1,151,-0.184790763860336,discovery_2020_23
2022-10-26,3,3,3,1,137,-0.009518520160666986,discovery_2020_23
2022-10-27,3,3,3,1,137,0.07790531884549867,discovery_2020_23
2022-10-28,3,3,3,1,171,-0.19457419457591074,discovery_2020_23
2022-10-31,3,3,3,1,170,0.25924385732780963,discovery_2020_23
2022-11-01,3,3,3,1,167,0.11208908998745308,discovery_2020_23
2022-11-02,3,3,3,1,161,-0.1120367388272227,discovery_2020_23
2022-11-03,3,3,3,1,179,0.07252037572705099,discovery_2020_23
2022-11-04,3,3,3,1,181,-0.011775831168654553,discovery_2020_23
2022-11-07,3,3,3,1,184,0.004169141151639316,discovery_2020_23
2022-11-08,3,3,3,1,178,0.12255018529261143,discovery_2020_23
2022-11-09,3,3,3,1,170,-0.18258172069932035,discovery_2020_23
2022-11-10,3,3,3,1,152,-0.18927235666339512,discovery_2020_23
2022-11-11,3,3,3,1,164,-0.1535236485418031,discovery_2020_23
2022-11-14,3,3,3,1,177,0.02814964378797326,discovery_2020_23
2022-11-15,3,3,3,1,186,-0.07636632862090616,discovery_2020_23
2022-11-16,3,3,3,1,166,-0.09541113793160737,discovery_2020_23
2022-11-17,3,3,3,1,125,-0.0026636026531571527,discovery_2020_23
2022-11-18,3,3,3,1,129,0.15366446450595408,discovery_2020_23
2022-11-21,3,3,3,1,118,-0.016299117846337776,discovery_2020_23
2022-11-22,3,3,3,1,139,-0.01068867556752035,discovery_2020_23
2022-11-23,3,3,3,1,130,-0.11869422424428931,discovery_2020_23
2022-11-24,3,3,3,1,151,-0.4262189086044115,discovery_2020_23
2022-11-25,3,3,3,1,142,0.04901100951297831,discovery_2020_23
2022-11-28,3,3,3,1,166,0.01647536139901373,discovery_2020_23
2022-11-29,3,3,3,1,157,0.24083740409080562,discovery_2020_23
2022-11-30,3,3,3,1,165,0.23345332630182752,discovery_2020_23
2022-12-01,3,3,3,1,133,-0.004920635987673943,discovery_2020_23
2022-12-02,3,3,3,1,132,0.06565537320900927,discovery_2020_23
2022-12-05,3,3,3,1,138,0.02674508604143623,discovery_2020_23
2022-12-06,3,3,3,1,217,-0.022201500534662254,discovery_2020_23
2022-12-07,3,3,3,1,209,-0.14103369412100847,discovery_2020_23
2022-12-08,3,3,3,1,198,0.04515150035757985,discovery_2020_23
2022-12-09,3,3,3,1,182,0.17462879164769768,discovery_2020_23
2022-12-12,3,3,3,1,179,-0.21003415119798352,discovery_2020_23
2022-12-13,3,3,3,1,181,8.601297482016747e-05,discovery_2020_23
2022-12-14,3,3,3,1,167,0.15804770963269993,discovery_2020_23
2022-12-15,3,3,3,1,145,-0.2406059729313049,discovery_2020_23
2022-12-16,3,3,3,1,139,0.11292122593470051,discovery_2020_23
2022-12-19,3,3,3,1,146,0.004073955892241862,discovery_2020_23
2022-12-20,3,3,3,1,158,0.05453133406960455,discovery_2020_23
2022-12-21,3,3,3,1,152,0.1824206973337662,discovery_2020_23
2022-12-22,3,3,3,1,139,0.08129810667161357,discovery_2020_23
2022-12-23,3,3,3,1,138,-0.0007249388086851386,discovery_2020_23
2022-12-26,3,3,3,1,168,0.05904077719000564,discovery_2020_23
2022-12-27,3,3,3,1,150,0.01203210576865352,discovery_2020_23
2022-12-28,3,3,3,1,185,0.024370560780247862,discovery_2020_23
2022-12-29,3,3,3,1,182,-0.16049318820647923,discovery_2020_23
2022-12-30,3,3,3,1,182,0.09637010870293833,discovery_2020_23
2023-01-03,3,3,3,1,179,-0.13167387488076163,discovery_2020_23
2023-01-04,3,3,3,1,176,0.06366548591212963,discovery_2020_23
2023-01-05,3,3,3,1,152,0.15669636656351071,discovery_2020_23
2023-01-06,3,3,3,1,146,0.04199203312155783,discovery_2020_23
2023-01-09,3,3,3,1,139,-0.021856818567957046,discovery_2020_23
2023-01-10,3,3,3,1,146,-0.07000341278898521,discovery_2020_23
2023-01-11,3,3,3,1,138,-0.004753652572383607,discovery_2020_23
2023-01-12,3,3,3,1,142,-0.010442808184137366,discovery_2020_23
2023-01-13,3,3,3,1,155,0.04074868395404002,discovery_2020_23
2023-01-16,3,3,3,1,167,-0.12440227154704998,discovery_2020_23
2023-01-17,3,3,3,1,195,-0.014412505725161747,discovery_2020_23
2023-01-18,3,3,3,1,214,-0.18280362193544755,discovery_2020_23
2023-01-19,3,3,3,1,206,0.16014744773760856,discovery_2020_23
2023-01-20,3,3,3,1,186,-0.028533957330225443,discovery_2020_23
2023-01-30,3,3,3,1,151,-0.01148176259713641,discovery_2020_23
2023-01-31,3,3,3,1,165,-0.2224996299985891,discovery_2020_23
2023-02-01,3,3,3,1,169,0.1486441045656105,discovery_2020_23
2023-02-02,3,3,3,1,193,0.09272644721316059,discovery_2020_23
2023-02-03,3,3,3,1,166,0.1016650783481442,discovery_2020_23
2023-02-06,3,3,3,1,178,-0.10216648956355155,discovery_2020_23
2023-02-07,3,3,3,1,138,0.09683926449340838,discovery_2020_23
2023-02-08,3,3,3,1,114,0.010818276447618376,discovery_2020_23
2023-02-09,3,3,3,1,127,-0.02268739181709232,discovery_2020_23
2023-02-10,3,3,3,1,139,0.08050200362136055,discovery_2020_23
2023-02-13,3,3,3,1,156,0.005371512564730818,discovery_2020_23
2023-02-14,3,3,3,1,157,-0.02549802155846932,discovery_2020_23
2023-02-15,3,3,3,1,163,0.032423812284949935,discovery_2020_23
2023-02-16,3,3,3,1,167,0.08572339627337092,discovery_2020_23
2023-02-17,3,3,3,1,169,-0.02376074666006531,discovery_2020_23
2023-02-20,3,3,3,1,162,0.0992200009913053,discovery_2020_23
2023-02-21,3,3,3,1,165,-0.13353431070897406,discovery_2020_23
2023-02-22,3,3,3,1,166,0.07247183937540981,discovery_2020_23
2023-02-23,3,3,3,1,183,-0.0716708211848506,discovery_2020_23
2023-02-24,3,3,3,1,151,0.05677690758404706,discovery_2020_23
2023-02-27,3,3,3,1,131,0.23251583543043294,discovery_2020_23
2023-02-28,3,3,3,1,120,-0.041907215891151275,discovery_2020_23
2023-03-01,3,3,3,1,126,-0.1344264311832732,discovery_2020_23
2023-03-02,3,3,3,1,135,-0.24154590550431468,discovery_2020_23
2023-03-03,3,3,3,1,140,0.11551077173481587,discovery_2020_23
2023-03-06,3,3,3,1,134,0.010476492108471352,discovery_2020_23
2023-03-07,3,3,3,1,121,-0.16205075058752452,discovery_2020_23
2023-03-08,3,3,3,1,120,0.07125891561332771,discovery_2020_23
2023-03-09,3,3,3,1,123,0.07981026882923445,discovery_2020_23
2023-03-10,3,3,3,1,123,-0.20379832354558428,discovery_2020_23
2023-03-13,3,3,3,1,148,-0.06935735720003669,discovery_2020_23
2023-03-14,3,3,3,1,102,0.17173410911891968,discovery_2020_23
2023-03-15,3,3,3,1,127,-0.14734344447796455,discovery_2020_23
2023-03-16,3,3,3,1,132,-0.10687078663447136,discovery_2020_23
2023-03-17,3,3,3,1,153,0.0978754451114371,discovery_2020_23
2023-03-20,3,3,3,1,142,0.1337869884692054,discovery_2020_23
2023-03-21,3,3,3,1,158,-0.0886814912863742,discovery_2020_23
2023-03-22,3,3,3,1,162,-0.18736654026445654,discovery_2020_23
2023-03-23,3,3,3,1,161,0.023523778987787236,discovery_2020_23
2023-03-24,3,3,3,1,161,0.06541799422914976,discovery_2020_23
2023-03-27,3,3,3,1,130,-0.03287236461381812,discovery_2020_23
2023-03-28,3,3,3,1,138,0.08110304895674826,discovery_2020_23
2023-03-29,3,3,3,1,137,0.03317838574563487,discovery_2020_23
2023-03-30,3,3,3,1,159,-0.04862735497705859,discovery_2020_23
2023-03-31,3,3,3,1,163,-0.09431864391770761,discovery_2020_23
2023-04-03,3,3,3,1,163,0.08270084987061682,discovery_2020_23
2023-04-04,3,3,3,1,162,-0.10244033934791594,discovery_2020_23
2023-04-06,3,3,3,1,145,-0.0039679103126303945,discovery_2020_23
2023-04-07,3,3,3,1,142,0.10758414018533934,discovery_2020_23
2023-04-10,3,3,3,1,160,-0.13974712620239751,discovery_2020_23
2023-04-11,3,3,3,1,176,-0.18656356259422271,discovery_2020_23
2023-04-12,3,3,3,1,163,-0.02003850307685648,discovery_2020_23
2023-04-13,3,3,3,1,146,0.08869814020176989,discovery_2020_23
2023-04-14,3,3,3,1,149,-0.05203184490469695,discovery_2020_23
2023-04-17,3,3,3,1,152,-0.13056664251835043,discovery_2020_23
2023-04-18,3,3,3,1,151,-0.1354080707021026,discovery_2020_23
2023-04-19,3,3,3,1,157,-0.025888788451373455,discovery_2020_23
2023-04-20,3,3,3,1,147,0.09524879933339066,discovery_2020_23
2023-04-21,3,3,3,1,135,-0.03980601821562905,discovery_2020_23
2023-04-24,3,3,3,1,116,0.02574491886736767,discovery_2020_23
2023-04-25,3,3,3,1,100,-0.01999789969770626,discovery_2020_23
2023-04-28,3,3,3,1,122,-0.03530511963907862,discovery_2020_23
2023-05-04,3,3,3,1,139,-0.09653992110851879,discovery_2020_23
2023-05-05,3,3,3,1,130,0.07658220501759185,discovery_2020_23
2023-05-08,3,3,3,1,109,-0.12470606224216177,discovery_2020_23
2023-05-09,3,3,3,1,102,0.12121606224937641,discovery_2020_23
2023-05-10,3,3,3,1,113,-0.0354071363220494,discovery_2020_23
2023-05-11,3,3,3,1,126,0.1343842098591207,discovery_2020_23
2023-05-12,3,3,3,1,105,0.08964407249964496,discovery_2020_23
2023-05-15,3,3,3,1,109,0.001227880770473613,discovery_2020_23
2023-05-16,3,3,3,1,119,0.14019495259914222,discovery_2020_23
2023-05-17,3,3,3,1,145,-0.0701663917744913,discovery_2020_23
2023-05-18,3,3,3,1,184,-0.06252164168106446,discovery_2020_23
2023-05-19,3,3,3,1,154,-0.06642225260443112,discovery_2020_23
2023-05-22,3,3,3,1,155,0.211756497752458,discovery_2020_23
2023-05-23,3,3,3,1,132,0.14219857970999364,discovery_2020_23
2023-05-24,3,3,3,1,150,-0.01844361753787761,discovery_2020_23
2023-05-25,3,3,3,1,153,-0.10716544409998845,discovery_2020_23
2023-05-30,3,3,3,1,134,-0.08928774057363326,discovery_2020_23
2023-05-31,3,3,3,1,163,0.07944510832858975,discovery_2020_23
2023-06-01,3,3,3,1,145,0.23775159843066646,discovery_2020_23
2023-06-02,3,3,3,1,127,-0.05169691382003397,discovery_2020_23
2023-06-05,3,3,3,1,136,0.0030389988955946408,discovery_2020_23
2023-06-06,3,3,3,1,154,-0.11545453426407844,discovery_2020_23
2023-06-07,3,3,3,1,157,-0.11568156675433813,discovery_2020_23
2023-06-08,3,3,3,1,125,0.12576288006478334,discovery_2020_23
2023-06-09,3,3,3,1,123,0.04618542207122938,discovery_2020_23
2023-06-12,3,3,3,1,127,-0.1014500395534976,discovery_2020_23
2023-06-13,3,3,3,1,136,-0.21611854424537058,discovery_2020_23
2023-06-14,3,3,3,1,153,0.027241428425646207,discovery_2020_23
2023-06-15,3,3,3,1,147,0.12424851229235918,discovery_2020_23
2023-06-16,3,3,3,1,140,-0.03327553066693662,discovery_2020_23
2023-06-19,3,3,3,1,129,-0.13454588144585614,discovery_2020_23
2023-06-20,3,3,3,1,133,-0.14247748563441923,discovery_2020_23
2023-06-21,3,3,3,1,131,0.1759925051653371,discovery_2020_23
2023-06-29,3,3,3,1,151,-0.08438785842431057,discovery_2020_23
2023-06-30,3,3,3,1,158,0.18571724140044826,discovery_2020_23
2023-07-03,3,3,3,1,136,0.01611493018222419,discovery_2020_23
2023-07-04,3,3,3,1,149,-0.14028697387126837,discovery_2020_23
2023-07-05,3,3,3,1,158,-0.14346914629533936,discovery_2020_23
2023-07-06,3,3,3,1,158,-0.08721923466011515,discovery_2020_23
2023-07-07,3,3,3,1,120,0.20523390466637542,discovery_2020_23
2023-07-10,3,3,3,1,124,-0.038493253782307175,discovery_2020_23
2023-07-11,3,3,3,1,145,-0.23942063842759684,discovery_2020_23
2023-07-12,3,3,3,1,191,-0.07444536154083216,discovery_2020_23
2023-07-13,3,3,3,1,192,0.07823557736504994,discovery_2020_23
2023-07-14,3,3,3,1,167,-8.50345616412791e-05,discovery_2020_23
2023-07-17,3,3,3,1,160,-0.09728271140805873,discovery_2020_23
2023-07-18,3,3,3,1,139,-0.016618369576672985,discovery_2020_23
2023-07-19,3,3,3,1,137,-0.08861051929653148,discovery_2020_23
2023-07-20,3,3,3,1,137,-0.24380328004295299,discovery_2020_23
2023-07-21,3,3,3,1,130,-0.10250275512087692,discovery_2020_23
2023-07-24,3,3,3,1,167,-0.07888180033348789,discovery_2020_23
2023-07-25,3,3,3,1,169,0.03591326975990689,discovery_2020_23
2023-07-26,3,3,3,1,198,-0.10616892397966354,discovery_2020_23
2023-07-27,3,3,3,1,184,-0.1233512551382842,discovery_2020_23
2023-07-28,3,3,3,1,184,0.15439510004273616,discovery_2020_23
2023-07-31,3,3,3,1,167,-0.012823915300835086,discovery_2020_23
2023-08-01,3,3,3,1,158,-0.015945721870222328,discovery_2020_23
2023-08-02,3,3,3,1,156,-0.029380108012411685,discovery_2020_23
2023-08-03,3,3,3,1,168,0.23279003846932575,discovery_2020_23
2023-08-04,3,3,3,1,189,-0.10323315156894922,discovery_2020_23
2023-08-07,3,3,3,1,190,-0.14498552646929538,discovery_2020_23
2023-08-08,3,3,3,1,225,-0.053621444491506305,discovery_2020_23
2023-08-09,3,3,3,1,144,0.044443729944549724,discovery_2020_23
2023-08-10,3,3,3,1,118,0.14947912387124326,discovery_2020_23
2023-08-11,3,3,3,1,105,0.06676964705118292,discovery_2020_23
2023-08-14,3,3,3,1,140,-0.1026006046530108,discovery_2020_23
2023-08-15,3,3,3,1,155,0.17288601844974488,discovery_2020_23
2023-08-16,3,3,3,1,130,0.010042771229581141,discovery_2020_23
2023-08-17,3,3,3,1,167,0.14967917976203315,discovery_2020_23
2023-08-18,3,3,3,1,162,-0.012507180126307142,discovery_2020_23
2023-08-21,3,3,3,1,162,0.16980461021852922,discovery_2020_23
2023-08-22,3,3,3,1,181,-0.04109017942518285,discovery_2020_23
2023-08-23,3,3,3,1,103,-0.018857356235997012,discovery_2020_23
2023-08-24,3,3,3,1,115,-0.015225402236267938,discovery_2020_23
2023-08-25,3,3,3,1,109,-0.06832624787604968,discovery_2020_23
2023-08-28,3,3,3,1,144,0.0022044202947343167,discovery_2020_23
2023-08-29,3,3,3,1,162,0.05208320935746896,discovery_2020_23
2023-08-30,3,3,3,1,219,0.07989810721962405,discovery_2020_23
2023-08-31,3,3,3,1,210,-0.16433601660180874,discovery_2020_23
2023-09-01,3,3,3,1,146,-0.10013110708382471,discovery_2020_23
2023-09-04,3,3,3,1,120,-0.013948933776505294,discovery_2020_23
2023-09-05,3,3,3,1,124,-0.0302285473304072,discovery_2020_23
2023-09-06,3,3,3,1,185,-0.03198636128036657,discovery_2020_23
2023-09-07,3,3,3,1,166,0.01118738745461035,discovery_2020_23
2023-09-08,3,3,3,1,102,0.11907939395652359,discovery_2020_23
2023-09-11,3,3,3,1,118,0.09817239530400092,discovery_2020_23
2023-09-12,3,3,3,1,119,0.04701114922746518,discovery_2020_23
2023-09-13,3,3,3,1,215,-0.009300124010252606,discovery_2020_23
2023-09-14,3,3,3,1,191,-0.03464488817500203,discovery_2020_23
2023-09-15,3,3,3,1,155,0.023321611760887727,discovery_2020_23
2023-09-18,3,3,3,1,147,-0.06144575471341388,discovery_2020_23
2023-09-19,3,3,3,1,158,-0.21522347649908602,discovery_2020_23
2023-09-20,3,3,3,1,178,-0.07554117577132428,discovery_2020_23
2023-09-21,3,3,3,1,146,0.0775711980341544,discovery_2020_23
2023-09-22,3,3,3,1,135,0.0554706715134309,discovery_2020_23
2023-09-25,3,3,3,1,142,-0.02851109991984682,discovery_2020_23
2023-09-26,3,3,3,1,178,-0.15170825594648718,discovery_2020_23
2023-09-27,3,3,3,1,186,-0.04960482122395448,discovery_2020_23
2023-09-28,3,3,3,1,163,0.017891063058894204,discovery_2020_23
2023-10-09,3,3,3,1,154,-0.029981246318891697,discovery_2020_23
2023-10-10,3,3,3,1,150,0.018544989066112835,discovery_2020_23
2023-10-11,3,3,3,1,144,-0.15098362782538713,discovery_2020_23
2023-10-12,3,3,3,1,165,0.027107206638043994,discovery_2020_23
2023-10-13,3,3,3,1,151,-0.027330151612466665,discovery_2020_23
2023-10-16,3,3,3,1,168,-0.15722242138900766,discovery_2020_23
2023-10-17,3,3,3,1,133,-0.12531865267963516,discovery_2020_23
2023-10-18,3,3,3,1,114,0.10522670662805535,discovery_2020_23
2023-10-20,3,3,3,1,106,0.25433788114226186,discovery_2020_23
2023-10-26,3,3,3,1,145,-0.08560279885003212,discovery_2020_23
2023-10-27,3,3,3,1,180,-0.00785853808580354,discovery_2020_23
2023-10-30,3,3,3,1,175,0.006358084782349626,discovery_2020_23
2023-10-31,3,3,3,1,151,0.09030347761456273,discovery_2020_23
2023-11-01,3,3,3,1,138,0.1433379226318238,discovery_2020_23
2023-11-02,3,3,3,1,108,-0.2827153055141896,discovery_2020_23
2023-11-03,3,3,3,1,119,-0.017003290277100232,discovery_2020_23
2023-11-06,3,3,3,1,141,-0.03426097393403238,discovery_2020_23
2023-11-07,3,3,3,1,156,-0.09912726551587382,discovery_2020_23
2023-11-08,3,3,3,1,175,0.14420895739531261,discovery_2020_23
2023-11-09,3,3,3,1,157,-0.06407571744026226,discovery_2020_23
2023-11-10,3,3,3,1,129,-0.09774484428173916,discovery_2020_23
2023-11-13,3,3,3,1,142,-0.15990343428901801,discovery_2020_23
2023-11-14,3,3,3,1,135,0.0735133079109346,discovery_2020_23
2023-11-15,3,3,3,1,146,0.025818529919600083,discovery_2020_23
2023-11-16,3,3,3,1,177,-0.19256489167053087,discovery_2020_23
2023-11-17,3,3,3,1,213,-0.01591329936984159,discovery_2020_23
2023-11-20,3,3,3,1,193,0.25529441080526033,discovery_2020_23
2023-11-21,3,3,3,1,202,0.1536415944288483,discovery_2020_23
2023-11-22,3,3,3,1,205,-0.08069209249729407,discovery_2020_23
2023-11-23,3,3,3,1,219,0.034418738034382036,discovery_2020_23
2023-11-24,3,3,3,1,146,0.25169235159454234,discovery_2020_23
2023-11-27,3,3,3,1,141,-0.009455470273202147,discovery_2020_23
2023-11-28,3,3,3,1,135,-0.10884294022847173,discovery_2020_23
2023-11-29,3,3,3,1,109,-0.21813236585430043,discovery_2020_23
2023-11-30,3,3,3,1,126,-0.09106139817411729,discovery_2020_23
2023-12-01,3,3,3,1,138,-0.1802834780861576,discovery_2020_23
2023-12-04,3,3,3,1,124,0.04923367427222659,discovery_2020_23
2023-12-05,3,3,3,1,143,-0.05484146332192652,discovery_2020_23
2023-12-06,3,3,3,1,135,-0.14238801857774402,discovery_2020_23
2023-12-08,3,3,3,1,102,0.0005654669344656633,discovery_2020_23
2023-12-12,3,3,3,1,131,0.01082082381575304,discovery_2020_23
2023-12-13,3,3,3,1,146,0.16016836945602395,discovery_2020_23
2023-12-14,3,3,3,1,138,-0.027544102185349296,discovery_2020_23
2023-12-15,3,3,3,1,118,0.0011321533373890604,discovery_2020_23
2023-12-19,3,3,3,1,115,0.1587683615484607,discovery_2020_23
2023-12-20,3,3,3,1,113,-0.25772241934984913,discovery_2020_23
2023-12-21,3,3,3,1,117,0.05228283093354594,discovery_2020_23
2023-12-22,3,3,3,1,136,-0.03245359172312787,discovery_2020_23
2023-12-25,3,3,3,1,138,-0.02141443985116265,discovery_2020_23
2023-12-26,3,3,3,1,158,0.03775531006340973,discovery_2020_23
2023-12-27,3,3,3,1,146,-0.027152636455486108,discovery_2020_23
2023-12-28,3,3,3,1,168,0.1577539330622095,discovery_2020_23
2023-12-29,3,3,3,1,157,0.019468296570589,discovery_2020_23
2024-01-02,3,3,3,1,174,-0.08900929677778543,review_2024_25
2024-01-03,3,3,3,1,164,0.0438794630865891,review_2024_25
2024-01-04,3,3,3,1,103,-0.1015347189968788,review_2024_25
2024-01-11,3,3,3,1,109,0.10344020702896647,review_2024_25
2024-01-12,3,3,3,1,127,0.18568448933515652,review_2024_25
2024-01-15,3,3,3,1,160,-0.16403309742348465,review_2024_25
2024-01-16,3,3,3,1,161,0.12986561114806838,review_2024_25
2024-01-17,3,3,3,1,136,-0.28572246815083296,review_2024_25
2024-01-18,3,3,3,1,113,-0.0556220992248703,review_2024_25
2024-01-19,3,3,3,1,127,-0.08016779373799324,review_2024_25
2024-01-22,3,3,3,1,131,-0.12819294603217185,review_2024_25
2024-01-23,3,3,3,1,185,-0.08113813241117786,review_2024_25
2024-01-24,3,3,3,1,156,0.1760135861354212,review_2024_25
2024-01-25,3,3,3,1,150,-0.08154034881911912,review_2024_25
2024-01-26,3,3,3,1,121,-0.3049883568353009,review_2024_25
2024-01-29,3,3,3,1,101,-0.28530077257189274,review_2024_25
2024-02-01,3,3,3,1,103,-0.23930060983285903,review_2024_25
2024-02-05,3,3,3,1,108,0.19095798144066023,review_2024_25
2024-02-06,3,3,3,1,101,0.025970244011534582,review_2024_25
2024-02-08,3,3,3,1,105,0.04025607134027114,review_2024_25
2024-02-22,3,3,3,1,144,0.10263639685453324,review_2024_25
2024-02-23,3,3,3,1,156,-0.03842220806830535,review_2024_25
2024-02-26,3,3,3,1,183,0.0044607037557726735,review_2024_25
2024-02-27,3,3,3,1,173,0.11949446837718002,review_2024_25
2024-02-28,3,3,3,1,163,-0.294851598462737,review_2024_25
2024-02-29,3,3,3,1,160,-0.13927582324350407,review_2024_25
2024-03-01,3,3,3,1,173,0.046968487192919864,review_2024_25
2024-03-04,3,3,3,1,177,0.15814201607745865,review_2024_25
2024-03-05,3,3,3,1,158,0.04018127440032502,review_2024_25
2024-03-06,3,3,3,1,138,0.22832223120784134,review_2024_25
2024-03-07,3,3,3,1,151,0.05565034623000308,review_2024_25
2024-03-08,3,3,3,1,140,0.007845975712067783,review_2024_25
2024-03-11,3,3,3,1,158,0.12478217315553254,review_2024_25
2024-03-12,3,3,3,1,163,0.15858573682993382,review_2024_25
2024-03-13,3,3,3,1,188,0.07513413424727611,review_2024_25
2024-03-14,3,3,3,1,186,0.011428081218021233,review_2024_25
2024-03-15,3,3,3,1,155,-0.09307878971663519,review_2024_25
2024-03-18,3,3,3,1,169,0.11882283545843537,review_2024_25
2024-03-19,3,3,3,1,180,0.028874860095413554,review_2024_25
2024-03-20,3,3,3,1,196,-0.07099477474829878,review_2024_25
2024-03-21,3,3,3,1,182,-0.04812847264586011,review_2024_25
2024-03-22,3,3,3,1,147,0.1558066216211338,review_2024_25
2024-03-25,3,3,3,1,132,-0.0044041369767057695,review_2024_25
2024-03-26,3,3,3,1,106,0.13350194474113783,review_2024_25
2024-03-27,3,3,3,1,108,0.12345002702808626,review_2024_25
2024-03-28,3,3,3,1,115,-0.06681146297547715,review_2024_25
2024-03-29,3,3,3,1,120,-0.038048507771826195,review_2024_25
2024-04-01,3,3,3,1,160,-0.150396845164118,review_2024_25
2024-04-02,3,3,3,1,148,0.006826254426157543,review_2024_25
2024-04-03,3,3,3,1,181,-0.007244078074952192,review_2024_25
2024-04-08,3,3,3,1,183,-0.11877761324759548,review_2024_25
2024-04-09,3,3,3,1,134,-0.02821488600826945,review_2024_25
2024-04-10,3,3,3,1,127,-0.15726568341411162,review_2024_25
2024-04-11,3,3,3,1,119,-0.1899597099403556,review_2024_25
2024-04-12,3,3,3,1,116,-0.08866387189424692,review_2024_25
2024-04-16,3,3,3,1,126,0.08790127604471806,review_2024_25
2024-04-17,3,3,3,1,159,-0.011373016737844426,review_2024_25
2024-04-18,3,3,3,1,164,-0.06726013309688121,review_2024_25
2024-04-19,3,3,3,1,168,0.004435352990215699,review_2024_25
2024-04-22,3,3,3,1,178,-0.20961000674063013,review_2024_25
2024-04-23,3,3,3,1,157,0.04425772870654262,review_2024_25
2024-04-24,3,3,3,1,152,-0.07249303740418658,review_2024_25
2024-04-25,3,3,3,1,133,-0.03276347099986937,review_2024_25
2024-04-26,3,3,3,1,154,0.08584491990216234,review_2024_25
2024-04-29,3,3,3,1,141,0.07185132702594564,review_2024_25
2024-04-30,3,3,3,1,152,0.045783801562536725,review_2024_25
2024-05-06,3,3,3,1,141,-0.10962284971113755,review_2024_25
2024-05-07,3,3,3,1,155,0.2551713525538096,review_2024_25
2024-05-08,3,3,3,1,142,0.07568722986451132,review_2024_25
2024-05-09,3,3,3,1,136,0.012067750196115749,review_2024_25
2024-05-10,3,3,3,1,141,-0.05868886531938362,review_2024_25
2024-05-13,3,3,3,1,145,0.06876740638698553,review_2024_25
2024-05-14,3,3,3,1,158,0.09280329844696432,review_2024_25
2024-05-15,3,3,3,1,138,-0.0992979211616836,review_2024_25
2024-05-16,3,3,3,1,156,-0.0352152967878197,review_2024_25
2024-05-17,3,3,3,1,140,-0.052564136205921326,review_2024_25
2024-05-20,3,3,3,1,121,0.1252553103427601,review_2024_25
2024-05-21,3,3,3,1,141,0.0975814936314108,review_2024_25
2024-05-22,3,3,3,1,170,0.057231244222118116,review_2024_25
2024-05-23,3,3,3,1,189,0.08400532200216015,review_2024_25
2024-05-24,3,3,3,1,148,0.15419035464701678,review_2024_25
2024-05-27,3,3,3,1,133,0.0500839748882406,review_2024_25
2024-05-28,3,3,3,1,105,-0.03217578027112816,review_2024_25
2024-05-29,3,3,3,1,126,0.14936570649513542,review_2024_25
2024-05-30,3,3,3,1,143,0.3563333491259841,review_2024_25
2024-05-31,3,3,3,1,140,-0.1027496935856404,review_2024_25
2024-06-03,3,3,3,1,138,0.2558940240125677,review_2024_25
2024-06-04,3,3,3,1,148,-0.05555025982615977,review_2024_25
2024-06-05,3,3,3,1,151,0.06364083954631553,review_2024_25
2024-06-06,3,3,3,1,190,0.04074370047344306,review_2024_25
2024-06-07,3,3,3,1,190,-0.2167942403751934,review_2024_25
2024-06-11,3,3,3,1,164,0.08573391380685698,review_2024_25
2024-06-12,3,3,3,1,145,0.005413592141381156,review_2024_25
2024-06-13,3,3,3,1,134,-0.013775921814281528,review_2024_25
2024-06-14,3,3,3,1,135,0.022015059598354786,review_2024_25
2024-06-17,3,3,3,1,141,-0.015840410092192198,review_2024_25
2024-06-18,3,3,3,1,142,0.03644269810087135,review_2024_25
2024-06-19,3,3,3,1,143,0.18443143507357113,review_2024_25
2024-06-20,3,3,3,1,144,-0.12090947365108176,review_2024_25
2024-06-21,3,3,3,1,112,-0.039601845986373355,review_2024_25
2024-06-26,3,3,3,1,107,0.19138493491126748,review_2024_25
2024-06-27,3,3,3,1,110,-0.19240080609222546,review_2024_25
2024-06-28,3,3,3,1,149,0.059719225498463244,review_2024_25
2024-07-01,3,3,3,1,144,0.03503543733516706,review_2024_25
2024-07-02,3,3,3,1,131,-0.09135131889087078,review_2024_25
2024-07-03,3,3,3,1,125,-0.09686972924693717,review_2024_25
2024-07-04,3,3,3,1,120,0.04984312793038293,review_2024_25
2024-07-05,3,3,3,1,113,-0.03613716242482682,review_2024_25
2024-07-08,3,3,3,1,113,0.03264542288305648,review_2024_25
2024-07-09,3,3,3,1,109,-0.13679676947814104,review_2024_25
2024-07-10,3,3,3,1,117,0.15318331082335698,review_2024_25
2024-07-11,3,3,3,1,108,-0.10796378819570729,review_2024_25
2024-07-12,3,3,3,1,147,0.05796835893408516,review_2024_25
2024-07-15,3,3,3,1,149,-0.037238350660549376,review_2024_25
2024-07-16,3,3,3,1,173,0.0808107146879925,review_2024_25
2024-07-17,3,3,3,1,177,0.06193731714895311,review_2024_25
2024-07-18,3,3,3,1,178,-0.085196001767853,review_2024_25
2024-07-19,3,3,3,1,153,-0.058641745337244366,review_2024_25
2024-07-22,3,3,3,1,136,-0.0019107003993203513,review_2024_25
2024-07-23,3,3,3,1,129,0.06569524650741562,review_2024_25
2024-07-24,3,3,3,1,127,-0.12137173025561886,review_2024_25
2024-07-25,3,3,3,1,108,-0.039360364308889284,review_2024_25
2024-07-26,3,3,3,1,100,0.1426535492375089,review_2024_25
2024-07-29,3,3,3,1,106,-0.10314603047280972,review_2024_25
2024-07-30,3,3,3,1,161,-0.03465040829252741,review_2024_25
2024-07-31,3,3,3,1,191,-0.07295531410603139,review_2024_25
2024-08-01,3,3,3,1,202,0.13297357344534924,review_2024_25
2024-08-02,3,3,3,1,226,-0.16882134305373683,review_2024_25
2024-08-05,3,3,3,1,234,0.009420085912161688,review_2024_25
2024-08-06,3,3,3,1,151,0.16355158511084714,review_2024_25
2024-08-07,3,3,3,1,123,-0.10488382981020043,review_2024_25
2024-08-08,3,3,3,1,109,0.20741567933500255,review_2024_25
2024-08-09,3,3,3,1,117,0.19984826488396884,review_2024_25
2024-08-12,3,3,3,1,136,-0.11599720431217805,review_2024_25
2024-08-13,3,3,3,1,170,-0.07295356831394656,review_2024_25
2024-08-14,3,3,3,1,134,0.15433494226198835,review_2024_25
2024-08-15,3,3,3,1,146,-0.07694984696245999,review_2024_25
2024-08-16,3,3,3,1,154,-0.09478977818495946,review_2024_25
2024-08-19,3,3,3,1,155,0.002412117628216694,review_2024_25
2024-08-20,3,3,3,1,130,0.0037308744899667767,review_2024_25
2024-08-21,3,3,3,1,126,0.09045695679604392,review_2024_25
2024-08-22,3,3,3,1,100,-0.061728543225581904,review_2024_25
2024-08-23,3,3,3,1,102,-0.20956323090029957,review_2024_25
2024-08-26,3,3,3,1,112,0.018532162206984674,review_2024_25
2024-08-27,3,3,3,1,127,-0.13970853167397912,review_2024_25
2024-08-28,3,3,3,1,175,-0.0021473414334539816,review_2024_25
2024-08-29,3,3,3,1,157,-0.05778086499199135,review_2024_25
2024-08-30,3,3,3,1,146,0.20140632171293954,review_2024_25
2024-09-02,3,3,3,1,160,-0.018676850710489083,review_2024_25
2024-09-03,3,3,3,1,189,0.02546202071580917,review_2024_25
2024-09-04,3,3,3,1,182,-0.24703536953812602,review_2024_25
2024-09-05,3,3,3,1,137,0.09889763706030327,review_2024_25
2024-09-06,3,3,3,1,112,-0.01923680619477382,review_2024_25
2024-09-09,3,3,3,1,113,0.09531829950169146,review_2024_25
2024-09-10,3,3,3,1,138,-0.12321654851193532,review_2024_25
2024-09-11,3,3,3,1,116,-0.16945728536998753,review_2024_25
2024-09-13,3,3,3,1,122,0.08481087324538843,review_2024_25
2024-09-18,3,3,3,1,149,0.08631093012482235,review_2024_25
2024-09-19,3,3,3,1,180,0.030533463659173983,review_2024_25
2024-09-20,3,3,3,1,181,-0.07242758961240812,review_2024_25
2024-09-23,3,3,3,1,175,-0.08717104158338373,review_2024_25
2024-09-24,3,3,3,1,168,0.00739020203472322,review_2024_25
2024-09-25,3,3,3,1,117,-0.003971338922105545,review_2024_25
2024-10-21,3,3,3,1,140,0.09960211206007846,review_2024_25
2024-10-22,3,3,3,1,196,0.12310116078975802,review_2024_25
2024-10-23,3,3,3,1,190,-0.050324690972896456,review_2024_25
2024-10-24,3,3,3,1,152,-0.16736007764315614,review_2024_25
2024-10-25,3,3,3,1,160,-0.08520051272889237,review_2024_25
2024-10-28,3,3,3,1,160,0.06792184724705563,review_2024_25
2024-10-29,3,3,3,1,179,-0.10121101067172789,review_2024_25
2024-10-30,3,3,3,1,175,-0.08512551123454526,review_2024_25
2024-10-31,3,3,3,1,189,0.10393386996017938,review_2024_25
2024-11-01,3,3,3,1,170,-0.21590702302034287,review_2024_25
2024-11-04,3,3,3,1,168,-0.1672742872116523,review_2024_25
2024-11-05,3,3,3,1,180,-0.03591066573732307,review_2024_25
2024-11-06,3,3,3,1,165,-0.09853243875401316,review_2024_25
2024-11-07,3,3,3,1,122,0.15457720764731095,review_2024_25
2024-11-08,3,3,3,1,101,-0.18459047519518193,review_2024_25
2024-11-11,3,3,3,1,112,0.2057659042859889,review_2024_25
2024-11-13,3,3,3,1,147,0.037532089001320004,review_2024_25
2024-11-14,3,3,3,1,133,0.22124708606945015,review_2024_25
2024-11-15,3,3,3,1,109,0.1412502809116204,review_2024_25
2024-11-18,3,3,3,1,116,0.205056050215691,review_2024_25
2024-11-20,3,3,3,1,110,0.03185689929205156,review_2024_25
2024-11-21,3,3,3,1,106,-0.1814201648518622,review_2024_25
2024-11-22,3,3,3,1,139,-0.11203175341284898,review_2024_25
2024-11-25,3,3,3,1,148,-0.13966679500186596,review_2024_25
2024-11-26,3,3,3,1,157,-0.009183593571354287,review_2024_25
2024-11-27,3,3,3,1,135,0.046011267481917716,review_2024_25
2024-11-28,3,3,3,1,143,0.004854906821123409,review_2024_25
2024-11-29,3,3,3,1,126,0.01796483523753575,review_2024_25
2024-12-02,3,3,3,1,122,0.038636168370896104,review_2024_25
2024-12-03,3,3,3,1,126,0.17673614965206602,review_2024_25
2024-12-04,3,3,3,1,148,-0.20929375952020243,review_2024_25
2024-12-05,3,3,3,1,134,-0.14170284822377477,review_2024_25
2024-12-06,3,3,3,1,153,-0.03106207640651367,review_2024_25
2024-12-09,3,3,3,1,153,0.16160817422811022,review_2024_25
2024-12-10,3,3,3,1,159,0.06533850031333355,review_2024_25
2024-12-11,3,3,3,1,163,-0.09425603474962141,review_2024_25
2024-12-12,3,3,3,1,181,0.12709737740575558,review_2024_25
2024-12-13,3,3,3,1,203,0.016838475155500278,review_2024_25
2024-12-16,3,3,3,1,162,-0.012685410163459417,review_2024_25
2024-12-17,3,3,3,1,119,0.04891084702201185,review_2024_25
2024-12-20,3,3,3,1,109,0.15129484702966894,review_2024_25
2024-12-23,3,3,3,1,124,-0.011924581506729455,review_2024_25
2024-12-24,3,3,3,1,175,-0.050203316660992564,review_2024_25
2024-12-25,3,3,3,1,141,0.07453055851401122,review_2024_25
2024-12-26,3,3,3,1,143,-0.023702502914862072,review_2024_25
2024-12-27,3,3,3,1,152,-0.011429001027535704,review_2024_25
2024-12-30,3,3,3,1,181,0.2220378352042435,review_2024_25
2024-12-31,3,3,3,1,190,0.2059795578486527,review_2024_25
2025-01-02,3,3,3,1,141,0.16694921421851774,review_2024_25
2025-01-03,3,3,3,1,117,0.0013487515618947378,review_2024_25
2025-01-10,3,3,3,1,160,0.06934392380334774,review_2024_25
2025-01-13,3,3,3,1,140,0.09045097565477685,review_2024_25
2025-01-14,3,3,3,1,141,0.008441406242722741,review_2024_25
2025-01-15,3,3,3,1,147,0.18638621810539796,review_2024_25
2025-01-16,3,3,3,1,179,-0.05505027705642418,review_2024_25
2025-01-17,3,3,3,1,177,-0.08351296143007197,review_2024_25
2025-01-20,3,3,3,1,166,0.02466977110304257,review_2024_25
2025-01-21,3,3,3,1,167,-0.043582586808023356,review_2024_25
2025-01-22,3,3,3,1,159,0.29065584342208933,review_2024_25
2025-01-23,3,3,3,1,173,-0.044493245298660014,review_2024_25
2025-01-24,3,3,3,1,172,0.1829742273922255,review_2024_25
2025-01-27,3,3,3,1,189,-0.14893127253788693,review_2024_25
2025-02-05,3,3,3,1,193,-0.1239055862067234,review_2024_25
2025-02-06,3,3,3,1,192,0.0024126546534099986,review_2024_25
2025-02-07,3,3,3,1,177,0.03442083400150986,review_2024_25
2025-02-10,3,3,3,1,170,0.12902808193784673,review_2024_25
2025-02-11,3,3,3,1,174,-0.14696371370178093,review_2024_25
2025-02-12,3,3,3,1,180,0.17041737012383626,review_2024_25
2025-02-13,3,3,3,1,172,-0.043407353442390495,review_2024_25
2025-02-14,3,3,3,1,165,0.14323267294992628,review_2024_25
2025-02-17,3,3,3,1,163,0.1543180755445739,review_2024_25
2025-02-18,3,3,3,1,161,-0.16179985979511724,review_2024_25
2025-02-19,3,3,3,1,157,0.04695247693709962,review_2024_25
2025-02-20,3,3,3,1,143,-0.05245483843170457,review_2024_25
2025-02-21,3,3,3,1,155,0.18167257879872128,review_2024_25
2025-02-24,3,3,3,1,154,0.03549363574276817,review_2024_25
2025-02-25,3,3,3,1,173,0.047863319179641595,review_2024_25
2025-02-26,3,3,3,1,163,0.05678820426201492,review_2024_25
2025-02-27,3,3,3,1,160,0.06626942853375913,review_2024_25
2025-02-28,3,3,3,1,162,-0.09469527504491523,review_2024_25
2025-03-03,3,3,3,1,158,0.09654813604211761,review_2024_25
2025-03-04,3,3,3,1,142,0.0012280236677523187,review_2024_25
2025-03-05,3,3,3,1,127,-0.029689715385287155,review_2024_25
2025-03-06,3,3,3,1,148,-0.05588851541484084,review_2024_25
2025-03-07,3,3,3,1,159,0.2173360411335451,review_2024_25
2025-03-10,3,3,3,1,205,0.04373684762235005,review_2024_25
2025-03-11,3,3,3,1,166,-0.0574453083779526,review_2024_25
2025-03-12,3,3,3,1,159,0.046385158220126885,review_2024_25
2025-03-13,3,3,3,1,161,-0.008268776204560548,review_2024_25
2025-03-14,3,3,3,1,163,-0.029521207964779878,review_2024_25
2025-03-17,3,3,3,1,155,0.22341030637556403,review_2024_25
2025-03-18,3,3,3,1,158,0.13813630628046228,review_2024_25
2025-03-19,3,3,3,1,155,-0.019818986589178137,review_2024_25
2025-03-20,3,3,3,1,149,-0.014210100526417451,review_2024_25
2025-03-21,3,3,3,1,122,0.09048385391391624,review_2024_25
2025-03-24,3,3,3,1,120,0.14672944902320917,review_2024_25
2025-03-25,3,3,3,1,135,-0.09610178668567729,review_2024_25
2025-03-26,3,3,3,1,124,0.29009053635098975,review_2024_25
2025-03-27,3,3,3,1,143,0.13315959844638076,review_2024_25
2025-03-28,3,3,3,1,143,0.020412727791309197,review_2024_25
2025-03-31,3,3,3,1,147,-0.016241794574747098,review_2024_25
2025-04-01,3,3,3,1,131,-0.022794212832470396,review_2024_25
2025-04-02,3,3,3,1,131,-0.15038268285368458,review_2024_25
2025-04-03,3,3,3,1,146,-0.06762374099622337,review_2024_25
2025-04-07,3,3,3,1,154,-0.10764050610871183,review_2024_25
2025-04-08,3,3,3,1,129,-0.13233769101546014,review_2024_25
2025-04-09,3,3,3,1,116,-0.054390385993497346,review_2024_25
2025-04-10,3,3,3,1,124,0.19803120964015766,review_2024_25
2025-04-18,3,3,3,1,144,0.27233550012308094,review_2024_25
2025-04-21,3,3,3,1,140,0.041034466553556546,review_2024_25
2025-04-22,3,3,3,1,132,-0.047261432827501414,review_2024_25
2025-04-23,3,3,3,1,151,0.13872461976129133,review_2024_25
2025-04-24,3,3,3,1,160,-0.029318351642251397,review_2024_25
2025-04-25,3,3,3,1,151,0.07000553331120693,review_2024_25
2025-04-28,3,3,3,1,129,0.059991474122501914,review_2024_25
2025-04-29,3,3,3,1,149,-0.023445351029319668,review_2024_25
2025-04-30,3,3,3,1,159,-0.11361241226550832,review_2024_25
2025-05-06,3,3,3,1,169,0.20298649777114355,review_2024_25
2025-05-07,3,3,3,1,161,0.00950913569450526,review_2024_25
2025-05-08,3,3,3,1,160,0.11612017656280255,review_2024_25
2025-05-09,3,3,3,1,151,0.0994703628111047,review_2024_25
2025-05-12,3,3,3,1,163,0.16753214364885838,review_2024_25
2025-05-13,3,3,3,1,175,0.022679116169254433,review_2024_25
2025-05-14,3,3,3,1,160,0.10070645108152712,review_2024_25
2025-05-15,3,3,3,1,173,-0.12283047102803701,review_2024_25
2025-05-16,3,3,3,1,141,0.17201759949089454,review_2024_25
2025-05-19,3,3,3,1,138,0.17282098647853386,review_2024_25
2025-05-20,3,3,3,1,124,0.04386445364724917,review_2024_25
2025-05-21,3,3,3,1,137,-0.00021468566634945366,review_2024_25
2025-05-22,3,3,3,1,149,0.10029221892310883,review_2024_25
2025-05-23,3,3,3,1,163,0.1934960059255965,review_2024_25
2025-05-26,3,3,3,1,151,0.007290358626743342,review_2024_25
2025-05-27,3,3,3,1,132,0.09563117754124055,review_2024_25
2025-05-29,3,3,3,1,113,-0.03064523842753776,review_2024_25
2025-05-30,3,3,3,1,108,-0.060772059526794237,review_2024_25
2025-06-03,3,3,3,1,171,-0.2823203783936383,review_2024_25
2025-06-04,3,3,3,1,163,-0.029933051060577903,review_2024_25
2025-06-05,3,3,3,1,148,-0.08483139415472149,review_2024_25
2025-06-06,3,3,3,1,141,-0.02445423279919872,review_2024_25
2025-06-09,3,3,3,1,149,0.18133733358614457,review_2024_25
2025-06-10,3,3,3,1,156,0.031154716262320435,review_2024_25
2025-06-11,3,3,3,1,151,-0.0225027514110053,review_2024_25
2025-06-12,3,3,3,1,159,0.024616868176045876,review_2024_25
2025-06-13,3,3,3,1,155,-0.06660565123787374,review_2024_25
2025-06-16,3,3,3,1,150,-0.002130107245690408,review_2024_25
2025-06-17,3,3,3,1,148,0.04386671182901978,review_2024_25
2025-06-18,3,3,3,1,137,0.059211378367875926,review_2024_25
2025-06-19,3,3,3,1,147,0.03609347241639923,review_2024_25
2025-06-20,3,3,3,1,150,-0.025194031018305005,review_2024_25
2025-06-23,3,3,3,1,146,0.05022288290248245,review_2024_25
2025-06-24,3,3,3,1,145,-0.16209274091268047,review_2024_25
2025-06-25,3,3,3,1,150,0.2113632648182499,review_2024_25
2025-06-26,3,3,3,1,126,0.08182892667871458,review_2024_25
2025-06-27,3,3,3,1,127,0.010498779926987131,review_2024_25
2025-06-30,3,3,3,1,120,0.3505240916067576,review_2024_25
2025-07-01,3,3,3,1,149,-0.10878507025973161,review_2024_25
2025-07-02,3,3,3,1,160,-0.09749826131281306,review_2024_25
2025-07-03,3,3,3,1,155,0.3150864944040991,review_2024_25
2025-07-04,3,3,3,1,157,-0.15535431734018773,review_2024_25
2025-07-07,3,3,3,1,180,0.03167531846930535,review_2024_25
2025-07-08,3,3,3,1,191,0.1261394663011691,review_2024_25
2025-07-09,3,3,3,1,194,-0.05980189850787323,review_2024_25
2025-07-10,3,3,3,1,185,0.03775420321684172,review_2024_25
2025-07-11,3,3,3,1,158,-0.003778929580078064,review_2024_25
2025-07-14,3,3,3,1,146,-0.014961603051378015,review_2024_25
2025-07-15,3,3,3,1,152,0.08545130529834488,review_2024_25
2025-07-16,3,3,3,1,149,-0.03437952067070982,review_2024_25
2025-07-17,3,3,3,1,125,-0.12686854910490644,review_2024_25
2025-07-18,3,3,3,1,124,-0.1171248149076263,review_2024_25
2025-07-21,3,3,3,1,153,-0.20579863595735584,review_2024_25
2025-07-22,3,3,3,1,147,0.2202526337515821,review_2024_25
2025-07-23,3,3,3,1,112,-0.14308411813827734,review_2024_25
2025-07-25,3,3,3,1,104,-0.0024540073698799156,review_2024_25
2025-07-28,3,3,3,1,110,-0.1376484086716765,review_2024_25
2025-07-29,3,3,3,1,111,-0.008726822804776912,review_2024_25
2025-07-30,3,3,3,1,132,0.09716022488651789,review_2024_25
2025-07-31,3,3,3,1,155,0.16028295668202355,review_2024_25
2025-08-01,3,3,3,1,179,-0.006910610357927309,review_2024_25
2025-08-04,3,3,3,1,114,0.05088699878535055,review_2024_25
2025-08-07,3,3,3,1,135,-0.042901111121950275,review_2024_25
2025-08-08,3,3,3,1,146,-0.031273016130612716,review_2024_25
2025-08-11,3,3,3,1,160,-0.0847389720021822,review_2024_25
2025-08-12,3,3,3,1,169,-0.1407425225342699,review_2024_25
2025-08-13,3,3,3,1,169,0.14073205280966472,review_2024_25
2025-08-14,3,3,3,1,153,-0.26429441994304825,review_2024_25
2025-08-15,3,3,3,1,127,-0.08576324809447186,review_2024_25
2025-08-18,3,3,3,1,124,0.2896122411099821,review_2024_25
2025-08-19,3,3,3,1,130,-0.15935533560625767,review_2024_25
2025-08-20,3,3,3,1,141,0.07802404444613092,review_2024_25
2025-08-21,3,3,3,1,175,-0.13737593152025382,review_2024_25
2025-08-22,3,3,3,1,174,0.0970464303233955,review_2024_25
2025-08-25,3,3,3,1,154,-0.10082269201361771,review_2024_25
2025-08-26,3,3,3,1,168,0.08356917836086374,review_2024_25
2025-08-27,3,3,3,1,154,-0.051162794518359686,review_2024_25
2025-08-28,3,3,3,1,193,-0.029258228175222337,review_2024_25
2025-08-29,3,3,3,1,179,-0.20475793673837392,review_2024_25
2025-09-01,3,3,3,1,188,-0.04569047722278516,review_2024_25
2025-09-02,3,3,3,1,176,0.05651784397503747,review_2024_25
2025-09-03,3,3,3,1,151,-0.016084085486703516,review_2024_25
2025-09-04,3,3,3,1,116,-0.029335614266568784,review_2024_25
2025-09-08,3,3,3,1,102,-0.05556717878319026,review_2024_25
2025-09-09,3,3,3,1,112,-0.07667847617288186,review_2024_25
2025-09-10,3,3,3,1,159,0.030823198378982126,review_2024_25
2025-09-11,3,3,3,1,173,0.20005411848037258,review_2024_25
2025-09-12,3,3,3,1,181,0.03398313188399471,review_2024_25
2025-09-15,3,3,3,1,196,0.021818741087342743,review_2024_25
2025-09-16,3,3,3,1,191,-0.005787693852746504,review_2024_25
2025-09-17,3,3,3,1,155,-0.012268445972773484,review_2024_25
2025-09-18,3,3,3,1,150,0.10203141891276016,review_2024_25
2025-09-19,3,3,3,1,148,-0.03502326153893215,review_2024_25
2025-09-22,3,3,3,1,158,0.014124852438414565,review_2024_25
2025-09-23,3,3,3,1,123,-0.12092363361706812,review_2024_25
2025-09-24,3,3,3,1,129,-0.1042721855123205,review_2024_25
2025-09-25,3,3,3,1,143,0.012736866845675252,review_2024_25
2025-09-26,3,3,3,1,155,-0.11509247294182558,review_2024_25
2025-09-29,3,3,3,1,166,-0.04580286848370972,review_2024_25
2025-09-30,3,3,3,1,171,0.05921173026607304,review_2024_25
2025-10-09,3,3,3,1,180,-0.004869509391558955,review_2024_25
2025-10-10,3,3,3,1,182,-0.1400575278931352,review_2024_25
2025-10-13,3,3,3,1,176,0.0677925062407668,review_2024_25
2025-10-14,3,3,3,1,176,0.023656669029324548,review_2024_25
2025-10-15,3,3,3,1,170,0.06704405281088377,review_2024_25
2025-10-16,3,3,3,1,146,0.1985778819787911,review_2024_25
2025-10-17,3,3,3,1,122,0.04092935341160874,review_2024_25
2025-10-20,3,3,3,1,121,-0.007709073911942676,review_2024_25
2025-10-21,3,3,3,1,117,0.18455215409011136,review_2024_25
2025-10-22,3,3,3,1,112,-0.0031776539176406175,review_2024_25
2025-10-23,3,3,3,1,149,-0.22424296852945566,review_2024_25
2025-10-24,3,3,3,1,155,0.055083847941928575,review_2024_25
2025-10-27,3,3,3,1,167,-0.11873022048723976,review_2024_25
2025-10-28,3,3,3,1,173,-0.22870658532049845,review_2024_25
2025-10-29,3,3,3,1,176,-0.001368066596342723,review_2024_25
2025-10-30,3,3,3,1,190,0.24534369322081387,review_2024_25
2025-10-31,3,3,3,1,177,0.15991330365752696,review_2024_25
2025-11-03,3,3,3,1,161,-0.03883870643091342,review_2024_25
2025-11-04,3,3,3,1,130,-0.08337293589036017,review_2024_25
2025-11-06,3,3,3,1,107,-0.061243133232285925,review_2024_25
2025-11-07,3,3,3,1,106,-0.09782652505995447,review_2024_25
2025-11-10,3,3,3,1,169,-0.06427738045831555,review_2024_25
2025-11-11,3,3,3,1,143,0.058427081569973865,review_2024_25
2025-11-12,3,3,3,1,135,-0.03438452727578736,review_2024_25
2025-11-13,3,3,3,1,155,0.04495852108348562,review_2024_25
2025-11-14,3,3,3,1,155,-0.09690211016164274,review_2024_25
2025-11-17,3,3,3,1,173,0.22774930541274913,review_2024_25
2025-11-18,3,3,3,1,149,-0.04224887128308361,review_2024_25
2025-11-19,3,3,3,1,109,0.1384774706557679,review_2024_25
2025-11-20,3,3,3,1,100,0.08921199174468139,review_2024_25
2025-11-21,3,3,3,1,103,0.056111101958781565,review_2024_25
2025-11-24,3,3,3,1,157,-0.16585335666677486,review_2024_25
2025-11-25,3,3,3,1,145,0.25670195313934757,review_2024_25
2025-11-26,3,3,3,1,133,-0.11190448570256645,review_2024_25
2025-11-27,3,3,3,1,131,0.08800582933220906,review_2024_25
2025-11-28,3,3,3,1,123,0.12507940397907175,review_2024_25
2025-12-01,3,3,3,1,129,-0.09444399410920816,review_2024_25
2025-12-02,3,3,3,1,163,0.011541232542673467,review_2024_25
2025-12-03,3,3,3,1,185,0.12835465170068683,review_2024_25
2025-12-04,3,3,3,1,161,-0.07041380728300045,review_2024_25
2025-12-05,3,3,3,1,138,-0.031015752207870027,review_2024_25
2025-12-08,3,3,3,1,132,0.043696216203561525,review_2024_25
2025-12-09,3,3,3,1,139,0.018667199908854046,review_2024_25
2025-12-10,3,3,3,1,169,0.31193500507286576,review_2024_25
2025-12-11,3,3,3,1,155,0.03795450132662511,review_2024_25
2025-12-12,3,3,3,1,162,0.002740826100849086,review_2024_25
2025-12-15,3,3,3,1,149,0.08073579881495269,review_2024_25
2025-12-16,3,3,3,1,132,-0.04672252289626743,review_2024_25
2025-12-17,3,3,3,1,142,0.14635516153542058,review_2024_25
2025-12-18,3,3,3,1,138,-0.06808791921182433,review_2024_25
2025-12-19,3,3,3,1,164,-0.09191727853508681,review_2024_25
2025-12-22,3,3,3,1,154,0.053303958245151516,review_2024_25
2025-12-23,3,3,3,1,161,0.04308123653050836,review_2024_25
2025-12-24,3,3,3,1,135,-0.1417757741310724,review_2024_25
2025-12-25,3,3,3,1,146,0.03145786658754705,review_2024_25
2025-12-26,3,3,3,1,153,0.17932344717031903,review_2024_25
2025-12-29,3,3,3,1,166,0.13414864515199806,review_2024_25
2025-12-30,3,3,3,1,190,-0.13679025140961257,review_2024_25
2025-12-31,3,3,3,1,175,0.02858051312365931,review_2024_25
2026-01-05,3,3,3,1,176,-0.13894560050615418,seen_2026
2026-01-06,3,3,3,1,147,0.1554222784758849,seen_2026
2026-01-07,3,3,3,1,137,-0.030726436244492186,seen_2026
2026-01-08,3,3,3,1,134,-0.0885116305173995,seen_2026
2026-01-09,3,3,3,1,148,-0.2672473628993399,seen_2026
2026-01-12,3,3,3,1,158,0.019634808086734155,seen_2026
2026-01-13,3,3,3,1,151,-0.050416916828401374,seen_2026
2026-01-14,3,3,3,1,136,0.10996432433271222,seen_2026
2026-01-15,3,3,3,1,146,-0.00019858733070754112,seen_2026
2026-01-16,3,3,3,1,130,0.09242179263817372,seen_2026
2026-01-19,3,3,3,1,107,0.11171876339392475,seen_2026
2026-01-20,3,3,3,1,107,0.1711678394541733,seen_2026
2026-01-22,3,3,3,1,159,0.0606717420683576,seen_2026
2026-01-23,3,3,3,1,163,0.09463090828863888,seen_2026
2026-01-26,3,3,3,1,153,-0.07022843213640394,seen_2026
2026-01-27,3,3,3,1,151,0.08986761799749209,seen_2026
2026-01-28,3,3,3,1,148,0.008717855222616125,seen_2026
2026-01-29,3,3,3,1,152,0.26310762554649375,seen_2026
2026-01-30,3,3,3,1,153,-0.007487191862118684,seen_2026
2026-02-02,3,3,3,1,161,-0.10019971509697995,seen_2026
2026-02-03,3,3,3,1,136,0.12292829540575353,seen_2026
2026-02-04,3,3,3,1,134,0.03790604040308937,seen_2026
2026-02-05,3,3,3,1,141,0.0701710824170288,seen_2026
2026-02-06,3,3,3,1,177,0.017804588039366777,seen_2026
2026-02-09,3,3,3,1,165,0.002146517519134701,seen_2026
2026-02-10,3,3,3,1,138,0.2265447958722133,seen_2026
2026-02-11,3,3,3,1,145,-0.061510482683692996,seen_2026
2026-02-12,3,3,3,1,143,0.09608968129853966,seen_2026
2026-02-13,3,3,3,1,142,0.08926191375911811,seen_2026
2026-02-24,3,3,3,1,126,-0.0020217624429334233,seen_2026
2026-02-25,3,3,3,1,134,-0.10145267282479503,seen_2026
2026-02-26,3,3,3,1,135,-0.0050068957612438405,seen_2026
2026-02-27,3,3,3,1,150,0.06674483583902169,seen_2026
2026-03-02,3,3,3,1,154,-0.11583195535974622,seen_2026
2026-03-03,3,3,3,1,138,0.03823255761575303,seen_2026
2026-03-04,3,3,3,1,107,-0.023085626956530346,seen_2026
2026-03-05,3,3,3,1,134,-0.05912685230243769,seen_2026
2026-03-06,3,3,3,1,106,0.02700496770522278,seen_2026
2026-03-09,3,3,3,1,158,0.1266500238410857,seen_2026
2026-03-10,3,3,3,1,156,-0.00996686404987665,seen_2026
2026-03-11,3,3,3,1,204,-0.33608183815534387,seen_2026
2026-03-12,3,3,3,1,211,-0.06688613510432635,seen_2026
2026-03-13,3,3,3,1,173,0.11036055611440672,seen_2026
2026-03-16,3,3,3,1,125,-0.05261468178815018,seen_2026
2026-03-17,3,3,3,1,115,-0.019794128439073178,seen_2026
2026-03-18,3,3,3,1,122,-0.13507368977595666,seen_2026
2026-03-19,3,3,3,1,141,0.00733979123656317,seen_2026
2026-03-20,3,3,3,1,121,-0.0500070282168164,seen_2026
2026-03-26,3,3,3,1,103,-0.21415235250186707,seen_2026
2026-03-27,3,3,3,1,185,0.08580853707225411,seen_2026
2026-03-30,3,3,3,1,161,0.04213553217578012,seen_2026
2026-03-31,3,3,3,1,138,0.23174977910242284,seen_2026
2026-04-01,3,3,3,1,161,-0.1188079379745185,seen_2026
2026-04-02,3,3,3,1,170,-0.11227371679985973,seen_2026
2026-04-03,3,3,3,1,164,-0.139211509320006,seen_2026
2026-04-07,3,3,3,1,112,0.1659099742469208,seen_2026
2026-04-08,3,3,3,1,130,-0.08468833855742017,seen_2026
2026-04-09,3,3,3,1,135,-0.0720689301969278,seen_2026
2026-04-10,3,3,3,1,203,-0.30183229277970597,seen_2026
2026-04-13,3,3,3,1,180,-0.029551647758722155,seen_2026
2026-04-14,3,3,3,1,159,0.11687133951184328,seen_2026
2026-04-15,3,3,3,1,162,0.04532398400382793,seen_2026
2026-04-16,3,3,3,1,179,-0.06574549774423881,seen_2026
2026-04-17,3,3,3,1,187,-0.12642581278769632,seen_2026
2026-04-20,3,3,3,1,183,0.07567721043439259,seen_2026
2026-04-21,3,3,3,1,178,-0.02352634518732903,seen_2026
2026-04-22,3,3,3,1,175,0.04812403156332318,seen_2026
2026-04-23,3,3,3,1,175,-0.04907212362803761,seen_2026
2026-04-24,3,3,3,1,168,-0.05062365268399961,seen_2026
2026-04-27,3,3,3,1,147,0.1493046766691048,seen_2026
2026-04-28,3,3,3,1,131,-0.1320537663682612,seen_2026
2026-04-29,3,3,3,1,141,0.14761838018145032,seen_2026
2026-04-30,3,3,3,1,142,0.00969852426519253,seen_2026
2026-05-06,3,3,3,1,151,-0.002784964329627205,seen_2026
2026-05-07,3,3,3,1,141,-0.02506552676672194,seen_2026
2026-05-08,3,3,3,1,130,0.05511773389400281,seen_2026
2026-05-11,3,3,3,1,137,0.0654557164660829,seen_2026
2026-05-12,3,3,3,1,135,-0.18962073418887324,seen_2026
2026-05-13,3,3,3,1,142,0.059136083824784635,seen_2026
2026-05-14,3,3,3,1,157,0.08207497290510103,seen_2026
2026-05-15,3,3,3,1,130,-0.029791801520864733,seen_2026
2026-05-18,3,3,3,1,137,0.09018229677130296,seen_2026
2026-05-19,3,3,3,1,116,0.08704560831847881,seen_2026
2026-05-20,3,3,3,1,109,0.04873562153325864,seen_2026
2026-05-21,3,3,3,1,134,-0.06328555183165478,seen_2026
2026-05-22,3,3,3,1,159,-0.12494840251241651,seen_2026
2026-05-25,3,3,3,1,175,-0.12316493924930057,seen_2026
2026-05-26,3,3,3,1,154,0.03863676316767868,seen_2026
2026-05-27,3,3,3,1,155,0.12023547591064712,seen_2026
2026-05-28,3,3,3,1,151,0.11921955181135184,seen_2026
2026-05-29,3,3,3,1,154,-0.04216357772728675,seen_2026
2026-06-01,3,3,3,1,131,-0.027040624995853614,seen_2026
2026-06-02,3,3,3,1,137,0.2058079202307861,seen_2026
2026-06-03,3,3,3,1,140,-0.05323096637078695,seen_2026
2026-06-04,3,3,3,1,133,0.07327029387953649,seen_2026
2026-06-05,3,3,3,1,130,0.031813489060068326,seen_2026
2026-06-08,3,3,3,1,100,0.11179602636137304,seen_2026
2026-06-09,3,3,3,1,123,-0.04478545609346036,seen_2026
2026-06-10,3,3,3,1,109,0.22697670970478323,seen_2026
2026-06-11,3,3,3,1,109,0.05692720073965963,seen_2026
2026-06-12,3,3,3,1,127,0.09372835007720876,seen_2026
2026-06-15,3,3,3,1,131,-0.06372202952828045,seen_2026
2026-06-16,3,3,3,1,143,-0.07239615663918697,seen_2026
2026-06-17,3,3,3,1,126,0.03410604369908437,seen_2026
2026-06-18,3,3,3,1,113,-0.2418126697267472,seen_2026
2026-06-22,3,3,3,1,100,0.0412602498059157,seen_2026
2026-06-23,3,3,3,1,103,0.052689816505647434,seen_2026
2026-06-24,3,3,3,1,129,0.01268456985539056,seen_2026
2026-06-25,3,3,3,1,188,0.13503730543057546,seen_2026
2026-06-26,3,3,3,1,150,0.018872000192016503,seen_2026
2026-06-29,3,3,3,1,131,-0.05920583784208844,seen_2026
2026-06-30,3,3,3,1,130,-0.18021002608256292,seen_2026
2026-07-01,3,3,3,1,144,-0.03163748712681725,seen_2026
2026-07-02,3,3,3,1,154,0.25770949174577007,seen_2026
2026-07-03,3,3,3,1,172,0.05575906367790752,seen_2026
2026-07-06,3,3,3,1,161,0.07913399610268851,seen_2026
2026-07-07,3,3,3,1,126,0.05447359935262754,seen_2026
2026-07-08,3,3,3,1,108,0.030362357155790786,seen_2026
2026-07-09,3,3,3,1,105,-0.2800405352603978,seen_2026
2026-07-13,3,3,3,1,128,0.11197949079005512,seen_2026
2026-07-14,3,3,3,1,183,-0.07537249830032061,seen_2026
2026-07-15,3,3,3,1,170,0.015602538917763833,seen_2026
2026-07-16,3,3,3,1,158,-0.14791679672745175,seen_2026
2026-07-17,3,3,3,1,138,-0.2882786207845955,seen_2026
2026-07-20,3,3,3,1,132,0.21410365114016067,seen_2026
2026-07-21,3,3,3,1,116,0.08714572661628199,seen_2026
2026-07-22,3,3,3,1,119,0.10781698992722455,seen_2026
2026-07-23,3,3,3,1,123,0.13502750530506608,seen_2026
2026-07-24,3,3,3,1,130,0.10282909749382439,seen_2026
2026-07-27,3,3,3,1,120,-0.23327864156370312,seen_2026
2026-07-28,3,3,3,1,109,0.12591135607036896,seen_2026
2026-07-29,3,3,3,1,137,-0.12512178132759083,seen_2026
2026-07-30,3,3,3,1,115,-0.021199489459535047,seen_2026
2026-07-31,3,3,3,1,115,-0.1252335231964823,seen_2026
2026-08-03,3,3,3,1,110,0.02837956941505624,seen_2026
2026-08-04,3,3,3,1,162,0.07576677072814776,seen_2026
2026-08-05,3,3,3,1,170,0.06154341252282325,seen_2026
2026-08-06,3,3,3,1,150,-0.118266818673043,seen_2026
2026-08-07,3,3,3,1,108,0.2831427169620783,seen_2026
2026-08-12,3,3,3,1,153,0.03415630345298985,seen_2026
2026-08-13,3,3,3,1,170,-0.08578651685393258,seen_2026
2026-08-14,3,3,3,1,155,-0.052420540576267535,seen_2026
2026-08-17,3,3,3,1,164,0.17876857866054413,seen_2026
2026-08-18,3,3,3,1,146,0.05085229409069228,seen_2026
2026-08-19,3,3,3,1,143,-0.022746020217145852,seen_2026
2026-08-20,3,3,3,1,146,-0.018268282502293388,seen_2026
2026-08-21,3,3,3,1,137,-0.17187180962104598,seen_2026
2026-08-24,3,3,3,1,147,0.1572431354458229,seen_2026
2026-08-25,3,3,3,1,158,-0.09031946944996606,seen_2026
2026-08-26,3,3,3,1,161,-0.11616165610160405,seen_2026
2026-08-27,3,3,3,1,156,0.024132720532164316,seen_2026
2026-08-28,3,3,3,1,172,-0.018730359007463743,seen_2026
2026-08-31,3,3,3,1,155,0.20012906669097325,seen_2026
2026-09-01,3,3,3,1,150,-0.06725821993549926,seen_2026
2026-09-02,3,3,3,1,136,0.0717548058934637,seen_2026
2026-09-03,3,3,3,1,136,-0.09047916104637223,seen_2026
2026-09-04,3,3,3,1,149,0.09446586437819535,seen_2026
2026-09-07,3,3,3,1,155,-0.028028671582843796,seen_2026
2026-09-08,3,3,3,1,191,0.08797848439534077,seen_2026
2026-09-09,3,3,3,1,153,0.025351256131816734,seen_2026
2026-09-10,3,3,3,1,126,0.04377352830896138,seen_2026
2026-09-11,3,3,3,1,120,0.04755884998048309,seen_2026
2026-09-14,3,3,3,1,114,0.019671533585792107,seen_2026
2026-09-16,3,3,3,1,102,0.059502234938787604,seen_2026
2026-09-17,3,3,3,1,124,-0.0732393568599867,seen_2026
2026-09-18,3,3,3,1,120,-0.09466711809210727,seen_2026
2026-09-21,3,3,3,1,111,0.03851537239356181,seen_2026
2026-09-22,3,3,3,1,116,-0.008785538763846818,seen_2026
2026-09-23,3,3,3,1,124,0.0834685293558674,seen_2026
2026-09-24,3,3,3,1,126,0.08580178958703916,seen_2026
2026-09-28,3,3,3,1,137,-0.09387805585453868,seen_2026
2020-01-10,3,3,3,5,137,0.0002218758667663804,discovery_2020_23
2020-01-13,3,3,3,5,132,-0.03250405274563965,discovery_2020_23
2020-01-14,3,3,3,5,136,-0.2264160518112455,discovery_2020_23
2020-01-15,3,3,3,5,149,-0.11348406090529507,discovery_2020_23
2020-01-16,3,3,3,5,179,-0.04936751194034151,discovery_2020_23
2020-01-17,3,3,3,5,144,0.1262281354763973,discovery_2020_23
2020-01-20,3,3,3,5,124,0.1886393972503104,discovery_2020_23
2020-01-21,3,3,3,5,117,0.19581892542949011,discovery_2020_23
2020-01-22,3,3,3,5,113,0.18644455848381736,discovery_2020_23
2020-02-06,3,3,3,5,188,-0.0870840892134422,discovery_2020_23
2020-02-07,3,3,3,5,168,-0.00666538430355745,discovery_2020_23
2020-02-10,3,3,3,5,151,0.10840694102315115,discovery_2020_23
2020-02-11,3,3,3,5,131,0.011247397423610216,discovery_2020_23
2020-02-12,3,3,3,5,145,0.16118767914040544,discovery_2020_23
2020-02-13,3,3,3,5,165,0.06905580311924561,discovery_2020_23
2020-02-14,3,3,3,5,164,0.10030575885440189,discovery_2020_23
2020-02-17,3,3,3,5,177,-0.0689983921479138,discovery_2020_23
2020-02-18,3,3,3,5,180,0.002797604294318209,discovery_2020_23
2020-02-19,3,3,3,5,180,-0.07135639898673668,discovery_2020_23
2020-02-20,3,3,3,5,180,-0.03821401782946315,discovery_2020_23
2020-02-21,3,3,3,5,162,0.04272631500349862,discovery_2020_23
2020-02-24,3,3,3,5,168,0.1319424629040069,discovery_2020_23
2020-02-25,3,3,3,5,151,0.23377497152833768,discovery_2020_23
2020-02-26,3,3,3,5,155,0.27920460785364243,discovery_2020_23
2020-02-27,3,3,3,5,150,0.08350838332109928,discovery_2020_23
2020-02-28,3,3,3,5,164,0.2520927641466088,discovery_2020_23
2020-03-02,3,3,3,5,182,0.2947780636369855,discovery_2020_23
2020-03-03,3,3,3,5,180,0.23871074612256624,discovery_2020_23
2020-03-04,3,3,3,5,164,0.0505148968909937,discovery_2020_23
2020-03-05,3,3,3,5,174,0.018417619057840937,discovery_2020_23
2020-03-06,3,3,3,5,167,-0.04325511742677059,discovery_2020_23
2020-03-09,3,3,3,5,175,0.019194197566100635,discovery_2020_23
2020-03-10,3,3,3,5,179,0.014867971053393835,discovery_2020_23
2020-03-11,3,3,3,5,165,0.10358795647828387,discovery_2020_23
2020-03-12,3,3,3,5,156,0.05661793876630395,discovery_2020_23
2020-03-13,3,3,3,5,186,0.08875942139969241,discovery_2020_23
2020-03-16,3,3,3,5,115,0.27527214350697726,discovery_2020_23
2020-03-17,3,3,3,5,119,0.11338491834963677,discovery_2020_23
2020-03-18,3,3,3,5,119,0.1182702273457229,discovery_2020_23
2020-03-24,3,3,3,5,127,-0.08118958939913616,discovery_2020_23
2020-03-25,3,3,3,5,123,-0.07513475087177325,discovery_2020_23
2020-03-26,3,3,3,5,167,-0.011925483764639757,discovery_2020_23
2020-03-27,3,3,3,5,175,0.04849331048098751,discovery_2020_23
2020-03-30,3,3,3,5,163,0.14524398892690457,discovery_2020_23
2020-03-31,3,3,3,5,156,0.036765502002875566,discovery_2020_23
2020-04-01,3,3,3,5,164,0.1605291116280746,discovery_2020_23
2020-04-02,3,3,3,5,154,0.05764818292676575,discovery_2020_23
2020-04-03,3,3,3,5,143,0.16716224341651148,discovery_2020_23
2020-04-07,3,3,3,5,144,0.13716032492907437,discovery_2020_23
2020-04-08,3,3,3,5,157,0.206293435439015,discovery_2020_23
2020-04-09,3,3,3,5,184,0.06982436268885747,discovery_2020_23
2020-04-10,3,3,3,5,173,-0.06441509827766197,discovery_2020_23
2020-04-13,3,3,3,5,146,0.2510441942284242,discovery_2020_23
2020-04-14,3,3,3,5,159,0.09969733732968947,discovery_2020_23
2020-04-15,3,3,3,5,184,-0.11831232714482601,discovery_2020_23
2020-04-16,3,3,3,5,229,0.10917245708944541,discovery_2020_23
2020-04-17,3,3,3,5,213,0.06919418746694583,discovery_2020_23
2020-04-20,3,3,3,5,189,0.06260485149800038,discovery_2020_23
2020-04-21,3,3,3,5,182,-0.03994895780656255,discovery_2020_23
2020-04-22,3,3,3,5,170,-0.05789472406556664,discovery_2020_23
2020-04-23,3,3,3,5,149,0.10094028084407367,discovery_2020_23
2020-04-24,3,3,3,5,157,0.08581307913304113,discovery_2020_23
2020-04-27,3,3,3,5,185,0.06768554712642694,discovery_2020_23
2020-04-28,3,3,3,5,165,0.03798893727309031,discovery_2020_23
2020-04-29,3,3,3,5,143,0.18637054351479934,discovery_2020_23
2020-04-30,3,3,3,5,143,0.08334923638191288,discovery_2020_23
2020-05-06,3,3,3,5,133,-0.005167503902754945,discovery_2020_23
2020-05-07,3,3,3,5,141,0.1663387954842629,discovery_2020_23
2020-05-08,3,3,3,5,145,0.07111251962141966,discovery_2020_23
2020-05-11,3,3,3,5,143,0.1335138429744865,discovery_2020_23
2020-05-12,3,3,3,5,147,0.05551452047513104,discovery_2020_23
2020-05-13,3,3,3,5,165,0.03296069909321928,discovery_2020_23
2020-05-14,3,3,3,5,138,0.07446662769902142,discovery_2020_23
2020-05-15,3,3,3,5,118,0.17187554216408177,discovery_2020_23
2020-05-18,3,3,3,5,109,0.08059662074216724,discovery_2020_23
2020-05-19,3,3,3,5,133,0.04759524277676341,discovery_2020_23
2020-05-20,3,3,3,5,167,0.026819274275505012,discovery_2020_23
2020-05-21,3,3,3,5,187,-0.04412091939771159,discovery_2020_23
2020-05-22,3,3,3,5,154,-0.03799915061378287,discovery_2020_23
2020-05-25,3,3,3,5,111,-0.17869569629916257,discovery_2020_23
2020-05-27,3,3,3,5,107,0.14899265742435025,discovery_2020_23
2020-05-28,3,3,3,5,167,0.043643896928337034,discovery_2020_23
2020-05-29,3,3,3,5,192,0.020564453238071108,discovery_2020_23
2020-06-01,3,3,3,5,207,0.04028822046663959,discovery_2020_23
2020-06-02,3,3,3,5,197,0.14349173614190042,discovery_2020_23
2020-06-03,3,3,3,5,153,-0.017355232759924316,discovery_2020_23
2020-06-04,3,3,3,5,141,-0.10540511038542866,discovery_2020_23
2020-06-05,3,3,3,5,138,0.09437893373831795,discovery_2020_23
2020-06-08,3,3,3,5,193,0.10448205311867256,discovery_2020_23
2020-06-09,3,3,3,5,187,0.027564064062461396,discovery_2020_23
2020-06-10,3,3,3,5,205,0.1069623171722209,discovery_2020_23
2020-06-11,3,3,3,5,190,-0.005647750436460987,discovery_2020_23
2020-06-12,3,3,3,5,143,-0.047955233576043185,discovery_2020_23
2020-06-15,3,3,3,5,110,0.009174642824678201,discovery_2020_23
2020-06-16,3,3,3,5,107,-0.017178797644309116,discovery_2020_23
2020-06-17,3,3,3,5,123,-0.004279099165596797,discovery_2020_23
2020-06-18,3,3,3,5,145,0.06469726851126356,discovery_2020_23
2020-06-19,3,3,3,5,142,-0.07288661815962388,discovery_2020_23
2020-06-22,3,3,3,5,128,0.06574619703341189,discovery_2020_23
2020-06-23,3,3,3,5,163,0.02353332387594762,discovery_2020_23
2020-06-24,3,3,3,5,147,-0.05027041223389106,discovery_2020_23
2020-06-29,3,3,3,5,159,-0.24003558773473277,discovery_2020_23
2020-06-30,3,3,3,5,158,-0.12512626573211974,discovery_2020_23
2020-07-01,3,3,3,5,160,0.16646731072851123,discovery_2020_23
2020-07-02,3,3,3,5,160,0.019021898385881583,discovery_2020_23
2020-07-10,3,3,3,5,140,0.0011393220280009049,discovery_2020_23
2020-07-13,3,3,3,5,123,0.01661319188742766,discovery_2020_23
2020-07-14,3,3,3,5,132,-0.04808375918744686,discovery_2020_23
2020-07-15,3,3,3,5,131,-0.027265702477626424,discovery_2020_23
2020-07-16,3,3,3,5,136,0.06967474151953881,discovery_2020_23
2020-07-17,3,3,3,5,104,0.0469825689457047,discovery_2020_23
2020-07-20,3,3,3,5,122,-0.02201682367543222,discovery_2020_23
2020-07-21,3,3,3,5,111,-0.01533513525126204,discovery_2020_23
2020-07-22,3,3,3,5,173,-0.028593563606916474,discovery_2020_23
2020-07-23,3,3,3,5,168,-0.12308426271958642,discovery_2020_23
2020-07-24,3,3,3,5,173,-0.14135462778480487,discovery_2020_23
2020-07-27,3,3,3,5,106,0.08711051548614238,discovery_2020_23
2020-07-28,3,3,3,5,102,-0.16160388140768037,discovery_2020_23
2020-07-29,3,3,3,5,103,0.02484925700697589,discovery_2020_23
2020-07-30,3,3,3,5,160,0.008180240708092387,discovery_2020_23
2020-07-31,3,3,3,5,179,0.05301807342563831,discovery_2020_23
2020-08-03,3,3,3,5,170,0.06128613060485669,discovery_2020_23
2020-08-04,3,3,3,5,148,-0.07166278124542351,discovery_2020_23
2020-08-05,3,3,3,5,157,-0.11820648596131454,discovery_2020_23
2020-08-06,3,3,3,5,169,-0.08629499997775152,discovery_2020_23
2020-08-07,3,3,3,5,162,-0.05493730807109304,discovery_2020_23
2020-08-10,3,3,3,5,134,-0.10323479244277248,discovery_2020_23
2020-08-11,3,3,3,5,127,-0.22653492266801722,discovery_2020_23
2020-08-12,3,3,3,5,139,-0.0352304007492021,discovery_2020_23
2020-08-13,3,3,3,5,172,-0.10819113071301618,discovery_2020_23
2020-08-14,3,3,3,5,142,-0.03806761121591802,discovery_2020_23
2020-08-17,3,3,3,5,164,0.05449123873649343,discovery_2020_23
2020-08-18,3,3,3,5,165,-0.00815881641412454,discovery_2020_23
2020-08-19,3,3,3,5,203,0.02517225501566025,discovery_2020_23
2020-08-20,3,3,3,5,188,-0.018817320827866996,discovery_2020_23
2020-08-21,3,3,3,5,126,-0.04150805298875224,discovery_2020_23
2020-08-24,3,3,3,5,127,0.02861432328021124,discovery_2020_23
2020-08-25,3,3,3,5,131,-0.09432199604662617,discovery_2020_23
2020-08-26,3,3,3,5,144,0.012543569413925789,discovery_2020_23
2020-08-27,3,3,3,5,136,-0.005121532024010124,discovery_2020_23
2020-08-28,3,3,3,5,136,0.029536368235078325,discovery_2020_23
2020-08-31,3,3,3,5,134,0.07052362770098836,discovery_2020_23
2020-09-01,3,3,3,5,207,0.10696275343182061,discovery_2020_23
2020-09-02,3,3,3,5,224,0.12126964930693925,discovery_2020_23
2020-09-03,3,3,3,5,190,0.08653372160749835,discovery_2020_23
2020-09-04,3,3,3,5,153,0.19261176591036772,discovery_2020_23
2020-09-07,3,3,3,5,142,0.13535619834000776,discovery_2020_23
2020-09-08,3,3,3,5,116,0.016580490149089362,discovery_2020_23
2020-09-09,3,3,3,5,155,0.021227604591090223,discovery_2020_23
2020-09-10,3,3,3,5,120,-0.08617851736416762,discovery_2020_23
2020-09-14,3,3,3,5,111,0.07050120441819249,discovery_2020_23
2020-09-15,3,3,3,5,103,-0.026019671267272473,discovery_2020_23
2020-09-16,3,3,3,5,145,0.1746425703609361,discovery_2020_23
2020-09-17,3,3,3,5,148,0.09055244184507737,discovery_2020_23
2020-09-18,3,3,3,5,177,0.12172337938391431,discovery_2020_23
2020-09-21,3,3,3,5,173,0.147866672466582,discovery_2020_23
2020-09-22,3,3,3,5,178,0.17622935779454799,discovery_2020_23
2020-09-23,3,3,3,5,170,-0.08761237797767173,discovery_2020_23
2020-09-30,3,3,3,5,135,-0.061303452888952746,discovery_2020_23
2020-10-09,3,3,3,5,151,0.1459207272513852,discovery_2020_23
2020-10-12,3,3,3,5,126,0.14410612012426274,discovery_2020_23
2020-10-13,3,3,3,5,116,-0.0009226386697514225,discovery_2020_23
2020-10-14,3,3,3,5,127,-0.04434461515601489,discovery_2020_23
2020-10-15,3,3,3,5,151,-0.11468781320637328,discovery_2020_23
2020-10-16,3,3,3,5,139,0.06376266296376026,discovery_2020_23
2020-10-19,3,3,3,5,121,-0.05417690563335813,discovery_2020_23
2020-10-20,3,3,3,5,127,0.05080719105331476,discovery_2020_23
2020-10-21,3,3,3,5,170,-0.02188852996186459,discovery_2020_23
2020-10-22,3,3,3,5,175,0.03953957821313981,discovery_2020_23
2020-10-23,3,3,3,5,187,0.0937519785463835,discovery_2020_23
2020-10-26,3,3,3,5,167,-0.014207559458502293,discovery_2020_23
2020-10-27,3,3,3,5,160,-0.04483391820752768,discovery_2020_23
2020-10-28,3,3,3,5,128,-0.01861238317343051,discovery_2020_23
2020-10-29,3,3,3,5,122,-0.20056507447393526,discovery_2020_23
2020-10-30,3,3,3,5,123,-0.012250215244465144,discovery_2020_23
2020-11-02,3,3,3,5,127,0.005785663862909769,discovery_2020_23
2020-11-03,3,3,3,5,189,-0.05020681393125151,discovery_2020_23
2020-11-04,3,3,3,5,174,0.036575955261305304,discovery_2020_23
2020-11-05,3,3,3,5,180,0.04392614518632557,discovery_2020_23
2020-11-06,3,3,3,5,163,0.03844704369696062,discovery_2020_23
2020-11-09,3,3,3,5,120,0.01711256686975685,discovery_2020_23
2020-11-10,3,3,3,5,115,-0.04850593897516863,discovery_2020_23
2020-11-11,3,3,3,5,109,-0.12106060676401172,discovery_2020_23
2020-11-12,3,3,3,5,128,-0.15770453447966848,discovery_2020_23
2020-11-13,3,3,3,5,119,-0.10108196555629716,discovery_2020_23
2020-11-16,3,3,3,5,132,0.003655109979863362,discovery_2020_23
2020-11-17,3,3,3,5,127,-0.11958080371638943,discovery_2020_23
2020-11-18,3,3,3,5,168,-0.11392366621421146,discovery_2020_23
2020-11-19,3,3,3,5,175,-0.09538601400788536,discovery_2020_23
2020-11-20,3,3,3,5,173,-0.27298285464131716,discovery_2020_23
2020-11-23,3,3,3,5,182,-0.1474147245030964,discovery_2020_23
2020-11-24,3,3,3,5,194,-0.2006571189057394,discovery_2020_23
2020-11-25,3,3,3,5,187,-0.11854860835918492,discovery_2020_23
2020-11-26,3,3,3,5,155,0.029071280389920535,discovery_2020_23
2020-11-27,3,3,3,5,139,0.13907483042390018,discovery_2020_23
2020-11-30,3,3,3,5,148,0.029467133413877283,discovery_2020_23
2020-12-01,3,3,3,5,169,0.1409524710116186,discovery_2020_23
2020-12-02,3,3,3,5,171,0.19097899735891627,discovery_2020_23
2020-12-03,3,3,3,5,161,0.22210160740119678,discovery_2020_23
2020-12-04,3,3,3,5,143,0.08809331560399385,discovery_2020_23
2020-12-07,3,3,3,5,128,-0.07517871934751884,discovery_2020_23
2020-12-08,3,3,3,5,101,-0.06910469669194311,discovery_2020_23
2020-12-11,3,3,3,5,109,0.15879193947405226,discovery_2020_23
2020-12-15,3,3,3,5,104,-0.1054964751916241,discovery_2020_23
2020-12-16,3,3,3,5,116,0.026041025957221894,discovery_2020_23
2020-12-17,3,3,3,5,139,0.02937825084572253,discovery_2020_23
2020-12-18,3,3,3,5,151,-0.04968350901157704,discovery_2020_23
2020-12-21,3,3,3,5,151,-0.10793769193018056,discovery_2020_23
2020-12-22,3,3,3,5,165,0.021939930675783693,discovery_2020_23
2020-12-23,3,3,3,5,122,0.15436852619967212,discovery_2020_23
2020-12-24,3,3,3,5,136,0.1069949620270899,discovery_2020_23
2020-12-25,3,3,3,5,118,-0.012435448883430709,discovery_2020_23
2020-12-28,3,3,3,5,150,-0.05629950308019165,discovery_2020_23
2020-12-29,3,3,3,5,147,-0.022717763455327028,discovery_2020_23
2020-12-30,3,3,3,5,175,0.03404888005105339,discovery_2020_23
2020-12-31,3,3,3,5,180,-0.03514685162072356,discovery_2020_23
2021-01-04,3,3,3,5,165,0.01837198119420152,discovery_2020_23
2021-01-05,3,3,3,5,114,0.03818090873630373,discovery_2020_23
2021-01-06,3,3,3,5,108,0.07126695216082458,discovery_2020_23
2021-01-07,3,3,3,5,114,0.014508015461606204,discovery_2020_23
2021-01-08,3,3,3,5,134,-0.0046110760592930865,discovery_2020_23
2021-01-11,3,3,3,5,151,-0.15184171776176425,discovery_2020_23
2021-01-12,3,3,3,5,145,-0.09905230527468768,discovery_2020_23
2021-01-13,3,3,3,5,157,-0.09356182916546248,discovery_2020_23
2021-01-14,3,3,3,5,165,-0.009734804061906487,discovery_2020_23
2021-01-15,3,3,3,5,179,0.06888409502967624,discovery_2020_23
2021-01-18,3,3,3,5,158,0.19289144733569524,discovery_2020_23
2021-01-19,3,3,3,5,138,0.11925549792550305,discovery_2020_23
2021-01-20,3,3,3,5,125,0.16587222713468552,discovery_2020_23
2021-01-21,3,3,3,5,143,0.10012783762303759,discovery_2020_23
2021-01-22,3,3,3,5,137,0.15913331119569918,discovery_2020_23
2021-01-25,3,3,3,5,115,-0.08254406646957502,discovery_2020_23
2021-01-28,3,3,3,5,114,0.0746615040091404,discovery_2020_23
2021-01-29,3,3,3,5,114,-0.012438133348862115,discovery_2020_23
2021-02-02,3,3,3,5,101,0.12054620597070877,discovery_2020_23
2021-02-03,3,3,3,5,103,-0.026095336943670513,discovery_2020_23
2021-02-04,3,3,3,5,154,-0.11714452119180856,discovery_2020_23
2021-02-05,3,3,3,5,144,-0.1374524248814443,discovery_2020_23
2021-02-08,3,3,3,5,130,-0.1182990113181808,discovery_2020_23
2021-02-09,3,3,3,5,124,-0.11458982447657416,discovery_2020_23
2021-02-10,3,3,3,5,134,-0.1496397602909509,discovery_2020_23
2021-02-18,3,3,3,5,140,-0.10771750590853175,discovery_2020_23
2021-02-19,3,3,3,5,122,-0.19659730983010285,discovery_2020_23
2021-02-25,3,3,3,5,127,0.04203603344298445,discovery_2020_23
2021-02-26,3,3,3,5,125,0.05191517471058738,discovery_2020_23
2021-03-01,3,3,3,5,122,0.025537694380579144,discovery_2020_23
2021-03-02,3,3,3,5,113,0.07451166312707534,discovery_2020_23
2021-03-03,3,3,3,5,143,-0.047354489218113714,discovery_2020_23
2021-03-04,3,3,3,5,171,0.01940665228656705,discovery_2020_23
2021-03-05,3,3,3,5,149,-0.1613497722756693,discovery_2020_23
2021-03-08,3,3,3,5,147,-0.1594959448599378,discovery_2020_23
2021-03-09,3,3,3,5,139,-0.0833600512997935,discovery_2020_23
2021-03-10,3,3,3,5,172,0.005566974082560685,discovery_2020_23
2021-03-11,3,3,3,5,132,-0.09165524177887746,discovery_2020_23
2021-03-12,3,3,3,5,137,0.029651029828708216,discovery_2020_23
2021-03-15,3,3,3,5,134,0.0385123264140995,discovery_2020_23
2021-03-16,3,3,3,5,162,-0.008821611645280523,discovery_2020_23
2021-03-17,3,3,3,5,160,-0.06096971437345294,discovery_2020_23
2021-03-18,3,3,3,5,147,0.04743388374978199,discovery_2020_23
2021-03-19,3,3,3,5,160,0.1204399744811022,discovery_2020_23
2021-03-22,3,3,3,5,151,0.010218113056672104,discovery_2020_23
2021-03-23,3,3,3,5,149,0.016272579769468207,discovery_2020_23
2021-03-24,3,3,3,5,134,0.0910426283813139,discovery_2020_23
2021-03-25,3,3,3,5,144,-0.007306538005331061,discovery_2020_23
2021-03-26,3,3,3,5,133,0.13907893679736974,discovery_2020_23
2021-03-29,3,3,3,5,148,0.2699876447504438,discovery_2020_23
2021-03-30,3,3,3,5,166,0.057535139630781655,discovery_2020_23
2021-03-31,3,3,3,5,162,0.03359092349384139,discovery_2020_23
2021-04-01,3,3,3,5,146,-0.03834552037399996,discovery_2020_23
2021-04-02,3,3,3,5,160,-0.04412056613955727,discovery_2020_23
2021-04-06,3,3,3,5,147,0.020485919592507413,discovery_2020_23
2021-04-07,3,3,3,5,182,0.05647341723512898,discovery_2020_23
2021-04-08,3,3,3,5,173,-0.07585963533938392,discovery_2020_23
2021-04-09,3,3,3,5,169,-0.1892801380376245,discovery_2020_23
2021-04-12,3,3,3,5,150,-0.0898768733280948,discovery_2020_23
2021-04-13,3,3,3,5,126,-0.0860962711213633,discovery_2020_23
2021-04-14,3,3,3,5,110,0.038953222355384294,discovery_2020_23
2021-04-15,3,3,3,5,103,0.06380595170758763,discovery_2020_23
2021-04-16,3,3,3,5,123,0.22293736106449197,discovery_2020_23
2021-04-19,3,3,3,5,128,0.048764088028131904,discovery_2020_23
2021-04-20,3,3,3,5,148,0.08429797804413805,discovery_2020_23
2021-04-21,3,3,3,5,176,0.020271991820843237,discovery_2020_23
2021-04-22,3,3,3,5,175,0.0309194785901358,discovery_2020_23
2021-04-23,3,3,3,5,180,-0.036912031830640554,discovery_2020_23
2021-04-26,3,3,3,5,177,-0.09721338544711937,discovery_2020_23
2021-04-27,3,3,3,5,157,0.0425277563153231,discovery_2020_23
2021-04-28,3,3,3,5,165,0.10496915442864242,discovery_2020_23
2021-04-29,3,3,3,5,153,-0.048261662084416825,discovery_2020_23
2021-04-30,3,3,3,5,155,-0.1693880988482634,discovery_2020_23
2021-05-06,3,3,3,5,168,-0.0606784598431921,discovery_2020_23
2021-05-07,3,3,3,5,152,-0.035613414277882074,discovery_2020_23
2021-05-10,3,3,3,5,100,0.170904628611441,discovery_2020_23
2021-05-11,3,3,3,5,108,0.11090734142610059,discovery_2020_23
2021-05-12,3,3,3,5,105,0.06374227325687166,discovery_2020_23
2021-05-13,3,3,3,5,137,0.15572180985475462,discovery_2020_23
2021-05-14,3,3,3,5,145,0.07363235292702511,discovery_2020_23
2021-05-17,3,3,3,5,143,-0.1631877078373576,discovery_2020_23
2021-05-18,3,3,3,5,166,-0.23638254920316099,discovery_2020_23
2021-05-19,3,3,3,5,168,-0.08999273634971054,discovery_2020_23
2021-05-20,3,3,3,5,185,-0.05699370895927586,discovery_2020_23
2021-05-21,3,3,3,5,182,-0.2175838514747903,discovery_2020_23
2021-05-24,3,3,3,5,167,-0.209018178074704,discovery_2020_23
2021-05-25,3,3,3,5,183,0.14181058601106747,discovery_2020_23
2021-05-26,3,3,3,5,170,0.13025923366063855,discovery_2020_23
2021-05-27,3,3,3,5,183,-0.06939867277157762,discovery_2020_23
2021-05-28,3,3,3,5,175,0.03249467500068603,discovery_2020_23
2021-05-31,3,3,3,5,171,0.006382829361521736,discovery_2020_23
2021-06-01,3,3,3,5,158,-0.02990187875841224,discovery_2020_23
2021-06-02,3,3,3,5,136,-0.06369293046917729,discovery_2020_23
2021-06-03,3,3,3,5,123,-0.2507351992985557,discovery_2020_23
2021-06-04,3,3,3,5,130,-0.05505847522157409,discovery_2020_23
2021-06-07,3,3,3,5,142,-0.11057952245643557,discovery_2020_23
2021-06-08,3,3,3,5,155,-0.007898642149474496,discovery_2020_23
2021-06-09,3,3,3,5,157,-0.08313544901503671,discovery_2020_23
2021-06-10,3,3,3,5,152,-0.2227684074892658,discovery_2020_23
2021-06-11,3,3,3,5,131,-0.07996967873928758,discovery_2020_23
2021-06-15,3,3,3,5,105,-0.12829903092831943,discovery_2020_23
2021-06-21,3,3,3,5,102,-0.026564810390803398,discovery_2020_23
2021-06-22,3,3,3,5,130,-0.027516684124129207,discovery_2020_23
2021-06-23,3,3,3,5,157,0.06901767364169795,discovery_2020_23
2021-06-24,3,3,3,5,167,0.1645669098631027,discovery_2020_23
2021-06-25,3,3,3,5,168,0.0049668549432798645,discovery_2020_23
2021-06-28,3,3,3,5,178,-0.02846506738868491,discovery_2020_23
2021-06-29,3,3,3,5,185,-0.09618537415627931,discovery_2020_23
2021-06-30,3,3,3,5,192,0.01632077287165147,discovery_2020_23
2021-07-01,3,3,3,5,187,-0.09968008669648548,discovery_2020_23
2021-07-02,3,3,3,5,178,-0.11502813822958285,discovery_2020_23
2021-07-05,3,3,3,5,173,0.054619801245733235,discovery_2020_23
2021-07-06,3,3,3,5,138,0.02070166946872676,discovery_2020_23
2021-07-07,3,3,3,5,120,-0.05460167756949791,discovery_2020_23
2021-07-08,3,3,3,5,127,-0.05307683970410947,discovery_2020_23
2021-07-09,3,3,3,5,156,-0.04769649238439423,discovery_2020_23
2021-07-12,3,3,3,5,165,-0.01561598384317212,discovery_2020_23
2021-07-13,3,3,3,5,160,-0.013221560570663603,discovery_2020_23
2021-07-14,3,3,3,5,158,0.03403642935481104,discovery_2020_23
2021-07-15,3,3,3,5,154,-0.10803542091446842,discovery_2020_23
2021-07-16,3,3,3,5,143,-0.06293585041250381,discovery_2020_23
2021-07-19,3,3,3,5,147,0.02681206713297409,discovery_2020_23
2021-07-20,3,3,3,5,148,-0.1795778753949121,discovery_2020_23
2021-07-21,3,3,3,5,148,-0.13998423005478536,discovery_2020_23
2021-07-22,3,3,3,5,159,-0.08958895605507348,discovery_2020_23
2021-07-23,3,3,3,5,148,-0.017150763280542717,discovery_2020_23
2021-07-26,3,3,3,5,121,-0.046894767064286774,discovery_2020_23
2021-08-02,3,3,3,5,144,0.04457899237469426,discovery_2020_23
2021-08-03,3,3,3,5,134,0.09670838852023658,discovery_2020_23
2021-08-04,3,3,3,5,189,0.007571303701683114,discovery_2020_23
2021-08-05,3,3,3,5,171,0.1205123035932808,discovery_2020_23
2021-08-06,3,3,3,5,134,0.07603384103341719,discovery_2020_23
2021-08-09,3,3,3,5,135,-0.0150279121154269,discovery_2020_23
2021-08-10,3,3,3,5,150,-0.17288507473384174,discovery_2020_23
2021-08-11,3,3,3,5,169,-0.12244570690571546,discovery_2020_23
2021-08-12,3,3,3,5,165,-0.03753204920668675,discovery_2020_23
2021-08-13,3,3,3,5,151,0.14475416679577116,discovery_2020_23
2021-08-16,3,3,3,5,159,0.17682269664956898,discovery_2020_23
2021-08-17,3,3,3,5,152,-0.006572438646033451,discovery_2020_23
2021-08-18,3,3,3,5,128,0.06664940393838643,discovery_2020_23
2021-08-19,3,3,3,5,149,-0.04416687602349586,discovery_2020_23
2021-08-20,3,3,3,5,129,-0.009945395364649867,discovery_2020_23
2021-08-23,3,3,3,5,153,0.012373931982184354,discovery_2020_23
2021-08-24,3,3,3,5,152,-0.2096413456333546,discovery_2020_23
2021-08-25,3,3,3,5,153,-0.12546553258795035,discovery_2020_23
2021-08-26,3,3,3,5,165,-0.2209949843435092,discovery_2020_23
2021-08-27,3,3,3,5,156,-0.20104756395771484,discovery_2020_23
2021-08-30,3,3,3,5,134,-0.1770209879520861,discovery_2020_23
2021-08-31,3,3,3,5,118,-0.1550210087695586,discovery_2020_23
2021-09-01,3,3,3,5,120,-0.046726683987407085,discovery_2020_23
2021-09-02,3,3,3,5,122,-0.09329898866382409,discovery_2020_23
2021-09-03,3,3,3,5,120,-0.23737883210067084,discovery_2020_23
2021-09-06,3,3,3,5,137,-0.14642746299943674,discovery_2020_23
2021-09-07,3,3,3,5,136,-0.05076477550218263,discovery_2020_23
2021-09-08,3,3,3,5,159,-0.12403746471387968,discovery_2020_23
2021-09-09,3,3,3,5,154,-0.1071228488253989,discovery_2020_23
2021-09-10,3,3,3,5,139,-0.18555371977119528,discovery_2020_23
2021-09-13,3,3,3,5,146,-0.146857144515279,discovery_2020_23
2021-09-14,3,3,3,5,166,-0.191722628990558,discovery_2020_23
2021-09-15,3,3,3,5,145,0.014528466959481578,discovery_2020_23
2021-09-16,3,3,3,5,115,0.010739451901635553,discovery_2020_23
2021-09-22,3,3,3,5,131,0.062173358324891084,discovery_2020_23
2021-09-23,3,3,3,5,134,-0.024389818124993065,discovery_2020_23
2021-09-24,3,3,3,5,148,0.03074212174291234,discovery_2020_23
2021-09-27,3,3,3,5,191,0.04591088302901449,discovery_2020_23
2021-09-28,3,3,3,5,182,0.03579915329721938,discovery_2020_23
2021-09-29,3,3,3,5,145,-0.1351805635419278,discovery_2020_23
2021-09-30,3,3,3,5,124,-0.00794347668732002,discovery_2020_23
2021-10-08,3,3,3,5,129,0.017472802693429934,discovery_2020_23
2021-10-11,3,3,3,5,134,-0.0018454164469129239,discovery_2020_23
2021-10-12,3,3,3,5,190,0.09846504302229243,discovery_2020_23
2021-10-13,3,3,3,5,180,-0.019129378200771516,discovery_2020_23
2021-10-14,3,3,3,5,144,0.10585648948227216,discovery_2020_23
2021-10-15,3,3,3,5,128,0.17073174221434403,discovery_2020_23
2021-10-18,3,3,3,5,126,0.08639975524018456,discovery_2020_23
2021-10-19,3,3,3,5,138,-0.05338449209229798,discovery_2020_23
2021-10-20,3,3,3,5,147,0.06506715729427619,discovery_2020_23
2021-10-21,3,3,3,5,159,-0.06540073680995975,discovery_2020_23
2021-10-22,3,3,3,5,168,0.10006554954060061,discovery_2020_23
2021-10-25,3,3,3,5,161,-0.05327127864264061,discovery_2020_23
2021-10-26,3,3,3,5,170,-0.06149028574033274,discovery_2020_23
2021-10-27,3,3,3,5,166,0.0077720615050481485,discovery_2020_23
2021-10-28,3,3,3,5,160,-0.14241432324726203,discovery_2020_23
2021-10-29,3,3,3,5,133,-0.15864323953933185,discovery_2020_23
2021-11-01,3,3,3,5,119,-0.06069346152374722,discovery_2020_23
2021-11-02,3,3,3,5,131,-0.03282073045649483,discovery_2020_23
2021-11-03,3,3,3,5,162,-0.11531738779279994,discovery_2020_23
2021-11-04,3,3,3,5,159,-0.0030421838044701775,discovery_2020_23
2021-11-05,3,3,3,5,142,0.030984082546063135,discovery_2020_23
2021-11-08,3,3,3,5,146,0.01231055767740231,discovery_2020_23
2021-11-09,3,3,3,5,139,-0.02755742340117515,discovery_2020_23
2021-11-10,3,3,3,5,150,-0.0010027237105186824,discovery_2020_23
2021-11-11,3,3,3,5,150,0.046102014329726,discovery_2020_23
2021-11-12,3,3,3,5,156,0.14529692310536838,discovery_2020_23
2021-11-15,3,3,3,5,164,0.0405645850225409,discovery_2020_23
2021-11-16,3,3,3,5,174,0.10110875655138431,discovery_2020_23
2021-11-17,3,3,3,5,152,-0.02294903816795835,discovery_2020_23
2021-11-18,3,3,3,5,145,-0.07758031072730523,discovery_2020_23
2021-11-19,3,3,3,5,141,0.11506205396809882,discovery_2020_23
2021-11-22,3,3,3,5,144,0.04409260210162821,discovery_2020_23
2021-11-23,3,3,3,5,138,0.035252268337711654,discovery_2020_23
2021-11-24,3,3,3,5,143,0.025401496100732897,discovery_2020_23
2021-11-25,3,3,3,5,139,-0.16986783119719273,discovery_2020_23
2021-11-26,3,3,3,5,144,-0.2819570667144341,discovery_2020_23
2021-11-29,3,3,3,5,120,-0.09096544001176173,discovery_2020_23
2021-11-30,3,3,3,5,115,-0.1140502291322099,discovery_2020_23
2021-12-01,3,3,3,5,109,0.08852128584434082,discovery_2020_23
2021-12-02,3,3,3,5,158,-0.05163119747532763,discovery_2020_23
2021-12-03,3,3,3,5,139,0.046899087980312684,discovery_2020_23
2021-12-06,3,3,3,5,128,0.11973550749600034,discovery_2020_23
2021-12-07,3,3,3,5,127,0.1574347482372933,discovery_2020_23
2021-12-08,3,3,3,5,134,0.063338395821268,discovery_2020_23
2021-12-09,3,3,3,5,151,0.01503357108326217,discovery_2020_23
2021-12-10,3,3,3,5,173,-0.0020859443852884853,discovery_2020_23
2021-12-13,3,3,3,5,156,-0.03688132700188657,discovery_2020_23
2021-12-14,3,3,3,5,169,0.04983252210209402,discovery_2020_23
2021-12-15,3,3,3,5,140,-0.0020927410097578243,discovery_2020_23
2021-12-16,3,3,3,5,120,0.022066151577786273,discovery_2020_23
2021-12-17,3,3,3,5,107,0.0822087572443992,discovery_2020_23
2021-12-20,3,3,3,5,108,0.15184844688715762,discovery_2020_23
2021-12-21,3,3,3,5,129,0.13454757382624982,discovery_2020_23
2021-12-22,3,3,3,5,128,0.010163148287138006,discovery_2020_23
2021-12-23,3,3,3,5,138,0.06547207248208431,discovery_2020_23
2021-12-24,3,3,3,5,172,0.14849624011334775,discovery_2020_23
2021-12-27,3,3,3,5,154,0.035108788781078405,discovery_2020_23
2021-12-28,3,3,3,5,149,-0.13413435202036225,discovery_2020_23
2021-12-29,3,3,3,5,133,-0.13601543561111762,discovery_2020_23
2021-12-30,3,3,3,5,160,-0.21942505062124928,discovery_2020_23
2021-12-31,3,3,3,5,151,-0.24712985724767927,discovery_2020_23
2022-01-04,3,3,3,5,148,-0.1196142669438821,discovery_2020_23
2022-01-05,3,3,3,5,156,-0.03700217794720324,discovery_2020_23
2022-01-06,3,3,3,5,154,-0.12915870884987204,discovery_2020_23
2022-01-07,3,3,3,5,143,-0.11855981598387591,discovery_2020_23
2022-01-10,3,3,3,5,139,-0.009674399484619432,discovery_2020_23
2022-01-11,3,3,3,5,124,-0.007019757920160806,discovery_2020_23
2022-01-12,3,3,3,5,121,0.03415216563059059,discovery_2020_23
2022-01-13,3,3,3,5,133,0.1593467692987773,discovery_2020_23
2022-01-14,3,3,3,5,143,0.09673894642889717,discovery_2020_23
2022-01-17,3,3,3,5,151,0.1473038645463436,discovery_2020_23
2022-01-18,3,3,3,5,153,0.14684692005033811,discovery_2020_23
2022-01-19,3,3,3,5,182,-0.04433544850292122,discovery_2020_23
2022-01-20,3,3,3,5,181,0.006921304564895414,discovery_2020_23
2022-01-21,3,3,3,5,158,0.10935804045105707,discovery_2020_23
2022-01-24,3,3,3,5,132,0.0024406470129913734,discovery_2020_23
2022-01-25,3,3,3,5,136,0.03195727262463705,discovery_2020_23
2022-01-26,3,3,3,5,117,-0.04397654684106318,discovery_2020_23
2022-01-27,3,3,3,5,104,-0.23090320842717477,discovery_2020_23
2022-02-09,3,3,3,5,130,0.023480025455462725,discovery_2020_23
2022-02-10,3,3,3,5,123,0.2022981315453411,discovery_2020_23
2022-02-11,3,3,3,5,137,0.15201647483486727,discovery_2020_23
2022-02-14,3,3,3,5,154,0.16536220883833566,discovery_2020_23
2022-02-15,3,3,3,5,166,-0.13561129562981802,discovery_2020_23
2022-02-16,3,3,3,5,170,0.09604816820090199,discovery_2020_23
2022-02-17,3,3,3,5,154,0.026835030443151584,discovery_2020_23
2022-02-18,3,3,3,5,162,0.08679888364846937,discovery_2020_23
2022-02-21,3,3,3,5,173,0.04340029006166521,discovery_2020_23
2022-02-22,3,3,3,5,185,0.03378211257682837,discovery_2020_23
2022-02-23,3,3,3,5,199,-0.10144568360305978,discovery_2020_23
2022-02-24,3,3,3,5,136,-0.025089691233159035,discovery_2020_23
2022-02-25,3,3,3,5,122,-0.1256169071001845,discovery_2020_23
2022-03-03,3,3,3,5,147,-0.018062298117860448,discovery_2020_23
2022-03-04,3,3,3,5,144,0.064299945844816,discovery_2020_23
2022-03-07,3,3,3,5,145,0.02160291844092374,discovery_2020_23
2022-03-14,3,3,3,5,108,0.11756608060800355,discovery_2020_23
2022-03-15,3,3,3,5,135,0.2380599917814566,discovery_2020_23
2022-03-16,3,3,3,5,140,0.21068928305622642,discovery_2020_23
2022-03-17,3,3,3,5,153,0.18064270774221936,discovery_2020_23
2022-03-18,3,3,3,5,167,0.2179272957310215,discovery_2020_23
2022-03-21,3,3,3,5,178,-0.024487852625193155,discovery_2020_23
2022-03-22,3,3,3,5,141,-0.13380810036839247,discovery_2020_23
2022-03-23,3,3,3,5,122,-0.20205374773134263,discovery_2020_23
2022-03-24,3,3,3,5,124,-0.13446483618483196,discovery_2020_23
2022-03-25,3,3,3,5,142,-0.15655658089209035,discovery_2020_23
2022-03-28,3,3,3,5,123,0.03211982458670379,discovery_2020_23
2022-03-29,3,3,3,5,135,0.0700771155637735,discovery_2020_23
2022-03-30,3,3,3,5,137,0.001509807330383975,discovery_2020_23
2022-03-31,3,3,3,5,160,-0.15088117907655202,discovery_2020_23
2022-04-01,3,3,3,5,157,-0.17648217146042766,discovery_2020_23
2022-04-06,3,3,3,5,152,0.009422969149607023,discovery_2020_23
2022-04-07,3,3,3,5,129,-0.0159620410626181,discovery_2020_23
2022-04-08,3,3,3,5,130,-0.04850303980495257,discovery_2020_23
2022-04-11,3,3,3,5,129,0.13305642361648365,discovery_2020_23
2022-04-12,3,3,3,5,108,0.17842571709521018,discovery_2020_23
2022-04-13,3,3,3,5,107,0.2347074729084082,discovery_2020_23
2022-04-14,3,3,3,5,113,0.08805188378304109,discovery_2020_23
2022-04-15,3,3,3,5,128,0.10912129006962625,discovery_2020_23
2022-04-18,3,3,3,5,139,0.03435848740648958,discovery_2020_23
2022-04-19,3,3,3,5,155,-0.05529188362343843,discovery_2020_23
2022-04-20,3,3,3,5,149,0.031137509489622996,discovery_2020_23
2022-04-21,3,3,3,5,154,0.09166205971509006,discovery_2020_23
2022-04-22,3,3,3,5,116,0.01986710414309052,discovery_2020_23
2022-05-06,3,3,3,5,131,-0.027524062203842257,discovery_2020_23
2022-05-10,3,3,3,5,113,0.19168596987284559,discovery_2020_23
2022-05-11,3,3,3,5,136,0.08260031034929863,discovery_2020_23
2022-05-12,3,3,3,5,204,-0.027245560630612987,discovery_2020_23
2022-05-13,3,3,3,5,233,-0.08907695803286253,discovery_2020_23
2022-05-16,3,3,3,5,195,-0.1719230215253794,discovery_2020_23
2022-05-17,3,3,3,5,183,-0.1143036174547217,discovery_2020_23
2022-05-18,3,3,3,5,152,-0.016682898491392022,discovery_2020_23
2022-05-19,3,3,3,5,145,-0.06905042139252597,discovery_2020_23
2022-05-20,3,3,3,5,152,-0.14148594808245288,discovery_2020_23
2022-05-23,3,3,3,5,163,-0.05569718466020181,discovery_2020_23
2022-05-24,3,3,3,5,182,-0.044502482316443354,discovery_2020_23
2022-05-25,3,3,3,5,182,-0.019257068124326513,discovery_2020_23
2022-05-26,3,3,3,5,169,0.14449208982439563,discovery_2020_23
2022-05-27,3,3,3,5,180,0.10049559499953513,discovery_2020_23
2022-05-30,3,3,3,5,169,0.06847273310449797,discovery_2020_23
2022-05-31,3,3,3,5,166,0.08724989358571196,discovery_2020_23
2022-06-01,3,3,3,5,157,0.06073306060094917,discovery_2020_23
2022-06-02,3,3,3,5,143,0.1346101955409709,discovery_2020_23
2022-06-06,3,3,3,5,149,-0.08276648926769235,discovery_2020_23
2022-06-07,3,3,3,5,165,-0.12372078672375282,discovery_2020_23
2022-06-08,3,3,3,5,141,-0.11501875096560588,discovery_2020_23
2022-06-09,3,3,3,5,142,-0.07108930747590429,discovery_2020_23
2022-06-10,3,3,3,5,141,-0.01316207720690097,discovery_2020_23
2022-06-13,3,3,3,5,121,-0.04025579449938042,discovery_2020_23
2022-06-14,3,3,3,5,124,0.19623412263903722,discovery_2020_23
2022-06-15,3,3,3,5,144,0.10199273160488583,discovery_2020_23
2022-06-16,3,3,3,5,139,0.046903766066183974,discovery_2020_23
2022-06-17,3,3,3,5,178,-0.018646017213014898,discovery_2020_23
2022-06-20,3,3,3,5,165,-0.09116434079115981,discovery_2020_23
2022-06-21,3,3,3,5,168,0.10306331250798823,discovery_2020_23
2022-06-22,3,3,3,5,161,0.16742761960840233,discovery_2020_23
2022-06-23,3,3,3,5,143,0.07035986354518414,discovery_2020_23
2022-06-24,3,3,3,5,162,-0.029315087440116898,discovery_2020_23
2022-06-27,3,3,3,5,160,-0.00769684903972913,discovery_2020_23
2022-06-28,3,3,3,5,170,-0.01809108684539885,discovery_2020_23
2022-06-29,3,3,3,5,154,0.10096602484077502,discovery_2020_23
2022-06-30,3,3,3,5,150,0.16296796732342642,discovery_2020_23
2022-07-01,3,3,3,5,132,0.20405847162974453,discovery_2020_23
2022-07-04,3,3,3,5,140,0.10971829677131857,discovery_2020_23
2022-07-05,3,3,3,5,128,-0.11836236026634771,discovery_2020_23
2022-07-06,3,3,3,5,128,-0.18139212165882898,discovery_2020_23
2022-07-07,3,3,3,5,164,0.06460257466363196,discovery_2020_23
2022-07-08,3,3,3,5,145,0.11696935998988146,discovery_2020_23
2022-07-11,3,3,3,5,145,0.2749470551734961,discovery_2020_23
2022-07-12,3,3,3,5,163,0.14968015639799304,discovery_2020_23
2022-07-13,3,3,3,5,130,0.07626905702477585,discovery_2020_23
2022-07-14,3,3,3,5,133,0.050322509890192824,discovery_2020_23
2022-07-15,3,3,3,5,121,-0.033217437547022804,discovery_2020_23
2022-07-18,3,3,3,5,132,0.18142020618265284,discovery_2020_23
2022-07-19,3,3,3,5,165,0.27862288762580156,discovery_2020_23
2022-07-20,3,3,3,5,154,0.07005945623621852,discovery_2020_23
2022-07-21,3,3,3,5,151,-0.009720438278063738,discovery_2020_23
2022-07-22,3,3,3,5,141,0.1661285023163261,discovery_2020_23
2022-07-25,3,3,3,5,148,0.04397640426306667,discovery_2020_23
2022-07-26,3,3,3,5,143,-0.14513832175473412,discovery_2020_23
2022-07-27,3,3,3,5,130,0.01155011627964306,discovery_2020_23
2022-07-28,3,3,3,5,141,-0.016863077930293607,discovery_2020_23
2022-07-29,3,3,3,5,152,0.0044919400517841055,discovery_2020_23
2022-08-01,3,3,3,5,168,0.04040301782513908,discovery_2020_23
2022-08-02,3,3,3,5,140,-0.03967575392546019,discovery_2020_23
2022-08-08,3,3,3,5,102,0.0008199131457653925,discovery_2020_23
2022-08-09,3,3,3,5,160,0.019145379783962357,discovery_2020_23
2022-08-10,3,3,3,5,160,0.07317971769667869,discovery_2020_23
2022-08-11,3,3,3,5,180,-0.05954154491954401,discovery_2020_23
2022-08-12,3,3,3,5,182,-0.17719809341046605,discovery_2020_23
2022-08-15,3,3,3,5,175,-0.18926482358399918,discovery_2020_23
2022-08-16,3,3,3,5,171,-0.3091050800356829,discovery_2020_23
2022-08-17,3,3,3,5,145,-0.21612051812959301,discovery_2020_23
2022-08-18,3,3,3,5,147,-0.13035827961179908,discovery_2020_23
2022-08-19,3,3,3,5,139,0.12786194092031505,discovery_2020_23
2022-08-22,3,3,3,5,138,0.16745531530426183,discovery_2020_23
2022-08-23,3,3,3,5,143,-0.12392040826193018,discovery_2020_23
2022-08-24,3,3,3,5,147,-0.1633638211408345,discovery_2020_23
2022-08-25,3,3,3,5,155,-0.07134282712743033,discovery_2020_23
2022-08-26,3,3,3,5,149,0.002067865908087926,discovery_2020_23
2022-08-29,3,3,3,5,125,-0.059247948902746275,discovery_2020_23
2022-08-30,3,3,3,5,164,-0.018124734740139554,discovery_2020_23
2022-08-31,3,3,3,5,156,-0.0074584345191209545,discovery_2020_23
2022-09-01,3,3,3,5,183,0.13958754842140328,discovery_2020_23
2022-09-02,3,3,3,5,182,0.00880140456210955,discovery_2020_23
2022-09-05,3,3,3,5,151,-0.04256094139141233,discovery_2020_23
2022-09-06,3,3,3,5,136,0.12459209572472761,discovery_2020_23
2022-09-07,3,3,3,5,126,0.07864752297427781,discovery_2020_23
2022-09-08,3,3,3,5,157,-0.03736416572178293,discovery_2020_23
2022-09-09,3,3,3,5,176,-0.011656432940079852,discovery_2020_23
2022-09-13,3,3,3,5,171,0.06676662640678338,discovery_2020_23
2022-09-14,3,3,3,5,185,-0.0020223050581975655,discovery_2020_23
2022-09-15,3,3,3,5,193,0.13389298043258532,discovery_2020_23
2022-09-16,3,3,3,5,184,0.027543467697694588,discovery_2020_23
2022-09-19,3,3,3,5,164,0.1672469554481038,discovery_2020_23
2022-09-20,3,3,3,5,108,0.1798972043215555,discovery_2020_23
2022-09-22,3,3,3,5,115,0.022244360495445044,discovery_2020_23
2022-09-23,3,3,3,5,113,-0.07484358203276889,discovery_2020_23
2022-09-26,3,3,3,5,122,-0.09108482943949488,discovery_2020_23
2022-09-27,3,3,3,5,141,-0.1494190626261607,discovery_2020_23
2022-09-28,3,3,3,5,131,-0.013644498360801983,discovery_2020_23
2022-09-29,3,3,3,5,130,-0.03070653992221761,discovery_2020_23
2022-09-30,3,3,3,5,125,0.02744115528127196,discovery_2020_23
2022-10-10,3,3,3,5,113,0.06722074011978836,discovery_2020_23
2022-10-11,3,3,3,5,117,0.11157838342116608,discovery_2020_23
2022-10-12,3,3,3,5,125,0.09413004441452145,discovery_2020_23
2022-10-13,3,3,3,5,119,0.038773588099957616,discovery_2020_23
2022-10-14,3,3,3,5,142,-0.07937743679947681,discovery_2020_23
2022-10-17,3,3,3,5,105,-0.026167100371591125,discovery_2020_23
2022-10-18,3,3,3,5,106,0.016001491322919652,discovery_2020_23
2022-10-19,3,3,3,5,107,0.03874507114692269,discovery_2020_23
2022-10-20,3,3,3,5,139,-0.0006255864873318736,discovery_2020_23
2022-10-21,3,3,3,5,168,0.03323422835789127,discovery_2020_23
2022-10-24,3,3,3,5,161,-0.14811563822246854,discovery_2020_23
2022-10-25,3,3,3,5,151,-0.16498778307823753,discovery_2020_23
2022-10-26,3,3,3,5,137,-0.07165892703273462,discovery_2020_23
2022-10-27,3,3,3,5,137,-0.07516116047335522,discovery_2020_23
2022-10-28,3,3,3,5,171,0.02148118281544041,discovery_2020_23
2022-10-31,3,3,3,5,170,0.2657204044232846,discovery_2020_23
2022-11-01,3,3,3,5,167,0.12908682399484242,discovery_2020_23
2022-11-02,3,3,3,5,161,0.02924457972510378,discovery_2020_23
2022-11-03,3,3,3,5,179,0.05937089863544113,discovery_2020_23
2022-11-04,3,3,3,5,181,-0.02490051884585028,discovery_2020_23
2022-11-07,3,3,3,5,184,-0.07914268115528295,discovery_2020_23
2022-11-08,3,3,3,5,178,-0.08710625680484903,discovery_2020_23
2022-11-09,3,3,3,5,170,-0.16141548608019568,discovery_2020_23
2022-11-10,3,3,3,5,152,-0.11835371990086832,discovery_2020_23
2022-11-11,3,3,3,5,164,-0.1266528595387037,discovery_2020_23
2022-11-14,3,3,3,5,177,-0.046981615937452044,discovery_2020_23
2022-11-15,3,3,3,5,186,-0.024616807685444168,discovery_2020_23
2022-11-16,3,3,3,5,166,0.06198711356455105,discovery_2020_23
2022-11-17,3,3,3,5,125,0.10062073828082267,discovery_2020_23
2022-11-18,3,3,3,5,129,0.14085199932480408,discovery_2020_23
2022-11-21,3,3,3,5,118,0.1645655143197306,discovery_2020_23
2022-11-22,3,3,3,5,139,-0.17233497775066733,discovery_2020_23
2022-11-23,3,3,3,5,130,0.010463182216687015,discovery_2020_23
2022-11-24,3,3,3,5,151,0.10160616533270686,discovery_2020_23
2022-11-25,3,3,3,5,141,0.27643513747088233,discovery_2020_23
2022-11-28,3,3,3,5,165,0.06815021605509647,discovery_2020_23
2022-11-29,3,3,3,5,156,0.2371833928852973,discovery_2020_23
2022-11-30,3,3,3,5,164,0.19047693541403402,discovery_2020_23
2022-12-01,3,3,3,5,133,-0.16519014541632968,discovery_2020_23
2022-12-02,3,3,3,5,132,-0.14130541123418777,discovery_2020_23
2022-12-05,3,3,3,5,138,-0.06700419532560199,discovery_2020_23
2022-12-06,3,3,3,5,217,0.01096063835499021,discovery_2020_23
2022-12-07,3,3,3,5,209,-0.06131875043750682,discovery_2020_23
2022-12-08,3,3,3,5,198,0.014284295314239265,discovery_2020_23
2022-12-09,3,3,3,5,182,-0.050059469009552666,discovery_2020_23
2022-12-12,3,3,3,5,179,-0.11188593172217168,discovery_2020_23
2022-12-13,3,3,3,5,181,0.03873003923253021,discovery_2020_23
2022-12-14,3,3,3,5,167,0.0539387333907131,discovery_2020_23
2022-12-15,3,3,3,5,145,-0.05824111479081235,discovery_2020_23
2022-12-16,3,3,3,5,139,-0.010087638453832985,discovery_2020_23
2022-12-19,3,3,3,5,146,-0.04706739765329311,discovery_2020_23
2022-12-20,3,3,3,5,158,0.00016277440608376768,discovery_2020_23
2022-12-21,3,3,3,5,152,0.0664481344893067,discovery_2020_23
2022-12-22,3,3,3,5,139,-0.05339482071849504,discovery_2020_23
2022-12-23,3,3,3,5,138,-0.06933594530428222,discovery_2020_23
2022-12-26,3,3,3,5,168,0.07331250826744226,discovery_2020_23
2022-12-27,3,3,3,5,150,0.017787583715876895,discovery_2020_23
2022-12-28,3,3,3,5,185,0.013514518797111803,discovery_2020_23
2022-12-29,3,3,3,5,182,0.10826466598304696,discovery_2020_23
2022-12-30,3,3,3,5,182,-0.041248082187668365,discovery_2020_23
2023-01-03,3,3,3,5,179,0.04382040809532686,discovery_2020_23
2023-01-04,3,3,3,5,176,0.11835293133646436,discovery_2020_23
2023-01-05,3,3,3,5,152,0.19142129035242086,discovery_2020_23
2023-01-06,3,3,3,5,146,0.06254735734004604,discovery_2020_23
2023-01-09,3,3,3,5,139,-0.23243075974600433,discovery_2020_23
2023-01-10,3,3,3,5,146,-0.2781234907078375,discovery_2020_23
2023-01-11,3,3,3,5,138,-0.11848432127625645,discovery_2020_23
2023-01-12,3,3,3,5,142,0.023952898918989277,discovery_2020_23
2023-01-13,3,3,3,5,155,0.0787800468605041,discovery_2020_23
2023-01-16,3,3,3,5,167,-0.004626331310390993,discovery_2020_23
2023-01-17,3,3,3,5,195,0.045888705243711476,discovery_2020_23
2023-01-18,3,3,3,5,214,-0.008459952520789186,discovery_2020_23
2023-01-19,3,3,3,5,206,0.13197513120167553,discovery_2020_23
2023-01-20,3,3,3,5,186,-0.05564499322370293,discovery_2020_23
2023-01-30,3,3,3,5,151,-0.03533491926564503,discovery_2020_23
2023-01-31,3,3,3,5,165,-0.04562026611600298,discovery_2020_23
2023-02-01,3,3,3,5,169,0.09470142653493038,discovery_2020_23
2023-02-02,3,3,3,5,193,0.006185490430281054,discovery_2020_23
2023-02-03,3,3,3,5,166,0.07459862412109845,discovery_2020_23
2023-02-06,3,3,3,5,178,0.07920706753810658,discovery_2020_23
2023-02-07,3,3,3,5,138,0.08396634588139477,discovery_2020_23
2023-02-08,3,3,3,5,114,0.001701079780767283,discovery_2020_23
2023-02-09,3,3,3,5,127,-0.014394769373241913,discovery_2020_23
2023-02-10,3,3,3,5,139,0.024563426100253284,discovery_2020_23
2023-02-13,3,3,3,5,156,-0.04845694524841655,discovery_2020_23
2023-02-14,3,3,3,5,157,-0.15684471664488964,discovery_2020_23
2023-02-15,3,3,3,5,163,-0.10821494185291212,discovery_2020_23
2023-02-16,3,3,3,5,167,0.11697986564505303,discovery_2020_23
2023-02-17,3,3,3,5,169,0.12099235360158324,discovery_2020_23
2023-02-20,3,3,3,5,162,0.06500421986419011,discovery_2020_23
2023-02-21,3,3,3,5,165,-0.082032280492245,discovery_2020_23
2023-02-22,3,3,3,5,166,-0.04218453421893358,discovery_2020_23
2023-02-23,3,3,3,5,183,-0.13687339952206634,discovery_2020_23
2023-02-24,3,3,3,5,151,-0.17732577898000632,discovery_2020_23
2023-02-27,3,3,3,5,131,-0.061739137399652345,discovery_2020_23
2023-02-28,3,3,3,5,120,-0.03085983550917129,discovery_2020_23
2023-03-01,3,3,3,5,126,-0.161608041407068,discovery_2020_23
2023-03-02,3,3,3,5,135,-0.027087766363013917,discovery_2020_23
2023-03-03,3,3,3,5,140,0.03707566891495917,discovery_2020_23
2023-03-06,3,3,3,5,134,-0.043170329657164386,discovery_2020_23
2023-03-07,3,3,3,5,121,-0.014222423942798983,discovery_2020_23
2023-03-08,3,3,3,5,120,-0.11461659331179608,discovery_2020_23
2023-03-09,3,3,3,5,123,-0.09683577161370206,discovery_2020_23
2023-03-10,3,3,3,5,123,-0.1499781535140408,discovery_2020_23
2023-03-13,3,3,3,5,148,-0.020195495207882105,discovery_2020_23
2023-03-14,3,3,3,5,102,0.05069861859876705,discovery_2020_23
2023-03-15,3,3,3,5,127,-0.10801626952322438,discovery_2020_23
2023-03-16,3,3,3,5,132,0.01665255690984289,discovery_2020_23
2023-03-17,3,3,3,5,153,0.025719464836918247,discovery_2020_23
2023-03-20,3,3,3,5,142,0.005467429606084983,discovery_2020_23
2023-03-21,3,3,3,5,158,-0.0868858169914766,discovery_2020_23
2023-03-22,3,3,3,5,162,0.07838894992943769,discovery_2020_23
2023-03-23,3,3,3,5,161,0.03136962834033011,discovery_2020_23
2023-03-24,3,3,3,5,161,0.1397487464361189,discovery_2020_23
2023-03-27,3,3,3,5,130,0.11354430967643497,discovery_2020_23
2023-03-28,3,3,3,5,138,0.1073139324099173,discovery_2020_23
2023-03-29,3,3,3,5,137,0.0028259233547989725,discovery_2020_23
2023-03-30,3,3,3,5,159,-0.0566265024281794,discovery_2020_23
2023-03-31,3,3,3,5,163,0.05305638089151491,discovery_2020_23
2023-04-03,3,3,3,5,163,0.06598517775984673,discovery_2020_23
2023-04-04,3,3,3,5,162,-0.03641808823616255,discovery_2020_23
2023-04-06,3,3,3,5,145,0.048006880901809774,discovery_2020_23
2023-04-07,3,3,3,5,142,0.04653692127470971,discovery_2020_23
2023-04-10,3,3,3,5,160,-0.1435051546395217,discovery_2020_23
2023-04-11,3,3,3,5,176,-0.1353350275211896,discovery_2020_23
2023-04-12,3,3,3,5,163,-0.0018995168078183068,discovery_2020_23
2023-04-13,3,3,3,5,146,0.0027551608655535945,discovery_2020_23
2023-04-14,3,3,3,5,149,-0.06065877376531186,discovery_2020_23
2023-04-17,3,3,3,5,152,-0.09847011826996668,discovery_2020_23
2023-04-18,3,3,3,5,151,-0.1896205271585844,discovery_2020_23
2023-04-19,3,3,3,5,157,-0.24107257761391532,discovery_2020_23
2023-04-20,3,3,3,5,147,-0.14783737964121227,discovery_2020_23
2023-04-21,3,3,3,5,135,0.10694627018334275,discovery_2020_23
2023-04-24,3,3,3,5,116,0.04831449011872135,discovery_2020_23
2023-04-25,3,3,3,5,100,-0.12021818575457575,discovery_2020_23
2023-04-28,3,3,3,5,122,0.005221077954392924,discovery_2020_23
2023-05-04,3,3,3,5,139,0.16987430123953762,discovery_2020_23
2023-05-05,3,3,3,5,130,0.09274804208960064,discovery_2020_23
2023-05-08,3,3,3,5,109,0.0011120378092855157,discovery_2020_23
2023-05-09,3,3,3,5,102,0.19110034238839044,discovery_2020_23
2023-05-10,3,3,3,5,113,-0.008670826722949687,discovery_2020_23
2023-05-11,3,3,3,5,126,-0.05145295427931912,discovery_2020_23
2023-05-12,3,3,3,5,105,0.13376633138231975,discovery_2020_23
2023-05-15,3,3,3,5,109,0.10636947249685084,discovery_2020_23
2023-05-16,3,3,3,5,119,0.10744571187474636,discovery_2020_23
2023-05-17,3,3,3,5,145,0.17955081788496804,discovery_2020_23
2023-05-18,3,3,3,5,184,-0.02988588116550847,discovery_2020_23
2023-05-19,3,3,3,5,154,0.16021942420062235,discovery_2020_23
2023-05-22,3,3,3,5,155,-0.08807504126957165,discovery_2020_23
2023-05-23,3,3,3,5,132,-0.15254210757204706,discovery_2020_23
2023-05-24,3,3,3,5,150,-0.09249721319097343,discovery_2020_23
2023-05-25,3,3,3,5,153,-0.038867481990774035,discovery_2020_23
2023-05-30,3,3,3,5,134,0.13393716614213677,discovery_2020_23
2023-05-31,3,3,3,5,163,0.16399843161829245,discovery_2020_23
2023-06-01,3,3,3,5,145,-0.03807285685201066,discovery_2020_23
2023-06-02,3,3,3,5,127,-0.14263597683265558,discovery_2020_23
2023-06-05,3,3,3,5,136,0.022907072853954182,discovery_2020_23
2023-06-06,3,3,3,5,154,-0.09904038404353019,discovery_2020_23
2023-06-07,3,3,3,5,157,-0.004671665488334939,discovery_2020_23
2023-06-08,3,3,3,5,125,0.006129069917509217,discovery_2020_23
2023-06-09,3,3,3,5,122,-0.08874540056318407,discovery_2020_23
2023-06-12,3,3,3,5,126,-0.04337470828578431,discovery_2020_23
2023-06-13,3,3,3,5,135,-0.1672302302584287,discovery_2020_23
2023-06-14,3,3,3,5,153,0.08697640717358089,discovery_2020_23
2023-06-15,3,3,3,5,147,0.05060503141336659,discovery_2020_23
2023-06-16,3,3,3,5,140,-0.009341615124195114,discovery_2020_23
2023-06-19,3,3,3,5,129,0.029631679426768896,discovery_2020_23
2023-06-20,3,3,3,5,133,-0.04063165116617495,discovery_2020_23
2023-06-21,3,3,3,5,131,0.007759107342332481,discovery_2020_23
2023-06-29,3,3,3,5,151,0.0467011445679954,discovery_2020_23
2023-06-30,3,3,3,5,158,0.06641464657674262,discovery_2020_23
2023-07-03,3,3,3,5,136,-0.17889021940902675,discovery_2020_23
2023-07-04,3,3,3,5,149,-0.1422251164695324,discovery_2020_23
2023-07-05,3,3,3,5,158,-0.0019685129208380937,discovery_2020_23
2023-07-06,3,3,3,5,158,0.16198047636290905,discovery_2020_23
2023-07-07,3,3,3,5,120,0.16857249016821044,discovery_2020_23
2023-07-10,3,3,3,5,124,-0.13590372214439114,discovery_2020_23
2023-07-11,3,3,3,5,145,-0.09721538818861605,discovery_2020_23
2023-07-12,3,3,3,5,191,0.10587759144142402,discovery_2020_23
2023-07-13,3,3,3,5,192,-0.04705100441801054,discovery_2020_23
2023-07-14,3,3,3,5,167,-0.20951682814484107,discovery_2020_23
2023-07-17,3,3,3,5,160,-0.2110521404496893,discovery_2020_23
2023-07-18,3,3,3,5,139,-0.018139814423867664,discovery_2020_23
2023-07-19,3,3,3,5,137,-0.13838503347010775,discovery_2020_23
2023-07-20,3,3,3,5,137,-0.18961689020718425,discovery_2020_23
2023-07-21,3,3,3,5,130,-0.09782296984277174,discovery_2020_23
2023-07-24,3,3,3,5,167,-0.049733867638137585,discovery_2020_23
2023-07-25,3,3,3,5,169,-0.1551049430910422,discovery_2020_23
2023-07-26,3,3,3,5,198,-0.0699221725671389,discovery_2020_23
2023-07-27,3,3,3,5,184,-0.1470152531478473,discovery_2020_23
2023-07-28,3,3,3,5,184,0.01914247049043837,discovery_2020_23
2023-07-31,3,3,3,5,167,0.019231896502625075,discovery_2020_23
2023-08-01,3,3,3,5,158,-0.11511857331761924,discovery_2020_23
2023-08-02,3,3,3,5,156,-0.12201224263500766,discovery_2020_23
2023-08-03,3,3,3,5,168,-0.00999567853626294,discovery_2020_23
2023-08-04,3,3,3,5,189,-0.018223799455581117,discovery_2020_23
2023-08-07,3,3,3,5,190,0.0030687633050234756,discovery_2020_23
2023-08-08,3,3,3,5,225,-0.04093794437534688,discovery_2020_23
2023-08-09,3,3,3,5,144,-0.03212193676191666,discovery_2020_23
2023-08-10,3,3,3,5,118,0.11577054059903276,discovery_2020_23
2023-08-11,3,3,3,5,105,0.07778414200841495,discovery_2020_23
2023-08-14,3,3,3,5,140,0.050130601971797195,discovery_2020_23
2023-08-15,3,3,3,5,155,0.14991435726162233,discovery_2020_23
2023-08-16,3,3,3,5,130,0.08197968261350391,discovery_2020_23
2023-08-17,3,3,3,5,167,0.16451272749087514,discovery_2020_23
2023-08-18,3,3,3,5,162,-0.11440700690801119,discovery_2020_23
2023-08-21,3,3,3,5,162,0.020727969916434198,discovery_2020_23
2023-08-22,3,3,3,5,181,-0.0025712624746084913,discovery_2020_23
2023-08-23,3,3,3,5,103,-0.06193730488454376,discovery_2020_23
2023-08-24,3,3,3,5,115,-0.12468929274714811,discovery_2020_23
2023-08-25,3,3,3,5,109,-0.09848598932628753,discovery_2020_23
2023-08-28,3,3,3,5,144,0.0243711047277393,discovery_2020_23
2023-08-29,3,3,3,5,162,-0.0011840958567374358,discovery_2020_23
2023-08-30,3,3,3,5,219,-0.08046900215808464,discovery_2020_23
2023-08-31,3,3,3,5,210,-0.19593853673596134,discovery_2020_23
2023-09-01,3,3,3,5,146,-0.2484922685386179,discovery_2020_23
2023-09-04,3,3,3,5,120,-0.2064921851410304,discovery_2020_23
2023-09-05,3,3,3,5,124,0.08816091972208252,discovery_2020_23
2023-09-06,3,3,3,5,185,0.004147936432446848,discovery_2020_23
2023-09-07,3,3,3,5,166,-0.025729803613336055,discovery_2020_23
2023-09-08,3,3,3,5,102,0.03573185558888526,discovery_2020_23
2023-09-11,3,3,3,5,118,0.015609164632365216,discovery_2020_23
2023-09-12,3,3,3,5,119,0.0009720941329510585,discovery_2020_23
2023-09-13,3,3,3,5,215,-0.0659674174758411,discovery_2020_23
2023-09-14,3,3,3,5,191,-0.04899341544689534,discovery_2020_23
2023-09-15,3,3,3,5,155,-0.002267091403907754,discovery_2020_23
2023-09-18,3,3,3,5,147,-0.0583033846640483,discovery_2020_23
2023-09-19,3,3,3,5,158,-0.0934432713940969,discovery_2020_23
2023-09-20,3,3,3,5,178,0.06466161093879333,discovery_2020_23
2023-09-21,3,3,3,5,146,0.12440447843782956,discovery_2020_23
2023-09-22,3,3,3,5,135,-0.07970724664566989,discovery_2020_23
2023-09-25,3,3,3,5,142,-0.07207835888940341,discovery_2020_23
2023-09-26,3,3,3,5,178,-0.24397623849454572,discovery_2020_23
2023-09-27,3,3,3,5,186,-0.11887734668978574,discovery_2020_23
2023-09-28,3,3,3,5,163,-0.11589162887137779,discovery_2020_23
2023-10-09,3,3,3,5,154,-0.07890320487348511,discovery_2020_23
2023-10-10,3,3,3,5,150,0.033562589393749676,discovery_2020_23
2023-10-11,3,3,3,5,144,-0.03895996897357149,discovery_2020_23
2023-10-12,3,3,3,5,165,0.11434044070808788,discovery_2020_23
2023-10-13,3,3,3,5,151,-0.06370523476000396,discovery_2020_23
2023-10-16,3,3,3,5,168,-0.10076945027427246,discovery_2020_23
2023-10-17,3,3,3,5,133,-0.13552081208313457,discovery_2020_23
2023-10-18,3,3,3,5,114,0.07432413276361355,discovery_2020_23
2023-10-20,3,3,3,5,106,0.08676287953434235,discovery_2020_23
2023-10-26,3,3,3,5,145,0.012974411359008719,discovery_2020_23
2023-10-27,3,3,3,5,180,0.08459311014021728,discovery_2020_23
2023-10-30,3,3,3,5,175,0.022217034815045836,discovery_2020_23
2023-10-31,3,3,3,5,151,-0.011828389879964391,discovery_2020_23
2023-11-01,3,3,3,5,138,-0.11853091530237483,discovery_2020_23
2023-11-02,3,3,3,5,108,-0.14342637073209086,discovery_2020_23
2023-11-03,3,3,3,5,119,-0.04722651493151327,discovery_2020_23
2023-11-06,3,3,3,5,141,0.01662751309750838,discovery_2020_23
2023-11-07,3,3,3,5,156,-0.009006524336672077,discovery_2020_23
2023-11-08,3,3,3,5,175,0.0724243151968482,discovery_2020_23
2023-11-09,3,3,3,5,157,0.024028107474758083,discovery_2020_23
2023-11-10,3,3,3,5,129,-0.15874724838035004,discovery_2020_23
2023-11-13,3,3,3,5,142,0.008787077359918436,discovery_2020_23
2023-11-14,3,3,3,5,135,0.018130004865518096,discovery_2020_23
2023-11-15,3,3,3,5,146,0.055114732384522046,discovery_2020_23
2023-11-16,3,3,3,5,177,0.031508476851609686,discovery_2020_23
2023-11-17,3,3,3,5,213,0.26537919918160335,discovery_2020_23
2023-11-20,3,3,3,5,193,0.2495295827678937,discovery_2020_23
2023-11-21,3,3,3,5,202,0.04678729111861342,discovery_2020_23
2023-11-22,3,3,3,5,205,0.06793433406732835,discovery_2020_23
2023-11-23,3,3,3,5,219,0.19535459892963786,discovery_2020_23
2023-11-24,3,3,3,5,146,0.10757012823583757,discovery_2020_23
2023-11-27,3,3,3,5,141,-0.007804322558705486,discovery_2020_23
2023-11-28,3,3,3,5,135,-0.09677360351875733,discovery_2020_23
2023-11-29,3,3,3,5,109,-0.1372092916687882,discovery_2020_23
2023-11-30,3,3,3,5,126,-0.03127413764403614,discovery_2020_23
2023-12-01,3,3,3,5,138,-0.051487711992109365,discovery_2020_23
2023-12-04,3,3,3,5,124,-0.09679307631785994,discovery_2020_23
2023-12-05,3,3,3,5,143,-0.03936869730997849,discovery_2020_23
2023-12-06,3,3,3,5,135,-0.11925581872487506,discovery_2020_23
2023-12-08,3,3,3,5,102,0.08352275940195726,discovery_2020_23
2023-12-12,3,3,3,5,131,-0.07431043778698622,discovery_2020_23
2023-12-13,3,3,3,5,146,0.0012821377960726096,discovery_2020_23
2023-12-14,3,3,3,5,138,0.1176357772768254,discovery_2020_23
2023-12-15,3,3,3,5,118,0.19277178835936556,discovery_2020_23
2023-12-19,3,3,3,5,115,0.018484543607490345,discovery_2020_23
2023-12-20,3,3,3,5,113,-0.01751624473704611,discovery_2020_23
2023-12-21,3,3,3,5,117,-0.1610003278366302,discovery_2020_23
2023-12-22,3,3,3,5,136,-0.1329044400474684,discovery_2020_23
2023-12-25,3,3,3,5,138,-0.17217256299135572,discovery_2020_23
2023-12-26,3,3,3,5,158,-0.14337132391121624,discovery_2020_23
2023-12-27,3,3,3,5,146,-0.14201968339921228,discovery_2020_23
2023-12-28,3,3,3,5,168,0.029663121543526686,discovery_2020_23
2023-12-29,3,3,3,5,157,0.044746000281730425,discovery_2020_23
2024-01-02,3,3,3,5,174,-0.02771845539346125,review_2024_25
2024-01-03,3,3,3,5,164,-0.07931962776529199,review_2024_25
2024-01-04,3,3,3,5,103,0.12400125204055107,review_2024_25
2024-01-11,3,3,3,5,109,-0.049009454835395906,review_2024_25
2024-01-12,3,3,3,5,127,0.022199665182330408,review_2024_25
2024-01-15,3,3,3,5,160,-0.15109607793880314,review_2024_25
2024-01-16,3,3,3,5,161,-0.09215420427057527,review_2024_25
2024-01-17,3,3,3,5,136,-0.06826519853651662,review_2024_25
2024-01-18,3,3,3,5,113,0.09704672058213562,review_2024_25
2024-01-19,3,3,3,5,127,0.059313332758819774,review_2024_25
2024-01-22,3,3,3,5,131,0.15606991958076086,review_2024_25
2024-01-23,3,3,3,5,185,-0.06512657103277023,review_2024_25
2024-01-24,3,3,3,5,156,-0.103070151179517,review_2024_25
2024-01-25,3,3,3,5,150,-0.21675510046328145,review_2024_25
2024-01-26,3,3,3,5,121,-0.2586426182344233,review_2024_25
2024-01-29,3,3,3,5,101,-0.1581600412355024,review_2024_25
2024-02-01,3,3,3,5,103,0.34067533209227746,review_2024_25
2024-02-05,3,3,3,5,108,0.21629912615886507,review_2024_25
2024-02-06,3,3,3,5,101,-0.06747371089339048,review_2024_25
2024-02-08,3,3,3,5,105,0.06483516483516483,review_2024_25
2024-02-22,3,3,3,5,144,-0.0994778338091305,review_2024_25
2024-02-23,3,3,3,5,156,0.032598130250315334,review_2024_25
2024-02-26,3,3,3,5,183,0.08097606778422622,review_2024_25
2024-02-27,3,3,3,5,173,0.035014752202494726,review_2024_25
2024-02-28,3,3,3,5,163,-0.18946801096777094,review_2024_25
2024-02-29,3,3,3,5,160,0.07804492168239466,review_2024_25
2024-03-01,3,3,3,5,173,0.0905461578665581,review_2024_25
2024-03-04,3,3,3,5,177,0.12278251931206538,review_2024_25
2024-03-05,3,3,3,5,158,0.13716495437397336,review_2024_25
2024-03-06,3,3,3,5,138,0.06387013179954266,review_2024_25
2024-03-07,3,3,3,5,151,0.04729377052753866,review_2024_25
2024-03-08,3,3,3,5,140,0.13236760506379214,review_2024_25
2024-03-11,3,3,3,5,158,0.20960059633141123,review_2024_25
2024-03-12,3,3,3,5,163,-0.003088275636579035,review_2024_25
2024-03-13,3,3,3,5,188,-0.07748110335437958,review_2024_25
2024-03-14,3,3,3,5,186,0.06150559612259037,review_2024_25
2024-03-15,3,3,3,5,155,0.051938467884550504,review_2024_25
2024-03-18,3,3,3,5,169,0.17284305133750497,review_2024_25
2024-03-19,3,3,3,5,180,0.04000037038366489,review_2024_25
2024-03-20,3,3,3,5,196,0.1342073083511312,review_2024_25
2024-03-21,3,3,3,5,182,0.03947737073011404,review_2024_25
2024-03-22,3,3,3,5,147,0.06276091350466972,review_2024_25
2024-03-25,3,3,3,5,132,0.18692237352528382,review_2024_25
2024-03-26,3,3,3,5,106,0.17426045862578562,review_2024_25
2024-03-27,3,3,3,5,108,0.007611952384894844,review_2024_25
2024-03-28,3,3,3,5,115,-0.06217561385558902,review_2024_25
2024-03-29,3,3,3,5,120,-0.1561433298955827,review_2024_25
2024-04-01,3,3,3,5,160,-0.1136311532385308,review_2024_25
2024-04-02,3,3,3,5,148,-0.001699144134817814,review_2024_25
2024-04-03,3,3,3,5,181,-0.0652017950832528,review_2024_25
2024-04-08,3,3,3,5,183,-0.0502359552765802,review_2024_25
2024-04-09,3,3,3,5,134,-0.038858436784590285,review_2024_25
2024-04-10,3,3,3,5,127,-0.11136726473866895,review_2024_25
2024-04-11,3,3,3,5,119,-0.05645583412596012,review_2024_25
2024-04-12,3,3,3,5,116,-0.09413424519053175,review_2024_25
2024-04-16,3,3,3,5,126,-0.20080180338291825,review_2024_25
2024-04-17,3,3,3,5,159,-0.10814732217829183,review_2024_25
2024-04-18,3,3,3,5,164,-0.0247345353045181,review_2024_25
2024-04-19,3,3,3,5,168,0.022267876339179933,review_2024_25
2024-04-22,3,3,3,5,178,0.05483088305328374,review_2024_25
2024-04-23,3,3,3,5,157,0.02372417257667739,review_2024_25
2024-04-24,3,3,3,5,152,0.044111264887901507,review_2024_25
2024-04-25,3,3,3,5,133,0.05920175064992743,review_2024_25
2024-04-26,3,3,3,5,154,0.1520969829995941,review_2024_25
2024-04-29,3,3,3,5,141,0.19396240793425204,review_2024_25
2024-04-30,3,3,3,5,152,0.11417340997023187,review_2024_25
2024-05-06,3,3,3,5,141,0.1744818618200152,review_2024_25
2024-05-07,3,3,3,5,155,0.07443566195989733,review_2024_25
2024-05-08,3,3,3,5,142,0.13262096411103122,review_2024_25
2024-05-09,3,3,3,5,136,0.02871543854449662,review_2024_25
2024-05-10,3,3,3,5,141,-0.09616300512339736,review_2024_25
2024-05-13,3,3,3,5,145,-0.1037815134338283,review_2024_25
2024-05-14,3,3,3,5,158,-0.07738565193655633,review_2024_25
2024-05-15,3,3,3,5,138,-0.06649740745799224,review_2024_25
2024-05-16,3,3,3,5,156,0.024056891917909707,review_2024_25
2024-05-17,3,3,3,5,140,-0.08431288725271326,review_2024_25
2024-05-20,3,3,3,5,121,0.22269792049510578,review_2024_25
2024-05-21,3,3,3,5,141,0.2282748759578668,review_2024_25
2024-05-22,3,3,3,5,170,0.15837904547217457,review_2024_25
2024-05-23,3,3,3,5,189,0.09732218242822674,review_2024_25
2024-05-24,3,3,3,5,148,0.1393780719523539,review_2024_25
2024-05-27,3,3,3,5,133,0.13022275952648746,review_2024_25
2024-05-28,3,3,3,5,105,0.107301143026476,review_2024_25
2024-05-29,3,3,3,5,126,0.16674016017376142,review_2024_25
2024-05-30,3,3,3,5,143,-0.09480386503981234,review_2024_25
2024-05-31,3,3,3,5,140,0.016273513992469412,review_2024_25
2024-06-03,3,3,3,5,138,0.04777544513436116,review_2024_25
2024-06-04,3,3,3,5,148,0.024413696472425656,review_2024_25
2024-06-05,3,3,3,5,151,-0.027065179505054025,review_2024_25
2024-06-06,3,3,3,5,190,-0.18550542326358943,review_2024_25
2024-06-07,3,3,3,5,190,-0.19524429374802613,review_2024_25
2024-06-11,3,3,3,5,164,0.027596573383586155,review_2024_25
2024-06-12,3,3,3,5,145,0.0711131667908094,review_2024_25
2024-06-13,3,3,3,5,134,-0.052292487802242424,review_2024_25
2024-06-14,3,3,3,5,135,-0.10086919197338771,review_2024_25
2024-06-17,3,3,3,5,141,-0.04956777762678133,review_2024_25
2024-06-18,3,3,3,5,142,0.016886373233358676,review_2024_25
2024-06-19,3,3,3,5,143,0.11854279224308469,review_2024_25
2024-06-20,3,3,3,5,144,-0.07335445308223908,review_2024_25
2024-06-21,3,3,3,5,112,-0.11255448234061086,review_2024_25
2024-06-26,3,3,3,5,107,0.11422637590861891,review_2024_25
2024-06-27,3,3,3,5,110,-0.023055508594497308,review_2024_25
2024-06-28,3,3,3,5,149,0.027028914462954565,review_2024_25
2024-07-01,3,3,3,5,144,-0.06843113180451846,review_2024_25
2024-07-02,3,3,3,5,131,-0.3167079265799874,review_2024_25
2024-07-03,3,3,3,5,125,-0.1716902356082929,review_2024_25
2024-07-04,3,3,3,5,120,-0.082231833280336,review_2024_25
2024-07-05,3,3,3,5,113,-0.001438893798437311,review_2024_25
2024-07-08,3,3,3,5,113,-0.0020294224671250404,review_2024_25
2024-07-09,3,3,3,5,109,-0.09206347000132008,review_2024_25
2024-07-10,3,3,3,5,117,0.08642419337919045,review_2024_25
2024-07-11,3,3,3,5,108,0.05707576043066246,review_2024_25
2024-07-12,3,3,3,5,147,0.032248284591060716,review_2024_25
2024-07-15,3,3,3,5,149,-0.09228790678160544,review_2024_25
2024-07-16,3,3,3,5,173,0.13550842748606706,review_2024_25
2024-07-17,3,3,3,5,177,0.07792272434208625,review_2024_25
2024-07-18,3,3,3,5,178,-0.06881293720305949,review_2024_25
2024-07-19,3,3,3,5,153,-0.15829191820794006,review_2024_25
2024-07-22,3,3,3,5,136,-0.07112281542964077,review_2024_25
2024-07-23,3,3,3,5,129,-0.1555378837960645,review_2024_25
2024-07-24,3,3,3,5,127,-0.08034284927627801,review_2024_25
2024-07-25,3,3,3,5,108,-0.09804103700249073,review_2024_25
2024-07-26,3,3,3,5,100,-0.09402481285728703,review_2024_25
2024-07-29,3,3,3,5,106,0.024480562665000708,review_2024_25
2024-07-30,3,3,3,5,161,-0.0859272614603572,review_2024_25
2024-07-31,3,3,3,5,191,-0.07969447308897305,review_2024_25
2024-08-01,3,3,3,5,202,-0.04319448144939229,review_2024_25
2024-08-02,3,3,3,5,226,0.061728324471643704,review_2024_25
2024-08-05,3,3,3,5,234,0.25784878677330997,review_2024_25
2024-08-06,3,3,3,5,151,0.2644340614047776,review_2024_25
2024-08-07,3,3,3,5,123,0.20225878483739076,review_2024_25
2024-08-08,3,3,3,5,109,0.31451500802951854,review_2024_25
2024-08-09,3,3,3,5,117,0.3285434099689371,review_2024_25
2024-08-12,3,3,3,5,136,0.07776851450979189,review_2024_25
2024-08-13,3,3,3,5,170,-0.014131621564229833,review_2024_25
2024-08-14,3,3,3,5,134,0.06808373743588386,review_2024_25
2024-08-15,3,3,3,5,146,-0.08791232097053334,review_2024_25
2024-08-16,3,3,3,5,154,-0.15564575021384294,review_2024_25
2024-08-19,3,3,3,5,155,0.04555305446085153,review_2024_25
2024-08-20,3,3,3,5,130,-0.0034494766382230924,review_2024_25
2024-08-21,3,3,3,5,126,0.11671911042638441,review_2024_25
2024-08-22,3,3,3,5,100,-0.08778304165368539,review_2024_25
2024-08-23,3,3,3,5,102,-0.162155285027531,review_2024_25
2024-08-26,3,3,3,5,110,0.09027362954203116,review_2024_25
2024-08-27,3,3,3,5,125,-0.007625215438485872,review_2024_25
2024-08-28,3,3,3,5,173,-0.009446403552610139,review_2024_25
2024-08-29,3,3,3,5,155,-0.019915600392537203,review_2024_25
2024-08-30,3,3,3,5,146,0.01145262248756449,review_2024_25
2024-09-02,3,3,3,5,160,-0.1260992298987155,review_2024_25
2024-09-03,3,3,3,5,188,-0.09367524794351931,review_2024_25
2024-09-04,3,3,3,5,182,-0.20589246693369387,review_2024_25
2024-09-05,3,3,3,5,137,-0.006265532570285531,review_2024_25
2024-09-06,3,3,3,5,112,0.0019646784974659734,review_2024_25
2024-09-09,3,3,3,5,113,0.11270364402153053,review_2024_25
2024-09-10,3,3,3,5,138,-0.09300504352965884,review_2024_25
2024-09-11,3,3,3,5,116,-0.013877783245274156,review_2024_25
2024-09-13,3,3,3,5,122,0.11259023295068085,review_2024_25
2024-09-18,3,3,3,5,149,0.015198704146866642,review_2024_25
2024-09-19,3,3,3,5,180,-0.10821200719800433,review_2024_25
2024-09-20,3,3,3,5,181,-0.24177289736130575,review_2024_25
2024-09-23,3,3,3,5,175,-0.33119980116473796,review_2024_25
2024-09-24,3,3,3,5,168,-0.24699822396082516,review_2024_25
2024-09-25,3,3,3,5,117,0.017481351602562353,review_2024_25
2024-10-21,3,3,3,5,140,-0.02199179107299124,review_2024_25
2024-10-22,3,3,3,5,196,-0.05467041362877138,review_2024_25
2024-10-23,3,3,3,5,190,-0.1356332386956931,review_2024_25
2024-10-24,3,3,3,5,152,-0.17510520767711624,review_2024_25
2024-10-25,3,3,3,5,160,-0.08780241271192919,review_2024_25
2024-10-28,3,3,3,5,160,-0.04332049578658748,review_2024_25
2024-10-29,3,3,3,5,179,-0.2871823789371537,review_2024_25
2024-10-30,3,3,3,5,175,-0.24330354893774253,review_2024_25
2024-10-31,3,3,3,5,189,-0.26309271203941664,review_2024_25
2024-11-01,3,3,3,5,170,-0.16873574898043278,review_2024_25
2024-11-04,3,3,3,5,168,-0.07496953461056782,review_2024_25
2024-11-05,3,3,3,5,180,0.08040841060860575,review_2024_25
2024-11-06,3,3,3,5,165,0.013084790000209956,review_2024_25
2024-11-07,3,3,3,5,122,0.1618933378309688,review_2024_25
2024-11-08,3,3,3,5,101,0.07507833706185563,review_2024_25
2024-11-11,3,3,3,5,112,0.14987048098250805,review_2024_25
2024-11-13,3,3,3,5,147,0.11789740126912274,review_2024_25
2024-11-14,3,3,3,5,133,0.17122183624909676,review_2024_25
2024-11-15,3,3,3,5,109,0.21238314781273654,review_2024_25
2024-11-18,3,3,3,5,116,0.08320871567629883,review_2024_25
2024-11-20,3,3,3,5,110,-0.05173229943872146,review_2024_25
2024-11-21,3,3,3,5,106,-0.25142076943548775,review_2024_25
2024-11-22,3,3,3,5,139,-0.10930706431104972,review_2024_25
2024-11-25,3,3,3,5,148,-0.04177517662374145,review_2024_25
2024-11-26,3,3,3,5,157,0.006594284075185812,review_2024_25
2024-11-27,3,3,3,5,135,0.06952980197053947,review_2024_25
2024-11-28,3,3,3,5,143,0.021208838110246556,review_2024_25
2024-11-29,3,3,3,5,126,0.1915302079061209,review_2024_25
2024-12-02,3,3,3,5,122,-0.12136342607957347,review_2024_25
2024-12-03,3,3,3,5,126,-0.028841654369261113,review_2024_25
2024-12-04,3,3,3,5,148,-0.14846322576408302,review_2024_25
2024-12-05,3,3,3,5,134,0.012710992627272795,review_2024_25
2024-12-06,3,3,3,5,153,0.16633062574121657,review_2024_25
2024-12-09,3,3,3,5,153,0.0665319709641994,review_2024_25
2024-12-10,3,3,3,5,159,0.12728518479775738,review_2024_25
2024-12-11,3,3,3,5,163,-0.019728096153555707,review_2024_25
2024-12-12,3,3,3,5,181,0.08732035931940754,review_2024_25
2024-12-13,3,3,3,5,203,0.06316608658435068,review_2024_25
2024-12-16,3,3,3,5,162,0.07815021624939178,review_2024_25
2024-12-17,3,3,3,5,119,0.07935493404608442,review_2024_25
2024-12-20,3,3,3,5,109,0.009040066352899796,review_2024_25
2024-12-23,3,3,3,5,124,-0.032683235404430036,review_2024_25
2024-12-24,3,3,3,5,175,0.01741271252291092,review_2024_25
2024-12-25,3,3,3,5,141,0.13094110507852982,review_2024_25
2024-12-26,3,3,3,5,143,0.07010675243829921,review_2024_25
2024-12-27,3,3,3,5,152,0.1016427306456903,review_2024_25
2024-12-30,3,3,3,5,181,0.1847702956561747,review_2024_25
2024-12-31,3,3,3,5,190,0.23328281403807627,review_2024_25
2025-01-02,3,3,3,5,141,0.10627415431201546,review_2024_25
2025-01-03,3,3,3,5,117,0.049198998935994845,review_2024_25
2025-01-10,3,3,3,5,160,0.04371433405684024,review_2024_25
2025-01-13,3,3,3,5,140,0.12094925187107813,review_2024_25
2025-01-14,3,3,3,5,141,0.12991808279083403,review_2024_25
2025-01-15,3,3,3,5,147,-0.08260569386349784,review_2024_25
2025-01-16,3,3,3,5,179,0.023767116157912466,review_2024_25
2025-01-17,3,3,3,5,177,-0.03229269010530507,review_2024_25
2025-01-20,3,3,3,5,166,0.03529982750818189,review_2024_25
2025-01-21,3,3,3,5,165,-0.09685457388134316,review_2024_25
2025-01-22,3,3,3,5,157,-0.13455885089268482,review_2024_25
2025-01-23,3,3,3,5,171,-0.1600890877159567,review_2024_25
2025-01-24,3,3,3,5,172,-0.1582578651954781,review_2024_25
2025-01-27,3,3,3,5,189,-0.26148821294723484,review_2024_25
2025-02-05,3,3,3,5,193,-0.1764427264111583,review_2024_25
2025-02-06,3,3,3,5,192,-0.058606682974581256,review_2024_25
2025-02-07,3,3,3,5,177,-0.09150918743867492,review_2024_25
2025-02-10,3,3,3,5,170,0.054985982374020866,review_2024_25
2025-02-11,3,3,3,5,174,0.23607673584556446,review_2024_25
2025-02-12,3,3,3,5,180,0.07098098747434617,review_2024_25
2025-02-13,3,3,3,5,172,-0.011579649297046506,review_2024_25
2025-02-14,3,3,3,5,164,-0.1332570654367165,review_2024_25
2025-02-17,3,3,3,5,162,0.05208736880965212,review_2024_25
2025-02-18,3,3,3,5,161,-0.02824655275171788,review_2024_25
2025-02-19,3,3,3,5,157,-0.05169046808729921,review_2024_25
2025-02-20,3,3,3,5,143,0.014470345743248637,review_2024_25
2025-02-21,3,3,3,5,155,0.07653339091045,review_2024_25
2025-02-24,3,3,3,5,154,0.05971750461087118,review_2024_25
2025-02-25,3,3,3,5,173,0.1552231645165983,review_2024_25
2025-02-26,3,3,3,5,163,0.16665477446533206,review_2024_25
2025-02-27,3,3,3,5,160,0.025155537455947525,review_2024_25
2025-02-28,3,3,3,5,162,0.05091051249229067,review_2024_25
2025-03-03,3,3,3,5,158,0.13338738826465638,review_2024_25
2025-03-04,3,3,3,5,142,0.01585325730479246,review_2024_25
2025-03-05,3,3,3,5,127,-0.060364878404194994,review_2024_25
2025-03-06,3,3,3,5,148,0.08114461287874582,review_2024_25
2025-03-07,3,3,3,5,158,-0.014716620623502694,review_2024_25
2025-03-10,3,3,3,5,205,-0.11045929347461554,review_2024_25
2025-03-11,3,3,3,5,166,0.0004013891211764183,review_2024_25
2025-03-12,3,3,3,5,158,0.08178825476615746,review_2024_25
2025-03-13,3,3,3,5,160,0.07863752190966315,review_2024_25
2025-03-14,3,3,3,5,162,0.17066327574765366,review_2024_25
2025-03-17,3,3,3,5,155,0.2623842582356756,review_2024_25
2025-03-18,3,3,3,5,158,0.11233926161939675,review_2024_25
2025-03-19,3,3,3,5,155,-0.06690261408580872,review_2024_25
2025-03-20,3,3,3,5,149,-0.13399699977164511,review_2024_25
2025-03-21,3,3,3,5,122,0.034747982130071964,review_2024_25
2025-03-24,3,3,3,5,120,0.14470499585126428,review_2024_25
2025-03-25,3,3,3,5,135,0.05769235459256202,review_2024_25
2025-03-26,3,3,3,5,124,0.12320760910463242,review_2024_25
2025-03-27,3,3,3,5,143,-0.08747646675634063,review_2024_25
2025-03-28,3,3,3,5,143,-0.10335215305021306,review_2024_25
2025-03-31,3,3,3,5,147,0.009295560477542748,review_2024_25
2025-04-01,3,3,3,5,131,0.007142504440717034,review_2024_25
2025-04-02,3,3,3,5,131,-0.09309836317376946,review_2024_25
2025-04-03,3,3,3,5,146,-0.0021863865624028424,review_2024_25
2025-04-07,3,3,3,5,154,0.02690560857983751,review_2024_25
2025-04-08,3,3,3,5,129,-0.035143769968051124,review_2024_25
2025-04-09,3,3,3,5,116,3.844239119368805e-06,review_2024_25
2025-04-10,3,3,3,5,124,0.005302952816367636,review_2024_25
2025-04-18,3,3,3,5,144,0.4557592102491864,review_2024_25
2025-04-21,3,3,3,5,140,0.07944076466017001,review_2024_25
2025-04-22,3,3,3,5,132,0.02794264589670783,review_2024_25
2025-04-23,3,3,3,5,151,-0.0040573041946312316,review_2024_25
2025-04-24,3,3,3,5,160,-0.08853447947559233,review_2024_25
2025-04-25,3,3,3,5,151,-0.1732850349786513,review_2024_25
2025-04-28,3,3,3,5,129,-0.0022892505848909465,review_2024_25
2025-04-29,3,3,3,5,149,-0.23255236037771249,review_2024_25
2025-04-30,3,3,3,5,159,-0.1849971302483969,review_2024_25
2025-05-06,3,3,3,5,169,0.08929090868435105,review_2024_25
2025-05-07,3,3,3,5,161,0.002662798037343955,review_2024_25
2025-05-08,3,3,3,5,160,0.09395623149648909,review_2024_25
2025-05-09,3,3,3,5,151,0.04506186072437886,review_2024_25
2025-05-12,3,3,3,5,163,0.01579197488359818,review_2024_25
2025-05-13,3,3,3,5,175,0.02071119366274607,review_2024_25
2025-05-14,3,3,3,5,160,0.1030809887528998,review_2024_25
2025-05-15,3,3,3,5,173,0.08675770247736127,review_2024_25
2025-05-16,3,3,3,5,140,0.13653146617728706,review_2024_25
2025-05-19,3,3,3,5,137,0.0727364371759277,review_2024_25
2025-05-20,3,3,3,5,123,0.04111930143706407,review_2024_25
2025-05-21,3,3,3,5,137,0.07986297470066021,review_2024_25
2025-05-22,3,3,3,5,149,0.010125195447834022,review_2024_25
2025-05-23,3,3,3,5,163,0.09787717795365032,review_2024_25
2025-05-26,3,3,3,5,151,0.058536177302504884,review_2024_25
2025-05-27,3,3,3,5,132,0.022099865511992934,review_2024_25
2025-05-29,3,3,3,5,113,0.096842140283454,review_2024_25
2025-05-30,3,3,3,5,108,-0.05180675831451789,review_2024_25
2025-06-03,3,3,3,5,171,-0.08471098305855054,review_2024_25
2025-06-04,3,3,3,5,163,0.012587961943129207,review_2024_25
2025-06-05,3,3,3,5,148,-0.028319199954849477,review_2024_25
2025-06-06,3,3,3,5,141,-0.1387565339133992,review_2024_25
2025-06-09,3,3,3,5,149,-0.14432720408098634,review_2024_25
2025-06-10,3,3,3,5,156,-0.10280389341399221,review_2024_25
2025-06-11,3,3,3,5,151,-0.10094658665053659,review_2024_25
2025-06-12,3,3,3,5,159,0.10724180345106009,review_2024_25
2025-06-13,3,3,3,5,155,0.12214760126260218,review_2024_25
2025-06-16,3,3,3,5,150,-0.022311312997603663,review_2024_25
2025-06-17,3,3,3,5,148,0.0022877513681491225,review_2024_25
2025-06-18,3,3,3,5,137,0.08783581175439559,review_2024_25
2025-06-19,3,3,3,5,147,0.10228894440439523,review_2024_25
2025-06-20,3,3,3,5,150,-0.04144543441526542,review_2024_25
2025-06-23,3,3,3,5,146,-0.016922356135034223,review_2024_25
2025-06-24,3,3,3,5,145,-0.14445405582074394,review_2024_25
2025-06-25,3,3,3,5,150,0.15584270122469268,review_2024_25
2025-06-26,3,3,3,5,126,0.15561941501240545,review_2024_25
2025-06-27,3,3,3,5,127,0.11033614060830933,review_2024_25
2025-06-30,3,3,3,5,120,0.12945343426626846,review_2024_25
2025-07-01,3,3,3,5,149,0.010696554864075032,review_2024_25
2025-07-02,3,3,3,5,160,0.13019402755722426,review_2024_25
2025-07-03,3,3,3,5,155,0.03487969269390722,review_2024_25
2025-07-04,3,3,3,5,157,-0.13142353008732038,review_2024_25
2025-07-07,3,3,3,5,180,-0.019165289303169346,review_2024_25
2025-07-08,3,3,3,5,191,0.114362944570568,review_2024_25
2025-07-09,3,3,3,5,194,0.01643121112441007,review_2024_25
2025-07-10,3,3,3,5,185,-0.0050405690469850295,review_2024_25
2025-07-11,3,3,3,5,158,-0.07789983220721314,review_2024_25
2025-07-14,3,3,3,5,146,-0.04696328330488749,review_2024_25
2025-07-15,3,3,3,5,152,-0.008707077576346619,review_2024_25
2025-07-16,3,3,3,5,149,-0.03807200286635766,review_2024_25
2025-07-17,3,3,3,5,125,-0.0991685010495231,review_2024_25
2025-07-18,3,3,3,5,124,-0.17524866364631295,review_2024_25
2025-07-21,3,3,3,5,153,-0.02682698413058457,review_2024_25
2025-07-22,3,3,3,5,147,0.12309558013222043,review_2024_25
2025-07-23,3,3,3,5,112,0.09592756315888208,review_2024_25
2025-07-25,3,3,3,5,104,0.27736272295822567,review_2024_25
2025-07-28,3,3,3,5,110,0.19382950091397985,review_2024_25
2025-07-29,3,3,3,5,111,0.1328150194067422,review_2024_25
2025-07-30,3,3,3,5,132,0.11446237330624257,review_2024_25
2025-07-31,3,3,3,5,155,0.14291273305753546,review_2024_25
2025-08-01,3,3,3,5,179,0.09057645219487614,review_2024_25
2025-08-04,3,3,3,5,114,0.13358202003702793,review_2024_25
2025-08-07,3,3,3,5,135,-0.013891395431808168,review_2024_25
2025-08-08,3,3,3,5,146,-0.04482876629811724,review_2024_25
2025-08-11,3,3,3,5,160,-0.04394426031396228,review_2024_25
2025-08-12,3,3,3,5,169,-0.11223977967260015,review_2024_25
2025-08-13,3,3,3,5,169,-0.23626541991753305,review_2024_25
2025-08-14,3,3,3,5,153,-0.10455308865354375,review_2024_25
2025-08-15,3,3,3,5,127,0.0011526930101704203,review_2024_25
2025-08-18,3,3,3,5,124,0.08865802882193023,review_2024_25
2025-08-19,3,3,3,5,130,-0.026028010837363287,review_2024_25
2025-08-20,3,3,3,5,141,0.10253276324456088,review_2024_25
2025-08-21,3,3,3,5,175,-0.11566211914220967,review_2024_25
2025-08-22,3,3,3,5,173,-0.031099059009134313,review_2024_25
2025-08-25,3,3,3,5,154,0.0839173132140826,review_2024_25
2025-08-26,3,3,3,5,168,0.12793145403919204,review_2024_25
2025-08-27,3,3,3,5,154,0.06868084477192637,review_2024_25
2025-08-28,3,3,3,5,193,0.21847568214983204,review_2024_25
2025-08-29,3,3,3,5,179,-0.08923201338287182,review_2024_25
2025-09-01,3,3,3,5,188,-0.04904592784433434,review_2024_25
2025-09-02,3,3,3,5,176,0.00030046291099052096,review_2024_25
2025-09-03,3,3,3,5,151,0.005922037544146015,review_2024_25
2025-09-04,3,3,3,5,116,-0.15635763932065044,review_2024_25
2025-09-08,3,3,3,5,102,0.016776834736586168,review_2024_25
2025-09-09,3,3,3,5,112,0.03171660915023747,review_2024_25
2025-09-10,3,3,3,5,159,0.029673891707245964,review_2024_25
2025-09-11,3,3,3,5,173,0.07941042179963434,review_2024_25
2025-09-12,3,3,3,5,181,-0.03959498369110165,review_2024_25
2025-09-15,3,3,3,5,196,-0.03353371002091717,review_2024_25
2025-09-16,3,3,3,5,191,0.0049798755505191744,review_2024_25
2025-09-17,3,3,3,5,155,-0.05291024899476431,review_2024_25
2025-09-18,3,3,3,5,150,-0.14956069080550025,review_2024_25
2025-09-19,3,3,3,5,148,-0.09741989877278383,review_2024_25
2025-09-22,3,3,3,5,158,0.03261850105817575,review_2024_25
2025-09-23,3,3,3,5,123,-0.05598441903625364,review_2024_25
2025-09-24,3,3,3,5,129,-0.11822500373959464,review_2024_25
2025-09-25,3,3,3,5,143,-0.005166892898761182,review_2024_25
2025-09-26,3,3,3,5,155,-0.11810134873303818,review_2024_25
2025-09-29,3,3,3,5,166,-0.027178992422812326,review_2024_25
2025-09-30,3,3,3,5,171,-0.0782660556298624,review_2024_25
2025-10-09,3,3,3,5,180,-0.04571044666193224,review_2024_25
2025-10-10,3,3,3,5,182,-0.05452313284322475,review_2024_25
2025-10-13,3,3,3,5,176,0.15441287744454324,review_2024_25
2025-10-14,3,3,3,5,176,0.11557935783377538,review_2024_25
2025-10-15,3,3,3,5,170,0.12238153395440685,review_2024_25
2025-10-16,3,3,3,5,146,0.19484135170766242,review_2024_25
2025-10-17,3,3,3,5,122,-0.04928631499352562,review_2024_25
2025-10-20,3,3,3,5,121,0.07955263287241715,review_2024_25
2025-10-21,3,3,3,5,117,0.23921697186456514,review_2024_25
2025-10-22,3,3,3,5,112,-0.038285604459315184,review_2024_25
2025-10-23,3,3,3,5,149,-0.06888457987419254,review_2024_25
2025-10-24,3,3,3,5,155,-0.006190608547150576,review_2024_25
2025-10-27,3,3,3,5,167,0.0441811150019374,review_2024_25
2025-10-28,3,3,3,5,173,0.013374302588818058,review_2024_25
2025-10-29,3,3,3,5,176,0.0716278578339173,review_2024_25
2025-10-30,3,3,3,5,190,0.08657009276731212,review_2024_25
2025-10-31,3,3,3,5,177,0.031890167631301626,review_2024_25
2025-11-03,3,3,3,5,161,-0.047174877447556725,review_2024_25
2025-11-04,3,3,3,5,130,0.02236830964984223,review_2024_25
2025-11-06,3,3,3,5,107,0.14175469188969583,review_2024_25
2025-11-07,3,3,3,5,106,0.012338526027286835,review_2024_25
2025-11-10,3,3,3,5,169,-0.04237138014351604,review_2024_25
2025-11-11,3,3,3,5,143,0.027409853019389054,review_2024_25
2025-11-12,3,3,3,5,134,0.0714950136295561,review_2024_25
2025-11-13,3,3,3,5,155,0.14531805393997124,review_2024_25
2025-11-14,3,3,3,5,155,-0.08533450206370148,review_2024_25
2025-11-17,3,3,3,5,172,0.19027881775154878,review_2024_25
2025-11-18,3,3,3,5,149,0.11256696689766019,review_2024_25
2025-11-19,3,3,3,5,109,0.12219990408902384,review_2024_25
2025-11-20,3,3,3,5,100,-0.05389787487054398,review_2024_25
2025-11-21,3,3,3,5,103,-0.0038275042146477542,review_2024_25
2025-11-24,3,3,3,5,157,0.093830774728041,review_2024_25
2025-11-25,3,3,3,5,145,0.27689449258005655,review_2024_25
2025-11-26,3,3,3,5,133,0.21161791860927762,review_2024_25
2025-11-27,3,3,3,5,131,0.16693046210079773,review_2024_25
2025-11-28,3,3,3,5,123,0.06350393796008222,review_2024_25
2025-12-01,3,3,3,5,129,0.07825971503112052,review_2024_25
2025-12-02,3,3,3,5,163,0.07173971475389226,review_2024_25
2025-12-03,3,3,3,5,185,0.01818548818891739,review_2024_25
2025-12-04,3,3,3,5,161,0.05215976029347593,review_2024_25
2025-12-05,3,3,3,5,138,-0.00025571476844114447,review_2024_25
2025-12-08,3,3,3,5,132,0.18083202454435882,review_2024_25
2025-12-09,3,3,3,5,139,0.14959677284227785,review_2024_25
2025-12-10,3,3,3,5,169,0.13707933050940393,review_2024_25
2025-12-11,3,3,3,5,155,0.06706234848841733,review_2024_25
2025-12-12,3,3,3,5,161,0.033619716052981086,review_2024_25
2025-12-15,3,3,3,5,148,-0.12827755216962547,review_2024_25
2025-12-16,3,3,3,5,131,-0.0801287569113468,review_2024_25
2025-12-17,3,3,3,5,142,-0.08683124122466943,review_2024_25
2025-12-18,3,3,3,5,138,-0.11644624561210819,review_2024_25
2025-12-19,3,3,3,5,164,-0.11137690095095182,review_2024_25
2025-12-22,3,3,3,5,153,-0.05481338520272249,review_2024_25
2025-12-23,3,3,3,5,161,-0.05624445107456349,review_2024_25
2025-12-24,3,3,3,5,135,-0.1471544745198408,review_2024_25
2025-12-25,3,3,3,5,146,-0.1405032930763181,review_2024_25
2025-12-26,3,3,3,5,153,-0.11426230758150373,review_2024_25
2025-12-29,3,3,3,5,166,-0.07242173583407119,review_2024_25
2025-12-30,3,3,3,5,190,-0.025367160296200324,review_2024_25
2025-12-31,3,3,3,5,175,0.022370179960154512,review_2024_25
2026-01-05,3,3,3,5,176,-0.069649063722519,seen_2026
2026-01-06,3,3,3,5,147,0.08755557109023616,seen_2026
2026-01-07,3,3,3,5,137,-0.025876826138003104,seen_2026
2026-01-08,3,3,3,5,134,-0.10756182230193197,seen_2026
2026-01-09,3,3,3,5,148,-0.011331339891190994,seen_2026
2026-01-12,3,3,3,5,158,-0.059209925824127305,seen_2026
2026-01-13,3,3,3,5,151,0.04189286454991228,seen_2026
2026-01-14,3,3,3,5,136,0.07764530765070282,seen_2026
2026-01-15,3,3,3,5,146,-0.0899504206488313,seen_2026
2026-01-16,3,3,3,5,130,-0.143767215044632,seen_2026
2026-01-19,3,3,3,5,107,0.03583061889250815,seen_2026
2026-01-20,3,3,3,5,107,0.1451834508504003,seen_2026
2026-01-22,3,3,3,5,159,-0.021901253291457434,seen_2026
2026-01-23,3,3,3,5,163,0.06118226034537018,seen_2026
2026-01-26,3,3,3,5,153,0.10792595074794184,seen_2026
2026-01-27,3,3,3,5,151,0.0889022888697328,seen_2026
2026-01-28,3,3,3,5,148,0.07792200580939755,seen_2026
2026-01-29,3,3,3,5,151,0.20284977840703233,seen_2026
2026-01-30,3,3,3,5,152,0.009062561405131397,seen_2026
2026-02-02,3,3,3,5,160,0.0382780586740719,seen_2026
2026-02-03,3,3,3,5,135,0.1740659447858746,seen_2026
2026-02-04,3,3,3,5,134,0.1686924860974347,seen_2026
2026-02-05,3,3,3,5,141,0.15757675648667827,seen_2026
2026-02-06,3,3,3,5,177,0.18107009243406888,seen_2026
2026-02-09,3,3,3,5,164,0.26944930753650037,seen_2026
2026-02-10,3,3,3,5,137,0.2485211242955651,seen_2026
2026-02-11,3,3,3,5,144,0.1374995478652205,seen_2026
2026-02-12,3,3,3,5,142,-0.01999203671493535,seen_2026
2026-02-13,3,3,3,5,142,0.059020515937177734,seen_2026
2026-02-24,3,3,3,5,126,0.16429270985051825,seen_2026
2026-02-25,3,3,3,5,134,0.13781038571917054,seen_2026
2026-02-26,3,3,3,5,135,0.07676633665819194,seen_2026
2026-02-27,3,3,3,5,150,0.060497126084656704,seen_2026
2026-03-02,3,3,3,5,154,-0.038188976701472255,seen_2026
2026-03-03,3,3,3,5,138,0.07847748384369435,seen_2026
2026-03-04,3,3,3,5,107,-0.009894442947878977,seen_2026
2026-03-05,3,3,3,5,134,-0.12100347017894104,seen_2026
2026-03-06,3,3,3,5,106,-0.044240341791335555,seen_2026
2026-03-09,3,3,3,5,158,-0.025085341884878695,seen_2026
2026-03-10,3,3,3,5,156,0.13754718815332473,seen_2026
2026-03-11,3,3,3,5,204,-0.018308617347787437,seen_2026
2026-03-12,3,3,3,5,211,-0.10580866283840926,seen_2026
2026-03-13,3,3,3,5,173,-0.16618303856013078,seen_2026
2026-03-16,3,3,3,5,125,-0.0862214630463763,seen_2026
2026-03-17,3,3,3,5,115,-0.10415491262967765,seen_2026
2026-03-18,3,3,3,5,122,-0.046285694458964674,seen_2026
2026-03-19,3,3,3,5,141,0.1992133610896923,seen_2026
2026-03-20,3,3,3,5,121,0.15794349314402367,seen_2026
2026-03-26,3,3,3,5,103,0.055243157756007556,seen_2026
2026-03-27,3,3,3,5,185,0.12103536655493191,seen_2026
2026-03-30,3,3,3,5,161,0.12061801419998743,seen_2026
2026-03-31,3,3,3,5,138,0.08706025790919161,seen_2026
2026-04-01,3,3,3,5,161,0.055144550640478775,seen_2026
2026-04-02,3,3,3,5,170,-0.16579598351984617,seen_2026
2026-04-03,3,3,3,5,164,-0.1378956196093927,seen_2026
2026-04-07,3,3,3,5,112,0.00338266384781098,seen_2026
2026-04-08,3,3,3,5,130,-0.06401297848259868,seen_2026
2026-04-09,3,3,3,5,135,-0.14206714735418693,seen_2026
2026-04-10,3,3,3,5,202,-0.13997176920496207,seen_2026
2026-04-13,3,3,3,5,179,0.06184394640435649,seen_2026
2026-04-14,3,3,3,5,158,0.27239211540214603,seen_2026
2026-04-15,3,3,3,5,162,0.08539714350239959,seen_2026
2026-04-16,3,3,3,5,179,-0.04194883115119129,seen_2026
2026-04-17,3,3,3,5,187,-0.2001561705728504,seen_2026
2026-04-20,3,3,3,5,183,-0.09466972461355494,seen_2026
2026-04-21,3,3,3,5,178,-0.08828475053110679,seen_2026
2026-04-22,3,3,3,5,175,-0.03951426141967444,seen_2026
2026-04-23,3,3,3,5,175,0.07257185560892626,seen_2026
2026-04-24,3,3,3,5,168,-0.07460255795437698,seen_2026
2026-04-27,3,3,3,5,147,0.03524029361899291,seen_2026
2026-04-28,3,3,3,5,131,-0.03268309674012708,seen_2026
2026-04-29,3,3,3,5,141,0.08983076061979803,seen_2026
2026-04-30,3,3,3,5,142,0.06057367387116528,seen_2026
2026-05-06,3,3,3,5,151,0.012297031877201976,seen_2026
2026-05-07,3,3,3,5,141,0.12105236119962462,seen_2026
2026-05-08,3,3,3,5,130,0.2523897701460209,seen_2026
2026-05-11,3,3,3,5,137,0.055512449989780825,seen_2026
2026-05-12,3,3,3,5,135,0.06093322830285486,seen_2026
2026-05-13,3,3,3,5,142,0.10374913949285804,seen_2026
2026-05-14,3,3,3,5,157,0.14896101117360605,seen_2026
2026-05-15,3,3,3,5,130,0.03881291633782625,seen_2026
2026-05-18,3,3,3,5,137,0.10137363823427137,seen_2026
2026-05-19,3,3,3,5,116,0.0579714602059206,seen_2026
2026-05-20,3,3,3,5,109,-0.033245374027922665,seen_2026
2026-05-21,3,3,3,5,134,-0.21302313750396673,seen_2026
2026-05-22,3,3,3,5,159,-0.11057688360602168,seen_2026
2026-05-25,3,3,3,5,175,-0.014345091651118805,seen_2026
2026-05-26,3,3,3,5,154,0.10440815636266834,seen_2026
2026-05-27,3,3,3,5,155,0.05200143405601976,seen_2026
2026-05-28,3,3,3,5,151,-0.0010264927496328826,seen_2026
2026-05-29,3,3,3,5,154,0.048399617206422864,seen_2026
2026-06-01,3,3,3,5,131,-0.012590115278204453,seen_2026
2026-06-02,3,3,3,5,137,0.06996386530408893,seen_2026
2026-06-03,3,3,3,5,140,0.033850123548577554,seen_2026
2026-06-04,3,3,3,5,133,0.1010245279701717,seen_2026
2026-06-05,3,3,3,5,130,0.16082492246907265,seen_2026
2026-06-08,3,3,3,5,100,0.1802831100129068,seen_2026
2026-06-09,3,3,3,5,123,0.062078594622456525,seen_2026
2026-06-10,3,3,3,5,109,0.14955553135878186,seen_2026
2026-06-11,3,3,3,5,109,0.09727109922901471,seen_2026
2026-06-12,3,3,3,5,127,0.06459474858319197,seen_2026
2026-06-15,3,3,3,5,131,0.037412737199376184,seen_2026
2026-06-16,3,3,3,5,143,-0.0380163847809041,seen_2026
2026-06-17,3,3,3,5,126,-0.12344094020585034,seen_2026
2026-06-18,3,3,3,5,113,-0.12884753339945723,seen_2026
2026-06-22,3,3,3,5,100,-0.029546954695469547,seen_2026
2026-06-23,3,3,3,5,103,-3.84396785346047e-05,seen_2026
2026-06-24,3,3,3,5,129,0.1714950965664362,seen_2026
2026-06-25,3,3,3,5,188,0.2316909583212604,seen_2026
2026-06-26,3,3,3,5,150,0.03899735810016937,seen_2026
2026-06-29,3,3,3,5,131,0.06531272437092706,seen_2026
2026-06-30,3,3,3,5,130,-0.09182427726720287,seen_2026
2026-07-01,3,3,3,5,144,0.11490457942404031,seen_2026
2026-07-02,3,3,3,5,154,0.20965739994658555,seen_2026
2026-07-03,3,3,3,5,172,-0.0593129951473227,seen_2026
2026-07-06,3,3,3,5,161,0.012537436180684465,seen_2026
2026-07-07,3,3,3,5,126,0.11220114315894608,seen_2026
2026-07-08,3,3,3,5,108,0.06519222799729088,seen_2026
2026-07-09,3,3,3,5,105,-0.08099275082727839,seen_2026
2026-07-13,3,3,3,5,128,0.102451048415929,seen_2026
2026-07-14,3,3,3,5,183,-0.020787551749875392,seen_2026
2026-07-15,3,3,3,5,170,-0.03216280350716664,seen_2026
2026-07-16,3,3,3,5,158,-0.02942107120720923,seen_2026
2026-07-17,3,3,3,5,138,0.03670665272492074,seen_2026
2026-07-20,3,3,3,5,132,0.09957344673335826,seen_2026
2026-07-21,3,3,3,5,116,0.07517794021837634,seen_2026
2026-07-22,3,3,3,5,119,-0.06440344823943493,seen_2026
2026-07-23,3,3,3,5,123,-0.1212198405482986,seen_2026
2026-07-24,3,3,3,5,130,-0.15085342222506617,seen_2026
2026-07-27,3,3,3,5,120,-0.24003139117782896,seen_2026
2026-07-28,3,3,3,5,109,-0.08753168164157368,seen_2026
2026-07-29,3,3,3,5,137,-0.19656550005420653,seen_2026
2026-07-30,3,3,3,5,115,-0.10459679869327977,seen_2026
2026-07-31,3,3,3,5,115,-0.12214574715116318,seen_2026
2026-08-03,3,3,3,5,110,0.06773227178583081,seen_2026
2026-08-04,3,3,3,5,162,0.18643511641725935,seen_2026
2026-08-05,3,3,3,5,170,0.08631401280756047,seen_2026
2026-08-06,3,3,3,5,150,0.06152639944246313,seen_2026
2026-08-07,3,3,3,5,108,0.08030161932253696,seen_2026
2026-08-12,3,3,3,5,153,0.04630568115757502,seen_2026
2026-08-13,3,3,3,5,170,0.16290131014575765,seen_2026
2026-08-14,3,3,3,5,155,0.17409610113896504,seen_2026
2026-08-17,3,3,3,5,164,0.20656946817501437,seen_2026
2026-08-18,3,3,3,5,146,0.07699856746183456,seen_2026
2026-08-19,3,3,3,5,143,0.03447479847310271,seen_2026
2026-08-20,3,3,3,5,146,-0.01443712005678816,seen_2026
2026-08-21,3,3,3,5,137,-0.1522071151798616,seen_2026
2026-08-24,3,3,3,5,147,-0.08137999557998853,seen_2026
2026-08-25,3,3,3,5,158,-0.22352525072031967,seen_2026
2026-08-26,3,3,3,5,161,0.01305213304897154,seen_2026
2026-08-27,3,3,3,5,156,0.010916619910093446,seen_2026
2026-08-28,3,3,3,5,172,0.05129859027333765,seen_2026
2026-08-31,3,3,3,5,155,0.013476867450078069,seen_2026
2026-09-01,3,3,3,5,150,0.09463040415342842,seen_2026
2026-09-02,3,3,3,5,136,-0.02326283159733757,seen_2026
2026-09-03,3,3,3,5,136,-0.10250777043899045,seen_2026
2026-09-04,3,3,3,5,149,-0.060713301023190856,seen_2026
2026-09-07,3,3,3,5,154,-0.11877311861886682,seen_2026
2026-09-08,3,3,3,5,188,0.15748743237696072,seen_2026
2026-09-09,3,3,3,5,152,0.15357895555175777,seen_2026
2026-09-10,3,3,3,5,125,0.05148395005221136,seen_2026
2026-09-11,3,3,3,5,120,0.011938411962312788,seen_2026
2026-09-14,3,3,3,5,114,-0.14879002045321074,seen_2026
2026-09-16,3,3,3,5,102,0.10939841334266633,seen_2026
2026-09-17,3,3,3,5,124,-0.015792339236393664,seen_2026
2026-09-18,3,3,3,5,120,-0.04704683327603749,seen_2026
2026-09-21,3,3,3,5,111,-0.044296438647489576,seen_2026
2020-01-16,5,5,3,1,284,0.025214069241552613,discovery_2020_23
2020-01-17,5,5,3,1,283,-0.08526063990274677,discovery_2020_23
2020-01-20,5,5,3,1,286,0.006591118533197448,discovery_2020_23
2020-01-21,5,5,3,1,269,-0.010439429826304133,discovery_2020_23
2020-01-22,5,5,3,1,249,0.042828274348625045,discovery_2020_23
2020-01-23,5,5,3,1,239,0.14442187783222193,discovery_2020_23
2020-02-03,5,5,3,1,217,-0.2391345706675686,discovery_2020_23
2020-02-04,5,5,3,1,211,-0.04921074070983563,discovery_2020_23
2020-02-05,5,5,3,1,210,-0.39418038530905525,discovery_2020_23
2020-02-06,5,5,3,1,257,0.11047503242699434,discovery_2020_23
2020-02-07,5,5,3,1,291,-0.012339010139946174,discovery_2020_23
2020-02-10,5,5,3,1,294,0.17770390756702947,discovery_2020_23
2020-02-11,5,5,3,1,294,-0.003699029437624391,discovery_2020_23
2020-02-12,5,5,3,1,295,-0.05741967420750167,discovery_2020_23
2020-02-13,5,5,3,1,288,0.14154376720112202,discovery_2020_23
2020-02-14,5,5,3,1,281,0.09691372997916231,discovery_2020_23
2020-02-17,5,5,3,1,278,0.020596358257428542,discovery_2020_23
2020-02-18,5,5,3,1,283,-0.011912400674124475,discovery_2020_23
2020-02-19,5,5,3,1,287,0.1948748249971327,discovery_2020_23
2020-02-20,5,5,3,1,287,-0.05765325961311689,discovery_2020_23
2020-02-21,5,5,3,1,267,-0.07580999665071675,discovery_2020_23
2020-02-24,5,5,3,1,264,-0.03844950420965883,discovery_2020_23
2020-02-25,5,5,3,1,260,0.1144438902709156,discovery_2020_23
2020-02-26,5,5,3,1,277,0.22536141679590554,discovery_2020_23
2020-02-27,5,5,3,1,280,0.025060032971516776,discovery_2020_23
2020-02-28,5,5,3,1,290,0.02678100813979412,discovery_2020_23
2020-03-02,5,5,3,1,292,0.16044080462932556,discovery_2020_23
2020-03-03,5,5,3,1,290,-0.019777953460452833,discovery_2020_23
2020-03-04,5,5,3,1,290,0.258419643805957,discovery_2020_23
2020-03-05,5,5,3,1,292,-0.018281644911844308,discovery_2020_23
2020-03-06,5,5,3,1,291,-0.08816093000741926,discovery_2020_23
2020-03-09,5,5,3,1,291,0.027237785637300227,discovery_2020_23
2020-03-10,5,5,3,1,286,0.01751010287025365,discovery_2020_23
2020-03-11,5,5,3,1,287,0.0030797458486313033,discovery_2020_23
2020-03-12,5,5,3,1,284,-0.038177242803011636,discovery_2020_23
2020-03-13,5,5,3,1,273,-0.11106774494580733,discovery_2020_23
2020-03-16,5,5,3,1,267,0.18705498180129673,discovery_2020_23
2020-03-17,5,5,3,1,252,0.1032715582912156,discovery_2020_23
2020-03-18,5,5,3,1,204,-0.10487691628818806,discovery_2020_23
2020-03-19,5,5,3,1,194,0.19527027415770476,discovery_2020_23
2020-03-20,5,5,3,1,204,0.08383138761195207,discovery_2020_23
2020-03-23,5,5,3,1,172,0.18274588139029568,discovery_2020_23
2020-03-24,5,5,3,1,217,0.19898085612486235,discovery_2020_23
2020-03-25,5,5,3,1,220,0.13112135915125603,discovery_2020_23
2020-03-26,5,5,3,1,268,-0.10303445163045956,discovery_2020_23
2020-03-27,5,5,3,1,282,-0.013381717815154974,discovery_2020_23
2020-03-30,5,5,3,1,279,0.061881742725691614,discovery_2020_23
2020-03-31,5,5,3,1,281,0.22777988260654894,discovery_2020_23
2020-04-01,5,5,3,1,284,0.16157913279452787,discovery_2020_23
2020-04-02,5,5,3,1,283,-0.08571937285811414,discovery_2020_23
2020-04-03,5,5,3,1,281,-0.09662210125101506,discovery_2020_23
2020-04-07,5,5,3,1,286,-0.011291961736539971,discovery_2020_23
2020-04-08,5,5,3,1,287,-0.04628222657780094,discovery_2020_23
2020-04-09,5,5,3,1,292,0.06220009673542516,discovery_2020_23
2020-04-10,5,5,3,1,287,-0.09856169137670555,discovery_2020_23
2020-04-13,5,5,3,1,282,0.053103295420039,discovery_2020_23
2020-04-14,5,5,3,1,285,0.1513368813486327,discovery_2020_23
2020-04-15,5,5,3,1,289,-0.04902224837818241,discovery_2020_23
2020-04-16,5,5,3,1,292,0.11782265965350455,discovery_2020_23
2020-04-17,5,5,3,1,293,-0.11857925211963156,discovery_2020_23
2020-04-20,5,5,3,1,294,0.028706996349046728,discovery_2020_23
2020-04-21,5,5,3,1,295,0.06885202721374216,discovery_2020_23
2020-04-22,5,5,3,1,292,0.13147296245545545,discovery_2020_23
2020-04-23,5,5,3,1,292,0.031293518532138916,discovery_2020_23
2020-04-24,5,5,3,1,284,0.10481665357804347,discovery_2020_23
2020-04-27,5,5,3,1,283,0.11264971678037,discovery_2020_23
2020-04-28,5,5,3,1,282,-0.07110126752152197,discovery_2020_23
2020-04-29,5,5,3,1,286,0.1503714850826378,discovery_2020_23
2020-04-30,5,5,3,1,290,0.10479333899297273,discovery_2020_23
2020-05-06,5,5,3,1,287,-0.08934734083441165,discovery_2020_23
2020-05-07,5,5,3,1,285,0.013006626709121883,discovery_2020_23
2020-05-08,5,5,3,1,283,-0.04448403076113078,discovery_2020_23
2020-05-11,5,5,3,1,277,0.06699390711889879,discovery_2020_23
2020-05-12,5,5,3,1,279,0.06682612852857844,discovery_2020_23
2020-05-13,5,5,3,1,277,-0.016798404263668187,discovery_2020_23
2020-05-14,5,5,3,1,286,0.008046101940611028,discovery_2020_23
2020-05-15,5,5,3,1,285,0.09573884486092293,discovery_2020_23
2020-05-18,5,5,3,1,276,0.07233048321977997,discovery_2020_23
2020-05-19,5,5,3,1,268,0.15017440092375706,discovery_2020_23
2020-05-20,5,5,3,1,272,-0.06883997096509821,discovery_2020_23
2020-05-21,5,5,3,1,276,-0.028761972085776726,discovery_2020_23
2020-05-22,5,5,3,1,282,0.06708356101146597,discovery_2020_23
2020-05-25,5,5,3,1,283,-0.13814063514402578,discovery_2020_23
2020-05-26,5,5,3,1,274,0.026185951616513548,discovery_2020_23
2020-05-27,5,5,3,1,271,0.21160140929419027,discovery_2020_23
2020-05-28,5,5,3,1,272,-0.03317607586556487,discovery_2020_23
2020-05-29,5,5,3,1,277,0.04346305324294745,discovery_2020_23
2020-06-01,5,5,3,1,284,-0.12019212647726676,discovery_2020_23
2020-06-02,5,5,3,1,284,0.1377392598231236,discovery_2020_23
2020-06-03,5,5,3,1,292,-0.014034339349333487,discovery_2020_23
2020-06-04,5,5,3,1,291,-0.14090669560291338,discovery_2020_23
2020-06-05,5,5,3,1,290,-0.04475606338637535,discovery_2020_23
2020-06-08,5,5,3,1,292,0.12563851463198136,discovery_2020_23
2020-06-09,5,5,3,1,287,0.05746661107666743,discovery_2020_23
2020-06-10,5,5,3,1,288,0.1330785313802508,discovery_2020_23
2020-06-11,5,5,3,1,285,-0.09695301188359563,discovery_2020_23
2020-06-12,5,5,3,1,289,-0.039653505098851675,discovery_2020_23
2020-06-15,5,5,3,1,264,-0.06751818562659287,discovery_2020_23
2020-06-16,5,5,3,1,262,0.0660408644473462,discovery_2020_23
2020-06-17,5,5,3,1,257,0.066710745075418,discovery_2020_23
2020-06-18,5,5,3,1,255,-0.07011242779101222,discovery_2020_23
2020-06-19,5,5,3,1,258,-0.11881419220541636,discovery_2020_23
2020-06-22,5,5,3,1,264,-0.1392562915132225,discovery_2020_23
2020-06-23,5,5,3,1,271,0.1653792700103686,discovery_2020_23
2020-06-24,5,5,3,1,266,0.10002512145629172,discovery_2020_23
2020-06-29,5,5,3,1,265,-0.05537604481154574,discovery_2020_23
2020-06-30,5,5,3,1,263,0.11217813296794048,discovery_2020_23
2020-07-01,5,5,3,1,283,-0.054191118026357975,discovery_2020_23
2020-07-02,5,5,3,1,277,0.030438091710641837,discovery_2020_23
2020-07-03,5,5,3,1,280,-0.18800817521919316,discovery_2020_23
2020-07-06,5,5,3,1,268,0.43287535018921763,discovery_2020_23
2020-07-07,5,5,3,1,204,-0.33472164896126705,discovery_2020_23
2020-07-08,5,5,3,1,177,0.1868800271930205,discovery_2020_23
2020-07-09,5,5,3,1,172,0.27178220915760276,discovery_2020_23
2020-07-10,5,5,3,1,239,0.023418242390214505,discovery_2020_23
2020-07-13,5,5,3,1,254,0.15220326869185963,discovery_2020_23
2020-07-14,5,5,3,1,276,0.21704614449438644,discovery_2020_23
2020-07-15,5,5,3,1,277,-0.08811257867318571,discovery_2020_23
2020-07-16,5,5,3,1,261,0.08877558011310112,discovery_2020_23
2020-07-17,5,5,3,1,248,-0.21880919632740534,discovery_2020_23
2020-07-20,5,5,3,1,257,0.05154670514403478,discovery_2020_23
2020-07-21,5,5,3,1,255,0.03828603034295986,discovery_2020_23
2020-07-22,5,5,3,1,288,-0.036536896973750864,discovery_2020_23
2020-07-23,5,5,3,1,291,0.01201759249316869,discovery_2020_23
2020-07-24,5,5,3,1,296,-0.08089516689299926,discovery_2020_23
2020-07-27,5,5,3,1,295,0.13481234231844483,discovery_2020_23
2020-07-28,5,5,3,1,292,-0.018881502114256963,discovery_2020_23
2020-07-29,5,5,3,1,291,-0.060681497800790705,discovery_2020_23
2020-07-30,5,5,3,1,292,-0.09503742151215552,discovery_2020_23
2020-07-31,5,5,3,1,294,-0.055448873009753666,discovery_2020_23
2020-08-03,5,5,3,1,295,0.07131645360217949,discovery_2020_23
2020-08-04,5,5,3,1,293,-0.025890218528450987,discovery_2020_23
2020-08-05,5,5,3,1,293,-0.1799801959383843,discovery_2020_23
2020-08-06,5,5,3,1,290,-0.05280946116926784,discovery_2020_23
2020-08-07,5,5,3,1,288,-0.04943955973611008,discovery_2020_23
2020-08-10,5,5,3,1,286,0.07781549377187406,discovery_2020_23
2020-08-11,5,5,3,1,288,-0.12155793008672112,discovery_2020_23
2020-08-12,5,5,3,1,284,-0.0778230986834193,discovery_2020_23
2020-08-13,5,5,3,1,277,-0.004353208988966967,discovery_2020_23
2020-08-14,5,5,3,1,269,-0.170209696592889,discovery_2020_23
2020-08-17,5,5,3,1,275,0.11071065872819308,discovery_2020_23
2020-08-18,5,5,3,1,281,-0.07614995699651879,discovery_2020_23
2020-08-19,5,5,3,1,295,0.12145399354513552,discovery_2020_23
2020-08-20,5,5,3,1,298,0.04229322015603731,discovery_2020_23
2020-08-21,5,5,3,1,297,0.2501812225998699,discovery_2020_23
2020-08-24,5,5,3,1,297,0.09609718140455714,discovery_2020_23
2020-08-25,5,5,3,1,295,-0.0034099313608162195,discovery_2020_23
2020-08-26,5,5,3,1,287,0.03551834690354789,discovery_2020_23
2020-08-27,5,5,3,1,269,-0.08232292142846306,discovery_2020_23
2020-08-28,5,5,3,1,262,0.019900957282057447,discovery_2020_23
2020-08-31,5,5,3,1,259,0.014328975187990317,discovery_2020_23
2020-09-01,5,5,3,1,283,0.02326390359745657,discovery_2020_23
2020-09-02,5,5,3,1,287,-0.05326865205500288,discovery_2020_23
2020-09-03,5,5,3,1,290,-0.0008933226172999821,discovery_2020_23
2020-09-04,5,5,3,1,291,-0.03904710493684006,discovery_2020_23
2020-09-07,5,5,3,1,290,-0.09980500722628137,discovery_2020_23
2020-09-08,5,5,3,1,291,-0.06803896812505004,discovery_2020_23
2020-09-09,5,5,3,1,280,-0.038603926209841,discovery_2020_23
2020-09-10,5,5,3,1,253,0.20493769037703283,discovery_2020_23
2020-09-11,5,5,3,1,245,0.057098249205030385,discovery_2020_23
2020-09-14,5,5,3,1,248,0.04845035815753383,discovery_2020_23
2020-09-15,5,5,3,1,253,-0.16581162519598514,discovery_2020_23
2020-09-16,5,5,3,1,283,0.12535267104931555,discovery_2020_23
2020-09-17,5,5,3,1,287,0.05624540125197985,discovery_2020_23
2020-09-18,5,5,3,1,289,0.04186603673637711,discovery_2020_23
2020-09-21,5,5,3,1,286,0.05580559789488537,discovery_2020_23
2020-09-22,5,5,3,1,289,0.22505322685907447,discovery_2020_23
2020-09-23,5,5,3,1,285,-0.09069204059433286,discovery_2020_23
2020-09-24,5,5,3,1,289,-0.049471515529374795,discovery_2020_23
2020-09-25,5,5,3,1,286,-0.07153503104166681,discovery_2020_23
2020-09-28,5,5,3,1,263,0.04421482789989179,discovery_2020_23
2020-09-29,5,5,3,1,248,0.08661017594669727,discovery_2020_23
2020-09-30,5,5,3,1,241,-0.10243989650373905,discovery_2020_23
2020-10-09,5,5,3,1,252,-0.0007727424746658123,discovery_2020_23
2020-10-12,5,5,3,1,256,0.025428851015253492,discovery_2020_23
2020-10-13,5,5,3,1,275,0.026618277147041767,discovery_2020_23
2020-10-14,5,5,3,1,275,0.09856386613903029,discovery_2020_23
2020-10-15,5,5,3,1,265,-0.05774891747228933,discovery_2020_23
2020-10-16,5,5,3,1,269,0.029375219049719608,discovery_2020_23
2020-10-19,5,5,3,1,275,0.054298044809368846,discovery_2020_23
2020-10-20,5,5,3,1,281,-0.06392299299948605,discovery_2020_23
2020-10-21,5,5,3,1,282,-0.004036916721314901,discovery_2020_23
2020-10-22,5,5,3,1,284,-0.2429211264569192,discovery_2020_23
2020-10-23,5,5,3,1,285,0.3489492203722468,discovery_2020_23
2020-10-26,5,5,3,1,277,0.13602657055530729,discovery_2020_23
2020-10-27,5,5,3,1,280,0.1580505623169806,discovery_2020_23
2020-10-28,5,5,3,1,273,0.04843268591732428,discovery_2020_23
2020-10-29,5,5,3,1,270,-0.16256489656750797,discovery_2020_23
2020-10-30,5,5,3,1,269,-0.1175119731679804,discovery_2020_23
2020-11-02,5,5,3,1,266,0.11636900373716418,discovery_2020_23
2020-11-03,5,5,3,1,274,0.01430046138068894,discovery_2020_23
2020-11-04,5,5,3,1,272,0.029985851194310922,discovery_2020_23
2020-11-05,5,5,3,1,281,0.016843986858813297,discovery_2020_23
2020-11-06,5,5,3,1,284,0.10793558158309292,discovery_2020_23
2020-11-09,5,5,3,1,279,0.04211943196019348,discovery_2020_23
2020-11-10,5,5,3,1,273,0.06378098733097377,discovery_2020_23
2020-11-11,5,5,3,1,267,0.05321823025677568,discovery_2020_23
2020-11-12,5,5,3,1,270,-0.125726188884657,discovery_2020_23
2020-11-13,5,5,3,1,272,-0.03689924787330245,discovery_2020_23
2020-11-16,5,5,3,1,286,0.017946512126717686,discovery_2020_23
2020-11-17,5,5,3,1,285,0.003308312120306422,discovery_2020_23
2020-11-18,5,5,3,1,286,0.21886610026640174,discovery_2020_23
2020-11-19,5,5,3,1,284,-0.031510105513761974,discovery_2020_23
2020-11-20,5,5,3,1,286,-0.21147935675036353,discovery_2020_23
2020-11-23,5,5,3,1,285,-0.060753993653383756,discovery_2020_23
2020-11-24,5,5,3,1,291,-0.06834953442039035,discovery_2020_23
2020-11-25,5,5,3,1,288,-0.035620629393930986,discovery_2020_23
2020-11-26,5,5,3,1,288,-0.02355192614999812,discovery_2020_23
2020-11-27,5,5,3,1,284,0.06745713516071727,discovery_2020_23
2020-11-30,5,5,3,1,281,0.19348685662535614,discovery_2020_23
2020-12-01,5,5,3,1,285,0.023419945525038212,discovery_2020_23
2020-12-02,5,5,3,1,285,0.09110858743148474,discovery_2020_23
2020-12-03,5,5,3,1,286,0.30345663240918574,discovery_2020_23
2020-12-04,5,5,3,1,287,0.31266513601500906,discovery_2020_23
2020-12-07,5,5,3,1,284,-0.11463399192466395,discovery_2020_23
2020-12-08,5,5,3,1,278,0.06941926176109536,discovery_2020_23
2020-12-09,5,5,3,1,274,0.05789583768703021,discovery_2020_23
2020-12-10,5,5,3,1,236,0.057328412709197474,discovery_2020_23
2020-12-11,5,5,3,1,222,0.08311499572183736,discovery_2020_23
2020-12-14,5,5,3,1,196,0.06753753868081518,discovery_2020_23
2020-12-15,5,5,3,1,203,-0.08400672507811821,discovery_2020_23
2020-12-16,5,5,3,1,204,-0.039970047554280706,discovery_2020_23
2020-12-17,5,5,3,1,226,-0.19494933875427609,discovery_2020_23
2020-12-18,5,5,3,1,240,-0.007670039429277522,discovery_2020_23
2020-12-21,5,5,3,1,248,0.216325616222551,discovery_2020_23
2020-12-22,5,5,3,1,258,-0.13658341102757002,discovery_2020_23
2020-12-23,5,5,3,1,257,0.133766693972731,discovery_2020_23
2020-12-24,5,5,3,1,257,-0.1937711420803886,discovery_2020_23
2020-12-25,5,5,3,1,245,0.05196237503755557,discovery_2020_23
2020-12-28,5,5,3,1,266,0.1720353713670609,discovery_2020_23
2020-12-29,5,5,3,1,265,-0.09921756044545645,discovery_2020_23
2020-12-30,5,5,3,1,274,0.12650225681308883,discovery_2020_23
2020-12-31,5,5,3,1,288,0.025224213275595275,discovery_2020_23
2021-01-04,5,5,3,1,283,0.0541935662487528,discovery_2020_23
2021-01-05,5,5,3,1,283,0.08750602752124333,discovery_2020_23
2021-01-06,5,5,3,1,273,0.028372501496096037,discovery_2020_23
2021-01-07,5,5,3,1,259,0.18572410400518727,discovery_2020_23
2021-01-08,5,5,3,1,252,0.24594764886304016,discovery_2020_23
2021-01-11,5,5,3,1,252,-0.24385933042833735,discovery_2020_23
2021-01-12,5,5,3,1,256,-0.013414134767228558,discovery_2020_23
2021-01-13,5,5,3,1,263,-0.03158094024993532,discovery_2020_23
2021-01-14,5,5,3,1,274,0.12427140006126763,discovery_2020_23
2021-01-15,5,5,3,1,275,0.007116478749147662,discovery_2020_23
2021-01-18,5,5,3,1,282,-0.017646522928833976,discovery_2020_23
2021-01-19,5,5,3,1,286,0.136398681267051,discovery_2020_23
2021-01-20,5,5,3,1,280,0.22251126041174804,discovery_2020_23
2021-01-21,5,5,3,1,283,0.18310930179274368,discovery_2020_23
2021-01-22,5,5,3,1,286,0.15340971174223517,discovery_2020_23
2021-01-25,5,5,3,1,283,0.07303264151623486,discovery_2020_23
2021-01-26,5,5,3,1,273,0.08739897981632527,discovery_2020_23
2021-01-27,5,5,3,1,267,0.0471601418221411,discovery_2020_23
2021-01-28,5,5,3,1,254,0.0605490633163847,discovery_2020_23
2021-01-29,5,5,3,1,255,-0.10541515801526904,discovery_2020_23
2021-02-01,5,5,3,1,246,0.021497718314714857,discovery_2020_23
2021-02-02,5,5,3,1,247,-0.1095219409629338,discovery_2020_23
2021-02-03,5,5,3,1,239,0.04791731631398095,discovery_2020_23
2021-02-04,5,5,3,1,260,0.053855351457679404,discovery_2020_23
2021-02-05,5,5,3,1,259,-0.16904363394235686,discovery_2020_23
2021-02-08,5,5,3,1,252,0.05102916764565004,discovery_2020_23
2021-02-09,5,5,3,1,254,0.041021788019191846,discovery_2020_23
2021-02-10,5,5,3,1,259,0.02830631450379303,discovery_2020_23
2021-02-18,5,5,3,1,275,-0.022028520547967025,discovery_2020_23
2021-02-19,5,5,3,1,279,-0.21093497464829003,discovery_2020_23
2021-02-22,5,5,3,1,272,-0.03374850079917786,discovery_2020_23
2021-02-23,5,5,3,1,273,-0.2818690225836904,discovery_2020_23
2021-02-24,5,5,3,1,269,-0.21086477860530908,discovery_2020_23
2021-02-25,5,5,3,1,253,0.03976678649032893,discovery_2020_23
2021-02-26,5,5,3,1,237,0.02218766051356051,discovery_2020_23
2021-03-01,5,5,3,1,239,-0.020967094372362233,discovery_2020_23
2021-03-02,5,5,3,1,240,-0.09075597498828399,discovery_2020_23
2021-03-03,5,5,3,1,262,-0.2667691330954318,discovery_2020_23
2021-03-04,5,5,3,1,269,0.2549849674584551,discovery_2020_23
2021-03-05,5,5,3,1,273,-0.36141755828944644,discovery_2020_23
2021-03-08,5,5,3,1,275,0.1926088345755024,discovery_2020_23
2021-03-09,5,5,3,1,267,0.08314206862244028,discovery_2020_23
2021-03-10,5,5,3,1,272,0.10443707987280462,discovery_2020_23
2021-03-11,5,5,3,1,265,-0.06615340691961141,discovery_2020_23
2021-03-12,5,5,3,1,273,-0.26927127315602756,discovery_2020_23
2021-03-15,5,5,3,1,268,0.15030518508329732,discovery_2020_23
2021-03-16,5,5,3,1,266,0.3505773170684414,discovery_2020_23
2021-03-17,5,5,3,1,267,-0.053990691745503014,discovery_2020_23
2021-03-18,5,5,3,1,268,-0.015527179735325029,discovery_2020_23
2021-03-19,5,5,3,1,278,-0.04564958946061861,discovery_2020_23
2021-03-22,5,5,3,1,286,0.003990133544027323,discovery_2020_23
2021-03-23,5,5,3,1,286,-0.041693229096944465,discovery_2020_23
2021-03-24,5,5,3,1,282,0.13053497177023624,discovery_2020_23
2021-03-25,5,5,3,1,280,-0.007988297867290285,discovery_2020_23
2021-03-26,5,5,3,1,277,0.07683246780936628,discovery_2020_23
2021-03-29,5,5,3,1,280,0.1273338227528145,discovery_2020_23
2021-03-30,5,5,3,1,288,0.056897194198714654,discovery_2020_23
2021-03-31,5,5,3,1,287,0.07588332745833022,discovery_2020_23
2021-04-01,5,5,3,1,285,-0.07273140603559511,discovery_2020_23
2021-04-02,5,5,3,1,281,-0.008920603240771496,discovery_2020_23
2021-04-06,5,5,3,1,283,-0.04143328692991729,discovery_2020_23
2021-04-07,5,5,3,1,285,0.017186190863248796,discovery_2020_23
2021-04-08,5,5,3,1,285,0.025006813723530547,discovery_2020_23
2021-04-09,5,5,3,1,287,-0.018113881636940957,discovery_2020_23
2021-04-12,5,5,3,1,287,0.032622339484653096,discovery_2020_23
2021-04-13,5,5,3,1,281,0.027408811469336554,discovery_2020_23
2021-04-14,5,5,3,1,274,-0.07935423807963637,discovery_2020_23
2021-04-15,5,5,3,1,250,-0.20006762375626536,discovery_2020_23
2021-04-16,5,5,3,1,249,0.13045851651774834,discovery_2020_23
2021-04-19,5,5,3,1,250,0.11596229249447482,discovery_2020_23
2021-04-20,5,5,3,1,271,0.15258681272264438,discovery_2020_23
2021-04-21,5,5,3,1,290,-0.049444542305721144,discovery_2020_23
2021-04-22,5,5,3,1,290,0.09913198993099656,discovery_2020_23
2021-04-23,5,5,3,1,289,-0.013206550974603808,discovery_2020_23
2021-04-26,5,5,3,1,287,0.13216229989432365,discovery_2020_23
2021-04-27,5,5,3,1,281,-0.15242263216958818,discovery_2020_23
2021-04-28,5,5,3,1,272,0.1736427139754666,discovery_2020_23
2021-04-29,5,5,3,1,270,-0.05702998064296585,discovery_2020_23
2021-04-30,5,5,3,1,273,-0.1637434057434074,discovery_2020_23
2021-05-06,5,5,3,1,277,-0.1266657981074717,discovery_2020_23
2021-05-07,5,5,3,1,273,-0.18043816337167368,discovery_2020_23
2021-05-10,5,5,3,1,270,0.12883292327962031,discovery_2020_23
2021-05-11,5,5,3,1,267,0.024532402429686115,discovery_2020_23
2021-05-12,5,5,3,1,264,0.15009223399214283,discovery_2020_23
2021-05-13,5,5,3,1,269,0.11518355432188171,discovery_2020_23
2021-05-14,5,5,3,1,276,-0.0058721327124476,discovery_2020_23
2021-05-17,5,5,3,1,279,0.05016143672903812,discovery_2020_23
2021-05-18,5,5,3,1,288,-0.05900578800135907,discovery_2020_23
2021-05-19,5,5,3,1,287,-0.04508740648628171,discovery_2020_23
2021-05-20,5,5,3,1,284,0.11525381108013963,discovery_2020_23
2021-05-21,5,5,3,1,282,-0.253987560724869,discovery_2020_23
2021-05-24,5,5,3,1,281,-0.10762597165199787,discovery_2020_23
2021-05-25,5,5,3,1,285,0.17200529073672405,discovery_2020_23
2021-05-26,5,5,3,1,286,0.044959357980511684,discovery_2020_23
2021-05-27,5,5,3,1,292,-0.24044939035650456,discovery_2020_23
2021-05-28,5,5,3,1,288,0.07217056112527243,discovery_2020_23
2021-05-31,5,5,3,1,287,0.18978655409945422,discovery_2020_23
2021-06-01,5,5,3,1,285,0.10078193483882361,discovery_2020_23
2021-06-02,5,5,3,1,286,-0.037732255838951026,discovery_2020_23
2021-06-03,5,5,3,1,289,-0.13491545024422558,discovery_2020_23
2021-06-04,5,5,3,1,285,-0.04749939713484194,discovery_2020_23
2021-06-07,5,5,3,1,285,-0.09324613040477385,discovery_2020_23
2021-06-08,5,5,3,1,280,0.010160967174287612,discovery_2020_23
2021-06-09,5,5,3,1,281,0.10203750778799127,discovery_2020_23
2021-06-10,5,5,3,1,275,0.141893987617295,discovery_2020_23
2021-06-11,5,5,3,1,275,-0.047886117489164125,discovery_2020_23
2021-06-15,5,5,3,1,253,0.0566232780903609,discovery_2020_23
2021-06-16,5,5,3,1,238,-0.07348326139262297,discovery_2020_23
2021-06-17,5,5,3,1,228,0.04035668308377163,discovery_2020_23
2021-06-18,5,5,3,1,218,-0.05912592834527494,discovery_2020_23
2021-06-21,5,5,3,1,215,0.13867414657812363,discovery_2020_23
2021-06-22,5,5,3,1,229,-0.06451845014367136,discovery_2020_23
2021-06-23,5,5,3,1,234,0.12740639591338193,discovery_2020_23
2021-06-24,5,5,3,1,257,0.09006581176358082,discovery_2020_23
2021-06-25,5,5,3,1,256,-0.019284789414647324,discovery_2020_23
2021-06-28,5,5,3,1,257,0.009465719559721756,discovery_2020_23
2021-06-29,5,5,3,1,286,-0.05739096379650344,discovery_2020_23
2021-06-30,5,5,3,1,286,0.2617571293481176,discovery_2020_23
2021-07-01,5,5,3,1,285,-0.09376445098584972,discovery_2020_23
2021-07-02,5,5,3,1,280,-0.12366336601588011,discovery_2020_23
2021-07-05,5,5,3,1,275,0.02528883078312902,discovery_2020_23
2021-07-06,5,5,3,1,269,0.14728594477729162,discovery_2020_23
2021-07-07,5,5,3,1,271,-0.04653517089561392,discovery_2020_23
2021-07-08,5,5,3,1,269,-0.09615452490213035,discovery_2020_23
2021-07-09,5,5,3,1,261,-0.006787613963164475,discovery_2020_23
2021-07-12,5,5,3,1,260,0.09167950523759187,discovery_2020_23
2021-07-13,5,5,3,1,261,0.07650968819556002,discovery_2020_23
2021-07-14,5,5,3,1,274,-0.04305384334001747,discovery_2020_23
2021-07-15,5,5,3,1,283,0.004627594470881968,discovery_2020_23
2021-07-16,5,5,3,1,282,0.06934480674486375,discovery_2020_23
2021-07-19,5,5,3,1,276,0.04182361059972571,discovery_2020_23
2021-07-20,5,5,3,1,272,-0.12498522189051796,discovery_2020_23
2021-07-21,5,5,3,1,273,-0.08366123174416358,discovery_2020_23
2021-07-22,5,5,3,1,277,-0.1369750517011627,discovery_2020_23
2021-07-23,5,5,3,1,283,-0.13353129591767415,discovery_2020_23
2021-07-26,5,5,3,1,281,-0.03179627409691965,discovery_2020_23
2021-07-27,5,5,3,1,269,0.11485723455996427,discovery_2020_23
2021-07-28,5,5,3,1,249,-0.15112950901448538,discovery_2020_23
2021-07-29,5,5,3,1,244,-0.05639455037732717,discovery_2020_23
2021-07-30,5,5,3,1,238,-0.05880306929047338,discovery_2020_23
2021-08-02,5,5,3,1,257,0.1667941245794385,discovery_2020_23
2021-08-03,5,5,3,1,262,-0.23838973448719467,discovery_2020_23
2021-08-04,5,5,3,1,285,0.05157847857831991,discovery_2020_23
2021-08-05,5,5,3,1,287,-0.11412716484545549,discovery_2020_23
2021-08-06,5,5,3,1,287,0.013807334384958573,discovery_2020_23
2021-08-09,5,5,3,1,287,0.026187278106612834,discovery_2020_23
2021-08-10,5,5,3,1,286,-0.11914995348718514,discovery_2020_23
2021-08-11,5,5,3,1,291,0.014452085556238283,discovery_2020_23
2021-08-12,5,5,3,1,293,-0.11274220868050577,discovery_2020_23
2021-08-13,5,5,3,1,287,0.12126121470710025,discovery_2020_23
2021-08-16,5,5,3,1,282,-0.09597549189061318,discovery_2020_23
2021-08-17,5,5,3,1,283,-0.1129557570009982,discovery_2020_23
2021-08-18,5,5,3,1,277,0.39786741601550024,discovery_2020_23
2021-08-19,5,5,3,1,278,-0.12184540406463379,discovery_2020_23
2021-08-20,5,5,3,1,276,0.21709597021149427,discovery_2020_23
2021-08-23,5,5,3,1,284,0.04732624551447494,discovery_2020_23
2021-08-24,5,5,3,1,283,0.061182163157658384,discovery_2020_23
2021-08-25,5,5,3,1,285,-0.28699689421121616,discovery_2020_23
2021-08-26,5,5,3,1,284,-0.045590993389642946,discovery_2020_23
2021-08-27,5,5,3,1,280,-0.11409584550666615,discovery_2020_23
2021-08-30,5,5,3,1,275,-0.24694796982629225,discovery_2020_23
2021-08-31,5,5,3,1,266,0.025481991460415358,discovery_2020_23
2021-09-01,5,5,3,1,258,-0.33557922312953314,discovery_2020_23
2021-09-02,5,5,3,1,259,0.15411798755299408,discovery_2020_23
2021-09-03,5,5,3,1,265,0.01041026530572315,discovery_2020_23
2021-09-06,5,5,3,1,269,-0.10468557850234542,discovery_2020_23
2021-09-07,5,5,3,1,268,-0.017533928542038255,discovery_2020_23
2021-09-08,5,5,3,1,281,-0.16439657164254842,discovery_2020_23
2021-09-09,5,5,3,1,280,0.11554493826668406,discovery_2020_23
2021-09-10,5,5,3,1,281,-0.20721233063021627,discovery_2020_23
2021-09-13,5,5,3,1,283,0.22891442353855818,discovery_2020_23
2021-09-14,5,5,3,1,282,-0.20163093405412574,discovery_2020_23
2021-09-15,5,5,3,1,284,0.1197223265996374,discovery_2020_23
2021-09-16,5,5,3,1,276,0.10758653321897133,discovery_2020_23
2021-09-17,5,5,3,1,268,-0.18191693781707963,discovery_2020_23
2021-09-22,5,5,3,1,253,0.10510966809993956,discovery_2020_23
2021-09-23,5,5,3,1,256,0.14341277741845784,discovery_2020_23
2021-09-24,5,5,3,1,259,0.21286673346909413,discovery_2020_23
2021-09-27,5,5,3,1,290,0.06349899495768967,discovery_2020_23
2021-09-28,5,5,3,1,292,0.03078120641389869,discovery_2020_23
2021-09-29,5,5,3,1,288,-0.029066096122234496,discovery_2020_23
2021-09-30,5,5,3,1,277,-0.06750295608090831,discovery_2020_23
2021-10-08,5,5,3,1,276,0.18201756389991575,discovery_2020_23
2021-10-11,5,5,3,1,275,-0.1438262556087794,discovery_2020_23
2021-10-12,5,5,3,1,284,0.03462919177955962,discovery_2020_23
2021-10-13,5,5,3,1,283,0.031152563032674982,discovery_2020_23
2021-10-14,5,5,3,1,285,0.02516101465768057,discovery_2020_23
2021-10-15,5,5,3,1,277,0.16680713731287844,discovery_2020_23
2021-10-18,5,5,3,1,273,0.07738553472236373,discovery_2020_23
2021-10-19,5,5,3,1,271,-0.15575495720824306,discovery_2020_23
2021-10-20,5,5,3,1,267,0.10762988302552456,discovery_2020_23
2021-10-21,5,5,3,1,274,0.09993314631419371,discovery_2020_23
2021-10-22,5,5,3,1,278,-0.00662552755284825,discovery_2020_23
2021-10-25,5,5,3,1,279,0.10459185577156148,discovery_2020_23
2021-10-26,5,5,3,1,281,-0.08294774854591293,discovery_2020_23
2021-10-27,5,5,3,1,278,0.05069904267120216,discovery_2020_23
2021-10-28,5,5,3,1,284,0.0944837174163415,discovery_2020_23
2021-10-29,5,5,3,1,279,0.15546079768043153,discovery_2020_23
2021-11-01,5,5,3,1,276,-0.08444384767384219,discovery_2020_23
2021-11-02,5,5,3,1,266,0.023073011575719924,discovery_2020_23
2021-11-03,5,5,3,1,263,-0.07862049498636456,discovery_2020_23
2021-11-04,5,5,3,1,266,-0.07536846106039642,discovery_2020_23
2021-11-05,5,5,3,1,268,0.06971953712918531,discovery_2020_23
2021-11-08,5,5,3,1,270,0.03659528378726604,discovery_2020_23
2021-11-09,5,5,3,1,271,0.012497512799830548,discovery_2020_23
2021-11-10,5,5,3,1,270,0.038056645852468866,discovery_2020_23
2021-11-11,5,5,3,1,270,-0.05557874907732535,discovery_2020_23
2021-11-12,5,5,3,1,272,0.11760947257421732,discovery_2020_23
2021-11-15,5,5,3,1,286,0.17968481092112387,discovery_2020_23
2021-11-16,5,5,3,1,289,-0.06299389850193296,discovery_2020_23
2021-11-17,5,5,3,1,293,0.1277183360645986,discovery_2020_23
2021-11-18,5,5,3,1,293,-0.0525810343603499,discovery_2020_23
2021-11-19,5,5,3,1,291,0.022230457911407275,discovery_2020_23
2021-11-22,5,5,3,1,291,-0.05994871490464355,discovery_2020_23
2021-11-23,5,5,3,1,288,-0.05122944077434738,discovery_2020_23
2021-11-24,5,5,3,1,290,0.06792529333969985,discovery_2020_23
2021-11-25,5,5,3,1,286,0.09988013265815114,discovery_2020_23
2021-11-26,5,5,3,1,282,-0.06413659685793142,discovery_2020_23
2021-11-29,5,5,3,1,275,-0.009020246402140093,discovery_2020_23
2021-11-30,5,5,3,1,273,-0.0157330567592282,discovery_2020_23
2021-12-01,5,5,3,1,270,-0.012943868042446866,discovery_2020_23
2021-12-02,5,5,3,1,270,-0.10056142321928298,discovery_2020_23
2021-12-03,5,5,3,1,276,0.1693596352370249,discovery_2020_23
2021-12-06,5,5,3,1,278,0.13447764168973067,discovery_2020_23
2021-12-07,5,5,3,1,281,0.07632219093250861,discovery_2020_23
2021-12-08,5,5,3,1,279,0.11165441843746719,discovery_2020_23
2021-12-09,5,5,3,1,275,-0.023093524840066208,discovery_2020_23
2021-12-10,5,5,3,1,277,0.11415606389515115,discovery_2020_23
2021-12-13,5,5,3,1,253,0.02109823141525726,discovery_2020_23
2021-12-14,5,5,3,1,257,-0.012885341135209451,discovery_2020_23
2021-12-15,5,5,3,1,262,0.030454453035287116,discovery_2020_23
2021-12-16,5,5,3,1,264,0.028173740433584785,discovery_2020_23
2021-12-17,5,5,3,1,265,0.03192564749379096,discovery_2020_23
2021-12-20,5,5,3,1,255,-0.027783828849835993,discovery_2020_23
2021-12-21,5,5,3,1,248,0.06970940515651236,discovery_2020_23
2021-12-22,5,5,3,1,245,0.002970373788627059,discovery_2020_23
2021-12-23,5,5,3,1,242,-0.0670228069965407,discovery_2020_23
2021-12-24,5,5,3,1,249,-0.060937826448224916,discovery_2020_23
2021-12-27,5,5,3,1,267,0.39141298767347676,discovery_2020_23
2021-12-28,5,5,3,1,269,-0.012553876695547021,discovery_2020_23
2021-12-29,5,5,3,1,271,0.041680283340827746,discovery_2020_23
2021-12-30,5,5,3,1,288,-0.029911222636717808,discovery_2020_23
2021-12-31,5,5,3,1,287,-0.1909934819998972,discovery_2020_23
2022-01-04,5,5,3,1,284,-0.12699974775183495,discovery_2020_23
2022-01-05,5,5,3,1,283,-0.10616953821709799,discovery_2020_23
2022-01-06,5,5,3,1,278,-0.12586681993176713,discovery_2020_23
2022-01-07,5,5,3,1,277,-0.04470100475911104,discovery_2020_23
2022-01-10,5,5,3,1,269,-0.06753465971833293,discovery_2020_23
2022-01-11,5,5,3,1,256,0.1031253174079255,discovery_2020_23
2022-01-12,5,5,3,1,248,-0.18489427930908,discovery_2020_23
2022-01-13,5,5,3,1,255,0.08820491405977196,discovery_2020_23
2022-01-14,5,5,3,1,273,0.1068143558468039,discovery_2020_23
2022-01-17,5,5,3,1,275,0.03713310052537847,discovery_2020_23
2022-01-18,5,5,3,1,278,0.06781998482989612,discovery_2020_23
2022-01-19,5,5,3,1,286,0.05233777560864828,discovery_2020_23
2022-01-20,5,5,3,1,288,0.09364997672849057,discovery_2020_23
2022-01-21,5,5,3,1,286,0.14367937709387837,discovery_2020_23
2022-01-24,5,5,3,1,283,-0.0034282077700395286,discovery_2020_23
2022-01-25,5,5,3,1,276,0.031247979959095933,discovery_2020_23
2022-01-26,5,5,3,1,268,-0.12880720035552234,discovery_2020_23
2022-01-27,5,5,3,1,250,0.022198332677147898,discovery_2020_23
2022-01-28,5,5,3,1,221,-0.04197922384742452,discovery_2020_23
2022-02-07,5,5,3,1,217,-0.1648899158257561,discovery_2020_23
2022-02-08,5,5,3,1,214,0.055864981194766385,discovery_2020_23
2022-02-09,5,5,3,1,258,-0.2820133247627297,discovery_2020_23
2022-02-10,5,5,3,1,272,-0.15059823807625178,discovery_2020_23
2022-02-11,5,5,3,1,279,0.15448703081134746,discovery_2020_23
2022-02-14,5,5,3,1,278,0.3530141509799014,discovery_2020_23
2022-02-15,5,5,3,1,279,-0.1527597945723456,discovery_2020_23
2022-02-16,5,5,3,1,284,-0.020269441973479786,discovery_2020_23
2022-02-17,5,5,3,1,293,-0.13376088498709374,discovery_2020_23
2022-02-18,5,5,3,1,289,-0.10416754447350411,discovery_2020_23
2022-02-21,5,5,3,1,288,-0.07953209500119073,discovery_2020_23
2022-02-22,5,5,3,1,290,0.19293790530960142,discovery_2020_23
2022-02-23,5,5,3,1,293,-0.011973078344670322,discovery_2020_23
2022-02-24,5,5,3,1,289,0.06877821807234084,discovery_2020_23
2022-02-25,5,5,3,1,283,0.04835412003599485,discovery_2020_23
2022-02-28,5,5,3,1,245,0.16723087122616698,discovery_2020_23
2022-03-01,5,5,3,1,238,0.05210988023423947,discovery_2020_23
2022-03-02,5,5,3,1,237,0.20613510319939604,discovery_2020_23
2022-03-03,5,5,3,1,272,-0.1255874542858777,discovery_2020_23
2022-03-04,5,5,3,1,284,-0.01957165172582659,discovery_2020_23
2022-03-07,5,5,3,1,285,0.05937714198409432,discovery_2020_23
2022-03-08,5,5,3,1,261,0.025838602971130557,discovery_2020_23
2022-03-09,5,5,3,1,247,-0.16244630438174273,discovery_2020_23
2022-03-10,5,5,3,1,200,0.18539483010266908,discovery_2020_23
2022-03-11,5,5,3,1,195,0.12211078109000216,discovery_2020_23
2022-03-14,5,5,3,1,220,0.0033584503343820704,discovery_2020_23
2022-03-15,5,5,3,1,234,0.004158853109973237,discovery_2020_23
2022-03-16,5,5,3,1,258,0.3352442137289329,discovery_2020_23
2022-03-17,5,5,3,1,259,0.1656532070372685,discovery_2020_23
2022-03-18,5,5,3,1,266,-0.02003036865462477,discovery_2020_23
2022-03-21,5,5,3,1,299,0.24455209347940962,discovery_2020_23
2022-03-22,5,5,3,1,300,0.21276141364503576,discovery_2020_23
2022-03-23,5,5,3,1,300,-0.054944387055535365,discovery_2020_23
2022-03-24,5,5,3,1,294,-0.007908082734589638,discovery_2020_23
2022-03-25,5,5,3,1,285,-0.12716991935195593,discovery_2020_23
2022-03-28,5,5,3,1,273,-0.0727464947628674,discovery_2020_23
2022-03-29,5,5,3,1,261,0.07522161075990476,discovery_2020_23
2022-03-30,5,5,3,1,261,-0.09366520968347342,discovery_2020_23
2022-03-31,5,5,3,1,267,-0.12357166521720123,discovery_2020_23
2022-04-01,5,5,3,1,276,-0.12751627958311668,discovery_2020_23
2022-04-06,5,5,3,1,278,0.07526101869481996,discovery_2020_23
2022-04-07,5,5,3,1,270,-0.2367251319408005,discovery_2020_23
2022-04-08,5,5,3,1,266,-0.18949252336255176,discovery_2020_23
2022-04-11,5,5,3,1,261,0.05238218656806515,discovery_2020_23
2022-04-12,5,5,3,1,258,0.04876939267408557,discovery_2020_23
2022-04-13,5,5,3,1,249,-0.03003803434867622,discovery_2020_23
2022-04-14,5,5,3,1,241,0.06583879848908493,discovery_2020_23
2022-04-15,5,5,3,1,247,0.25489275214708235,discovery_2020_23
2022-04-18,5,5,3,1,260,0.02733034009861433,discovery_2020_23
2022-04-19,5,5,3,1,272,-0.037027396504661005,discovery_2020_23
2022-04-20,5,5,3,1,280,0.02744369970351463,discovery_2020_23
2022-04-21,5,5,3,1,282,0.04923565433857792,discovery_2020_23
2022-04-22,5,5,3,1,268,-0.051875670082559014,discovery_2020_23
2022-04-25,5,5,3,1,261,0.049930160410013566,discovery_2020_23
2022-04-26,5,5,3,1,231,0.22767443496296388,discovery_2020_23
2022-04-27,5,5,3,1,206,0.16206159881029172,discovery_2020_23
2022-04-28,5,5,3,1,200,0.151929219150861,discovery_2020_23
2022-04-29,5,5,3,1,222,0.019706981020539967,discovery_2020_23
2022-05-05,5,5,3,1,248,0.20536096067926393,discovery_2020_23
2022-05-06,5,5,3,1,287,0.06475228255321416,discovery_2020_23
2022-05-09,5,5,3,1,283,-0.04994780916287554,discovery_2020_23
2022-05-10,5,5,3,1,286,0.059567543028523254,discovery_2020_23
2022-05-11,5,5,3,1,286,-0.12339768976542022,discovery_2020_23
2022-05-12,5,5,3,1,292,0.23851731871870754,discovery_2020_23
2022-05-13,5,5,3,1,291,0.1892508578789463,discovery_2020_23
2022-05-16,5,5,3,1,294,-0.1290523969443473,discovery_2020_23
2022-05-17,5,5,3,1,293,-0.11580585608101526,discovery_2020_23
2022-05-18,5,5,3,1,292,-0.195815406297686,discovery_2020_23
2022-05-19,5,5,3,1,292,0.11819331149688246,discovery_2020_23
2022-05-20,5,5,3,1,290,-0.05517477729848578,discovery_2020_23
2022-05-23,5,5,3,1,288,0.05646803864405369,discovery_2020_23
2022-05-24,5,5,3,1,291,-0.0570154432398964,discovery_2020_23
2022-05-25,5,5,3,1,291,-0.048263196254591856,discovery_2020_23
2022-05-26,5,5,3,1,291,-0.0015097280089636262,discovery_2020_23
2022-05-27,5,5,3,1,291,0.04000071586033652,discovery_2020_23
2022-05-30,5,5,3,1,287,-0.07428175843856806,discovery_2020_23
2022-05-31,5,5,3,1,284,0.0210224444210341,discovery_2020_23
2022-06-01,5,5,3,1,282,-0.09196429842696881,discovery_2020_23
2022-06-02,5,5,3,1,284,-0.1263154475728552,discovery_2020_23
2022-06-06,5,5,3,1,283,0.07138858809281136,discovery_2020_23
2022-06-07,5,5,3,1,283,-0.004383998565923625,discovery_2020_23
2022-06-08,5,5,3,1,285,0.2115745244291802,discovery_2020_23
2022-06-09,5,5,3,1,285,-0.2585882190718457,discovery_2020_23
2022-06-10,5,5,3,1,280,-0.13715950515670694,discovery_2020_23
2022-06-13,5,5,3,1,255,-0.1261272312584064,discovery_2020_23
2022-06-14,5,5,3,1,254,-0.035644227049723344,discovery_2020_23
2022-06-15,5,5,3,1,259,0.19208183394229905,discovery_2020_23
2022-06-16,5,5,3,1,261,0.058763111870699554,discovery_2020_23
2022-06-17,5,5,3,1,262,0.15374041232661287,discovery_2020_23
2022-06-20,5,5,3,1,268,0.004697244526733106,discovery_2020_23
2022-06-21,5,5,3,1,267,-0.03921715115578345,discovery_2020_23
2022-06-22,5,5,3,1,267,-0.2004726831982322,discovery_2020_23
2022-06-23,5,5,3,1,260,0.09450509988236748,discovery_2020_23
2022-06-24,5,5,3,1,260,0.10460028148429022,discovery_2020_23
2022-06-27,5,5,3,1,286,0.1242055704932966,discovery_2020_23
2022-06-28,5,5,3,1,289,-0.003331230340553203,discovery_2020_23
2022-06-29,5,5,3,1,294,-0.021205002858114563,discovery_2020_23
2022-06-30,5,5,3,1,292,-0.04219688312454961,discovery_2020_23
2022-07-01,5,5,3,1,287,0.06946958816108409,discovery_2020_23
2022-07-04,5,5,3,1,283,0.0717658523052643,discovery_2020_23
2022-07-05,5,5,3,1,285,0.005958845347377415,discovery_2020_23
2022-07-06,5,5,3,1,279,-0.0021613488499581993,discovery_2020_23
2022-07-07,5,5,3,1,279,-0.08467043194145121,discovery_2020_23
2022-07-08,5,5,3,1,282,-0.026374479021462807,discovery_2020_23
2022-07-11,5,5,3,1,286,0.05152235216226614,discovery_2020_23
2022-07-12,5,5,3,1,274,0.01877700650005561,discovery_2020_23
2022-07-13,5,5,3,1,268,0.08906964116261766,discovery_2020_23
2022-07-14,5,5,3,1,270,0.05475495450017508,discovery_2020_23
2022-07-15,5,5,3,1,263,-0.11145125761763504,discovery_2020_23
2022-07-18,5,5,3,1,268,0.06900068701476501,discovery_2020_23
2022-07-19,5,5,3,1,263,0.1252818660817385,discovery_2020_23
2022-07-20,5,5,3,1,270,-0.003593112271750755,discovery_2020_23
2022-07-21,5,5,3,1,280,0.012192513538731931,discovery_2020_23
2022-07-22,5,5,3,1,282,0.16336865323839808,discovery_2020_23
2022-07-25,5,5,3,1,278,0.10352241998852388,discovery_2020_23
2022-07-26,5,5,3,1,277,-0.18352402609417187,discovery_2020_23
2022-07-27,5,5,3,1,278,-0.11144482345136479,discovery_2020_23
2022-07-28,5,5,3,1,280,-0.07031485958490857,discovery_2020_23
2022-07-29,5,5,3,1,281,-0.02553301383264182,discovery_2020_23
2022-08-01,5,5,3,1,283,0.14807263247177221,discovery_2020_23
2022-08-02,5,5,3,1,273,-0.07106295848991927,discovery_2020_23
2022-08-03,5,5,3,1,260,-0.0251151326510493,discovery_2020_23
2022-08-04,5,5,3,1,239,-0.007269006646007021,discovery_2020_23
2022-08-05,5,5,3,1,239,0.021308093170103543,discovery_2020_23
2022-08-08,5,5,3,1,254,-0.045291705765151076,discovery_2020_23
2022-08-09,5,5,3,1,284,0.03571827157234822,discovery_2020_23
2022-08-10,5,5,3,1,290,0.1616080083056148,discovery_2020_23
2022-08-11,5,5,3,1,290,0.21809844743867104,discovery_2020_23
2022-08-12,5,5,3,1,283,0.041939439711947794,discovery_2020_23
2022-08-15,5,5,3,1,282,-0.025387308370128016,discovery_2020_23
2022-08-16,5,5,3,1,285,-0.015767114310859514,discovery_2020_23
2022-08-17,5,5,3,1,281,-0.03711740205807728,discovery_2020_23
2022-08-18,5,5,3,1,285,-0.15367432443897794,discovery_2020_23
2022-08-19,5,5,3,1,278,-0.004356870731083998,discovery_2020_23
2022-08-22,5,5,3,1,274,-0.04053281297564842,discovery_2020_23
2022-08-23,5,5,3,1,270,0.029725601168652232,discovery_2020_23
2022-08-24,5,5,3,1,267,-0.03752213683765972,discovery_2020_23
2022-08-25,5,5,3,1,265,0.0213542132668033,discovery_2020_23
2022-08-26,5,5,3,1,258,0.10053080767511711,discovery_2020_23
2022-08-29,5,5,3,1,260,0.00577486098880628,discovery_2020_23
2022-08-30,5,5,3,1,273,-0.008014754367426711,discovery_2020_23
2022-08-31,5,5,3,1,269,0.025563962619794562,discovery_2020_23
2022-09-01,5,5,3,1,279,-0.005532659757653951,discovery_2020_23
2022-09-02,5,5,3,1,275,-0.0077404021062298335,discovery_2020_23
2022-09-05,5,5,3,1,273,0.11732062034933914,discovery_2020_23
2022-09-06,5,5,3,1,274,0.06778350330403218,discovery_2020_23
2022-09-07,5,5,3,1,276,-0.011848610724903758,discovery_2020_23
2022-09-08,5,5,3,1,285,0.05615845160502738,discovery_2020_23
2022-09-09,5,5,3,1,282,0.13837588247263294,discovery_2020_23
2022-09-13,5,5,3,1,282,0.03578956891064286,discovery_2020_23
2022-09-14,5,5,3,1,285,-0.14333213240659531,discovery_2020_23
2022-09-15,5,5,3,1,293,0.04975714665327191,discovery_2020_23
2022-09-16,5,5,3,1,293,0.03671554949110864,discovery_2020_23
2022-09-19,5,5,3,1,288,0.259556411121536,discovery_2020_23
2022-09-20,5,5,3,1,273,0.014433283083983442,discovery_2020_23
2022-09-21,5,5,3,1,270,0.2570061145589212,discovery_2020_23
2022-09-22,5,5,3,1,246,-0.05395620895188893,discovery_2020_23
2022-09-23,5,5,3,1,228,0.1255127246844719,discovery_2020_23
2022-09-26,5,5,3,1,231,0.07152488753104488,discovery_2020_23
2022-09-27,5,5,3,1,241,-0.13147260584670514,discovery_2020_23
2022-09-28,5,5,3,1,254,-0.15611351793122008,discovery_2020_23
2022-09-29,5,5,3,1,266,0.09682931980719982,discovery_2020_23
2022-09-30,5,5,3,1,254,-0.14436144625388184,discovery_2020_23
2022-10-10,5,5,3,1,248,-0.03669944557757508,discovery_2020_23
2022-10-11,5,5,3,1,242,0.20539387379920737,discovery_2020_23
2022-10-12,5,5,3,1,248,0.09432365336633185,discovery_2020_23
2022-10-13,5,5,3,1,252,0.08592097228822113,discovery_2020_23
2022-10-14,5,5,3,1,276,0.0410266479547729,discovery_2020_23
2022-10-17,5,5,3,1,282,-0.15786879125084116,discovery_2020_23
2022-10-18,5,5,3,1,288,0.1174984646753003,discovery_2020_23
2022-10-19,5,5,3,1,288,0.028552044059761614,discovery_2020_23
2022-10-20,5,5,3,1,290,-0.16835451060463905,discovery_2020_23
2022-10-21,5,5,3,1,293,-0.035247513321665376,discovery_2020_23
2022-10-24,5,5,3,1,292,0.07105833895676414,discovery_2020_23
2022-10-25,5,5,3,1,279,-0.057912463680088316,discovery_2020_23
2022-10-26,5,5,3,1,266,-0.057228795634050755,discovery_2020_23
2022-10-27,5,5,3,1,265,-0.0006980369524328324,discovery_2020_23
2022-10-28,5,5,3,1,261,-0.1993014332441383,discovery_2020_23
2022-10-31,5,5,3,1,260,0.20016328197105773,discovery_2020_23
2022-11-01,5,5,3,1,260,0.1470193032629083,discovery_2020_23
2022-11-02,5,5,3,1,257,-0.11424952820027195,discovery_2020_23
2022-11-03,5,5,3,1,279,0.1054145867614702,discovery_2020_23
2022-11-04,5,5,3,1,287,0.13266461791492787,discovery_2020_23
2022-11-07,5,5,3,1,291,-0.027754469567757886,discovery_2020_23
2022-11-08,5,5,3,1,291,0.06593471080266965,discovery_2020_23
2022-11-09,5,5,3,1,290,-0.155590235583647,discovery_2020_23
2022-11-10,5,5,3,1,290,0.07211919844705228,discovery_2020_23
2022-11-11,5,5,3,1,292,0.02420781035061906,discovery_2020_23
2022-11-14,5,5,3,1,293,0.04173773115150015,discovery_2020_23
2022-11-15,5,5,3,1,293,-0.040694468034043384,discovery_2020_23
2022-11-16,5,5,3,1,293,-0.14006168605108843,discovery_2020_23
2022-11-17,5,5,3,1,289,-0.020545574338261968,discovery_2020_23
2022-11-18,5,5,3,1,285,0.13146851276358815,discovery_2020_23
2022-11-21,5,5,3,1,281,-0.2347178194387066,discovery_2020_23
2022-11-22,5,5,3,1,281,-0.026380701314613,discovery_2020_23
2022-11-23,5,5,3,1,275,0.006708136070948926,discovery_2020_23
2022-11-24,5,5,3,1,275,-0.29027328263211927,discovery_2020_23
2022-11-25,5,5,3,1,266,0.11257445028088975,discovery_2020_23
2022-11-28,5,5,3,1,265,0.003365566595885036,discovery_2020_23
2022-11-29,5,5,3,1,267,0.2112612278218778,discovery_2020_23
2022-11-30,5,5,3,1,271,0.25340447198582033,discovery_2020_23
2022-12-01,5,5,3,1,286,0.1124604454028136,discovery_2020_23
2022-12-02,5,5,3,1,286,0.039238045553682266,discovery_2020_23
2022-12-05,5,5,3,1,288,0.053669879073112735,discovery_2020_23
2022-12-06,5,5,3,1,289,0.10260516320667434,discovery_2020_23
2022-12-07,5,5,3,1,285,-0.24063302953113302,discovery_2020_23
2022-12-08,5,5,3,1,284,-0.07462709447561776,discovery_2020_23
2022-12-09,5,5,3,1,282,0.17432106144603599,discovery_2020_23
2022-12-12,5,5,3,1,275,-0.13616876243907663,discovery_2020_23
2022-12-13,5,5,3,1,275,0.0638754982545991,discovery_2020_23
2022-12-14,5,5,3,1,274,0.02254144175058814,discovery_2020_23
2022-12-15,5,5,3,1,262,-0.079585974511779,discovery_2020_23
2022-12-16,5,5,3,1,257,0.12915615668265312,discovery_2020_23
2022-12-19,5,5,3,1,255,0.018573971479211256,discovery_2020_23
2022-12-20,5,5,3,1,263,-0.024081220901648343,discovery_2020_23
2022-12-21,5,5,3,1,261,0.11181318157497436,discovery_2020_23
2022-12-22,5,5,3,1,245,0.03112824927486422,discovery_2020_23
2022-12-23,5,5,3,1,237,0.11146320853717734,discovery_2020_23
2022-12-26,5,5,3,1,249,-0.035950062151159694,discovery_2020_23
2022-12-27,5,5,3,1,253,0.022499915250080913,discovery_2020_23
2022-12-28,5,5,3,1,281,0.03860718604947339,discovery_2020_23
2022-12-29,5,5,3,1,289,-0.09905263704993668,discovery_2020_23
2022-12-30,5,5,3,1,283,0.03273491056284858,discovery_2020_23
2023-01-03,5,5,3,1,281,-0.0976046912383613,discovery_2020_23
2023-01-04,5,5,3,1,277,0.12543687117042293,discovery_2020_23
2023-01-05,5,5,3,1,278,0.20364345954159377,discovery_2020_23
2023-01-06,5,5,3,1,281,0.11259878751542576,discovery_2020_23
2023-01-09,5,5,3,1,288,0.026771521625811662,discovery_2020_23
2023-01-10,5,5,3,1,285,0.010690237290687132,discovery_2020_23
2023-01-11,5,5,3,1,288,0.055305889293172324,discovery_2020_23
2023-01-12,5,5,3,1,284,-0.027009084012438896,discovery_2020_23
2023-01-13,5,5,3,1,278,-0.10731884279906462,discovery_2020_23
2023-01-16,5,5,3,1,282,-0.0720252943921301,discovery_2020_23
2023-01-17,5,5,3,1,284,-0.0017173803849779156,discovery_2020_23
2023-01-18,5,5,3,1,290,-0.13499563563473946,discovery_2020_23
2023-01-19,5,5,3,1,294,0.1228487821835712,discovery_2020_23
2023-01-20,5,5,3,1,282,0.03825067603886043,discovery_2020_23
2023-01-30,5,5,3,1,282,0.039974597992854924,discovery_2020_23
2023-01-31,5,5,3,1,283,-0.04758226219490305,discovery_2020_23
2023-02-01,5,5,3,1,283,0.12384598564363286,discovery_2020_23
2023-02-02,5,5,3,1,291,0.09268917981988792,discovery_2020_23
2023-02-03,5,5,3,1,291,-0.05130004478855822,discovery_2020_23
2023-02-06,5,5,3,1,280,-0.09991334768760411,discovery_2020_23
2023-02-07,5,5,3,1,271,0.03783815153552522,discovery_2020_23
2023-02-08,5,5,3,1,272,-0.05332065117358055,discovery_2020_23
2023-02-09,5,5,3,1,265,0.0679479377408208,discovery_2020_23
2023-02-10,5,5,3,1,267,-0.003076381358213479,discovery_2020_23
2023-02-13,5,5,3,1,274,0.03156255990440024,discovery_2020_23
2023-02-14,5,5,3,1,279,-0.11173819950036426,discovery_2020_23
2023-02-15,5,5,3,1,279,0.17738674072445224,discovery_2020_23
2023-02-16,5,5,3,1,281,-0.04632575246019352,discovery_2020_23
2023-02-17,5,5,3,1,279,-0.022990366645444228,discovery_2020_23
2023-02-20,5,5,3,1,277,0.027796273624413285,discovery_2020_23
2023-02-21,5,5,3,1,278,-0.06916693648174699,discovery_2020_23
2023-02-22,5,5,3,1,286,0.1351189830318307,discovery_2020_23
2023-02-23,5,5,3,1,290,-0.06744419904386488,discovery_2020_23
2023-02-24,5,5,3,1,284,0.005481387171822608,discovery_2020_23
2023-02-27,5,5,3,1,284,0.1234123528912552,discovery_2020_23
2023-02-28,5,5,3,1,283,-0.084642288026967,discovery_2020_23
2023-03-01,5,5,3,1,289,-0.09264048603751888,discovery_2020_23
2023-03-02,5,5,3,1,291,-0.17182891008472348,discovery_2020_23
2023-03-03,5,5,3,1,291,0.007568339490539151,discovery_2020_23
2023-03-06,5,5,3,1,281,-0.13558079020649674,discovery_2020_23
2023-03-07,5,5,3,1,258,-0.10495333791912785,discovery_2020_23
2023-03-08,5,5,3,1,259,-0.0706944078949809,discovery_2020_23
2023-03-09,5,5,3,1,259,0.06558319116458651,discovery_2020_23
2023-03-10,5,5,3,1,271,-0.1478569907207673,discovery_2020_23
2023-03-13,5,5,3,1,264,-0.11076907832298133,discovery_2020_23
2023-03-14,5,5,3,1,250,-0.1407217051252446,discovery_2020_23
2023-03-15,5,5,3,1,256,-0.024637372245295636,discovery_2020_23
2023-03-16,5,5,3,1,252,-0.1552729789112839,discovery_2020_23
2023-03-17,5,5,3,1,267,0.1336966254520568,discovery_2020_23
2023-03-20,5,5,3,1,261,0.37615593360861105,discovery_2020_23
2023-03-21,5,5,3,1,270,-0.17117019490243116,discovery_2020_23
2023-03-22,5,5,3,1,273,-0.2410418649941977,discovery_2020_23
2023-03-23,5,5,3,1,281,0.11332253723489633,discovery_2020_23
2023-03-24,5,5,3,1,288,0.1588127280762956,discovery_2020_23
2023-03-27,5,5,3,1,276,0.06513626681685532,discovery_2020_23
2023-03-28,5,5,3,1,274,0.060197865241392944,discovery_2020_23
2023-03-29,5,5,3,1,270,0.14559005401000327,discovery_2020_23
2023-03-30,5,5,3,1,280,-0.051675687910041755,discovery_2020_23
2023-03-31,5,5,3,1,279,-0.044268988957445105,discovery_2020_23
2023-04-03,5,5,3,1,283,0.07191843966631642,discovery_2020_23
2023-04-04,5,5,3,1,285,-0.043594644686726296,discovery_2020_23
2023-04-06,5,5,3,1,288,0.1447574055817132,discovery_2020_23
2023-04-07,5,5,3,1,289,0.17779497425586302,discovery_2020_23
2023-04-10,5,5,3,1,289,-0.12075904135472774,discovery_2020_23
2023-04-11,5,5,3,1,290,-0.18006410933792244,discovery_2020_23
2023-04-12,5,5,3,1,287,0.1385885328559873,discovery_2020_23
2023-04-13,5,5,3,1,289,-0.01216177132097165,discovery_2020_23
2023-04-14,5,5,3,1,285,0.03604405698653487,discovery_2020_23
2023-04-17,5,5,3,1,281,0.1147841371574932,discovery_2020_23
2023-04-18,5,5,3,1,278,-0.037697272616699314,discovery_2020_23
2023-04-19,5,5,3,1,281,-0.14192241647451123,discovery_2020_23
2023-04-20,5,5,3,1,277,0.05584517635627211,discovery_2020_23
2023-04-21,5,5,3,1,272,-0.08149120925204827,discovery_2020_23
2023-04-24,5,5,3,1,271,-0.07848587441210453,discovery_2020_23
2023-04-25,5,5,3,1,258,0.2071070626080944,discovery_2020_23
2023-04-26,5,5,3,1,241,0.13740807159277046,discovery_2020_23
2023-04-27,5,5,3,1,240,-0.1937555624474578,discovery_2020_23
2023-04-28,5,5,3,1,243,-0.12359783837491244,discovery_2020_23
2023-05-04,5,5,3,1,260,-0.05744996337873567,discovery_2020_23
2023-05-05,5,5,3,1,279,-0.13072308937040666,discovery_2020_23
2023-05-08,5,5,3,1,277,0.022552798484553827,discovery_2020_23
2023-05-09,5,5,3,1,257,0.23898625879428662,discovery_2020_23
2023-05-10,5,5,3,1,249,0.050434558207824914,discovery_2020_23
2023-05-11,5,5,3,1,251,-0.03296800031878504,discovery_2020_23
2023-05-12,5,5,3,1,274,0.10018612077468764,discovery_2020_23
2023-05-15,5,5,3,1,283,0.057993808001841465,discovery_2020_23
2023-05-16,5,5,3,1,274,-0.04536406712803703,discovery_2020_23
2023-05-17,5,5,3,1,272,-0.05622196348438846,discovery_2020_23
2023-05-18,5,5,3,1,273,-0.005776434753099671,discovery_2020_23
2023-05-19,5,5,3,1,267,0.0316546504061733,discovery_2020_23
2023-05-22,5,5,3,1,277,0.10596606616283903,discovery_2020_23
2023-05-23,5,5,3,1,275,-0.030167959933040382,discovery_2020_23
2023-05-24,5,5,3,1,282,-0.09945538223920894,discovery_2020_23
2023-05-25,5,5,3,1,263,0.02716661730228104,discovery_2020_23
2023-05-26,5,5,3,1,258,0.11161142433097185,discovery_2020_23
2023-05-29,5,5,3,1,254,-0.02623552029319704,discovery_2020_23
2023-05-30,5,5,3,1,259,0.13150584544382274,discovery_2020_23
2023-05-31,5,5,3,1,253,0.0786482863027053,discovery_2020_23
2023-06-01,5,5,3,1,252,0.2651719137743843,discovery_2020_23
2023-06-02,5,5,3,1,248,-0.12054447594013606,discovery_2020_23
2023-06-05,5,5,3,1,265,0.04094944707328043,discovery_2020_23
2023-06-06,5,5,3,1,282,-0.06800361145723058,discovery_2020_23
2023-06-07,5,5,3,1,283,0.06151081593506154,discovery_2020_23
2023-06-08,5,5,3,1,277,-0.024303335346190554,discovery_2020_23
2023-06-09,5,5,3,1,268,0.053137310768074264,discovery_2020_23
2023-06-12,5,5,3,1,258,-0.01259594705547163,discovery_2020_23
2023-06-13,5,5,3,1,262,0.015467565056071325,discovery_2020_23
2023-06-14,5,5,3,1,272,0.12638354764408402,discovery_2020_23
2023-06-15,5,5,3,1,276,-0.0018454136472504797,discovery_2020_23
2023-06-16,5,5,3,1,271,-0.04988951711187046,discovery_2020_23
2023-06-19,5,5,3,1,269,-0.10590448172344138,discovery_2020_23
2023-06-20,5,5,3,1,269,0.011121608687691126,discovery_2020_23
2023-06-21,5,5,3,1,273,0.11197088534187599,discovery_2020_23
2023-06-26,5,5,3,1,274,0.024801497598613168,discovery_2020_23
2023-06-27,5,5,3,1,279,0.07704573520114574,discovery_2020_23
2023-06-28,5,5,3,1,281,-0.011658240037507943,discovery_2020_23
2023-06-29,5,5,3,1,271,-0.049221330780868884,discovery_2020_23
2023-06-30,5,5,3,1,269,0.199859930860633,discovery_2020_23
2023-07-03,5,5,3,1,270,-0.11798237495937663,discovery_2020_23
2023-07-04,5,5,3,1,278,-0.01566511092109141,discovery_2020_23
2023-07-05,5,5,3,1,287,0.021468460798260376,discovery_2020_23
2023-07-06,5,5,3,1,286,0.01993451173618704,discovery_2020_23
2023-07-07,5,5,3,1,282,0.05336735937991752,discovery_2020_23
2023-07-10,5,5,3,1,283,-0.09720098871767835,discovery_2020_23
2023-07-11,5,5,3,1,286,-0.013481721269810476,discovery_2020_23
2023-07-12,5,5,3,1,291,0.03612514178630299,discovery_2020_23
2023-07-13,5,5,3,1,294,0.12509630430577945,discovery_2020_23
2023-07-14,5,5,3,1,294,0.0031099377545313897,discovery_2020_23
2023-07-17,5,5,3,1,293,-0.1283542289532038,discovery_2020_23
2023-07-18,5,5,3,1,290,-0.0005623953120085277,discovery_2020_23
2023-07-19,5,5,3,1,291,-0.11385913446538153,discovery_2020_23
2023-07-20,5,5,3,1,285,-0.20282490901192385,discovery_2020_23
2023-07-21,5,5,3,1,279,0.07458343009082767,discovery_2020_23
2023-07-24,5,5,3,1,275,-0.15604557296615235,discovery_2020_23
2023-07-25,5,5,3,1,275,-0.13301673716681195,discovery_2020_23
2023-07-26,5,5,3,1,278,-0.0706055470965123,discovery_2020_23
2023-07-27,5,5,3,1,290,-0.13670468098673877,discovery_2020_23
2023-07-28,5,5,3,1,287,0.18406776688582613,discovery_2020_23
2023-07-31,5,5,3,1,245,0.017190561330472757,discovery_2020_23
2023-08-01,5,5,3,1,243,-0.16110082904373205,discovery_2020_23
2023-08-02,5,5,3,1,242,-0.13451465682208114,discovery_2020_23
2023-08-03,5,5,3,1,285,0.22285479826956162,discovery_2020_23
2023-08-04,5,5,3,1,295,0.09250228635359393,discovery_2020_23
2023-08-07,5,5,3,1,292,-0.043007606756912245,discovery_2020_23
2023-08-08,5,5,3,1,291,-0.021764267427717636,discovery_2020_23
2023-08-09,5,5,3,1,288,-0.09693551209906744,discovery_2020_23
2023-08-10,5,5,3,1,286,0.22478189333131565,discovery_2020_23
2023-08-11,5,5,3,1,276,0.08807760412695378,discovery_2020_23
2023-08-14,5,5,3,1,272,-0.07683164431970563,discovery_2020_23
2023-08-15,5,5,3,1,273,0.12790305905519128,discovery_2020_23
2023-08-16,5,5,3,1,269,0.03736838139172641,discovery_2020_23
2023-08-17,5,5,3,1,269,0.06589174109189896,discovery_2020_23
2023-08-18,5,5,3,1,260,0.012723263054476585,discovery_2020_23
2023-08-21,5,5,3,1,260,0.09144587487366752,discovery_2020_23
2023-08-22,5,5,3,1,263,-0.03321123458197146,discovery_2020_23
2023-08-23,5,5,3,1,257,0.11713244073817,discovery_2020_23
2023-08-24,5,5,3,1,257,0.1108430787894411,discovery_2020_23
2023-08-25,5,5,3,1,229,-0.09754081958690951,discovery_2020_23
2023-08-28,5,5,3,1,238,0.015743468650259104,discovery_2020_23
2023-08-29,5,5,3,1,243,0.058336560529144,discovery_2020_23
2023-08-30,5,5,3,1,299,0.03590244437400773,discovery_2020_23
2023-08-31,5,5,3,1,297,0.07607060096403927,discovery_2020_23
2023-09-01,5,5,3,1,297,-0.030295305771519426,discovery_2020_23
2023-09-04,5,5,3,1,295,0.08358828063613459,discovery_2020_23
2023-09-05,5,5,3,1,291,-0.06699761891024585,discovery_2020_23
2023-09-06,5,5,3,1,292,-0.04374019675607585,discovery_2020_23
2023-09-07,5,5,3,1,283,-0.05663826180202244,discovery_2020_23
2023-09-08,5,5,3,1,277,0.14026699672500986,discovery_2020_23
2023-09-11,5,5,3,1,282,0.11906234448967107,discovery_2020_23
2023-09-12,5,5,3,1,281,0.06025724255176262,discovery_2020_23
2023-09-13,5,5,3,1,288,0.0038701860044724687,discovery_2020_23
2023-09-14,5,5,3,1,285,-0.03638317951537429,discovery_2020_23
2023-09-15,5,5,3,1,283,0.11250709446255693,discovery_2020_23
2023-09-18,5,5,3,1,280,-0.15044150187730676,discovery_2020_23
2023-09-19,5,5,3,1,277,-0.04511673214398994,discovery_2020_23
2023-09-20,5,5,3,1,276,-0.21733824731246382,discovery_2020_23
2023-09-21,5,5,3,1,269,0.09780304193396054,discovery_2020_23
2023-09-22,5,5,3,1,271,0.04528510302462915,discovery_2020_23
2023-09-25,5,5,3,1,271,-0.011207163092001409,discovery_2020_23
2023-09-26,5,5,3,1,279,-0.15931558062327317,discovery_2020_23
2023-09-27,5,5,3,1,279,-0.06375882408910948,discovery_2020_23
2023-09-28,5,5,3,1,280,0.03190116035780689,discovery_2020_23
2023-10-09,5,5,3,1,284,0.05469763796752456,discovery_2020_23
2023-10-10,5,5,3,1,283,-0.08716507097140136,discovery_2020_23
2023-10-11,5,5,3,1,282,0.039230008655032136,discovery_2020_23
2023-10-12,5,5,3,1,283,-0.0021482592746435145,discovery_2020_23
2023-10-13,5,5,3,1,281,0.18078569107030876,discovery_2020_23
2023-10-16,5,5,3,1,288,-0.059703307080231756,discovery_2020_23
2023-10-17,5,5,3,1,270,0.05416665396522013,discovery_2020_23
2023-10-18,5,5,3,1,260,-0.038463980642417656,discovery_2020_23
2023-10-19,5,5,3,1,232,-0.12493260950420776,discovery_2020_23
2023-10-20,5,5,3,1,228,0.18218727598938544,discovery_2020_23
2023-10-23,5,5,3,1,202,-0.14508231806842284,discovery_2020_23
2023-10-24,5,5,3,1,205,0.18971803470617848,discovery_2020_23
2023-10-25,5,5,3,1,211,0.12824571998497097,discovery_2020_23
2023-10-26,5,5,3,1,236,-0.09153985260343632,discovery_2020_23
2023-10-27,5,5,3,1,280,-0.019635329053819855,discovery_2020_23
2023-10-30,5,5,3,1,282,0.06462170096795213,discovery_2020_23
2023-10-31,5,5,3,1,291,0.04236465220782446,discovery_2020_23
2023-11-01,5,5,3,1,286,0.07323872353360861,discovery_2020_23
2023-11-02,5,5,3,1,281,-0.07888792528867532,discovery_2020_23
2023-11-03,5,5,3,1,282,-0.022923483242245336,discovery_2020_23
2023-11-06,5,5,3,1,287,0.057980792259419926,discovery_2020_23
2023-11-07,5,5,3,1,292,-0.02153404235054706,discovery_2020_23
2023-11-08,5,5,3,1,292,0.1829819595272608,discovery_2020_23
2023-11-09,5,5,3,1,285,-0.0016552375532758673,discovery_2020_23
2023-11-10,5,5,3,1,281,-0.0002244486810267945,discovery_2020_23
2023-11-13,5,5,3,1,275,-0.2266107419640029,discovery_2020_23
2023-11-14,5,5,3,1,275,0.20262600046392973,discovery_2020_23
2023-11-15,5,5,3,1,280,-0.019829508380997913,discovery_2020_23
2023-11-16,5,5,3,1,285,-0.25790527670822855,discovery_2020_23
2023-11-17,5,5,3,1,292,0.06272121823233938,discovery_2020_23
2023-11-20,5,5,3,1,291,0.2230462761741646,discovery_2020_23
2023-11-21,5,5,3,1,291,0.08580383080169134,discovery_2020_23
2023-11-22,5,5,3,1,287,0.024506872539952367,discovery_2020_23
2023-11-23,5,5,3,1,283,0.015486935339739447,discovery_2020_23
2023-11-24,5,5,3,1,285,-0.011178617344693583,discovery_2020_23
2023-11-27,5,5,3,1,282,0.01636291566031949,discovery_2020_23
2023-11-28,5,5,3,1,247,0.04837396982663768,discovery_2020_23
2023-11-29,5,5,3,1,239,0.019539059112622645,discovery_2020_23
2023-11-30,5,5,3,1,240,-0.009533224932620408,discovery_2020_23
2023-12-01,5,5,3,1,244,-0.15170750243822304,discovery_2020_23
2023-12-04,5,5,3,1,243,0.0054009209498528925,discovery_2020_23
2023-12-05,5,5,3,1,248,-0.007285368310413443,discovery_2020_23
2023-12-06,5,5,3,1,242,0.027419408785874812,discovery_2020_23
2023-12-07,5,5,3,1,245,0.02963419928449828,discovery_2020_23
2023-12-08,5,5,3,1,238,0.04883797995633183,discovery_2020_23
2023-12-11,5,5,3,1,223,0.07057317472697688,discovery_2020_23
2023-12-12,5,5,3,1,243,0.06884090320559488,discovery_2020_23
2023-12-13,5,5,3,1,253,0.1188609046103551,discovery_2020_23
2023-12-14,5,5,3,1,268,-0.03841846230767188,discovery_2020_23
2023-12-15,5,5,3,1,260,-0.014396461361334921,discovery_2020_23
2023-12-18,5,5,3,1,260,-0.07599156339959216,discovery_2020_23
2023-12-19,5,5,3,1,246,0.18531589163715784,discovery_2020_23
2023-12-20,5,5,3,1,228,-0.21686229157250464,discovery_2020_23
2023-12-21,5,5,3,1,213,0.0674215215411474,discovery_2020_23
2023-12-22,5,5,3,1,220,-0.07866393367948644,discovery_2020_23
2023-12-25,5,5,3,1,246,0.02542911198968212,discovery_2020_23
2023-12-26,5,5,3,1,271,0.05789067326181355,discovery_2020_23
2023-12-27,5,5,3,1,274,-0.03081564370304593,discovery_2020_23
2023-12-28,5,5,3,1,269,0.19528117815315899,discovery_2020_23
2023-12-29,5,5,3,1,275,0.050233844221506375,discovery_2020_23
2024-01-02,5,5,3,1,284,0.04741216047072119,review_2024_25
2024-01-03,5,5,3,1,286,0.09999329296548956,review_2024_25
2024-01-04,5,5,3,1,284,0.0355733083796272,review_2024_25
2024-01-05,5,5,3,1,284,-0.12398651418840353,review_2024_25
2024-01-08,5,5,3,1,286,-0.07098818158008922,review_2024_25
2024-01-09,5,5,3,1,271,-0.030693926846777526,review_2024_25
2024-01-10,5,5,3,1,242,0.008076086933538897,review_2024_25
2024-01-11,5,5,3,1,240,-0.0471308277946003,review_2024_25
2024-01-12,5,5,3,1,234,-0.03278461282525944,review_2024_25
2024-01-15,5,5,3,1,263,-0.10889095677578361,review_2024_25
2024-01-16,5,5,3,1,269,0.1412574890814669,review_2024_25
2024-01-17,5,5,3,1,266,-0.1848761786655309,review_2024_25
2024-01-18,5,5,3,1,265,0.059084928016705396,review_2024_25
2024-01-19,5,5,3,1,268,-0.14514217030779555,review_2024_25
2024-01-22,5,5,3,1,271,-0.043334666859919824,review_2024_25
2024-01-23,5,5,3,1,281,0.08389816059370116,review_2024_25
2024-01-24,5,5,3,1,281,0.04224628264487052,review_2024_25
2024-01-25,5,5,3,1,284,-0.08977088863014449,review_2024_25
2024-01-26,5,5,3,1,288,-0.014970138843026037,review_2024_25
2024-01-29,5,5,3,1,290,-0.1706422230550755,review_2024_25
2024-01-30,5,5,3,1,288,-0.13452315796476863,review_2024_25
2024-01-31,5,5,3,1,282,0.3251882209651318,review_2024_25
2024-02-01,5,5,3,1,279,-0.2216912473179928,review_2024_25
2024-02-02,5,5,3,1,261,-0.04974887811500254,review_2024_25
2024-02-05,5,5,3,1,241,0.2256945173753325,review_2024_25
2024-02-06,5,5,3,1,242,0.051171423358019615,review_2024_25
2024-02-07,5,5,3,1,241,0.17158240278048456,review_2024_25
2024-02-08,5,5,3,1,282,-0.2102453958705885,review_2024_25
2024-02-19,5,5,3,1,271,-0.19382220807562936,review_2024_25
2024-02-20,5,5,3,1,257,0.18844276347226063,review_2024_25
2024-02-21,5,5,3,1,252,0.09379857808516455,review_2024_25
2024-02-22,5,5,3,1,258,0.1679688730448757,review_2024_25
2024-02-23,5,5,3,1,252,-0.14095552326944796,review_2024_25
2024-02-26,5,5,3,1,274,-0.30372591039915386,review_2024_25
2024-02-27,5,5,3,1,269,0.3656129324416985,review_2024_25
2024-02-28,5,5,3,1,284,-0.4042748783489894,review_2024_25
2024-02-29,5,5,3,1,285,-0.23630868613529948,review_2024_25
2024-03-01,5,5,3,1,275,0.059329099937063326,review_2024_25
2024-03-04,5,5,3,1,278,0.12227630461134721,review_2024_25
2024-03-05,5,5,3,1,277,-0.08500543090315867,review_2024_25
2024-03-06,5,5,3,1,276,0.08696236595848064,review_2024_25
2024-03-07,5,5,3,1,282,-0.15728718818375334,review_2024_25
2024-03-08,5,5,3,1,276,-0.0011050086400157368,review_2024_25
2024-03-11,5,5,3,1,278,0.10284069464118116,review_2024_25
2024-03-12,5,5,3,1,285,0.1477697464126459,review_2024_25
2024-03-13,5,5,3,1,292,0.1902903692920258,review_2024_25
2024-03-14,5,5,3,1,299,-0.15558022787360323,review_2024_25
2024-03-15,5,5,3,1,297,-0.1922899028420705,review_2024_25
2024-03-18,5,5,3,1,292,0.050580130332924876,review_2024_25
2024-03-19,5,5,3,1,292,-0.005122283601740876,review_2024_25
2024-03-20,5,5,3,1,293,0.07160325024634995,review_2024_25
2024-03-21,5,5,3,1,293,0.0932357578943119,review_2024_25
2024-03-22,5,5,3,1,285,0.09617148139367786,review_2024_25
2024-03-25,5,5,3,1,280,0.0014131436028155956,review_2024_25
2024-03-26,5,5,3,1,267,0.040972614942917325,review_2024_25
2024-03-27,5,5,3,1,264,0.0019990412441484875,review_2024_25
2024-03-28,5,5,3,1,240,-0.008221934504911668,review_2024_25
2024-03-29,5,5,3,1,234,0.04671719892521217,review_2024_25
2024-04-01,5,5,3,1,241,-0.020296186814856006,review_2024_25
2024-04-02,5,5,3,1,255,-0.01201518724903117,review_2024_25
2024-04-03,5,5,3,1,290,0.1070544927497826,review_2024_25
2024-04-08,5,5,3,1,282,-0.14354527720174273,review_2024_25
2024-04-09,5,5,3,1,280,-0.024405120240092747,review_2024_25
2024-04-10,5,5,3,1,276,-0.23116296518869686,review_2024_25
2024-04-11,5,5,3,1,263,-0.2071159912813344,review_2024_25
2024-04-12,5,5,3,1,247,-0.006401376712093277,review_2024_25
2024-04-15,5,5,3,1,236,0.07731733815460394,review_2024_25
2024-04-16,5,5,3,1,250,0.03436933110712085,review_2024_25
2024-04-17,5,5,3,1,265,-0.08903988239708523,review_2024_25
2024-04-18,5,5,3,1,264,-0.1810328424324948,review_2024_25
2024-04-19,5,5,3,1,272,0.17850759013953205,review_2024_25
2024-04-22,5,5,3,1,284,-0.024241519358057705,review_2024_25
2024-04-23,5,5,3,1,288,-0.09214307719902105,review_2024_25
2024-04-24,5,5,3,1,290,0.04235880214784854,review_2024_25
2024-04-25,5,5,3,1,278,-0.007660065030542236,review_2024_25
2024-04-26,5,5,3,1,278,-0.030545080629257496,review_2024_25
2024-04-29,5,5,3,1,275,0.030373274301999462,review_2024_25
2024-04-30,5,5,3,1,291,0.10045936497292307,review_2024_25
2024-05-06,5,5,3,1,283,0.060181482652952575,review_2024_25
2024-05-07,5,5,3,1,272,0.20661251525985871,review_2024_25
2024-05-08,5,5,3,1,273,0.004635769889465543,review_2024_25
2024-05-09,5,5,3,1,278,0.07432968341065252,review_2024_25
2024-05-10,5,5,3,1,294,0.031004517759289068,review_2024_25
2024-05-13,5,5,3,1,293,-0.0516514416253432,review_2024_25
2024-05-14,5,5,3,1,285,0.19058715189062514,review_2024_25
2024-05-15,5,5,3,1,282,0.018480454081126526,review_2024_25
2024-05-16,5,5,3,1,279,0.06791325516634206,review_2024_25
2024-05-17,5,5,3,1,278,0.05113554724429715,review_2024_25
2024-05-20,5,5,3,1,280,0.10994614926071254,review_2024_25
2024-05-21,5,5,3,1,287,0.04477811966030005,review_2024_25
2024-05-22,5,5,3,1,290,0.11995572193483124,review_2024_25
2024-05-23,5,5,3,1,281,0.07275590884582295,review_2024_25
2024-05-24,5,5,3,1,280,0.07498697933958494,review_2024_25
2024-05-27,5,5,3,1,277,-0.10701780115332973,review_2024_25
2024-05-28,5,5,3,1,271,-0.19746661785237388,review_2024_25
2024-05-29,5,5,3,1,262,0.14411354105087074,review_2024_25
2024-05-30,5,5,3,1,254,0.17957370400565575,review_2024_25
2024-05-31,5,5,3,1,253,-0.0783815787955818,review_2024_25
2024-06-03,5,5,3,1,257,0.14353607127518941,review_2024_25
2024-06-04,5,5,3,1,271,-0.1320468023868005,review_2024_25
2024-06-05,5,5,3,1,277,0.1486965885432735,review_2024_25
2024-06-06,5,5,3,1,280,0.09448279557002348,review_2024_25
2024-06-07,5,5,3,1,281,-0.2510877987932888,review_2024_25
2024-06-11,5,5,3,1,276,0.06504168995047917,review_2024_25
2024-06-12,5,5,3,1,274,-0.14137176237058288,review_2024_25
2024-06-13,5,5,3,1,261,0.08348837327036755,review_2024_25
2024-06-14,5,5,3,1,264,-0.07119923249956349,review_2024_25
2024-06-17,5,5,3,1,254,0.028284233072550215,review_2024_25
2024-06-18,5,5,3,1,260,0.10420119585511298,review_2024_25
2024-06-19,5,5,3,1,266,-0.012180295923965074,review_2024_25
2024-06-20,5,5,3,1,269,-0.02400348086981318,review_2024_25
2024-06-21,5,5,3,1,265,0.15679741341001074,review_2024_25
2024-06-24,5,5,3,1,261,0.13697460998344968,review_2024_25
2024-06-25,5,5,3,1,245,0.07777879327342824,review_2024_25
2024-06-26,5,5,3,1,223,0.10243227691737182,review_2024_25
2024-06-27,5,5,3,1,216,-0.12393105653264114,review_2024_25
2024-06-28,5,5,3,1,229,-0.016470521813053113,review_2024_25
2024-07-01,5,5,3,1,244,-0.04245337668622252,review_2024_25
2024-07-02,5,5,3,1,254,-0.08018080944980446,review_2024_25
2024-07-03,5,5,3,1,249,-0.16567806326616874,review_2024_25
2024-07-04,5,5,3,1,240,0.10884959037100911,review_2024_25
2024-07-05,5,5,3,1,242,-0.1416018934651496,review_2024_25
2024-07-08,5,5,3,1,249,-0.059153940431758076,review_2024_25
2024-07-09,5,5,3,1,248,-0.03365830660596927,review_2024_25
2024-07-10,5,5,3,1,251,0.07131555402434533,review_2024_25
2024-07-11,5,5,3,1,256,0.09582524778983036,review_2024_25
2024-07-12,5,5,3,1,281,0.022375634073256965,review_2024_25
2024-07-15,5,5,3,1,280,-0.06278599547303317,review_2024_25
2024-07-16,5,5,3,1,282,0.10327127842188123,review_2024_25
2024-07-17,5,5,3,1,277,0.09811653797408253,review_2024_25
2024-07-18,5,5,3,1,279,-0.13365717190872786,review_2024_25
2024-07-19,5,5,3,1,275,-0.04378444398737872,review_2024_25
2024-07-22,5,5,3,1,267,0.022927177557105227,review_2024_25
2024-07-23,5,5,3,1,265,0.022349738800593738,review_2024_25
2024-07-24,5,5,3,1,259,-0.1458159398631929,review_2024_25
2024-07-25,5,5,3,1,270,-0.09834209058248218,review_2024_25
2024-07-26,5,5,3,1,269,0.0217686051527812,review_2024_25
2024-07-29,5,5,3,1,257,-0.20905013656187985,review_2024_25
2024-07-30,5,5,3,1,264,0.050334908975946016,review_2024_25
2024-07-31,5,5,3,1,272,-0.07493175438627878,review_2024_25
2024-08-01,5,5,3,1,276,0.11404553431101291,review_2024_25
2024-08-02,5,5,3,1,291,-0.06794742307986086,review_2024_25
2024-08-05,5,5,3,1,292,0.04741605503080961,review_2024_25
2024-08-06,5,5,3,1,290,0.2778601391971327,review_2024_25
2024-08-07,5,5,3,1,289,-0.10540066585779037,review_2024_25
2024-08-08,5,5,3,1,279,0.3068863408719257,review_2024_25
2024-08-09,5,5,3,1,282,0.1296985701915878,review_2024_25
2024-08-12,5,5,3,1,270,0.010247985832439008,review_2024_25
2024-08-13,5,5,3,1,273,0.00658932040160911,review_2024_25
2024-08-14,5,5,3,1,267,0.020253093530983046,review_2024_25
2024-08-15,5,5,3,1,268,-0.04854264220434727,review_2024_25
2024-08-16,5,5,3,1,265,-0.14156894111406368,review_2024_25
2024-08-19,5,5,3,1,258,0.017810725146460354,review_2024_25
2024-08-20,5,5,3,1,261,0.0458898350890903,review_2024_25
2024-08-21,5,5,3,1,268,-0.01727328155591639,review_2024_25
2024-08-22,5,5,3,1,258,0.07692462233638693,review_2024_25
2024-08-23,5,5,3,1,247,0.02721735279958221,review_2024_25
2024-08-26,5,5,3,1,240,-0.09719851299201908,review_2024_25
2024-08-27,5,5,3,1,239,0.07591100746607782,review_2024_25
2024-08-28,5,5,3,1,258,0.06192981083135816,review_2024_25
2024-08-29,5,5,3,1,261,-0.05324496070170473,review_2024_25
2024-08-30,5,5,3,1,263,0.1521680513786376,review_2024_25
2024-09-02,5,5,3,1,277,-0.1346255177295395,review_2024_25
2024-09-03,5,5,3,1,273,-0.025458309435182583,review_2024_25
2024-09-04,5,5,3,1,260,-0.16189992566702588,review_2024_25
2024-09-05,5,5,3,1,258,0.22574528145910527,review_2024_25
2024-09-06,5,5,3,1,257,-0.1542842478637192,review_2024_25
2024-09-09,5,5,3,1,259,0.06245631290888192,review_2024_25
2024-09-10,5,5,3,1,267,-0.14799271695368502,review_2024_25
2024-09-11,5,5,3,1,259,0.0046736798922951146,review_2024_25
2024-09-12,5,5,3,1,260,0.14836984896263447,review_2024_25
2024-09-13,5,5,3,1,251,0.02559152367634197,review_2024_25
2024-09-18,5,5,3,1,261,-0.03971908368907779,review_2024_25
2024-09-19,5,5,3,1,266,0.1096646447407202,review_2024_25
2024-09-20,5,5,3,1,271,-0.059700615112740676,review_2024_25
2024-09-23,5,5,3,1,281,-0.14825255005462468,review_2024_25
2024-09-24,5,5,3,1,275,-0.019665488772946462,review_2024_25
2024-09-25,5,5,3,1,261,-0.1506354827916077,review_2024_25
2024-09-26,5,5,3,1,246,-0.27004568714813476,review_2024_25
2024-09-27,5,5,3,1,194,-0.026801680384989614,review_2024_25
2024-10-11,5,5,3,1,248,0.12957822827719348,review_2024_25
2024-10-14,5,5,3,1,295,-0.019802775069315968,review_2024_25
2024-10-15,5,5,3,1,298,0.013620121012635182,review_2024_25
2024-10-16,5,5,3,1,280,0.16243439629014636,review_2024_25
2024-10-17,5,5,3,1,221,-0.14246472694097997,review_2024_25
2024-10-18,5,5,3,1,219,-0.05285803564393369,review_2024_25
2024-10-21,5,5,3,1,227,0.04734263238081743,review_2024_25
2024-10-22,5,5,3,1,287,0.15434559723207075,review_2024_25
2024-10-23,5,5,3,1,293,-0.07748466922522368,review_2024_25
2024-10-24,5,5,3,1,295,-0.13427359337581646,review_2024_25
2024-10-25,5,5,3,1,291,0.02619440428731375,review_2024_25
2024-10-28,5,5,3,1,289,0.1640299740895255,review_2024_25
2024-10-29,5,5,3,1,289,-0.13943313419306294,review_2024_25
2024-10-30,5,5,3,1,285,-0.15571219235535086,review_2024_25
2024-10-31,5,5,3,1,283,0.20408547389126327,review_2024_25
2024-11-01,5,5,3,1,284,-0.15819408235490506,review_2024_25
2024-11-04,5,5,3,1,287,-0.18540024322733353,review_2024_25
2024-11-05,5,5,3,1,291,0.05541616543646751,review_2024_25
2024-11-06,5,5,3,1,290,-0.14095827220360743,review_2024_25
2024-11-07,5,5,3,1,292,0.15386296787658166,review_2024_25
2024-11-08,5,5,3,1,271,-0.23781884330914915,review_2024_25
2024-11-11,5,5,3,1,260,0.14401525012745367,review_2024_25
2024-11-12,5,5,3,1,251,0.043319210680498973,review_2024_25
2024-11-13,5,5,3,1,273,0.09974923426333204,review_2024_25
2024-11-14,5,5,3,1,274,0.1857887953755263,review_2024_25
2024-11-15,5,5,3,1,290,0.1594329386609316,review_2024_25
2024-11-18,5,5,3,1,289,0.011594014842747854,review_2024_25
2024-11-19,5,5,3,1,265,0.14395003072882578,review_2024_25
2024-11-20,5,5,3,1,255,-0.029206101154153598,review_2024_25
2024-11-21,5,5,3,1,247,-0.24027272987892473,review_2024_25
2024-11-22,5,5,3,1,254,0.044382728028399654,review_2024_25
2024-11-25,5,5,3,1,260,-0.16878895927297768,review_2024_25
2024-11-26,5,5,3,1,269,-0.03162070687454919,review_2024_25
2024-11-27,5,5,3,1,270,-0.06643525265053973,review_2024_25
2024-11-28,5,5,3,1,277,0.010384649858912605,review_2024_25
2024-11-29,5,5,3,1,287,-0.050547338335078254,review_2024_25
2024-12-02,5,5,3,1,291,0.11919246888775925,review_2024_25
2024-12-03,5,5,3,1,294,0.08026992360399873,review_2024_25
2024-12-04,5,5,3,1,296,-0.07597029220531373,review_2024_25
2024-12-05,5,5,3,1,296,-0.08354587469646878,review_2024_25
2024-12-06,5,5,3,1,291,-0.20523314222771585,review_2024_25
2024-12-09,5,5,3,1,287,0.24735820447754492,review_2024_25
2024-12-10,5,5,3,1,290,0.006443815586454113,review_2024_25
2024-12-11,5,5,3,1,292,0.12633039133066354,review_2024_25
2024-12-12,5,5,3,1,293,0.050161500811415946,review_2024_25
2024-12-13,5,5,3,1,296,0.1407635706062171,review_2024_25
2024-12-16,5,5,3,1,281,0.06143573237696491,review_2024_25
2024-12-17,5,5,3,1,269,0.05229600919100504,review_2024_25
2024-12-18,5,5,3,1,260,-0.052928278160201854,review_2024_25
2024-12-19,5,5,3,1,241,-0.24639968589580644,review_2024_25
2024-12-20,5,5,3,1,234,0.288313744515494,review_2024_25
2024-12-23,5,5,3,1,237,0.17363435646322142,review_2024_25
2024-12-24,5,5,3,1,255,0.022754083654122383,review_2024_25
2024-12-25,5,5,3,1,265,-0.08004662196437805,review_2024_25
2024-12-26,5,5,3,1,272,0.007471649237188089,review_2024_25
2024-12-27,5,5,3,1,280,-0.02589125732066222,review_2024_25
2024-12-30,5,5,3,1,289,0.2548851841890309,review_2024_25
2024-12-31,5,5,3,1,286,0.2101452360592586,review_2024_25
2025-01-02,5,5,3,1,279,0.2010996922829006,review_2024_25
2025-01-03,5,5,3,1,278,-0.013466850300263197,review_2024_25
2025-01-06,5,5,3,1,261,-0.057931025212794,review_2024_25
2025-01-07,5,5,3,1,238,0.023385032537127527,review_2024_25
2025-01-08,5,5,3,1,214,0.08805895903832216,review_2024_25
2025-01-09,5,5,3,1,223,-0.05213112696296552,review_2024_25
2025-01-10,5,5,3,1,235,0.1002902323162758,review_2024_25
2025-01-13,5,5,3,1,250,-0.03382903425489972,review_2024_25
2025-01-14,5,5,3,1,254,0.06860938303078998,review_2024_25
2025-01-15,5,5,3,1,257,0.2784723725864172,review_2024_25
2025-01-16,5,5,3,1,291,-0.12865688449913942,review_2024_25
2025-01-17,5,5,3,1,293,-0.009427341493815107,review_2024_25
2025-01-20,5,5,3,1,290,0.09402088729901299,review_2024_25
2025-01-21,5,5,3,1,290,-0.17945562610943416,review_2024_25
2025-01-22,5,5,3,1,285,0.26598066806083953,review_2024_25
2025-01-23,5,5,3,1,289,-0.10957602646311575,review_2024_25
2025-01-24,5,5,3,1,289,0.051442729082447174,review_2024_25
2025-01-27,5,5,3,1,291,-0.13682594633523854,review_2024_25
2025-02-05,5,5,3,1,287,-0.09314658635006676,review_2024_25
2025-02-06,5,5,3,1,286,0.00849010763446685,review_2024_25
2025-02-07,5,5,3,1,286,0.005921511131747874,review_2024_25
2025-02-10,5,5,3,1,285,0.09796532187710165,review_2024_25
2025-02-11,5,5,3,1,285,-0.18957602722044284,review_2024_25
2025-02-12,5,5,3,1,287,0.19662039833617936,review_2024_25
2025-02-13,5,5,3,1,290,-0.14190830561444262,review_2024_25
2025-02-14,5,5,3,1,290,0.10630080395856309,review_2024_25
2025-02-17,5,5,3,1,289,0.27346669144168884,review_2024_25
2025-02-18,5,5,3,1,283,-0.1328588798075176,review_2024_25
2025-02-19,5,5,3,1,277,-0.012191431084316607,review_2024_25
2025-02-20,5,5,3,1,275,-0.15319416331147354,review_2024_25
2025-02-21,5,5,3,1,275,0.338084148291852,review_2024_25
2025-02-24,5,5,3,1,275,-0.1190245518194698,review_2024_25
2025-02-25,5,5,3,1,274,-0.049531670999485015,review_2024_25
2025-02-26,5,5,3,1,272,0.16685652405974544,review_2024_25
2025-02-27,5,5,3,1,275,0.24316160284456198,review_2024_25
2025-02-28,5,5,3,1,280,-0.028241465570095256,review_2024_25
2025-03-03,5,5,3,1,282,0.07124577023215124,review_2024_25
2025-03-04,5,5,3,1,285,0.15669357310614654,review_2024_25
2025-03-05,5,5,3,1,284,-0.06391886113326548,review_2024_25
2025-03-06,5,5,3,1,287,0.16836111817731297,review_2024_25
2025-03-07,5,5,3,1,288,0.18942556394065005,review_2024_25
2025-03-10,5,5,3,1,291,-0.12299895446238084,review_2024_25
2025-03-11,5,5,3,1,291,0.056190416364328796,review_2024_25
2025-03-12,5,5,3,1,289,0.0820175512362687,review_2024_25
2025-03-13,5,5,3,1,290,0.012096392768662608,review_2024_25
2025-03-14,5,5,3,1,286,0.03642909790383018,review_2024_25
2025-03-17,5,5,3,1,285,0.16474733607836242,review_2024_25
2025-03-18,5,5,3,1,280,0.00023315072594677947,review_2024_25
2025-03-19,5,5,3,1,280,-0.05033729118143909,review_2024_25
2025-03-20,5,5,3,1,282,-0.14486456781086277,review_2024_25
2025-03-21,5,5,3,1,283,0.15982684392189567,review_2024_25
2025-03-24,5,5,3,1,280,-0.05313103974945064,review_2024_25
2025-03-25,5,5,3,1,272,0.06172907245104383,review_2024_25
2025-03-26,5,5,3,1,257,0.1681072658341357,review_2024_25
2025-03-27,5,5,3,1,255,-0.032780644562017146,review_2024_25
2025-03-28,5,5,3,1,253,0.04113544102659787,review_2024_25
2025-03-31,5,5,3,1,270,-0.08647104308051311,review_2024_25
2025-04-01,5,5,3,1,271,0.06115897716581378,review_2024_25
2025-04-02,5,5,3,1,266,0.021420213284003186,review_2024_25
2025-04-03,5,5,3,1,270,-0.14367854459213736,review_2024_25
2025-04-07,5,5,3,1,262,-0.0948215608880923,review_2024_25
2025-04-08,5,5,3,1,261,0.13980912983636068,review_2024_25
2025-04-09,5,5,3,1,252,-0.08711386669066608,review_2024_25
2025-04-10,5,5,3,1,254,0.2790444426639247,review_2024_25
2025-04-11,5,5,3,1,270,-0.12614845616020323,review_2024_25
2025-04-14,5,5,3,1,296,-0.05834075602757653,review_2024_25
2025-04-15,5,5,3,1,299,-0.37690983180111426,review_2024_25
2025-04-16,5,5,3,1,297,0.07799780423836006,review_2024_25
2025-04-17,5,5,3,1,285,0.16588725340656693,review_2024_25
2025-04-18,5,5,3,1,274,0.1661838806799311,review_2024_25
2025-04-21,5,5,3,1,266,0.02735902490268915,review_2024_25
2025-04-22,5,5,3,1,266,-0.025176098157308657,review_2024_25
2025-04-23,5,5,3,1,278,0.14727168528396137,review_2024_25
2025-04-24,5,5,3,1,285,-0.13408949973355191,review_2024_25
2025-04-25,5,5,3,1,279,0.11644068470155768,review_2024_25
2025-04-28,5,5,3,1,279,0.014299301491291098,review_2024_25
2025-04-29,5,5,3,1,277,-0.10414261697700555,review_2024_25
2025-04-30,5,5,3,1,280,-0.1340638648866589,review_2024_25
2025-05-06,5,5,3,1,279,0.23075831776181305,review_2024_25
2025-05-07,5,5,3,1,284,0.0695326351521378,review_2024_25
2025-05-08,5,5,3,1,287,0.08292797765186151,review_2024_25
2025-05-09,5,5,3,1,293,-0.12249654626323574,review_2024_25
2025-05-12,5,5,3,1,294,0.30243164847134585,review_2024_25
2025-05-13,5,5,3,1,289,-0.04640945866684103,review_2024_25
2025-05-14,5,5,3,1,283,0.2353104216895962,review_2024_25
2025-05-15,5,5,3,1,280,-0.05095366783094427,review_2024_25
2025-05-16,5,5,3,1,283,0.11250607678510956,review_2024_25
2025-05-19,5,5,3,1,288,0.15132162041670433,review_2024_25
2025-05-20,5,5,3,1,292,0.02251574169312259,review_2024_25
2025-05-21,5,5,3,1,290,0.06646396577054203,review_2024_25
2025-05-22,5,5,3,1,282,0.1393464268428649,review_2024_25
2025-05-23,5,5,3,1,280,0.12154358024618557,review_2024_25
2025-05-26,5,5,3,1,277,-0.05561910092855928,review_2024_25
2025-05-27,5,5,3,1,271,0.005280443082472465,review_2024_25
2025-05-28,5,5,3,1,264,-0.024457551882930823,review_2024_25
2025-05-29,5,5,3,1,264,-0.05255754611315581,review_2024_25
2025-05-30,5,5,3,1,260,-0.08861997110712184,review_2024_25
2025-06-03,5,5,3,1,278,-0.17481712474167316,review_2024_25
2025-06-04,5,5,3,1,280,-0.04681052957747549,review_2024_25
2025-06-05,5,5,3,1,283,0.02865325571681411,review_2024_25
2025-06-06,5,5,3,1,286,-0.11103867825876827,review_2024_25
2025-06-09,5,5,3,1,284,0.11165555321119432,review_2024_25
2025-06-10,5,5,3,1,277,0.011537957725210669,review_2024_25
2025-06-11,5,5,3,1,273,-0.02521782570062283,review_2024_25
2025-06-12,5,5,3,1,276,0.02177175474155917,review_2024_25
2025-06-13,5,5,3,1,281,-0.11809086808857443,review_2024_25
2025-06-16,5,5,3,1,271,0.0742207619903646,review_2024_25
2025-06-17,5,5,3,1,263,0.07493519213581051,review_2024_25
2025-06-18,5,5,3,1,256,0.1531734706660011,review_2024_25
2025-06-19,5,5,3,1,261,0.15783898235171204,review_2024_25
2025-06-20,5,5,3,1,259,0.019657292442806288,review_2024_25
2025-06-23,5,5,3,1,250,0.06434231007551067,review_2024_25
2025-06-24,5,5,3,1,255,-0.1394907018160137,review_2024_25
2025-06-25,5,5,3,1,257,0.1061579403722598,review_2024_25
2025-06-26,5,5,3,1,276,-0.05257607079800334,review_2024_25
2025-06-27,5,5,3,1,271,0.0029105235612235563,review_2024_25
2025-06-30,5,5,3,1,279,0.15238776213939773,review_2024_25
2025-07-01,5,5,3,1,282,0.10835616703124017,review_2024_25
2025-07-02,5,5,3,1,291,-0.0739531860532496,review_2024_25
2025-07-03,5,5,3,1,288,0.21223611900164455,review_2024_25
2025-07-04,5,5,3,1,291,-0.15444945420506914,review_2024_25
2025-07-07,5,5,3,1,291,-0.1201987953131539,review_2024_25
2025-07-08,5,5,3,1,287,0.16970872626661315,review_2024_25
2025-07-09,5,5,3,1,283,-0.1382201151735184,review_2024_25
2025-07-10,5,5,3,1,279,-0.008022544238955345,review_2024_25
2025-07-11,5,5,3,1,282,0.2601140843900922,review_2024_25
2025-07-14,5,5,3,1,283,0.08603138281004263,review_2024_25
2025-07-15,5,5,3,1,289,-0.001207605328395966,review_2024_25
2025-07-16,5,5,3,1,293,-0.023331015072108344,review_2024_25
2025-07-17,5,5,3,1,291,-0.019674111014731932,review_2024_25
2025-07-18,5,5,3,1,294,-0.004033955111806395,review_2024_25
2025-07-21,5,5,3,1,293,0.03712383764382487,review_2024_25
2025-07-22,5,5,3,1,292,0.20027675970582573,review_2024_25
2025-07-23,5,5,3,1,293,-0.19055663400522796,review_2024_25
2025-07-24,5,5,3,1,275,0.20868637466953996,review_2024_25
2025-07-25,5,5,3,1,262,0.13582438019299234,review_2024_25
2025-07-28,5,5,3,1,257,-0.1813449616576452,review_2024_25
2025-07-29,5,5,3,1,265,0.07058922151864003,review_2024_25
2025-07-30,5,5,3,1,275,0.0620247540463345,review_2024_25
2025-07-31,5,5,3,1,281,0.14294089815267344,review_2024_25
2025-08-01,5,5,3,1,278,-0.07039417756851145,review_2024_25
2025-08-04,5,5,3,1,274,0.18501744177921578,review_2024_25
2025-08-05,5,5,3,1,273,0.06724644426915723,review_2024_25
2025-08-06,5,5,3,1,273,0.15769140717852173,review_2024_25
2025-08-07,5,5,3,1,283,-0.04854790574144545,review_2024_25
2025-08-08,5,5,3,1,283,-0.08753937163255701,review_2024_25
2025-08-11,5,5,3,1,280,0.011628897011111458,review_2024_25
2025-08-12,5,5,3,1,282,-0.13736914622008348,review_2024_25
2025-08-13,5,5,3,1,288,0.20588759077820912,review_2024_25
2025-08-14,5,5,3,1,287,-0.30098881185867965,review_2024_25
2025-08-15,5,5,3,1,275,0.049275992901883364,review_2024_25
2025-08-18,5,5,3,1,267,0.1936205233184137,review_2024_25
2025-08-19,5,5,3,1,265,-0.2974542802506894,review_2024_25
2025-08-20,5,5,3,1,263,0.27630026574450806,review_2024_25
2025-08-21,5,5,3,1,274,-0.3823665559239936,review_2024_25
2025-08-22,5,5,3,1,278,0.1280942119150918,review_2024_25
2025-08-25,5,5,3,1,282,-0.05793839208465049,review_2024_25
2025-08-26,5,5,3,1,277,0.20888013933416735,review_2024_25
2025-08-27,5,5,3,1,273,-0.11701500847250924,review_2024_25
2025-08-28,5,5,3,1,274,-0.05341411780068311,review_2024_25
2025-08-29,5,5,3,1,278,-0.15369388764764072,review_2024_25
2025-09-01,5,5,3,1,287,0.31169696445380957,review_2024_25
2025-09-02,5,5,3,1,288,0.14701296900657204,review_2024_25
2025-09-03,5,5,3,1,282,0.08603249238446203,review_2024_25
2025-09-04,5,5,3,1,278,-0.08456089803098571,review_2024_25
2025-09-05,5,5,3,1,268,0.07056962045314,review_2024_25
2025-09-08,5,5,3,1,260,0.07965351000035484,review_2024_25
2025-09-09,5,5,3,1,258,0.14661107536840076,review_2024_25
2025-09-10,5,5,3,1,267,0.1324692719543828,review_2024_25
2025-09-11,5,5,3,1,272,0.05950611685153954,review_2024_25
2025-09-12,5,5,3,1,277,0.07516839497114351,review_2024_25
2025-09-15,5,5,3,1,294,-0.08220886808869426,review_2024_25
2025-09-16,5,5,3,1,295,-0.033157427668588674,review_2024_25
2025-09-17,5,5,3,1,291,0.0426520268727909,review_2024_25
2025-09-18,5,5,3,1,287,0.020805736225008527,review_2024_25
2025-09-19,5,5,3,1,257,-0.0796240286702888,review_2024_25
2025-09-22,5,5,3,1,247,0.12661789208111096,review_2024_25
2025-09-23,5,5,3,1,246,-0.08533389347065393,review_2024_25
2025-09-24,5,5,3,1,240,-0.09457455556307237,review_2024_25
2025-09-25,5,5,3,1,251,0.11862345215946346,review_2024_25
2025-09-26,5,5,3,1,258,-0.28562085120834674,review_2024_25
2025-09-29,5,5,3,1,268,-0.09666517460312964,review_2024_25
2025-09-30,5,5,3,1,271,0.0608858305156478,review_2024_25
2025-10-09,5,5,3,1,279,0.17378963188895888,review_2024_25
2025-10-10,5,5,3,1,280,-0.3392908172057826,review_2024_25
2025-10-13,5,5,3,1,283,0.1383895876442335,review_2024_25
2025-10-14,5,5,3,1,288,0.01563114811422631,review_2024_25
2025-10-15,5,5,3,1,290,0.08951633507208068,review_2024_25
2025-10-16,5,5,3,1,284,0.055006354664687666,review_2024_25
2025-10-17,5,5,3,1,282,0.09118319262887496,review_2024_25
2025-10-20,5,5,3,1,279,0.14026800348550517,review_2024_25
2025-10-21,5,5,3,1,263,-0.028451868219267838,review_2024_25
2025-10-22,5,5,3,1,272,-0.025044754726659707,review_2024_25
2025-10-23,5,5,3,1,265,-0.15811593028596668,review_2024_25
2025-10-24,5,5,3,1,276,0.03518771007455586,review_2024_25
2025-10-27,5,5,3,1,278,-0.01065717971664552,review_2024_25
2025-10-28,5,5,3,1,291,-0.17807807080663007,review_2024_25
2025-10-29,5,5,3,1,293,0.2098535815223454,review_2024_25
2025-10-30,5,5,3,1,287,0.21340142968344242,review_2024_25
2025-10-31,5,5,3,1,281,0.10425648399898306,review_2024_25
2025-11-03,5,5,3,1,281,0.09853190261284053,review_2024_25
2025-11-04,5,5,3,1,280,-0.05399829441817738,review_2024_25
2025-11-05,5,5,3,1,280,-0.02676678867224814,review_2024_25
2025-11-06,5,5,3,1,276,0.04348203293382987,review_2024_25
2025-11-07,5,5,3,1,276,-0.031262490049125256,review_2024_25
2025-11-10,5,5,3,1,284,0.08837189831467913,review_2024_25
2025-11-11,5,5,3,1,288,0.15506169664179864,review_2024_25
2025-11-12,5,5,3,1,291,-0.09390584106231359,review_2024_25
2025-11-13,5,5,3,1,292,0.06734135751790392,review_2024_25
2025-11-14,5,5,3,1,285,0.03229757897789551,review_2024_25
2025-11-17,5,5,3,1,283,-0.05111924439604596,review_2024_25
2025-11-18,5,5,3,1,268,0.010855010965987878,review_2024_25
2025-11-19,5,5,3,1,269,0.13971913023404564,review_2024_25
2025-11-20,5,5,3,1,258,0.08938942735267269,review_2024_25
2025-11-21,5,5,3,1,241,0.041482513436914024,review_2024_25
2025-11-24,5,5,3,1,249,-0.06950938445228799,review_2024_25
2025-11-25,5,5,3,1,245,0.24366181441051735,review_2024_25
2025-11-26,5,5,3,1,246,-0.1342665107187465,review_2024_25
2025-11-27,5,5,3,1,254,0.0766134834551339,review_2024_25
2025-11-28,5,5,3,1,267,0.022776741906148534,review_2024_25
2025-12-01,5,5,3,1,274,0.06749861414692444,review_2024_25
2025-12-02,5,5,3,1,282,0.0735447134946455,review_2024_25
2025-12-03,5,5,3,1,285,0.014840477054764606,review_2024_25
2025-12-04,5,5,3,1,284,0.01580755581679923,review_2024_25
2025-12-05,5,5,3,1,278,-0.06576570293845664,review_2024_25
2025-12-08,5,5,3,1,276,-0.07429499335775228,review_2024_25
2025-12-09,5,5,3,1,272,-0.11528229911925712,review_2024_25
2025-12-10,5,5,3,1,281,0.2867245801248899,review_2024_25
2025-12-11,5,5,3,1,282,0.0189586609211932,review_2024_25
2025-12-12,5,5,3,1,278,0.08154072728866428,review_2024_25
2025-12-15,5,5,3,1,262,0.07280384255516274,review_2024_25
2025-12-16,5,5,3,1,259,-0.12836653497924896,review_2024_25
2025-12-17,5,5,3,1,264,0.16848108234314538,review_2024_25
2025-12-18,5,5,3,1,265,-0.036437318761445826,review_2024_25
2025-12-19,5,5,3,1,274,0.020779767022921853,review_2024_25
2025-12-22,5,5,3,1,275,0.04357047297901308,review_2024_25
2025-12-23,5,5,3,1,276,-0.11394469077534676,review_2024_25
2025-12-24,5,5,3,1,270,0.03252830774543587,review_2024_25
2025-12-25,5,5,3,1,269,-0.0645434144767738,review_2024_25
2025-12-26,5,5,3,1,262,0.11638275375052044,review_2024_25
2025-12-29,5,5,3,1,277,-0.1371864392430366,review_2024_25
2025-12-30,5,5,3,1,277,-0.002635164772581302,review_2024_25
2025-12-31,5,5,3,1,276,0.028380318991068673,review_2024_25
2026-01-05,5,5,3,1,278,-0.21080749580977068,seen_2026
2026-01-06,5,5,3,1,282,-0.04313398864497257,seen_2026
2026-01-07,5,5,3,1,281,0.009409043948227096,seen_2026
2026-01-08,5,5,3,1,281,-0.06995376483082055,seen_2026
2026-01-09,5,5,3,1,274,-0.04243394226022324,seen_2026
2026-01-12,5,5,3,1,270,0.17118390019636212,seen_2026
2026-01-13,5,5,3,1,268,-0.13208486422930119,seen_2026
2026-01-14,5,5,3,1,265,0.07925424461515024,seen_2026
2026-01-15,5,5,3,1,270,-0.04691578372192393,seen_2026
2026-01-16,5,5,3,1,279,0.15730683208535848,seen_2026
2026-01-19,5,5,3,1,283,0.24174576752848656,seen_2026
2026-01-20,5,5,3,1,284,-0.2334069040585698,seen_2026
2026-01-21,5,5,3,1,269,-0.10367006582336015,seen_2026
2026-01-22,5,5,3,1,261,-0.10021978097179303,seen_2026
2026-01-23,5,5,3,1,256,0.04482246523646582,seen_2026
2026-01-26,5,5,3,1,262,-0.16797185294953929,seen_2026
2026-01-27,5,5,3,1,268,0.04933425039477867,seen_2026
2026-01-28,5,5,3,1,269,0.18789246756651504,seen_2026
2026-01-29,5,5,3,1,260,0.18831012882277057,seen_2026
2026-01-30,5,5,3,1,257,-0.0028101524623967613,seen_2026
2026-02-02,5,5,3,1,262,-0.11219991406593915,seen_2026
2026-02-03,5,5,3,1,267,0.2467049310346132,seen_2026
2026-02-04,5,5,3,1,269,0.10548770977332779,seen_2026
2026-02-05,5,5,3,1,258,0.13060901775253278,seen_2026
2026-02-06,5,5,3,1,264,-0.06491241183868122,seen_2026
2026-02-09,5,5,3,1,260,0.01426835750373975,seen_2026
2026-02-10,5,5,3,1,271,0.06034405053458505,seen_2026
2026-02-11,5,5,3,1,278,-0.05677970290761365,seen_2026
2026-02-12,5,5,3,1,278,0.11073737391819839,seen_2026
2026-02-13,5,5,3,1,275,0.04861517733409423,seen_2026
2026-02-24,5,5,3,1,278,-0.07396857010090085,seen_2026
2026-02-25,5,5,3,1,268,-0.008990815765436146,seen_2026
2026-02-26,5,5,3,1,273,0.13589222753896174,seen_2026
2026-02-27,5,5,3,1,268,0.005039506841343446,seen_2026
2026-03-02,5,5,3,1,261,0.09947828704556116,seen_2026
2026-03-03,5,5,3,1,255,-0.09660134134357887,seen_2026
2026-03-04,5,5,3,1,250,0.07583714956262202,seen_2026
2026-03-05,5,5,3,1,258,-0.07163239292261342,seen_2026
2026-03-06,5,5,3,1,260,0.10940331134858274,seen_2026
2026-03-09,5,5,3,1,277,-0.0012353736949351686,seen_2026
2026-03-10,5,5,3,1,281,-0.07430185252724278,seen_2026
2026-03-11,5,5,3,1,276,-0.18919041943455853,seen_2026
2026-03-12,5,5,3,1,285,0.055634213787095724,seen_2026
2026-03-13,5,5,3,1,284,0.1215614799266198,seen_2026
2026-03-16,5,5,3,1,281,0.038683329775211,seen_2026
2026-03-17,5,5,3,1,278,-0.057115831875551,seen_2026
2026-03-18,5,5,3,1,275,-0.26503139700468564,seen_2026
2026-03-19,5,5,3,1,268,-0.18566549837103044,seen_2026
2026-03-20,5,5,3,1,257,-0.033773810062437785,seen_2026
2026-03-23,5,5,3,1,254,0.22869474810552,seen_2026
2026-03-24,5,5,3,1,219,0.09573900476012097,seen_2026
2026-03-25,5,5,3,1,219,0.16070874150512543,seen_2026
2026-03-26,5,5,3,1,224,-0.08212439174808177,seen_2026
2026-03-27,5,5,3,1,288,0.23515463981570248,seen_2026
2026-03-30,5,5,3,1,289,0.20160879967700376,seen_2026
2026-03-31,5,5,3,1,288,0.06984260072135834,seen_2026
2026-04-01,5,5,3,1,288,-0.054397120910420246,seen_2026
2026-04-02,5,5,3,1,283,-0.011400449902812356,seen_2026
2026-04-03,5,5,3,1,280,-0.01690848655208642,seen_2026
2026-04-07,5,5,3,1,272,0.07522008850758234,seen_2026
2026-04-08,5,5,3,1,276,-0.14368802479438617,seen_2026
2026-04-09,5,5,3,1,278,0.03866005725175795,seen_2026
2026-04-10,5,5,3,1,287,-0.3417095752308818,seen_2026
2026-04-13,5,5,3,1,284,-0.09446743328577259,seen_2026
2026-04-14,5,5,3,1,273,0.34048214775478747,seen_2026
2026-04-15,5,5,3,1,272,-0.014322228709282446,seen_2026
2026-04-16,5,5,3,1,276,-0.22810099981461673,seen_2026
2026-04-17,5,5,3,1,286,-0.037661980419133705,seen_2026
2026-04-20,5,5,3,1,282,0.07491255684534211,seen_2026
2026-04-21,5,5,3,1,282,-0.1393635185076346,seen_2026
2026-04-22,5,5,3,1,278,0.05676709247226588,seen_2026
2026-04-23,5,5,3,1,284,-0.10008534041453938,seen_2026
2026-04-24,5,5,3,1,278,-0.07700956535455376,seen_2026
2026-04-27,5,5,3,1,275,0.035417044432798674,seen_2026
2026-04-28,5,5,3,1,271,0.0737002902300053,seen_2026
2026-04-29,5,5,3,1,268,-0.0786755407267781,seen_2026
2026-04-30,5,5,3,1,269,-0.10531437583747799,seen_2026
2026-05-06,5,5,3,1,274,0.020933888450545016,seen_2026
2026-05-07,5,5,3,1,272,-0.010386575999689219,seen_2026
2026-05-08,5,5,3,1,279,-0.07168634056177327,seen_2026
2026-05-11,5,5,3,1,272,0.23044398282498116,seen_2026
2026-05-12,5,5,3,1,268,-0.13811656900904282,seen_2026
2026-05-13,5,5,3,1,261,0.17751023004053618,seen_2026
2026-05-14,5,5,3,1,265,0.1326447967697917,seen_2026
2026-05-15,5,5,3,1,261,-0.0940427245119286,seen_2026
2026-05-18,5,5,3,1,269,0.06864804173102457,seen_2026
2026-05-19,5,5,3,1,263,0.1008726346565442,seen_2026
2026-05-20,5,5,3,1,257,0.04416482843990651,seen_2026
2026-05-21,5,5,3,1,250,0.003836608332249647,seen_2026
2026-05-22,5,5,3,1,255,-0.16053328783506482,seen_2026
2026-05-25,5,5,3,1,267,-0.09655535691554032,seen_2026
2026-05-26,5,5,3,1,261,-0.0230496696235716,seen_2026
2026-05-27,5,5,3,1,265,-0.018639067563089577,seen_2026
2026-05-28,5,5,3,1,263,0.11700361840168755,seen_2026
2026-05-29,5,5,3,1,262,0.21297020535090883,seen_2026
2026-06-01,5,5,3,1,263,-0.026543455111817525,seen_2026
2026-06-02,5,5,3,1,269,0.042497247729329043,seen_2026
2026-06-03,5,5,3,1,271,-0.10125166489849782,seen_2026
2026-06-04,5,5,3,1,268,0.09923750616218292,seen_2026
2026-06-05,5,5,3,1,266,-0.0018359799470665198,seen_2026
2026-06-08,5,5,3,1,258,-0.10075662165427006,seen_2026
2026-06-09,5,5,3,1,250,0.09957782348305994,seen_2026
2026-06-10,5,5,3,1,229,0.12271325678431397,seen_2026
2026-06-11,5,5,3,1,233,0.07986691851086661,seen_2026
2026-06-12,5,5,3,1,253,0.030435246554404497,seen_2026
2026-06-15,5,5,3,1,251,0.06213646459265494,seen_2026
2026-06-16,5,5,3,1,265,-0.10297427207361227,seen_2026
2026-06-17,5,5,3,1,267,0.027574197821251638,seen_2026
2026-06-18,5,5,3,1,265,-0.035989636826248686,seen_2026
2026-06-22,5,5,3,1,253,0.15678886876235457,seen_2026
2026-06-23,5,5,3,1,252,-0.13091919916794337,seen_2026
2026-06-24,5,5,3,1,244,-0.07762425149814542,seen_2026
2026-06-25,5,5,3,1,256,0.16129194346746212,seen_2026
2026-06-26,5,5,3,1,252,0.03677905272987358,seen_2026
2026-06-29,5,5,3,1,252,-0.15172511534888117,seen_2026
2026-06-30,5,5,3,1,244,-0.08103383293666075,seen_2026
2026-07-01,5,5,3,1,239,0.1292036238362584,seen_2026
2026-07-02,5,5,3,1,248,0.09941698290522738,seen_2026
2026-07-03,5,5,3,1,273,0.14227191959038007,seen_2026
2026-07-06,5,5,3,1,290,0.07206409097456512,seen_2026
2026-07-07,5,5,3,1,291,0.10526660518666162,seen_2026
2026-07-08,5,5,3,1,278,-0.1579697236577815,seen_2026
2026-07-09,5,5,3,1,266,0.05632164835264748,seen_2026
2026-07-10,5,5,3,1,266,0.11146189591285106,seen_2026
2026-07-13,5,5,3,1,266,0.11041908788027971,seen_2026
2026-07-14,5,5,3,1,277,0.07551192383426206,seen_2026
2026-07-15,5,5,3,1,275,-0.21120199434177828,seen_2026
2026-07-16,5,5,3,1,276,0.1033953929341566,seen_2026
2026-07-17,5,5,3,1,274,-0.02981574910681016,seen_2026
2026-07-20,5,5,3,1,261,0.09885433693129195,seen_2026
2026-07-21,5,5,3,1,238,-0.045552401938351354,seen_2026
2026-07-22,5,5,3,1,241,-0.045898828482077325,seen_2026
2026-07-23,5,5,3,1,253,0.1212062829149774,seen_2026
2026-07-24,5,5,3,1,285,-0.054205412734676835,seen_2026
2026-07-27,5,5,3,1,286,-0.5268226322252155,seen_2026
2026-07-28,5,5,3,1,283,-0.05335062527771899,seen_2026
2026-07-29,5,5,3,1,285,0.018839919520757167,seen_2026
2026-07-30,5,5,3,1,275,-0.2257628306014311,seen_2026
2026-07-31,5,5,3,1,277,0.08570947035722125,seen_2026
2026-08-03,5,5,3,1,272,0.10448149025513882,seen_2026
2026-08-04,5,5,3,1,288,0.1063082534960457,seen_2026
2026-08-05,5,5,3,1,283,0.29889167750496093,seen_2026
2026-08-06,5,5,3,1,286,0.060349295084638176,seen_2026
2026-08-07,5,5,3,1,286,0.12467750246739255,seen_2026
2026-08-10,5,5,3,1,282,-0.0009284105811552432,seen_2026
2026-08-11,5,5,3,1,271,-0.10234464589074715,seen_2026
2026-08-12,5,5,3,1,270,0.09182870007008183,seen_2026
2026-08-13,5,5,3,1,273,-0.07596756485491367,seen_2026
2026-08-14,5,5,3,1,280,-0.08920313105523058,seen_2026
2026-08-17,5,5,3,1,285,0.2788058354527403,seen_2026
2026-08-18,5,5,3,1,278,0.18548180121697178,seen_2026
2026-08-19,5,5,3,1,275,0.19474617751321355,seen_2026
2026-08-20,5,5,3,1,262,-0.05373846196975181,seen_2026
2026-08-21,5,5,3,1,262,-0.0022139146672050785,seen_2026
2026-08-24,5,5,3,1,261,0.02314254078660533,seen_2026
2026-08-25,5,5,3,1,256,-0.034710596610105914,seen_2026
2026-08-26,5,5,3,1,264,-0.20368441547392652,seen_2026
2026-08-27,5,5,3,1,268,0.0911583610992564,seen_2026
2026-08-28,5,5,3,1,287,-0.17088939080138857,seen_2026
2026-08-31,5,5,3,1,290,0.3116582082099858,seen_2026
2026-09-01,5,5,3,1,287,-0.08910017575188928,seen_2026
2026-09-02,5,5,3,1,279,0.12773904159920133,seen_2026
2026-09-03,5,5,3,1,276,0.06739916496183578,seen_2026
2026-09-04,5,5,3,1,279,-0.07284842874475915,seen_2026
2026-09-07,5,5,3,1,281,-0.10006188595170885,seen_2026
2026-09-08,5,5,3,1,290,-0.050085163111326575,seen_2026
2026-09-09,5,5,3,1,292,0.09122317749566382,seen_2026
2026-09-10,5,5,3,1,287,0.0808394970419682,seen_2026
2026-09-11,5,5,3,1,268,0.06561230699108683,seen_2026
2026-09-14,5,5,3,1,258,0.07268373355749701,seen_2026
2026-09-15,5,5,3,1,250,-0.06971476771872234,seen_2026
2026-09-16,5,5,3,1,244,-0.04655938672037336,seen_2026
2026-09-17,5,5,3,1,232,0.0018197343404157105,seen_2026
2026-09-18,5,5,3,1,232,-0.12384725976649574,seen_2026
2026-09-21,5,5,3,1,246,0.1591734317256118,seen_2026
2026-09-22,5,5,3,1,270,0.0488725249652841,seen_2026
2026-09-23,5,5,3,1,269,0.044903983266425355,seen_2026
2026-09-24,5,5,3,1,270,0.14802142636872628,seen_2026
2026-09-28,5,5,3,1,280,-0.13739205281989475,seen_2026
2020-01-16,5,5,3,5,284,-0.04588618743987997,discovery_2020_23
2020-01-17,5,5,3,5,283,0.07360686574027382,discovery_2020_23
2020-01-20,5,5,3,5,286,0.12614707223986404,discovery_2020_23
2020-01-21,5,5,3,5,269,0.12887918797561385,discovery_2020_23
2020-01-22,5,5,3,5,249,0.030359149272250644,discovery_2020_23
2020-01-23,5,5,3,5,239,-0.1000545647488892,discovery_2020_23
2020-02-03,5,5,3,5,217,-0.28048405972282137,discovery_2020_23
2020-02-04,5,5,3,5,211,-0.10642950373926245,discovery_2020_23
2020-02-05,5,5,3,5,210,-0.11638500035801613,discovery_2020_23
2020-02-06,5,5,3,5,257,0.029119746345285434,discovery_2020_23
2020-02-07,5,5,3,5,291,-0.07284725480567227,discovery_2020_23
2020-02-10,5,5,3,5,294,-0.09559862413914252,discovery_2020_23
2020-02-11,5,5,3,5,294,0.03945759297469836,discovery_2020_23
2020-02-12,5,5,3,5,295,0.3266455534304268,discovery_2020_23
2020-02-13,5,5,3,5,288,0.3097186269077493,discovery_2020_23
2020-02-14,5,5,3,5,281,0.26676432419314894,discovery_2020_23
2020-02-17,5,5,3,5,278,0.11357513697124659,discovery_2020_23
2020-02-18,5,5,3,5,283,-0.022430603739685036,discovery_2020_23
2020-02-19,5,5,3,5,287,-0.0675231845648721,discovery_2020_23
2020-02-20,5,5,3,5,287,-0.08275555219398484,discovery_2020_23
2020-02-21,5,5,3,5,267,-0.05333234562141793,discovery_2020_23
2020-02-24,5,5,3,5,264,0.09501779347830278,discovery_2020_23
2020-02-25,5,5,3,5,260,0.22714787356952465,discovery_2020_23
2020-02-26,5,5,3,5,277,0.20849921152228476,discovery_2020_23
2020-02-27,5,5,3,5,279,0.09843049940614312,discovery_2020_23
2020-02-28,5,5,3,5,289,0.10457536811017368,discovery_2020_23
2020-03-02,5,5,3,5,291,0.20581217092585866,discovery_2020_23
2020-03-03,5,5,3,5,288,0.19337337277584984,discovery_2020_23
2020-03-04,5,5,3,5,289,0.2097127455237903,discovery_2020_23
2020-03-05,5,5,3,5,290,0.13641571341729533,discovery_2020_23
2020-03-06,5,5,3,5,289,-0.08743239761469433,discovery_2020_23
2020-03-09,5,5,3,5,290,-0.04373664135659002,discovery_2020_23
2020-03-10,5,5,3,5,285,-0.04874539884973067,discovery_2020_23
2020-03-11,5,5,3,5,287,-0.034947784671574535,discovery_2020_23
2020-03-12,5,5,3,5,284,-0.019624627912872304,discovery_2020_23
2020-03-13,5,5,3,5,273,0.028912227641111454,discovery_2020_23
2020-03-16,5,5,3,5,266,0.06874395382944362,discovery_2020_23
2020-03-17,5,5,3,5,251,0.06265331606673102,discovery_2020_23
2020-03-18,5,5,3,5,203,0.25315639472440066,discovery_2020_23
2020-03-19,5,5,3,5,193,0.23875296501946425,discovery_2020_23
2020-03-20,5,5,3,5,204,0.23670540208930496,discovery_2020_23
2020-03-23,5,5,3,5,172,0.19974482395919071,discovery_2020_23
2020-03-24,5,5,3,5,217,0.12700071755144066,discovery_2020_23
2020-03-25,5,5,3,5,220,0.09542498870891457,discovery_2020_23
2020-03-26,5,5,3,5,268,0.10418842196138169,discovery_2020_23
2020-03-27,5,5,3,5,282,0.16732622909110137,discovery_2020_23
2020-03-30,5,5,3,5,279,0.11394727372446119,discovery_2020_23
2020-03-31,5,5,3,5,281,0.16808869001639842,discovery_2020_23
2020-04-01,5,5,3,5,284,0.06441632982251039,discovery_2020_23
2020-04-02,5,5,3,5,283,-0.02189016861231034,discovery_2020_23
2020-04-03,5,5,3,5,281,0.013051947780591355,discovery_2020_23
2020-04-07,5,5,3,5,286,0.04787298990111806,discovery_2020_23
2020-04-08,5,5,3,5,287,0.0635744071379872,discovery_2020_23
2020-04-09,5,5,3,5,292,0.10568886246509682,discovery_2020_23
2020-04-10,5,5,3,5,287,0.05847545925381223,discovery_2020_23
2020-04-13,5,5,3,5,282,0.08325248604143422,discovery_2020_23
2020-04-14,5,5,3,5,285,0.13887222497183305,discovery_2020_23
2020-04-15,5,5,3,5,288,0.0246267271502524,discovery_2020_23
2020-04-16,5,5,3,5,291,0.08709372195323238,discovery_2020_23
2020-04-17,5,5,3,5,292,0.09802327457514123,discovery_2020_23
2020-04-20,5,5,3,5,293,0.21173893276112457,discovery_2020_23
2020-04-21,5,5,3,5,295,0.25525667685868064,discovery_2020_23
2020-04-22,5,5,3,5,292,0.16764960486463318,discovery_2020_23
2020-04-23,5,5,3,5,292,0.07879260743346059,discovery_2020_23
2020-04-24,5,5,3,5,284,0.07012370773516045,discovery_2020_23
2020-04-27,5,5,3,5,283,-0.04195890833615855,discovery_2020_23
2020-04-28,5,5,3,5,281,0.052432692619714644,discovery_2020_23
2020-04-29,5,5,3,5,285,0.1191458876076368,discovery_2020_23
2020-04-30,5,5,3,5,289,0.052102616316992804,discovery_2020_23
2020-05-06,5,5,3,5,286,0.04709127989035824,discovery_2020_23
2020-05-07,5,5,3,5,285,0.03746398628674581,discovery_2020_23
2020-05-08,5,5,3,5,283,-0.061079063005216476,discovery_2020_23
2020-05-11,5,5,3,5,277,0.061492979902228614,discovery_2020_23
2020-05-12,5,5,3,5,279,0.06860821398684339,discovery_2020_23
2020-05-13,5,5,3,5,277,0.07698366409321984,discovery_2020_23
2020-05-14,5,5,3,5,286,0.08864655130276827,discovery_2020_23
2020-05-15,5,5,3,5,285,0.12775594441619492,discovery_2020_23
2020-05-18,5,5,3,5,276,0.10013528633085908,discovery_2020_23
2020-05-19,5,5,3,5,268,0.08304250626230537,discovery_2020_23
2020-05-20,5,5,3,5,272,-0.06690500685851515,discovery_2020_23
2020-05-21,5,5,3,5,276,-0.0836396460775581,discovery_2020_23
2020-05-22,5,5,3,5,281,0.05189534450634342,discovery_2020_23
2020-05-25,5,5,3,5,282,-0.0437545325135075,discovery_2020_23
2020-05-26,5,5,3,5,273,-0.008050667895794627,discovery_2020_23
2020-05-27,5,5,3,5,270,0.05815690698816153,discovery_2020_23
2020-05-28,5,5,3,5,272,0.02201983997967022,discovery_2020_23
2020-05-29,5,5,3,5,277,0.10921460468823097,discovery_2020_23
2020-06-01,5,5,3,5,283,-0.02164080255156794,discovery_2020_23
2020-06-02,5,5,3,5,283,0.08243617959450532,discovery_2020_23
2020-06-03,5,5,3,5,291,-0.013799528214918788,discovery_2020_23
2020-06-04,5,5,3,5,290,0.004355705001790993,discovery_2020_23
2020-06-05,5,5,3,5,290,0.0009134620766437015,discovery_2020_23
2020-06-08,5,5,3,5,292,0.06247529801439415,discovery_2020_23
2020-06-09,5,5,3,5,287,0.029844139600237164,discovery_2020_23
2020-06-10,5,5,3,5,288,0.03838784658318997,discovery_2020_23
2020-06-11,5,5,3,5,285,-0.052499977320692524,discovery_2020_23
2020-06-12,5,5,3,5,289,-0.007517056933188052,discovery_2020_23
2020-06-15,5,5,3,5,264,-0.018219438067629,discovery_2020_23
2020-06-16,5,5,3,5,262,-0.029179144924431532,discovery_2020_23
2020-06-17,5,5,3,5,257,0.02620396976120794,discovery_2020_23
2020-06-18,5,5,3,5,255,-0.05325206973578905,discovery_2020_23
2020-06-19,5,5,3,5,258,-0.12075989572388078,discovery_2020_23
2020-06-22,5,5,3,5,264,-0.010895218753059394,discovery_2020_23
2020-06-23,5,5,3,5,271,-0.053412990710542334,discovery_2020_23
2020-06-24,5,5,3,5,266,-0.19411885660728032,discovery_2020_23
2020-06-29,5,5,3,5,265,-0.23128787812839846,discovery_2020_23
2020-06-30,5,5,3,5,263,-0.1252111325610689,discovery_2020_23
2020-07-01,5,5,3,5,283,-0.059709343458242886,discovery_2020_23
2020-07-02,5,5,3,5,277,-0.034023050158443376,discovery_2020_23
2020-07-03,5,5,3,5,280,-0.03883269584307663,discovery_2020_23
2020-07-06,5,5,3,5,268,0.3150859234001495,discovery_2020_23
2020-07-07,5,5,3,5,204,0.004282963980696978,discovery_2020_23
2020-07-08,5,5,3,5,177,0.3443741715586186,discovery_2020_23
2020-07-09,5,5,3,5,172,0.3077202453186049,discovery_2020_23
2020-07-10,5,5,3,5,238,0.1924772040702082,discovery_2020_23
2020-07-13,5,5,3,5,253,0.021133725836221025,discovery_2020_23
2020-07-14,5,5,3,5,275,0.013267364838685196,discovery_2020_23
2020-07-15,5,5,3,5,276,-0.028711741604402534,discovery_2020_23
2020-07-16,5,5,3,5,261,0.07419737596086418,discovery_2020_23
2020-07-17,5,5,3,5,248,-0.1665412137067696,discovery_2020_23
2020-07-20,5,5,3,5,257,-0.03264729164910389,discovery_2020_23
2020-07-21,5,5,3,5,255,-0.0790158927744326,discovery_2020_23
2020-07-22,5,5,3,5,287,-0.06424935668285649,discovery_2020_23
2020-07-23,5,5,3,5,290,-0.10694470036901176,discovery_2020_23
2020-07-24,5,5,3,5,295,-0.13687029931556927,discovery_2020_23
2020-07-27,5,5,3,5,294,-0.16859476540499116,discovery_2020_23
2020-07-28,5,5,3,5,292,-0.1375140379713057,discovery_2020_23
2020-07-29,5,5,3,5,291,-0.23915828269314687,discovery_2020_23
2020-07-30,5,5,3,5,292,-0.1109736097876317,discovery_2020_23
2020-07-31,5,5,3,5,294,0.003420055004212586,discovery_2020_23
2020-08-03,5,5,3,5,295,-0.05027768770084377,discovery_2020_23
2020-08-04,5,5,3,5,293,-0.04716425636160155,discovery_2020_23
2020-08-05,5,5,3,5,293,-0.07039294656062017,discovery_2020_23
2020-08-06,5,5,3,5,290,-0.02599485111896847,discovery_2020_23
2020-08-07,5,5,3,5,288,-0.024360369194538156,discovery_2020_23
2020-08-10,5,5,3,5,286,-0.10310697204399191,discovery_2020_23
2020-08-11,5,5,3,5,288,-0.15345584472262377,discovery_2020_23
2020-08-12,5,5,3,5,284,-0.1684873982061222,discovery_2020_23
2020-08-13,5,5,3,5,277,-0.1348270833637311,discovery_2020_23
2020-08-14,5,5,3,5,269,-0.08131425902246604,discovery_2020_23
2020-08-17,5,5,3,5,275,0.18690354398520378,discovery_2020_23
2020-08-18,5,5,3,5,281,0.1585537207291217,discovery_2020_23
2020-08-19,5,5,3,5,295,0.1409072062980298,discovery_2020_23
2020-08-20,5,5,3,5,298,0.12016468705582632,discovery_2020_23
2020-08-21,5,5,3,5,297,0.0580302861309087,discovery_2020_23
2020-08-24,5,5,3,5,297,-0.058359089342337155,discovery_2020_23
2020-08-25,5,5,3,5,295,0.032508945247883274,discovery_2020_23
2020-08-26,5,5,3,5,287,0.05709299394949183,discovery_2020_23
2020-08-27,5,5,3,5,269,-0.017548575307218997,discovery_2020_23
2020-08-28,5,5,3,5,262,-0.06383081649214783,discovery_2020_23
2020-08-31,5,5,3,5,259,-0.062321421941960296,discovery_2020_23
2020-09-01,5,5,3,5,283,-0.04737099865518977,discovery_2020_23
2020-09-02,5,5,3,5,287,-0.11739904008452902,discovery_2020_23
2020-09-03,5,5,3,5,290,-0.06731258068543693,discovery_2020_23
2020-09-04,5,5,3,5,291,-0.025170328990035077,discovery_2020_23
2020-09-07,5,5,3,5,290,-0.024278645348867738,discovery_2020_23
2020-09-08,5,5,3,5,291,0.0490922487234426,discovery_2020_23
2020-09-09,5,5,3,5,279,0.014165818036348038,discovery_2020_23
2020-09-10,5,5,3,5,252,0.11188831115466845,discovery_2020_23
2020-09-11,5,5,3,5,244,-0.08481693125207826,discovery_2020_23
2020-09-14,5,5,3,5,247,-0.11487177772256611,discovery_2020_23
2020-09-15,5,5,3,5,252,-0.03915009262126966,discovery_2020_23
2020-09-16,5,5,3,5,282,0.2106718229710209,discovery_2020_23
2020-09-17,5,5,3,5,287,0.21359393329939722,discovery_2020_23
2020-09-18,5,5,3,5,289,0.16158127530292793,discovery_2020_23
2020-09-21,5,5,3,5,286,0.13104644459934142,discovery_2020_23
2020-09-22,5,5,3,5,288,0.1942056593081996,discovery_2020_23
2020-09-23,5,5,3,5,284,0.023269803438300575,discovery_2020_23
2020-09-24,5,5,3,5,288,-0.06843107391967439,discovery_2020_23
2020-09-25,5,5,3,5,285,-0.013253282638765783,discovery_2020_23
2020-09-28,5,5,3,5,261,0.049327933107919365,discovery_2020_23
2020-09-29,5,5,3,5,246,-0.01931434303890208,discovery_2020_23
2020-09-30,5,5,3,5,239,-0.08307880215305821,discovery_2020_23
2020-10-09,5,5,3,5,250,-0.03855806433217837,discovery_2020_23
2020-10-12,5,5,3,5,256,0.041691850031367134,discovery_2020_23
2020-10-13,5,5,3,5,275,0.03170547553754602,discovery_2020_23
2020-10-14,5,5,3,5,275,0.09053948397222983,discovery_2020_23
2020-10-15,5,5,3,5,265,0.02633956804991702,discovery_2020_23
2020-10-16,5,5,3,5,269,0.042893263124935806,discovery_2020_23
2020-10-19,5,5,3,5,275,0.14259606297975844,discovery_2020_23
2020-10-20,5,5,3,5,281,0.14308792709526483,discovery_2020_23
2020-10-21,5,5,3,5,282,0.23065174417074302,discovery_2020_23
2020-10-22,5,5,3,5,284,0.24517162765703937,discovery_2020_23
2020-10-23,5,5,3,5,285,0.29352372241060287,discovery_2020_23
2020-10-26,5,5,3,5,277,0.1721280178915571,discovery_2020_23
2020-10-27,5,5,3,5,280,0.05203546692468745,discovery_2020_23
2020-10-28,5,5,3,5,273,-0.14158803499005782,discovery_2020_23
2020-10-29,5,5,3,5,270,-0.10335133158663841,discovery_2020_23
2020-10-30,5,5,3,5,269,-0.041993583196278966,discovery_2020_23
2020-11-02,5,5,3,5,266,0.15621066356586236,discovery_2020_23
2020-11-03,5,5,3,5,274,0.024352887610427167,discovery_2020_23
2020-11-04,5,5,3,5,272,0.083716395414887,discovery_2020_23
2020-11-05,5,5,3,5,281,0.1016912577157596,discovery_2020_23
2020-11-06,5,5,3,5,284,0.05671016104650426,discovery_2020_23
2020-11-09,5,5,3,5,279,0.08929568491631162,discovery_2020_23
2020-11-10,5,5,3,5,273,0.06464598804637904,discovery_2020_23
2020-11-11,5,5,3,5,267,0.028684637796673716,discovery_2020_23
2020-11-12,5,5,3,5,270,-0.0485899430032905,discovery_2020_23
2020-11-13,5,5,3,5,272,0.026957958358235674,discovery_2020_23
2020-11-16,5,5,3,5,286,-0.009026661275394933,discovery_2020_23
2020-11-17,5,5,3,5,285,-0.015419353141418974,discovery_2020_23
2020-11-18,5,5,3,5,286,-0.0359207301710854,discovery_2020_23
2020-11-19,5,5,3,5,284,-0.161795990449623,discovery_2020_23
2020-11-20,5,5,3,5,286,-0.16931030065060887,discovery_2020_23
2020-11-23,5,5,3,5,285,-0.1268972596022582,discovery_2020_23
2020-11-24,5,5,3,5,290,-0.08770885117344479,discovery_2020_23
2020-11-25,5,5,3,5,287,-0.01993485170056405,discovery_2020_23
2020-11-26,5,5,3,5,287,0.13457054541659313,discovery_2020_23
2020-11-27,5,5,3,5,283,0.29441220420244607,discovery_2020_23
2020-11-30,5,5,3,5,281,0.19660424590471134,discovery_2020_23
2020-12-01,5,5,3,5,284,0.15361623105405145,discovery_2020_23
2020-12-02,5,5,3,5,284,0.2442028776714593,discovery_2020_23
2020-12-03,5,5,3,5,285,0.2976188779097902,discovery_2020_23
2020-12-04,5,5,3,5,286,0.23278672546965226,discovery_2020_23
2020-12-07,5,5,3,5,284,0.12639155631134413,discovery_2020_23
2020-12-08,5,5,3,5,278,0.1608426995474168,discovery_2020_23
2020-12-09,5,5,3,5,274,0.16058600677950055,discovery_2020_23
2020-12-10,5,5,3,5,236,0.037939121295230555,discovery_2020_23
2020-12-11,5,5,3,5,222,-0.01603266308928875,discovery_2020_23
2020-12-14,5,5,3,5,196,0.03231199547370686,discovery_2020_23
2020-12-15,5,5,3,5,203,-0.01682826448392998,discovery_2020_23
2020-12-16,5,5,3,5,204,-0.015155755709927023,discovery_2020_23
2020-12-17,5,5,3,5,226,-0.024626460306940597,discovery_2020_23
2020-12-18,5,5,3,5,240,-0.011585270577614193,discovery_2020_23
2020-12-21,5,5,3,5,248,-0.038087880159925494,discovery_2020_23
2020-12-22,5,5,3,5,258,0.03201230111037155,discovery_2020_23
2020-12-23,5,5,3,5,257,0.030939758491218182,discovery_2020_23
2020-12-24,5,5,3,5,257,-0.03374836584153315,discovery_2020_23
2020-12-25,5,5,3,5,245,-0.048667899643367,discovery_2020_23
2020-12-28,5,5,3,5,266,-0.09953127286404151,discovery_2020_23
2020-12-29,5,5,3,5,265,-0.049299739034392324,discovery_2020_23
2020-12-30,5,5,3,5,274,0.0028990005025639172,discovery_2020_23
2020-12-31,5,5,3,5,288,0.09278684555197064,discovery_2020_23
2021-01-04,5,5,3,5,283,0.10003670442730037,discovery_2020_23
2021-01-05,5,5,3,5,283,0.11519178246467288,discovery_2020_23
2021-01-06,5,5,3,5,273,0.1425315554580429,discovery_2020_23
2021-01-07,5,5,3,5,259,0.13547221932992434,discovery_2020_23
2021-01-08,5,5,3,5,252,0.15313790070996178,discovery_2020_23
2021-01-11,5,5,3,5,252,0.028301731158498756,discovery_2020_23
2021-01-12,5,5,3,5,256,0.08962720302128632,discovery_2020_23
2021-01-13,5,5,3,5,263,0.08001463148056638,discovery_2020_23
2021-01-14,5,5,3,5,274,0.14471165983092388,discovery_2020_23
2021-01-15,5,5,3,5,275,0.14036178990796574,discovery_2020_23
2021-01-18,5,5,3,5,282,0.25002508306843385,discovery_2020_23
2021-01-19,5,5,3,5,286,0.22633752033269666,discovery_2020_23
2021-01-20,5,5,3,5,280,0.230679421754433,discovery_2020_23
2021-01-21,5,5,3,5,282,0.06148525556249111,discovery_2020_23
2021-01-22,5,5,3,5,285,0.0031828816950348338,discovery_2020_23
2021-01-25,5,5,3,5,282,-0.010623726196981964,discovery_2020_23
2021-01-26,5,5,3,5,272,0.04025148119096846,discovery_2020_23
2021-01-27,5,5,3,5,267,-0.07412737090643315,discovery_2020_23
2021-01-28,5,5,3,5,253,-0.11180186128345829,discovery_2020_23
2021-01-29,5,5,3,5,254,-0.02001512924667922,discovery_2020_23
2021-02-01,5,5,3,5,245,-0.057693308078114326,discovery_2020_23
2021-02-02,5,5,3,5,246,-0.0753924806625663,discovery_2020_23
2021-02-03,5,5,3,5,239,0.023719288931159654,discovery_2020_23
2021-02-04,5,5,3,5,260,-0.06799121971535764,discovery_2020_23
2021-02-05,5,5,3,5,259,-0.05516229863113897,discovery_2020_23
2021-02-08,5,5,3,5,252,0.06236865538735529,discovery_2020_23
2021-02-09,5,5,3,5,254,-0.019583092209220998,discovery_2020_23
2021-02-10,5,5,3,5,258,0.04776615421603448,discovery_2020_23
2021-02-18,5,5,3,5,274,-0.13472901895844056,discovery_2020_23
2021-02-19,5,5,3,5,278,-0.2114873687313538,discovery_2020_23
2021-02-22,5,5,3,5,271,-0.12339349522220491,discovery_2020_23
2021-02-23,5,5,3,5,273,-0.1702102875739932,discovery_2020_23
2021-02-24,5,5,3,5,269,-0.1277265365734939,discovery_2020_23
2021-02-25,5,5,3,5,253,-0.158430218018137,discovery_2020_23
2021-02-26,5,5,3,5,237,-0.16349962927655967,discovery_2020_23
2021-03-01,5,5,3,5,239,-0.17356417090735865,discovery_2020_23
2021-03-02,5,5,3,5,240,-0.11370085739414462,discovery_2020_23
2021-03-03,5,5,3,5,262,-0.1463004035486986,discovery_2020_23
2021-03-04,5,5,3,5,269,0.01796198609864905,discovery_2020_23
2021-03-05,5,5,3,5,273,-0.147506792565727,discovery_2020_23
2021-03-08,5,5,3,5,275,-0.006305935533587603,discovery_2020_23
2021-03-09,5,5,3,5,267,-0.06410542742523123,discovery_2020_23
2021-03-10,5,5,3,5,272,0.061971863741639044,discovery_2020_23
2021-03-11,5,5,3,5,265,0.04303970799165705,discovery_2020_23
2021-03-12,5,5,3,5,273,0.11341011244738326,discovery_2020_23
2021-03-15,5,5,3,5,268,0.18979058713642066,discovery_2020_23
2021-03-16,5,5,3,5,266,0.05597385109174815,discovery_2020_23
2021-03-17,5,5,3,5,267,-0.23135600206095866,discovery_2020_23
2021-03-18,5,5,3,5,268,-0.020416496783762037,discovery_2020_23
2021-03-19,5,5,3,5,278,0.10541752082748541,discovery_2020_23
2021-03-22,5,5,3,5,286,0.016449862813244596,discovery_2020_23
2021-03-23,5,5,3,5,285,0.00681935171836869,discovery_2020_23
2021-03-24,5,5,3,5,281,0.02887336493500795,discovery_2020_23
2021-03-25,5,5,3,5,279,0.023509487341002777,discovery_2020_23
2021-03-26,5,5,3,5,276,0.14600058931850862,discovery_2020_23
2021-03-29,5,5,3,5,279,0.1594085440374699,discovery_2020_23
2021-03-30,5,5,3,5,287,0.15428889853091277,discovery_2020_23
2021-03-31,5,5,3,5,286,0.049675414069721015,discovery_2020_23
2021-04-01,5,5,3,5,284,-0.11299322556673914,discovery_2020_23
2021-04-02,5,5,3,5,281,-0.06252907008188298,discovery_2020_23
2021-04-06,5,5,3,5,283,-0.06620192041081588,discovery_2020_23
2021-04-07,5,5,3,5,285,0.002696637600832681,discovery_2020_23
2021-04-08,5,5,3,5,285,0.011209044163709018,discovery_2020_23
2021-04-09,5,5,3,5,287,-0.01894355348502684,discovery_2020_23
2021-04-12,5,5,3,5,287,-0.0031765788762030613,discovery_2020_23
2021-04-13,5,5,3,5,281,-0.03952063066471684,discovery_2020_23
2021-04-14,5,5,3,5,274,-0.02113407827901572,discovery_2020_23
2021-04-15,5,5,3,5,250,0.004310953128476548,discovery_2020_23
2021-04-16,5,5,3,5,249,0.17731476353465958,discovery_2020_23
2021-04-19,5,5,3,5,250,0.10552300888897762,discovery_2020_23
2021-04-20,5,5,3,5,271,0.12570367728567555,discovery_2020_23
2021-04-21,5,5,3,5,290,0.09399589252467329,discovery_2020_23
2021-04-22,5,5,3,5,290,0.1419423342123068,discovery_2020_23
2021-04-23,5,5,3,5,289,0.0723847184585077,discovery_2020_23
2021-04-26,5,5,3,5,287,0.07187508010923956,discovery_2020_23
2021-04-27,5,5,3,5,281,-0.008298630636706616,discovery_2020_23
2021-04-28,5,5,3,5,272,0.03889148619992986,discovery_2020_23
2021-04-29,5,5,3,5,269,-0.07591325520472941,discovery_2020_23
2021-04-30,5,5,3,5,272,-0.10115942841367687,discovery_2020_23
2021-05-06,5,5,3,5,276,-0.10087779129562695,discovery_2020_23
2021-05-07,5,5,3,5,272,0.1036272550711458,discovery_2020_23
2021-05-10,5,5,3,5,270,0.16151816768073024,discovery_2020_23
2021-05-11,5,5,3,5,267,0.13138844897318142,discovery_2020_23
2021-05-12,5,5,3,5,264,0.1835724484542054,discovery_2020_23
2021-05-13,5,5,3,5,269,0.209877646816666,discovery_2020_23
2021-05-14,5,5,3,5,276,0.09327861554129833,discovery_2020_23
2021-05-17,5,5,3,5,279,-0.03142213811121108,discovery_2020_23
2021-05-18,5,5,3,5,288,-0.17261881438367208,discovery_2020_23
2021-05-19,5,5,3,5,287,-0.10125399324633354,discovery_2020_23
2021-05-20,5,5,3,5,284,-0.10225480522277164,discovery_2020_23
2021-05-21,5,5,3,5,282,-0.18571457811133008,discovery_2020_23
2021-05-24,5,5,3,5,281,-0.1274939970193039,discovery_2020_23
2021-05-25,5,5,3,5,285,0.07720925518874,discovery_2020_23
2021-05-26,5,5,3,5,286,0.053294088015731336,discovery_2020_23
2021-05-27,5,5,3,5,292,-0.04719619912492378,discovery_2020_23
2021-05-28,5,5,3,5,288,0.11476437192045855,discovery_2020_23
2021-05-31,5,5,3,5,287,0.03643815996480175,discovery_2020_23
2021-06-01,5,5,3,5,285,-0.06594165372001577,discovery_2020_23
2021-06-02,5,5,3,5,285,-0.04445372367790653,discovery_2020_23
2021-06-03,5,5,3,5,288,-0.12100536475689805,discovery_2020_23
2021-06-04,5,5,3,5,284,-0.08004706571005382,discovery_2020_23
2021-06-07,5,5,3,5,282,0.02346625042591077,discovery_2020_23
2021-06-08,5,5,3,5,278,0.01399220672373246,discovery_2020_23
2021-06-09,5,5,3,5,279,0.018770242452188238,discovery_2020_23
2021-06-10,5,5,3,5,273,-0.05117953325891192,discovery_2020_23
2021-06-11,5,5,3,5,275,-0.17220105770189406,discovery_2020_23
2021-06-15,5,5,3,5,253,-0.11402541547338302,discovery_2020_23
2021-06-16,5,5,3,5,238,-0.0012617737735319135,discovery_2020_23
2021-06-17,5,5,3,5,228,0.008939236429182044,discovery_2020_23
2021-06-18,5,5,3,5,218,0.08943430800702826,discovery_2020_23
2021-06-21,5,5,3,5,215,0.11665594032216517,discovery_2020_23
2021-06-22,5,5,3,5,229,0.03356100885379,discovery_2020_23
2021-06-23,5,5,3,5,234,0.08428399834318229,discovery_2020_23
2021-06-24,5,5,3,5,257,0.12952083357924005,discovery_2020_23
2021-06-25,5,5,3,5,256,-0.01784340271003882,discovery_2020_23
2021-06-28,5,5,3,5,257,-0.038886198547254364,discovery_2020_23
2021-06-29,5,5,3,5,286,-0.0039057275154925917,discovery_2020_23
2021-06-30,5,5,3,5,286,0.09622111144895767,discovery_2020_23
2021-07-01,5,5,3,5,285,-0.12476426464565825,discovery_2020_23
2021-07-02,5,5,3,5,280,-0.1374817484944878,discovery_2020_23
2021-07-05,5,5,3,5,275,0.01446814256261893,discovery_2020_23
2021-07-06,5,5,3,5,269,0.07671864912097737,discovery_2020_23
2021-07-07,5,5,3,5,271,0.016421277055014113,discovery_2020_23
2021-07-08,5,5,3,5,269,-0.03517826871188534,discovery_2020_23
2021-07-09,5,5,3,5,261,-0.012421961991003544,discovery_2020_23
2021-07-12,5,5,3,5,260,0.18661394850903268,discovery_2020_23
2021-07-13,5,5,3,5,261,0.051770130039582654,discovery_2020_23
2021-07-14,5,5,3,5,274,-0.000769450201871331,discovery_2020_23
2021-07-15,5,5,3,5,283,-0.11872113239439332,discovery_2020_23
2021-07-16,5,5,3,5,282,-0.15794122069561436,discovery_2020_23
2021-07-19,5,5,3,5,275,-0.14019939995943564,discovery_2020_23
2021-07-20,5,5,3,5,271,-0.16707446008322477,discovery_2020_23
2021-07-21,5,5,3,5,272,-0.121505068885642,discovery_2020_23
2021-07-22,5,5,3,5,276,-0.1275912522912779,discovery_2020_23
2021-07-23,5,5,3,5,283,-0.12640505246416142,discovery_2020_23
2021-07-26,5,5,3,5,281,-0.11647574354966211,discovery_2020_23
2021-07-27,5,5,3,5,269,0.03566431647965763,discovery_2020_23
2021-07-28,5,5,3,5,249,-0.11491732891308687,discovery_2020_23
2021-07-29,5,5,3,5,244,-0.035988071439499406,discovery_2020_23
2021-07-30,5,5,3,5,238,-0.06442902419429061,discovery_2020_23
2021-08-02,5,5,3,5,257,0.0680085512623292,discovery_2020_23
2021-08-03,5,5,3,5,262,-0.023119622754374472,discovery_2020_23
2021-08-04,5,5,3,5,285,0.03354544334127915,discovery_2020_23
2021-08-05,5,5,3,5,287,0.025196862384786346,discovery_2020_23
2021-08-06,5,5,3,5,287,0.03507417379368599,discovery_2020_23
2021-08-09,5,5,3,5,287,-0.04097040315065467,discovery_2020_23
2021-08-10,5,5,3,5,286,-0.2179577343823503,discovery_2020_23
2021-08-11,5,5,3,5,291,-0.20713729430884406,discovery_2020_23
2021-08-12,5,5,3,5,293,-0.05542029231650298,discovery_2020_23
2021-08-13,5,5,3,5,287,0.003138124031789089,discovery_2020_23
2021-08-16,5,5,3,5,282,0.034733483609044456,discovery_2020_23
2021-08-17,5,5,3,5,283,0.11024564022312183,discovery_2020_23
2021-08-18,5,5,3,5,277,0.1555327924098522,discovery_2020_23
2021-08-19,5,5,3,5,278,-0.07240996230428137,discovery_2020_23
2021-08-20,5,5,3,5,276,0.040397260369752615,discovery_2020_23
2021-08-23,5,5,3,5,284,-0.02950962236128319,discovery_2020_23
2021-08-24,5,5,3,5,283,-0.22166138293297036,discovery_2020_23
2021-08-25,5,5,3,5,285,-0.25323501133124093,discovery_2020_23
2021-08-26,5,5,3,5,284,-0.3723775875744552,discovery_2020_23
2021-08-27,5,5,3,5,280,-0.23324046586977218,discovery_2020_23
2021-08-30,5,5,3,5,275,-0.11167597924929902,discovery_2020_23
2021-08-31,5,5,3,5,266,-0.06286684426778988,discovery_2020_23
2021-09-01,5,5,3,5,258,-0.1330975480826173,discovery_2020_23
2021-09-02,5,5,3,5,259,0.013442376224220908,discovery_2020_23
2021-09-03,5,5,3,5,265,-0.12719121693174745,discovery_2020_23
2021-09-06,5,5,3,5,269,-0.15622938590812974,discovery_2020_23
2021-09-07,5,5,3,5,268,-0.005641669365570412,discovery_2020_23
2021-09-08,5,5,3,5,281,-0.09350159013412486,discovery_2020_23
2021-09-09,5,5,3,5,280,-0.007341019291426822,discovery_2020_23
2021-09-10,5,5,3,5,281,0.010999312188062785,discovery_2020_23
2021-09-13,5,5,3,5,283,0.00856734384147549,discovery_2020_23
2021-09-14,5,5,3,5,281,-0.0896967881061951,discovery_2020_23
2021-09-15,5,5,3,5,283,0.15318352278052424,discovery_2020_23
2021-09-16,5,5,3,5,275,0.19502717249798895,discovery_2020_23
2021-09-17,5,5,3,5,267,0.13333184124926403,discovery_2020_23
2021-09-22,5,5,3,5,253,0.20863542322358639,discovery_2020_23
2021-09-23,5,5,3,5,256,0.18130325393292235,discovery_2020_23
2021-09-24,5,5,3,5,259,0.18423967651827458,discovery_2020_23
2021-09-27,5,5,3,5,290,0.16986964735989016,discovery_2020_23
2021-09-28,5,5,3,5,292,0.07230039627995513,discovery_2020_23
2021-09-29,5,5,3,5,288,-0.030290387748813336,discovery_2020_23
2021-09-30,5,5,3,5,277,0.01601684343181437,discovery_2020_23
2021-10-08,5,5,3,5,276,0.12052141386701425,discovery_2020_23
2021-10-11,5,5,3,5,275,0.16084160307573564,discovery_2020_23
2021-10-12,5,5,3,5,284,0.1855844495685782,discovery_2020_23
2021-10-13,5,5,3,5,283,0.09158638172561256,discovery_2020_23
2021-10-14,5,5,3,5,285,0.06613011021105081,discovery_2020_23
2021-10-15,5,5,3,5,277,0.00750139176055169,discovery_2020_23
2021-10-18,5,5,3,5,273,0.01131222219846681,discovery_2020_23
2021-10-19,5,5,3,5,271,-0.011731006265874833,discovery_2020_23
2021-10-20,5,5,3,5,267,0.09887366024339657,discovery_2020_23
2021-10-21,5,5,3,5,274,0.13148457382034026,discovery_2020_23
2021-10-22,5,5,3,5,278,0.0276116049673061,discovery_2020_23
2021-10-25,5,5,3,5,279,0.0487542752094562,discovery_2020_23
2021-10-26,5,5,3,5,281,0.011629386422431179,discovery_2020_23
2021-10-27,5,5,3,5,278,0.05051613804994975,discovery_2020_23
2021-10-28,5,5,3,5,284,0.06369229378934968,discovery_2020_23
2021-10-29,5,5,3,5,279,0.06011643959940976,discovery_2020_23
2021-11-01,5,5,3,5,276,-0.06106590944763917,discovery_2020_23
2021-11-02,5,5,3,5,266,-0.0204211135383947,discovery_2020_23
2021-11-03,5,5,3,5,263,-0.015729607746002412,discovery_2020_23
2021-11-04,5,5,3,5,266,-0.004383760607331497,discovery_2020_23
2021-11-05,5,5,3,5,268,0.037889534860163145,discovery_2020_23
2021-11-08,5,5,3,5,270,0.02574613932893283,discovery_2020_23
2021-11-09,5,5,3,5,271,0.06693940060867977,discovery_2020_23
2021-11-10,5,5,3,5,270,0.073433134383125,discovery_2020_23
2021-11-11,5,5,3,5,270,0.09639043423931694,discovery_2020_23
2021-11-12,5,5,3,5,272,0.07631463095740773,discovery_2020_23
2021-11-15,5,5,3,5,286,0.06512761087549067,discovery_2020_23
2021-11-16,5,5,3,5,288,0.014984291310908315,discovery_2020_23
2021-11-17,5,5,3,5,292,0.021022904212850604,discovery_2020_23
2021-11-18,5,5,3,5,292,-0.07866502002516838,discovery_2020_23
2021-11-19,5,5,3,5,289,-0.02229225224979317,discovery_2020_23
2021-11-22,5,5,3,5,290,-0.05933454733859421,discovery_2020_23
2021-11-23,5,5,3,5,287,-0.05177578640032687,discovery_2020_23
2021-11-24,5,5,3,5,289,-0.021091383649769264,discovery_2020_23
2021-11-25,5,5,3,5,286,-0.06442846914769934,discovery_2020_23
2021-11-26,5,5,3,5,282,-0.1087744176033521,discovery_2020_23
2021-11-29,5,5,3,5,275,-0.07111740444843045,discovery_2020_23
2021-11-30,5,5,3,5,273,0.01590021654232435,discovery_2020_23
2021-12-01,5,5,3,5,270,0.06834902623338286,discovery_2020_23
2021-12-02,5,5,3,5,270,0.14469153588321543,discovery_2020_23
2021-12-03,5,5,3,5,276,0.1412814922209838,discovery_2020_23
2021-12-06,5,5,3,5,278,0.03364117292423526,discovery_2020_23
2021-12-07,5,5,3,5,280,-0.016660131861404397,discovery_2020_23
2021-12-08,5,5,3,5,278,0.0018250254414422583,discovery_2020_23
2021-12-09,5,5,3,5,274,0.0018136663463619006,discovery_2020_23
2021-12-10,5,5,3,5,276,0.012606555271756968,discovery_2020_23
2021-12-13,5,5,3,5,253,-0.061530116578212245,discovery_2020_23
2021-12-14,5,5,3,5,257,-0.013998308976563205,discovery_2020_23
2021-12-15,5,5,3,5,262,0.08839114524013945,discovery_2020_23
2021-12-16,5,5,3,5,264,0.12293611848607655,discovery_2020_23
2021-12-17,5,5,3,5,265,0.02521874603057929,discovery_2020_23
2021-12-20,5,5,3,5,255,0.011059829792838257,discovery_2020_23
2021-12-21,5,5,3,5,248,0.1627181157112547,discovery_2020_23
2021-12-22,5,5,3,5,245,-0.01902355075323787,discovery_2020_23
2021-12-23,5,5,3,5,242,0.09863707326518822,discovery_2020_23
2021-12-24,5,5,3,5,249,0.062095573635177745,discovery_2020_23
2021-12-27,5,5,3,5,267,0.016283691878013377,discovery_2020_23
2021-12-28,5,5,3,5,269,-0.2083101376209499,discovery_2020_23
2021-12-29,5,5,3,5,271,-0.17764161881778476,discovery_2020_23
2021-12-30,5,5,3,5,288,-0.12346782328426352,discovery_2020_23
2021-12-31,5,5,3,5,287,-0.17889805684428675,discovery_2020_23
2022-01-04,5,5,3,5,284,-0.18140336419946307,discovery_2020_23
2022-01-05,5,5,3,5,283,-0.1592807482023296,discovery_2020_23
2022-01-06,5,5,3,5,278,-0.1959060020048732,discovery_2020_23
2022-01-07,5,5,3,5,277,-0.01244454481936044,discovery_2020_23
2022-01-10,5,5,3,5,269,0.06057568415666401,discovery_2020_23
2022-01-11,5,5,3,5,255,0.14246015699565812,discovery_2020_23
2022-01-12,5,5,3,5,247,0.05836686417865412,discovery_2020_23
2022-01-13,5,5,3,5,254,0.12757740923733513,discovery_2020_23
2022-01-14,5,5,3,5,272,0.09807407420659986,discovery_2020_23
2022-01-17,5,5,3,5,275,0.047232692698893235,discovery_2020_23
2022-01-18,5,5,3,5,278,0.09698030749458628,discovery_2020_23
2022-01-19,5,5,3,5,286,0.03369187532100711,discovery_2020_23
2022-01-20,5,5,3,5,288,0.027758531370388386,discovery_2020_23
2022-01-21,5,5,3,5,286,0.03332510022717143,discovery_2020_23
2022-01-24,5,5,3,5,283,-0.08581026445354341,discovery_2020_23
2022-01-25,5,5,3,5,276,-0.1676152120567949,discovery_2020_23
2022-01-26,5,5,3,5,268,-0.09838489769938162,discovery_2020_23
2022-01-27,5,5,3,5,250,-0.032880916407799075,discovery_2020_23
2022-01-28,5,5,3,5,221,-0.10568393211667615,discovery_2020_23
2022-02-07,5,5,3,5,217,-0.1581910387522217,discovery_2020_23
2022-02-08,5,5,3,5,214,-0.019600790398911137,discovery_2020_23
2022-02-09,5,5,3,5,258,-0.009445594112075253,discovery_2020_23
2022-02-10,5,5,3,5,272,0.17678544594107864,discovery_2020_23
2022-02-11,5,5,3,5,279,0.21267734900231394,discovery_2020_23
2022-02-14,5,5,3,5,278,0.15405640143627883,discovery_2020_23
2022-02-15,5,5,3,5,279,-0.10867594340693143,discovery_2020_23
2022-02-16,5,5,3,5,284,0.06889227288820306,discovery_2020_23
2022-02-17,5,5,3,5,293,0.10825730900411754,discovery_2020_23
2022-02-18,5,5,3,5,289,0.22211751557559875,discovery_2020_23
2022-02-21,5,5,3,5,288,0.24470924870961386,discovery_2020_23
2022-02-22,5,5,3,5,290,0.15668208773649775,discovery_2020_23
2022-02-23,5,5,3,5,293,0.007714970448970827,discovery_2020_23
2022-02-24,5,5,3,5,289,0.00973784456671308,discovery_2020_23
2022-02-25,5,5,3,5,283,0.04031106501342791,discovery_2020_23
2022-02-28,5,5,3,5,245,0.09755734341257107,discovery_2020_23
2022-03-01,5,5,3,5,238,0.09499394259844281,discovery_2020_23
2022-03-02,5,5,3,5,237,0.09393160796354574,discovery_2020_23
2022-03-03,5,5,3,5,272,0.04190530086581456,discovery_2020_23
2022-03-04,5,5,3,5,284,-0.037531676728872934,discovery_2020_23
2022-03-07,5,5,3,5,285,0.005943278367296157,discovery_2020_23
2022-03-08,5,5,3,5,261,0.03230844019486284,discovery_2020_23
2022-03-09,5,5,3,5,247,0.14057241989882402,discovery_2020_23
2022-03-10,5,5,3,5,200,0.12425110627765695,discovery_2020_23
2022-03-11,5,5,3,5,195,0.06635174639805119,discovery_2020_23
2022-03-14,5,5,3,5,220,-0.0007460718528056814,discovery_2020_23
2022-03-15,5,5,3,5,234,0.06800315625080487,discovery_2020_23
2022-03-16,5,5,3,5,258,0.3274503847322827,discovery_2020_23
2022-03-17,5,5,3,5,259,0.22392135106016536,discovery_2020_23
2022-03-18,5,5,3,5,266,0.2175701071631804,discovery_2020_23
2022-03-21,5,5,3,5,299,0.2401952647548661,discovery_2020_23
2022-03-22,5,5,3,5,300,0.07570617451305015,discovery_2020_23
2022-03-23,5,5,3,5,299,-0.05098475992436527,discovery_2020_23
2022-03-24,5,5,3,5,293,-0.09837167139742788,discovery_2020_23
2022-03-25,5,5,3,5,284,-0.11275727246688161,discovery_2020_23
2022-03-28,5,5,3,5,272,-0.05444922180789534,discovery_2020_23
2022-03-29,5,5,3,5,260,-0.030256494025768136,discovery_2020_23
2022-03-30,5,5,3,5,260,-0.0229349482894624,discovery_2020_23
2022-03-31,5,5,3,5,266,-0.05923681127859323,discovery_2020_23
2022-04-01,5,5,3,5,275,-0.0360252468410494,discovery_2020_23
2022-04-06,5,5,3,5,278,-0.017344600747079456,discovery_2020_23
2022-04-07,5,5,3,5,270,-0.05909672522313806,discovery_2020_23
2022-04-08,5,5,3,5,266,0.013246926887027475,discovery_2020_23
2022-04-11,5,5,3,5,261,0.20782091910505068,discovery_2020_23
2022-04-12,5,5,3,5,258,0.13478578199092653,discovery_2020_23
2022-04-13,5,5,3,5,249,0.19459587819507035,discovery_2020_23
2022-04-14,5,5,3,5,241,0.14465311616241908,discovery_2020_23
2022-04-15,5,5,3,5,247,0.05733237427660247,discovery_2020_23
2022-04-18,5,5,3,5,259,-0.0795052664896073,discovery_2020_23
2022-04-19,5,5,3,5,272,-0.007143634490644462,discovery_2020_23
2022-04-20,5,5,3,5,280,0.07405581176941631,discovery_2020_23
2022-04-21,5,5,3,5,282,0.14083292498061098,discovery_2020_23
2022-04-22,5,5,3,5,267,0.1338063421172418,discovery_2020_23
2022-04-25,5,5,3,5,260,0.19349093609742202,discovery_2020_23
2022-04-26,5,5,3,5,230,0.26788045741758315,discovery_2020_23
2022-04-27,5,5,3,5,206,0.253974104488121,discovery_2020_23
2022-04-28,5,5,3,5,200,0.18853385474681278,discovery_2020_23
2022-04-29,5,5,3,5,222,0.1380254169458289,discovery_2020_23
2022-05-05,5,5,3,5,248,0.1458211551499532,discovery_2020_23
2022-05-06,5,5,3,5,287,0.06938594268152491,discovery_2020_23
2022-05-09,5,5,3,5,283,-0.07884137680548507,discovery_2020_23
2022-05-10,5,5,3,5,286,-0.06342791380326059,discovery_2020_23
2022-05-11,5,5,3,5,286,-0.13479528788974096,discovery_2020_23
2022-05-12,5,5,3,5,292,-0.05306692586415787,discovery_2020_23
2022-05-13,5,5,3,5,291,-0.1071893683904854,discovery_2020_23
2022-05-16,5,5,3,5,294,-0.19939159174502769,discovery_2020_23
2022-05-17,5,5,3,5,293,-0.09012778330105695,discovery_2020_23
2022-05-18,5,5,3,5,292,-0.09336009986846,discovery_2020_23
2022-05-19,5,5,3,5,291,-0.00553813533941518,discovery_2020_23
2022-05-20,5,5,3,5,289,-0.0762521311084185,discovery_2020_23
2022-05-23,5,5,3,5,287,-0.005567606661382589,discovery_2020_23
2022-05-24,5,5,3,5,290,-0.033285794733456206,discovery_2020_23
2022-05-25,5,5,3,5,291,0.01600401269066851,discovery_2020_23
2022-05-26,5,5,3,5,291,0.0052206250359906016,discovery_2020_23
2022-05-27,5,5,3,5,291,-0.01423114687139238,discovery_2020_23
2022-05-30,5,5,3,5,287,-0.027697661548012873,discovery_2020_23
2022-05-31,5,5,3,5,284,-0.08479444582327429,discovery_2020_23
2022-06-01,5,5,3,5,282,-0.05226162383146315,discovery_2020_23
2022-06-02,5,5,3,5,284,-0.01836069953756029,discovery_2020_23
2022-06-06,5,5,3,5,283,-0.11297413834181692,discovery_2020_23
2022-06-07,5,5,3,5,283,-0.12204050659652226,discovery_2020_23
2022-06-08,5,5,3,5,285,-0.1314929466632689,discovery_2020_23
2022-06-09,5,5,3,5,285,-0.22675192716070725,discovery_2020_23
2022-06-10,5,5,3,5,280,-0.08140369962151689,discovery_2020_23
2022-06-13,5,5,3,5,255,-0.004999060075385836,discovery_2020_23
2022-06-14,5,5,3,5,254,0.1271365434401,discovery_2020_23
2022-06-15,5,5,3,5,259,0.18873854109630359,discovery_2020_23
2022-06-16,5,5,3,5,261,-0.0002456786873738703,discovery_2020_23
2022-06-17,5,5,3,5,262,0.04264091740910998,discovery_2020_23
2022-06-20,5,5,3,5,268,-0.027094757307317297,discovery_2020_23
2022-06-21,5,5,3,5,267,0.08823603583411961,discovery_2020_23
2022-06-22,5,5,3,5,267,0.04619984522318257,discovery_2020_23
2022-06-23,5,5,3,5,260,0.1786623334072023,discovery_2020_23
2022-06-24,5,5,3,5,260,0.08307250349851115,discovery_2020_23
2022-06-27,5,5,3,5,286,0.011571096881115742,discovery_2020_23
2022-06-28,5,5,3,5,289,0.02747559645716498,discovery_2020_23
2022-06-29,5,5,3,5,294,0.0267645139039061,discovery_2020_23
2022-06-30,5,5,3,5,292,-0.01910368829877273,discovery_2020_23
2022-07-01,5,5,3,5,287,0.03959333297972112,discovery_2020_23
2022-07-04,5,5,3,5,283,0.05517693787716903,discovery_2020_23
2022-07-05,5,5,3,5,285,0.0067317420741267175,discovery_2020_23
2022-07-06,5,5,3,5,279,-0.1085102756106524,discovery_2020_23
2022-07-07,5,5,3,5,279,-0.06966520327302465,discovery_2020_23
2022-07-08,5,5,3,5,282,0.05743153893274056,discovery_2020_23
2022-07-11,5,5,3,5,286,0.06429053983001544,discovery_2020_23
2022-07-12,5,5,3,5,274,0.0613990836893703,discovery_2020_23
2022-07-13,5,5,3,5,268,0.0488300500672577,discovery_2020_23
2022-07-14,5,5,3,5,270,-0.00880946480192848,discovery_2020_23
2022-07-15,5,5,3,5,263,0.044053836945275364,discovery_2020_23
2022-07-18,5,5,3,5,268,0.19053069550378193,discovery_2020_23
2022-07-19,5,5,3,5,263,0.14891822952835607,discovery_2020_23
2022-07-20,5,5,3,5,270,0.07945702612675407,discovery_2020_23
2022-07-21,5,5,3,5,280,0.09723911540211416,discovery_2020_23
2022-07-22,5,5,3,5,281,0.09221792135012075,discovery_2020_23
2022-07-25,5,5,3,5,277,-0.1722820104094319,discovery_2020_23
2022-07-26,5,5,3,5,276,-0.23325237938956353,discovery_2020_23
2022-07-27,5,5,3,5,277,-0.09711496224461334,discovery_2020_23
2022-07-28,5,5,3,5,280,-0.08536143209207815,discovery_2020_23
2022-07-29,5,5,3,5,281,-0.05821645351300135,discovery_2020_23
2022-08-01,5,5,3,5,283,-0.026681851417204503,discovery_2020_23
2022-08-02,5,5,3,5,273,-0.13181101245484259,discovery_2020_23
2022-08-03,5,5,3,5,260,-0.17576200335602374,discovery_2020_23
2022-08-04,5,5,3,5,239,-0.007342843825795956,discovery_2020_23
2022-08-05,5,5,3,5,239,0.1079024189571977,discovery_2020_23
2022-08-08,5,5,3,5,254,0.041060115503013736,discovery_2020_23
2022-08-09,5,5,3,5,283,0.10556811026763024,discovery_2020_23
2022-08-10,5,5,3,5,289,0.15901937781071665,discovery_2020_23
2022-08-11,5,5,3,5,289,0.09055962347327214,discovery_2020_23
2022-08-12,5,5,3,5,282,-0.010833477588846905,discovery_2020_23
2022-08-15,5,5,3,5,282,-0.07640796674394419,discovery_2020_23
2022-08-16,5,5,3,5,285,-0.1515615077775928,discovery_2020_23
2022-08-17,5,5,3,5,281,-0.21587271025599183,discovery_2020_23
2022-08-18,5,5,3,5,285,-0.10164175007691531,discovery_2020_23
2022-08-19,5,5,3,5,278,0.08531352976360057,discovery_2020_23
2022-08-22,5,5,3,5,274,0.051096677845290824,discovery_2020_23
2022-08-23,5,5,3,5,270,0.08034856251983695,discovery_2020_23
2022-08-24,5,5,3,5,267,0.0326355139833795,discovery_2020_23
2022-08-25,5,5,3,5,265,0.046781957073848204,discovery_2020_23
2022-08-26,5,5,3,5,258,-0.04660394577053331,discovery_2020_23
2022-08-29,5,5,3,5,260,-0.10715732319393347,discovery_2020_23
2022-08-30,5,5,3,5,273,-0.08485993754687375,discovery_2020_23
2022-08-31,5,5,3,5,269,0.00033907395819687434,discovery_2020_23
2022-09-01,5,5,3,5,279,-0.002068484890764074,discovery_2020_23
2022-09-02,5,5,3,5,275,0.040192169984813814,discovery_2020_23
2022-09-05,5,5,3,5,273,0.06470149533229938,discovery_2020_23
2022-09-06,5,5,3,5,274,-0.025633068031574564,discovery_2020_23
2022-09-07,5,5,3,5,276,0.05313280347027012,discovery_2020_23
2022-09-08,5,5,3,5,285,0.12865688059889685,discovery_2020_23
2022-09-09,5,5,3,5,282,0.14226984542540416,discovery_2020_23
2022-09-13,5,5,3,5,282,0.08225165036669298,discovery_2020_23
2022-09-14,5,5,3,5,285,0.011857024183974487,discovery_2020_23
2022-09-15,5,5,3,5,293,0.15502057549853787,discovery_2020_23
2022-09-16,5,5,3,5,293,0.08286830769789519,discovery_2020_23
2022-09-19,5,5,3,5,288,0.1681566668470965,discovery_2020_23
2022-09-20,5,5,3,5,273,0.10237650259365376,discovery_2020_23
2022-09-21,5,5,3,5,270,0.03670391502834201,discovery_2020_23
2022-09-22,5,5,3,5,246,-0.04598216768758278,discovery_2020_23
2022-09-23,5,5,3,5,228,-0.037724387052748984,discovery_2020_23
2022-09-26,5,5,3,5,231,-0.034290031240919734,discovery_2020_23
2022-09-27,5,5,3,5,241,-0.06745784929265514,discovery_2020_23
2022-09-28,5,5,3,5,254,0.08977440968934118,discovery_2020_23
2022-09-29,5,5,3,5,266,0.1351296208273475,discovery_2020_23
2022-09-30,5,5,3,5,254,0.05536200543878329,discovery_2020_23
2022-10-10,5,5,3,5,248,0.1511180537024136,discovery_2020_23
2022-10-11,5,5,3,5,242,0.16489764572249171,discovery_2020_23
2022-10-12,5,5,3,5,248,0.06866111513880858,discovery_2020_23
2022-10-13,5,5,3,5,252,0.1421178767841715,discovery_2020_23
2022-10-14,5,5,3,5,276,-0.054965125969105466,discovery_2020_23
2022-10-17,5,5,3,5,282,-0.07516673261886009,discovery_2020_23
2022-10-18,5,5,3,5,287,0.014997472671164767,discovery_2020_23
2022-10-19,5,5,3,5,287,-0.15328636299145684,discovery_2020_23
2022-10-20,5,5,3,5,290,-0.1276186364215301,discovery_2020_23
2022-10-21,5,5,3,5,293,-0.17002493175492647,discovery_2020_23
2022-10-24,5,5,3,5,292,-0.1561055761219277,discovery_2020_23
2022-10-25,5,5,3,5,279,-0.06215784851137943,discovery_2020_23
2022-10-26,5,5,3,5,266,-0.046879171764835345,discovery_2020_23
2022-10-27,5,5,3,5,265,-0.06080071344765965,discovery_2020_23
2022-10-28,5,5,3,5,261,-0.01361560533440909,discovery_2020_23
2022-10-31,5,5,3,5,260,0.22432675227218393,discovery_2020_23
2022-11-01,5,5,3,5,260,0.1585671201156481,discovery_2020_23
2022-11-02,5,5,3,5,257,0.13482111849252526,discovery_2020_23
2022-11-03,5,5,3,5,279,0.07324485475852037,discovery_2020_23
2022-11-04,5,5,3,5,287,0.13427174125058755,discovery_2020_23
2022-11-07,5,5,3,5,291,0.00802779755779162,discovery_2020_23
2022-11-08,5,5,3,5,291,0.0011361173809435743,discovery_2020_23
2022-11-09,5,5,3,5,290,0.015624936574128463,discovery_2020_23
2022-11-10,5,5,3,5,290,0.08622740496117515,discovery_2020_23
2022-11-11,5,5,3,5,292,-0.04463038026271341,discovery_2020_23
2022-11-14,5,5,3,5,293,-0.15298324155073642,discovery_2020_23
2022-11-15,5,5,3,5,293,-0.09547990234823023,discovery_2020_23
2022-11-16,5,5,3,5,293,-0.10867762197945419,discovery_2020_23
2022-11-17,5,5,3,5,289,-0.04916927021285916,discovery_2020_23
2022-11-18,5,5,3,5,285,-0.2406761609790803,discovery_2020_23
2022-11-21,5,5,3,5,281,-0.25244010690010815,discovery_2020_23
2022-11-22,5,5,3,5,281,-0.2205515854966444,discovery_2020_23
2022-11-23,5,5,3,5,275,0.11772259742946536,discovery_2020_23
2022-11-24,5,5,3,5,275,0.10960017045186712,discovery_2020_23
2022-11-25,5,5,3,5,265,0.24578070856343873,discovery_2020_23
2022-11-28,5,5,3,5,264,0.09396597771196427,discovery_2020_23
2022-11-29,5,5,3,5,266,0.1974050657930811,discovery_2020_23
2022-11-30,5,5,3,5,270,0.10657043893960753,discovery_2020_23
2022-12-01,5,5,3,5,286,0.04068710041421941,discovery_2020_23
2022-12-02,5,5,3,5,286,0.009387536410977376,discovery_2020_23
2022-12-05,5,5,3,5,288,0.07679070686864949,discovery_2020_23
2022-12-06,5,5,3,5,289,0.0062998422646868895,discovery_2020_23
2022-12-07,5,5,3,5,285,-0.16189764520628994,discovery_2020_23
2022-12-08,5,5,3,5,284,0.007984718417725576,discovery_2020_23
2022-12-09,5,5,3,5,282,0.024832408067761384,discovery_2020_23
2022-12-12,5,5,3,5,275,0.040259375127575374,discovery_2020_23
2022-12-13,5,5,3,5,275,0.1108488085815205,discovery_2020_23
2022-12-14,5,5,3,5,274,0.006795831905320957,discovery_2020_23
2022-12-15,5,5,3,5,262,0.05565036887673622,discovery_2020_23
2022-12-16,5,5,3,5,257,0.11546042213374354,discovery_2020_23
2022-12-19,5,5,3,5,255,0.036581659017012956,discovery_2020_23
2022-12-20,5,5,3,5,263,0.060472927957784924,discovery_2020_23
2022-12-21,5,5,3,5,261,0.09085406731613317,discovery_2020_23
2022-12-22,5,5,3,5,245,0.04189184888645846,discovery_2020_23
2022-12-23,5,5,3,5,237,0.047133835764577414,discovery_2020_23
2022-12-26,5,5,3,5,249,0.008986027758727361,discovery_2020_23
2022-12-27,5,5,3,5,253,-0.0017247109395580515,discovery_2020_23
2022-12-28,5,5,3,5,281,-0.0071028369973815285,discovery_2020_23
2022-12-29,5,5,3,5,289,0.08248293475188792,discovery_2020_23
2022-12-30,5,5,3,5,283,0.12139250431903163,discovery_2020_23
2023-01-03,5,5,3,5,281,0.17508896797153023,discovery_2020_23
2023-01-04,5,5,3,5,277,0.195508536180852,discovery_2020_23
2023-01-05,5,5,3,5,278,0.17934396109672973,discovery_2020_23
2023-01-06,5,5,3,5,281,0.0631686545883827,discovery_2020_23
2023-01-09,5,5,3,5,288,0.05692188537530436,discovery_2020_23
2023-01-10,5,5,3,5,285,0.06770047111304146,discovery_2020_23
2023-01-11,5,5,3,5,288,-0.06402267029023671,discovery_2020_23
2023-01-12,5,5,3,5,284,-0.14505165785132382,discovery_2020_23
2023-01-13,5,5,3,5,278,-0.049371114322085,discovery_2020_23
2023-01-16,5,5,3,5,282,-0.09867190749305459,discovery_2020_23
2023-01-17,5,5,3,5,284,0.005974850098319158,discovery_2020_23
2023-01-18,5,5,3,5,290,-0.040200828239707,discovery_2020_23
2023-01-19,5,5,3,5,294,0.05532494020006688,discovery_2020_23
2023-01-20,5,5,3,5,282,0.051113280369480124,discovery_2020_23
2023-01-30,5,5,3,5,282,-0.05810637696736985,discovery_2020_23
2023-01-31,5,5,3,5,283,0.07596648719525505,discovery_2020_23
2023-02-01,5,5,3,5,283,0.12345970538322774,discovery_2020_23
2023-02-02,5,5,3,5,291,0.07579320087113155,discovery_2020_23
2023-02-03,5,5,3,5,291,0.014198032494700516,discovery_2020_23
2023-02-06,5,5,3,5,280,0.06554816716568099,discovery_2020_23
2023-02-07,5,5,3,5,271,0.10695768674588943,discovery_2020_23
2023-02-08,5,5,3,5,272,0.024962990681067526,discovery_2020_23
2023-02-09,5,5,3,5,265,0.09311573742177243,discovery_2020_23
2023-02-10,5,5,3,5,267,0.12343349833899082,discovery_2020_23
2023-02-13,5,5,3,5,274,0.14145724524577927,discovery_2020_23
2023-02-14,5,5,3,5,279,0.01919907966431469,discovery_2020_23
2023-02-15,5,5,3,5,279,0.03894849345215076,discovery_2020_23
2023-02-16,5,5,3,5,281,-0.028508965552489406,discovery_2020_23
2023-02-17,5,5,3,5,279,-0.004959190284465453,discovery_2020_23
2023-02-20,5,5,3,5,277,0.04726805486505801,discovery_2020_23
2023-02-21,5,5,3,5,278,-0.02165317003143804,discovery_2020_23
2023-02-22,5,5,3,5,286,-0.13972204869598337,discovery_2020_23
2023-02-23,5,5,3,5,290,-0.16050148858064398,discovery_2020_23
2023-02-24,5,5,3,5,284,-0.14230227921802543,discovery_2020_23
2023-02-27,5,5,3,5,284,-0.12808782949912353,discovery_2020_23
2023-02-28,5,5,3,5,283,-0.14312967879277425,discovery_2020_23
2023-03-01,5,5,3,5,289,-0.09956947504890543,discovery_2020_23
2023-03-02,5,5,3,5,291,-0.1976429137973252,discovery_2020_23
2023-03-03,5,5,3,5,291,-0.11386153741454115,discovery_2020_23
2023-03-06,5,5,3,5,281,-0.22496707301309848,discovery_2020_23
2023-03-07,5,5,3,5,258,-0.10429539163312537,discovery_2020_23
2023-03-08,5,5,3,5,259,-0.17685323645209602,discovery_2020_23
2023-03-09,5,5,3,5,259,-0.1219742652607339,discovery_2020_23
2023-03-10,5,5,3,5,271,-0.30186546721194907,discovery_2020_23
2023-03-13,5,5,3,5,264,-0.22017625827082227,discovery_2020_23
2023-03-14,5,5,3,5,250,-0.05866676394902929,discovery_2020_23
2023-03-15,5,5,3,5,256,0.026567883503013416,discovery_2020_23
2023-03-16,5,5,3,5,252,-0.05388611332427239,discovery_2020_23
2023-03-17,5,5,3,5,267,0.15450830072045177,discovery_2020_23
2023-03-20,5,5,3,5,261,0.16630245083423975,discovery_2020_23
2023-03-21,5,5,3,5,270,-0.07392512226583323,discovery_2020_23
2023-03-22,5,5,3,5,273,0.05310321174850265,discovery_2020_23
2023-03-23,5,5,3,5,281,0.2239546882880068,discovery_2020_23
2023-03-24,5,5,3,5,288,0.1942745792665988,discovery_2020_23
2023-03-27,5,5,3,5,276,0.07463486711474894,discovery_2020_23
2023-03-28,5,5,3,5,274,-0.012120444916058109,discovery_2020_23
2023-03-29,5,5,3,5,270,-0.0522873067492016,discovery_2020_23
2023-03-30,5,5,3,5,280,-0.10135666092232891,discovery_2020_23
2023-03-31,5,5,3,5,279,0.06380389657912854,discovery_2020_23
2023-04-03,5,5,3,5,283,0.07357974896473314,discovery_2020_23
2023-04-04,5,5,3,5,285,0.06994583026143793,discovery_2020_23
2023-04-06,5,5,3,5,288,0.16393429858266245,discovery_2020_23
2023-04-07,5,5,3,5,289,0.10611358335998575,discovery_2020_23
2023-04-10,5,5,3,5,289,0.04240569999743965,discovery_2020_23
2023-04-11,5,5,3,5,290,0.07124453383050142,discovery_2020_23
2023-04-12,5,5,3,5,287,0.10407506722826647,discovery_2020_23
2023-04-13,5,5,3,5,289,-0.009269231156439134,discovery_2020_23
2023-04-14,5,5,3,5,285,0.09032435318573197,discovery_2020_23
2023-04-17,5,5,3,5,281,0.043684091185963905,discovery_2020_23
2023-04-18,5,5,3,5,278,-0.05215347055863279,discovery_2020_23
2023-04-19,5,5,3,5,281,-0.07302162178898997,discovery_2020_23
2023-04-20,5,5,3,5,277,0.0021791105197788902,discovery_2020_23
2023-04-21,5,5,3,5,272,-0.06760506939636368,discovery_2020_23
2023-04-24,5,5,3,5,271,-0.05474760629959241,discovery_2020_23
2023-04-25,5,5,3,5,258,0.002782119319484124,discovery_2020_23
2023-04-26,5,5,3,5,241,-0.0680699830702729,discovery_2020_23
2023-04-27,5,5,3,5,240,-0.06766570064831882,discovery_2020_23
2023-04-28,5,5,3,5,243,-0.029659910426485744,discovery_2020_23
2023-05-04,5,5,3,5,260,0.08590548764564188,discovery_2020_23
2023-05-05,5,5,3,5,279,0.10321200687542327,discovery_2020_23
2023-05-08,5,5,3,5,277,0.15864867577279124,discovery_2020_23
2023-05-09,5,5,3,5,257,0.1645390421889995,discovery_2020_23
2023-05-10,5,5,3,5,249,0.0102402263515206,discovery_2020_23
2023-05-11,5,5,3,5,251,-0.02803187250996016,discovery_2020_23
2023-05-12,5,5,3,5,274,0.2175267703177996,discovery_2020_23
2023-05-15,5,5,3,5,283,0.2834043947793795,discovery_2020_23
2023-05-16,5,5,3,5,274,0.26666509159893875,discovery_2020_23
2023-05-17,5,5,3,5,272,0.20967770308849862,discovery_2020_23
2023-05-18,5,5,3,5,273,-0.03600859209489523,discovery_2020_23
2023-05-19,5,5,3,5,267,-0.028645007093399483,discovery_2020_23
2023-05-22,5,5,3,5,277,-0.0731693408418768,discovery_2020_23
2023-05-23,5,5,3,5,275,-0.0463956675219513,discovery_2020_23
2023-05-24,5,5,3,5,282,-0.014742712220812573,discovery_2020_23
2023-05-25,5,5,3,5,263,0.024311132894576343,discovery_2020_23
2023-05-26,5,5,3,5,258,0.0806206539219757,discovery_2020_23
2023-05-29,5,5,3,5,254,0.12368568716459233,discovery_2020_23
2023-05-30,5,5,3,5,259,0.2732510734319674,discovery_2020_23
2023-05-31,5,5,3,5,253,0.27610264306808524,discovery_2020_23
2023-06-01,5,5,3,5,252,0.15904760405020238,discovery_2020_23
2023-06-02,5,5,3,5,248,-0.08275443738276447,discovery_2020_23
2023-06-05,5,5,3,5,265,0.033076122607261706,discovery_2020_23
2023-06-06,5,5,3,5,282,0.008124785706675894,discovery_2020_23
2023-06-07,5,5,3,5,283,0.06597596837999595,discovery_2020_23
2023-06-08,5,5,3,5,276,0.06320975957091231,discovery_2020_23
2023-06-09,5,5,3,5,267,0.0302305996991791,discovery_2020_23
2023-06-12,5,5,3,5,257,0.1062150291608279,discovery_2020_23
2023-06-13,5,5,3,5,261,0.04962645340303464,discovery_2020_23
2023-06-14,5,5,3,5,272,0.042917918757374336,discovery_2020_23
2023-06-15,5,5,3,5,276,-0.01144190620622029,discovery_2020_23
2023-06-16,5,5,3,5,271,-0.042484866025130845,discovery_2020_23
2023-06-19,5,5,3,5,269,0.05739271424784379,discovery_2020_23
2023-06-20,5,5,3,5,269,0.06647904603238032,discovery_2020_23
2023-06-21,5,5,3,5,273,0.035346012511321905,discovery_2020_23
2023-06-26,5,5,3,5,274,-0.0644514797469652,discovery_2020_23
2023-06-27,5,5,3,5,279,-0.014332130746849305,discovery_2020_23
2023-06-28,5,5,3,5,281,-0.023852185891756018,discovery_2020_23
2023-06-29,5,5,3,5,271,-0.011840393604542799,discovery_2020_23
2023-06-30,5,5,3,5,269,0.17389667951959728,discovery_2020_23
2023-07-03,5,5,3,5,270,-0.054392315676936816,discovery_2020_23
2023-07-04,5,5,3,5,278,-0.03908014551250517,discovery_2020_23
2023-07-05,5,5,3,5,287,0.015074121856460895,discovery_2020_23
2023-07-06,5,5,3,5,286,-0.05343080715475582,discovery_2020_23
2023-07-07,5,5,3,5,282,0.057741100284391826,discovery_2020_23
2023-07-10,5,5,3,5,283,0.02870777424678312,discovery_2020_23
2023-07-11,5,5,3,5,286,0.06350701686531265,discovery_2020_23
2023-07-12,5,5,3,5,291,0.10164309357840638,discovery_2020_23
2023-07-13,5,5,3,5,294,0.07222913631177533,discovery_2020_23
2023-07-14,5,5,3,5,294,-0.04577889080019946,discovery_2020_23
2023-07-17,5,5,3,5,293,-0.08874422474488326,discovery_2020_23
2023-07-18,5,5,3,5,290,-0.05939577601171608,discovery_2020_23
2023-07-19,5,5,3,5,291,-0.1664807635977735,discovery_2020_23
2023-07-20,5,5,3,5,285,-0.1766120919956546,discovery_2020_23
2023-07-21,5,5,3,5,279,-0.1666719619710578,discovery_2020_23
2023-07-24,5,5,3,5,275,-0.17890371856084486,discovery_2020_23
2023-07-25,5,5,3,5,275,-0.05534753267975563,discovery_2020_23
2023-07-26,5,5,3,5,278,-0.017747819049379773,discovery_2020_23
2023-07-27,5,5,3,5,290,-0.07374127843118329,discovery_2020_23
2023-07-28,5,5,3,5,287,-0.00044772306551719293,discovery_2020_23
2023-07-31,5,5,3,5,245,-0.09401345339964937,discovery_2020_23
2023-08-01,5,5,3,5,243,-0.17403003667032446,discovery_2020_23
2023-08-02,5,5,3,5,242,-0.17996104213357714,discovery_2020_23
2023-08-03,5,5,3,5,285,0.010138058932627512,discovery_2020_23
2023-08-04,5,5,3,5,295,0.07130147107372597,discovery_2020_23
2023-08-07,5,5,3,5,292,-0.010821151444547324,discovery_2020_23
2023-08-08,5,5,3,5,291,0.08490449002728225,discovery_2020_23
2023-08-09,5,5,3,5,288,0.0805721701882041,discovery_2020_23
2023-08-10,5,5,3,5,286,0.20111518776473844,discovery_2020_23
2023-08-11,5,5,3,5,276,0.06367036068000106,discovery_2020_23
2023-08-14,5,5,3,5,272,0.10299717178326598,discovery_2020_23
2023-08-15,5,5,3,5,273,0.051091107401492565,discovery_2020_23
2023-08-16,5,5,3,5,269,0.01375251029937194,discovery_2020_23
2023-08-17,5,5,3,5,269,0.07513860384485688,discovery_2020_23
2023-08-18,5,5,3,5,260,-0.004952736832600606,discovery_2020_23
2023-08-21,5,5,3,5,260,0.13778674848410988,discovery_2020_23
2023-08-22,5,5,3,5,263,0.09394538698932248,discovery_2020_23
2023-08-23,5,5,3,5,257,0.05071766935480578,discovery_2020_23
2023-08-24,5,5,3,5,257,-0.10953517714782146,discovery_2020_23
2023-08-25,5,5,3,5,229,-0.1900403180778886,discovery_2020_23
2023-08-28,5,5,3,5,238,-0.01026998602703335,discovery_2020_23
2023-08-29,5,5,3,5,243,0.07238347884865513,discovery_2020_23
2023-08-30,5,5,3,5,299,0.08677744013712806,discovery_2020_23
2023-08-31,5,5,3,5,297,0.02899306183798588,discovery_2020_23
2023-09-01,5,5,3,5,297,-0.08427955294261592,discovery_2020_23
2023-09-04,5,5,3,5,295,-0.06131183372838391,discovery_2020_23
2023-09-05,5,5,3,5,291,-0.10288790446598918,discovery_2020_23
2023-09-06,5,5,3,5,292,0.007032729109571169,discovery_2020_23
2023-09-07,5,5,3,5,283,0.05538621840963911,discovery_2020_23
2023-09-08,5,5,3,5,277,0.05956951630901964,discovery_2020_23
2023-09-11,5,5,3,5,282,0.10335751526325666,discovery_2020_23
2023-09-12,5,5,3,5,281,0.058719688347006534,discovery_2020_23
2023-09-13,5,5,3,5,288,0.09487663937070873,discovery_2020_23
2023-09-14,5,5,3,5,285,0.0359206814579932,discovery_2020_23
2023-09-15,5,5,3,5,283,0.03649096501559371,discovery_2020_23
2023-09-18,5,5,3,5,280,-0.006321036840696221,discovery_2020_23
2023-09-19,5,5,3,5,277,-0.05201726474911446,discovery_2020_23
2023-09-20,5,5,3,5,276,0.004659186739901063,discovery_2020_23
2023-09-21,5,5,3,5,269,0.016298362935350436,discovery_2020_23
2023-09-22,5,5,3,5,271,-0.09133508700607586,discovery_2020_23
2023-09-25,5,5,3,5,271,-0.18799173178372067,discovery_2020_23
2023-09-26,5,5,3,5,279,-0.22865585088786985,discovery_2020_23
2023-09-27,5,5,3,5,279,-0.05404891679353113,discovery_2020_23
2023-09-28,5,5,3,5,280,-0.01946829872347958,discovery_2020_23
2023-10-09,5,5,3,5,284,-0.058602783348008676,discovery_2020_23
2023-10-10,5,5,3,5,283,-0.0646499440632766,discovery_2020_23
2023-10-11,5,5,3,5,282,0.09815654806632347,discovery_2020_23
2023-10-12,5,5,3,5,283,0.10403808674668868,discovery_2020_23
2023-10-13,5,5,3,5,281,0.11249609412975013,discovery_2020_23
2023-10-16,5,5,3,5,288,-0.0137363513720943,discovery_2020_23
2023-10-17,5,5,3,5,270,0.03611971214338096,discovery_2020_23
2023-10-18,5,5,3,5,260,0.06158629673833438,discovery_2020_23
2023-10-19,5,5,3,5,232,0.06663445684204444,discovery_2020_23
2023-10-20,5,5,3,5,228,0.05949724403552393,discovery_2020_23
2023-10-23,5,5,3,5,202,-0.10234690895141213,discovery_2020_23
2023-10-24,5,5,3,5,205,0.03943119512060956,discovery_2020_23
2023-10-25,5,5,3,5,211,0.013774743408198292,discovery_2020_23
2023-10-26,5,5,3,5,236,0.024532243133155,discovery_2020_23
2023-10-27,5,5,3,5,280,0.028186129806897785,discovery_2020_23
2023-10-30,5,5,3,5,282,-0.07638127656140171,discovery_2020_23
2023-10-31,5,5,3,5,291,-0.044550605434308596,discovery_2020_23
2023-11-01,5,5,3,5,286,-0.06461442062873057,discovery_2020_23
2023-11-02,5,5,3,5,281,0.0457641757964868,discovery_2020_23
2023-11-03,5,5,3,5,282,-0.012237594315681723,discovery_2020_23
2023-11-06,5,5,3,5,287,0.11825751969797571,discovery_2020_23
2023-11-07,5,5,3,5,292,-0.00924265735077354,discovery_2020_23
2023-11-08,5,5,3,5,292,0.12426261098773837,discovery_2020_23
2023-11-09,5,5,3,5,285,0.10812312035889733,discovery_2020_23
2023-11-10,5,5,3,5,281,-0.04029477369260742,discovery_2020_23
2023-11-13,5,5,3,5,275,-0.016695760452872715,discovery_2020_23
2023-11-14,5,5,3,5,275,0.20482568513272412,discovery_2020_23
2023-11-15,5,5,3,5,280,-0.0033985501086613457,discovery_2020_23
2023-11-16,5,5,3,5,285,0.0723629268341018,discovery_2020_23
2023-11-17,5,5,3,5,292,0.2464530290242793,discovery_2020_23
2023-11-20,5,5,3,5,291,0.1843405841202776,discovery_2020_23
2023-11-21,5,5,3,5,291,0.05498468210855971,discovery_2020_23
2023-11-22,5,5,3,5,287,-0.016409162287785627,discovery_2020_23
2023-11-23,5,5,3,5,283,0.0646299617153832,discovery_2020_23
2023-11-24,5,5,3,5,285,-0.06753314749230362,discovery_2020_23
2023-11-27,5,5,3,5,282,-0.10345172637155103,discovery_2020_23
2023-11-28,5,5,3,5,247,-0.05608051933986754,discovery_2020_23
2023-11-29,5,5,3,5,239,0.000235140235918683,discovery_2020_23
2023-11-30,5,5,3,5,240,-0.014520248876422835,discovery_2020_23
2023-12-01,5,5,3,5,244,-0.10710673851586465,discovery_2020_23
2023-12-04,5,5,3,5,243,-0.07870190426991538,discovery_2020_23
2023-12-05,5,5,3,5,248,-0.1106374910409835,discovery_2020_23
2023-12-06,5,5,3,5,242,-0.031165227611842296,discovery_2020_23
2023-12-07,5,5,3,5,245,-0.019621763299786474,discovery_2020_23
2023-12-08,5,5,3,5,238,0.11486276881888034,discovery_2020_23
2023-12-11,5,5,3,5,223,0.10251679450109942,discovery_2020_23
2023-12-12,5,5,3,5,243,0.036908701300039065,discovery_2020_23
2023-12-13,5,5,3,5,253,0.09704138898697037,discovery_2020_23
2023-12-14,5,5,3,5,268,0.10170668635042764,discovery_2020_23
2023-12-15,5,5,3,5,260,0.18901709635242323,discovery_2020_23
2023-12-18,5,5,3,5,260,0.15562868691373183,discovery_2020_23
2023-12-19,5,5,3,5,246,0.0863823046944453,discovery_2020_23
2023-12-20,5,5,3,5,228,0.042126162830747466,discovery_2020_23
2023-12-21,5,5,3,5,213,-0.13544075243206724,discovery_2020_23
2023-12-22,5,5,3,5,220,-0.1817596804740885,discovery_2020_23
2023-12-25,5,5,3,5,246,-0.13084388254550391,discovery_2020_23
2023-12-26,5,5,3,5,271,-0.03277320525926888,discovery_2020_23
2023-12-27,5,5,3,5,274,0.04425654445149746,discovery_2020_23
2023-12-28,5,5,3,5,269,0.16752554915977783,discovery_2020_23
2023-12-29,5,5,3,5,275,0.0719759960762817,discovery_2020_23
2024-01-02,5,5,3,5,284,0.08016644709553895,review_2024_25
2024-01-03,5,5,3,5,286,-0.03173285340223912,review_2024_25
2024-01-04,5,5,3,5,284,-0.2015651191980161,review_2024_25
2024-01-05,5,5,3,5,284,-0.24002086092458264,review_2024_25
2024-01-08,5,5,3,5,286,-0.1543518615309309,review_2024_25
2024-01-09,5,5,3,5,271,-0.11979493734629013,review_2024_25
2024-01-10,5,5,3,5,242,-0.12737358787108835,review_2024_25
2024-01-11,5,5,3,5,240,-0.23217863026419153,review_2024_25
2024-01-12,5,5,3,5,234,-0.09602344075381922,review_2024_25
2024-01-15,5,5,3,5,263,-0.023688401539185708,review_2024_25
2024-01-16,5,5,3,5,269,-0.05689026984038913,review_2024_25
2024-01-17,5,5,3,5,266,-0.06567449953432644,review_2024_25
2024-01-18,5,5,3,5,265,0.0841512148968941,review_2024_25
2024-01-19,5,5,3,5,268,0.05325406713583687,review_2024_25
2024-01-22,5,5,3,5,271,0.17384719114740918,review_2024_25
2024-01-23,5,5,3,5,281,0.15268796850155217,review_2024_25
2024-01-24,5,5,3,5,281,-0.03225589679930272,review_2024_25
2024-01-25,5,5,3,5,284,-0.07387465049030631,review_2024_25
2024-01-26,5,5,3,5,288,-0.00156382574168713,review_2024_25
2024-01-29,5,5,3,5,290,-0.01119690492778952,review_2024_25
2024-01-30,5,5,3,5,288,0.10898603144103246,review_2024_25
2024-01-31,5,5,3,5,282,0.23147396522561695,review_2024_25
2024-02-01,5,5,3,5,279,0.25895378909632943,review_2024_25
2024-02-02,5,5,3,5,261,0.3876924426805975,review_2024_25
2024-02-05,5,5,3,5,241,0.22748067356244173,review_2024_25
2024-02-06,5,5,3,5,242,-0.0011062466739569722,review_2024_25
2024-02-07,5,5,3,5,241,-0.030360340163380312,review_2024_25
2024-02-08,5,5,3,5,282,-0.021588861549434516,review_2024_25
2024-02-19,5,5,3,5,271,0.27494399743385634,review_2024_25
2024-02-20,5,5,3,5,257,0.29288235572746474,review_2024_25
2024-02-21,5,5,3,5,252,0.09015008016378628,review_2024_25
2024-02-22,5,5,3,5,258,-0.1509653940912694,review_2024_25
2024-02-23,5,5,3,5,252,-0.13330503810201697,review_2024_25
2024-02-26,5,5,3,5,274,-0.048445870841286806,review_2024_25
2024-02-27,5,5,3,5,269,0.2036089687867971,review_2024_25
2024-02-28,5,5,3,5,284,-0.18299436344607778,review_2024_25
2024-02-29,5,5,3,5,285,0.07341173055364941,review_2024_25
2024-03-01,5,5,3,5,275,0.1624874137723902,review_2024_25
2024-03-04,5,5,3,5,278,0.0833660896357569,review_2024_25
2024-03-05,5,5,3,5,277,0.03313637864988184,review_2024_25
2024-03-06,5,5,3,5,276,0.08271785189273705,review_2024_25
2024-03-07,5,5,3,5,282,0.03539482293424883,review_2024_25
2024-03-08,5,5,3,5,276,0.08854783586818714,review_2024_25
2024-03-11,5,5,3,5,278,0.024500265654598116,review_2024_25
2024-03-12,5,5,3,5,284,0.03795351614990295,review_2024_25
2024-03-13,5,5,3,5,291,-0.034789570336149093,review_2024_25
2024-03-14,5,5,3,5,298,-0.01294764587906231,review_2024_25
2024-03-15,5,5,3,5,296,0.16229688654614127,review_2024_25
2024-03-18,5,5,3,5,292,0.3094113796811445,review_2024_25
2024-03-19,5,5,3,5,292,0.1837128179520966,review_2024_25
2024-03-20,5,5,3,5,293,0.22256526454573228,review_2024_25
2024-03-21,5,5,3,5,293,0.0909450989666995,review_2024_25
2024-03-22,5,5,3,5,285,0.02439131860343897,review_2024_25
2024-03-25,5,5,3,5,280,0.10247868421240437,review_2024_25
2024-03-26,5,5,3,5,267,0.12055406925754601,review_2024_25
2024-03-27,5,5,3,5,264,0.07431092901880144,review_2024_25
2024-03-28,5,5,3,5,240,0.015381780799532644,review_2024_25
2024-03-29,5,5,3,5,234,-0.027222910083336296,review_2024_25
2024-04-01,5,5,3,5,241,0.018111109563200063,review_2024_25
2024-04-02,5,5,3,5,255,-0.012421124088936272,review_2024_25
2024-04-03,5,5,3,5,290,0.03169868340800453,review_2024_25
2024-04-08,5,5,3,5,282,-0.09320372348289686,review_2024_25
2024-04-09,5,5,3,5,280,0.00037719165777786725,review_2024_25
2024-04-10,5,5,3,5,276,-0.09995607938131004,review_2024_25
2024-04-11,5,5,3,5,263,-0.10801338392476506,review_2024_25
2024-04-12,5,5,3,5,247,-0.03252049029792053,review_2024_25
2024-04-15,5,5,3,5,236,0.049663356339239136,review_2024_25
2024-04-16,5,5,3,5,250,0.04386071693768105,review_2024_25
2024-04-17,5,5,3,5,265,-0.09125733219970991,review_2024_25
2024-04-18,5,5,3,5,264,-0.005932670564278802,review_2024_25
2024-04-19,5,5,3,5,272,0.08400558633899202,review_2024_25
2024-04-22,5,5,3,5,284,0.13094035510407706,review_2024_25
2024-04-23,5,5,3,5,288,0.18079342680790436,review_2024_25
2024-04-24,5,5,3,5,290,0.2083224830246244,review_2024_25
2024-04-25,5,5,3,5,278,0.0194619662369557,review_2024_25
2024-04-26,5,5,3,5,278,0.026134896201120993,review_2024_25
2024-04-29,5,5,3,5,275,0.09252474474864356,review_2024_25
2024-04-30,5,5,3,5,291,0.09537599066175595,review_2024_25
2024-05-06,5,5,3,5,283,0.041768867777834326,review_2024_25
2024-05-07,5,5,3,5,272,0.014925333082878267,review_2024_25
2024-05-08,5,5,3,5,273,0.10572442601990398,review_2024_25
2024-05-09,5,5,3,5,278,0.038453987449116225,review_2024_25
2024-05-10,5,5,3,5,294,-0.13403073964799186,review_2024_25
2024-05-13,5,5,3,5,293,-0.06324059382039787,review_2024_25
2024-05-14,5,5,3,5,285,0.07893218860052888,review_2024_25
2024-05-15,5,5,3,5,282,-0.01719641891325166,review_2024_25
2024-05-16,5,5,3,5,279,0.10503902477635846,review_2024_25
2024-05-17,5,5,3,5,278,0.10579936899179122,review_2024_25
2024-05-20,5,5,3,5,280,0.21972698703818797,review_2024_25
2024-05-21,5,5,3,5,287,0.26388963269699467,review_2024_25
2024-05-22,5,5,3,5,290,0.1934292203472617,review_2024_25
2024-05-23,5,5,3,5,281,0.1211257836251775,review_2024_25
2024-05-24,5,5,3,5,280,0.09228590182717912,review_2024_25
2024-05-27,5,5,3,5,277,0.006959651636307174,review_2024_25
2024-05-28,5,5,3,5,271,0.035707847080230885,review_2024_25
2024-05-29,5,5,3,5,262,0.11311086490628408,review_2024_25
2024-05-30,5,5,3,5,254,-0.030931828708577202,review_2024_25
2024-05-31,5,5,3,5,253,-0.051404147604079145,review_2024_25
2024-06-03,5,5,3,5,257,-0.041975139759542306,review_2024_25
2024-06-04,5,5,3,5,271,-0.04979989659445489,review_2024_25
2024-06-05,5,5,3,5,277,-0.06828774328817802,review_2024_25
2024-06-06,5,5,3,5,280,-0.14303269704573648,review_2024_25
2024-06-07,5,5,3,5,281,-0.1895080246281784,review_2024_25
2024-06-11,5,5,3,5,276,-0.0674517111996974,review_2024_25
2024-06-12,5,5,3,5,274,-0.006516705438182009,review_2024_25
2024-06-13,5,5,3,5,261,0.07733276638251632,review_2024_25
2024-06-14,5,5,3,5,264,-0.006500422295954759,review_2024_25
2024-06-17,5,5,3,5,254,0.060761618259404696,review_2024_25
2024-06-18,5,5,3,5,260,0.1445299031505928,review_2024_25
2024-06-19,5,5,3,5,266,0.1500431410373219,review_2024_25
2024-06-20,5,5,3,5,269,0.14297165704495923,review_2024_25
2024-06-21,5,5,3,5,265,0.14977817614361807,review_2024_25
2024-06-24,5,5,3,5,261,0.003963256187525732,review_2024_25
2024-06-25,5,5,3,5,245,-0.017659874825579975,review_2024_25
2024-06-26,5,5,3,5,223,0.0230534826947383,review_2024_25
2024-06-27,5,5,3,5,216,-0.09377712734991268,review_2024_25
2024-06-28,5,5,3,5,229,-0.036864634897328934,review_2024_25
2024-07-01,5,5,3,5,244,-0.19404734934417334,review_2024_25
2024-07-02,5,5,3,5,254,-0.19610531813794194,review_2024_25
2024-07-03,5,5,3,5,249,-0.1282790516906335,review_2024_25
2024-07-04,5,5,3,5,240,-0.018590174564738344,review_2024_25
2024-07-05,5,5,3,5,242,-0.007959641682765034,review_2024_25
2024-07-08,5,5,3,5,249,0.08062823297924551,review_2024_25
2024-07-09,5,5,3,5,248,0.011423147382186345,review_2024_25
2024-07-10,5,5,3,5,251,0.14917779343157042,review_2024_25
2024-07-11,5,5,3,5,256,0.17167690183625348,review_2024_25
2024-07-12,5,5,3,5,281,0.05374046974033481,review_2024_25
2024-07-15,5,5,3,5,280,0.07409573778952613,review_2024_25
2024-07-16,5,5,3,5,282,0.1336894818812048,review_2024_25
2024-07-17,5,5,3,5,277,0.15408172598634323,review_2024_25
2024-07-18,5,5,3,5,279,0.04923313756340422,review_2024_25
2024-07-19,5,5,3,5,275,-0.05579066613638818,review_2024_25
2024-07-22,5,5,3,5,267,-0.04774722520816705,review_2024_25
2024-07-23,5,5,3,5,265,-0.2161017140418265,review_2024_25
2024-07-24,5,5,3,5,259,-0.25198903999083233,review_2024_25
2024-07-25,5,5,3,5,270,-0.24284988558750298,review_2024_25
2024-07-26,5,5,3,5,269,-0.171363398872322,review_2024_25
2024-07-29,5,5,3,5,257,-0.04688294216524885,review_2024_25
2024-07-30,5,5,3,5,264,-0.036786915193296466,review_2024_25
2024-07-31,5,5,3,5,272,-0.057599453291155005,review_2024_25
2024-08-01,5,5,3,5,276,0.011986149148515276,review_2024_25
2024-08-02,5,5,3,5,291,0.1792246083156861,review_2024_25
2024-08-05,5,5,3,5,292,0.28997283866388274,review_2024_25
2024-08-06,5,5,3,5,290,0.26713993500515054,review_2024_25
2024-08-07,5,5,3,5,289,0.26269680640534926,review_2024_25
2024-08-08,5,5,3,5,279,0.31448927113330777,review_2024_25
2024-08-09,5,5,3,5,282,0.2920190171256839,review_2024_25
2024-08-12,5,5,3,5,270,0.18492196506946904,review_2024_25
2024-08-13,5,5,3,5,273,0.014346130175045577,review_2024_25
2024-08-14,5,5,3,5,266,-0.015757525136648996,review_2024_25
2024-08-15,5,5,3,5,267,-0.06725496451173212,review_2024_25
2024-08-16,5,5,3,5,264,0.0037638050888984154,review_2024_25
2024-08-19,5,5,3,5,258,0.05648261761549125,review_2024_25
2024-08-20,5,5,3,5,261,-0.1047571817701209,review_2024_25
2024-08-21,5,5,3,5,268,-0.004116464204747182,review_2024_25
2024-08-22,5,5,3,5,258,0.17191851440203956,review_2024_25
2024-08-23,5,5,3,5,247,0.1679700401613335,review_2024_25
2024-08-26,5,5,3,5,238,0.13192534044495402,review_2024_25
2024-08-27,5,5,3,5,237,0.12227704073772883,review_2024_25
2024-08-28,5,5,3,5,256,0.11123979961788444,review_2024_25
2024-08-29,5,5,3,5,257,0.0641058926598846,review_2024_25
2024-08-30,5,5,3,5,261,0.12227698631402574,review_2024_25
2024-09-02,5,5,3,5,275,-0.16042297689376941,review_2024_25
2024-09-03,5,5,3,5,271,-0.04317282878711139,review_2024_25
2024-09-04,5,5,3,5,260,-0.1891818080025348,review_2024_25
2024-09-05,5,5,3,5,258,-0.06167545096732215,review_2024_25
2024-09-06,5,5,3,5,257,-0.03774651999580837,review_2024_25
2024-09-09,5,5,3,5,259,0.18228361841050175,review_2024_25
2024-09-10,5,5,3,5,267,-0.011235328143642734,review_2024_25
2024-09-11,5,5,3,5,259,0.09201940518735617,review_2024_25
2024-09-12,5,5,3,5,260,0.15088914905816117,review_2024_25
2024-09-13,5,5,3,5,251,-0.05772719744397703,review_2024_25
2024-09-18,5,5,3,5,261,0.02934713408844712,review_2024_25
2024-09-19,5,5,3,5,266,-0.17068644220575646,review_2024_25
2024-09-20,5,5,3,5,271,-0.23256491217545308,review_2024_25
2024-09-23,5,5,3,5,281,-0.009075814773550822,review_2024_25
2024-09-24,5,5,3,5,275,0.01938605348951271,review_2024_25
2024-09-25,5,5,3,5,261,-0.13814634080493518,review_2024_25
2024-09-26,5,5,3,5,246,-0.2073957161144548,review_2024_25
2024-09-27,5,5,3,5,194,0.15783515748878876,review_2024_25
2024-10-11,5,5,3,5,248,0.024910389471554977,review_2024_25
2024-10-14,5,5,3,5,295,0.011950942100194054,review_2024_25
2024-10-15,5,5,3,5,298,0.009369391266213,review_2024_25
2024-10-16,5,5,3,5,280,0.01200783576062108,review_2024_25
2024-10-17,5,5,3,5,221,-0.10711866630312329,review_2024_25
2024-10-18,5,5,3,5,219,-0.12098780947593316,review_2024_25
2024-10-21,5,5,3,5,227,-0.18571144245940963,review_2024_25
2024-10-22,5,5,3,5,287,-0.09609524014990406,review_2024_25
2024-10-23,5,5,3,5,293,-0.18371593372834352,review_2024_25
2024-10-24,5,5,3,5,295,-0.1328904392131649,review_2024_25
2024-10-25,5,5,3,5,291,0.16135483510448617,review_2024_25
2024-10-28,5,5,3,5,289,0.03105376222229732,review_2024_25
2024-10-29,5,5,3,5,289,-0.33414601831176133,review_2024_25
2024-10-30,5,5,3,5,285,-0.23302011669357434,review_2024_25
2024-10-31,5,5,3,5,283,-0.2548712654866681,review_2024_25
2024-11-01,5,5,3,5,284,-0.2128534453877557,review_2024_25
2024-11-04,5,5,3,5,287,-0.08390166991398879,review_2024_25
2024-11-05,5,5,3,5,291,-0.019836987057035065,review_2024_25
2024-11-06,5,5,3,5,290,-0.06155875971731586,review_2024_25
2024-11-07,5,5,3,5,292,0.21272360894250816,review_2024_25
2024-11-08,5,5,3,5,271,0.202406052083065,review_2024_25
2024-11-11,5,5,3,5,260,0.34671075472580554,review_2024_25
2024-11-12,5,5,3,5,251,0.2954935108126615,review_2024_25
2024-11-13,5,5,3,5,273,0.18414555603263202,review_2024_25
2024-11-14,5,5,3,5,274,0.21154994363374482,review_2024_25
2024-11-15,5,5,3,5,290,0.21976837858007975,review_2024_25
2024-11-18,5,5,3,5,289,0.15054339179891024,review_2024_25
2024-11-19,5,5,3,5,265,0.07466990374999505,review_2024_25
2024-11-20,5,5,3,5,255,-0.025332189622689884,review_2024_25
2024-11-21,5,5,3,5,247,-0.05742871977498669,review_2024_25
2024-11-22,5,5,3,5,254,0.028823000109521473,review_2024_25
2024-11-25,5,5,3,5,260,0.05112742375368518,review_2024_25
2024-11-26,5,5,3,5,269,-0.06818390586345033,review_2024_25
2024-11-27,5,5,3,5,270,-0.020622450429117433,review_2024_25
2024-11-28,5,5,3,5,277,0.0103927560677813,review_2024_25
2024-11-29,5,5,3,5,287,0.018964277066572596,review_2024_25
2024-12-02,5,5,3,5,291,-0.04361501638673673,review_2024_25
2024-12-03,5,5,3,5,294,0.053697840299802964,review_2024_25
2024-12-04,5,5,3,5,296,-0.09899543760266023,review_2024_25
2024-12-05,5,5,3,5,296,-0.02394353423704475,review_2024_25
2024-12-06,5,5,3,5,291,0.07221344650659026,review_2024_25
2024-12-09,5,5,3,5,287,0.16160395559876597,review_2024_25
2024-12-10,5,5,3,5,290,0.13761606584408428,review_2024_25
2024-12-11,5,5,3,5,292,0.15310648481189743,review_2024_25
2024-12-12,5,5,3,5,293,0.08610959441965421,review_2024_25
2024-12-13,5,5,3,5,296,0.06601842197014163,review_2024_25
2024-12-16,5,5,3,5,281,0.13835525736701534,review_2024_25
2024-12-17,5,5,3,5,269,0.14607465440772774,review_2024_25
2024-12-18,5,5,3,5,259,0.002444735728363268,review_2024_25
2024-12-19,5,5,3,5,241,-0.022776996673639454,review_2024_25
2024-12-20,5,5,3,5,234,0.1285512521049628,review_2024_25
2024-12-23,5,5,3,5,237,0.04102214383564961,review_2024_25
2024-12-24,5,5,3,5,255,0.1670587996894252,review_2024_25
2024-12-25,5,5,3,5,265,0.11646719715240074,review_2024_25
2024-12-26,5,5,3,5,272,0.19657261235479975,review_2024_25
2024-12-27,5,5,3,5,280,0.2436812573704394,review_2024_25
2024-12-30,5,5,3,5,289,0.20279732534800798,review_2024_25
2024-12-31,5,5,3,5,286,0.16399588138666804,review_2024_25
2025-01-02,5,5,3,5,278,0.008049366918395058,review_2024_25
2025-01-03,5,5,3,5,277,-0.09499603926744617,review_2024_25
2025-01-06,5,5,3,5,260,0.0019178708833881245,review_2024_25
2025-01-07,5,5,3,5,237,0.08291094495783859,review_2024_25
2025-01-08,5,5,3,5,214,0.11839503255267152,review_2024_25
2025-01-09,5,5,3,5,223,0.08218237518740944,review_2024_25
2025-01-10,5,5,3,5,235,-0.003829510719093262,review_2024_25
2025-01-13,5,5,3,5,250,0.0038965140848806748,review_2024_25
2025-01-14,5,5,3,5,254,0.010418382986701459,review_2024_25
2025-01-15,5,5,3,5,257,-0.07347933266739093,review_2024_25
2025-01-16,5,5,3,5,291,0.009529388876836516,review_2024_25
2025-01-17,5,5,3,5,293,-0.00438528486960376,review_2024_25
2025-01-20,5,5,3,5,290,0.14649845748120452,review_2024_25
2025-01-21,5,5,3,5,288,0.016713831460426078,review_2024_25
2025-01-22,5,5,3,5,283,-0.09383030322612264,review_2024_25
2025-01-23,5,5,3,5,287,-0.2014343387478324,review_2024_25
2025-01-24,5,5,3,5,287,-0.12400746413681184,review_2024_25
2025-01-27,5,5,3,5,291,-0.11657596941401166,review_2024_25
2025-02-05,5,5,3,5,287,-0.07182684682369816,review_2024_25
2025-02-06,5,5,3,5,286,0.06723737640067567,review_2024_25
2025-02-07,5,5,3,5,286,0.0007304643116380154,review_2024_25
2025-02-10,5,5,3,5,285,0.06150660865631093,review_2024_25
2025-02-11,5,5,3,5,285,0.15255330288688332,review_2024_25
2025-02-12,5,5,3,5,287,0.06697524209483564,review_2024_25
2025-02-13,5,5,3,5,290,0.004650928789622489,review_2024_25
2025-02-14,5,5,3,5,289,-0.0439657712839774,review_2024_25
2025-02-17,5,5,3,5,288,-0.052850076181880666,review_2024_25
2025-02-18,5,5,3,5,282,-0.170849564310389,review_2024_25
2025-02-19,5,5,3,5,276,-0.136916503426916,review_2024_25
2025-02-20,5,5,3,5,275,0.06869043690026308,review_2024_25
2025-02-21,5,5,3,5,275,0.1811437007425426,review_2024_25
2025-02-24,5,5,3,5,275,0.11892328553705894,review_2024_25
2025-02-25,5,5,3,5,274,0.24266894567980776,review_2024_25
2025-02-26,5,5,3,5,272,0.23493146620957644,review_2024_25
2025-02-27,5,5,3,5,275,0.05823302674817424,review_2024_25
2025-02-28,5,5,3,5,280,0.036374693702432286,review_2024_25
2025-03-03,5,5,3,5,282,0.18029879769767984,review_2024_25
2025-03-04,5,5,3,5,285,0.05620592024467274,review_2024_25
2025-03-05,5,5,3,5,284,-0.04429508630854543,review_2024_25
2025-03-06,5,5,3,5,287,0.08923601258296339,review_2024_25
2025-03-07,5,5,3,5,287,-0.011457577053203475,review_2024_25
2025-03-10,5,5,3,5,290,-0.06032136064472847,review_2024_25
2025-03-11,5,5,3,5,289,0.016172745936430106,review_2024_25
2025-03-12,5,5,3,5,287,0.0822887507421478,review_2024_25
2025-03-13,5,5,3,5,289,0.1928338608371878,review_2024_25
2025-03-14,5,5,3,5,285,0.1526671278562073,review_2024_25
2025-03-17,5,5,3,5,285,0.11351172158390734,review_2024_25
2025-03-18,5,5,3,5,280,-0.024961874280722787,review_2024_25
2025-03-19,5,5,3,5,280,-0.10310651750831532,review_2024_25
2025-03-20,5,5,3,5,282,-0.05984742293857953,review_2024_25
2025-03-21,5,5,3,5,283,-0.056092629292267805,review_2024_25
2025-03-24,5,5,3,5,280,0.021176293407937263,review_2024_25
2025-03-25,5,5,3,5,272,0.014946520325215014,review_2024_25
2025-03-26,5,5,3,5,257,0.11463798072534007,review_2024_25
2025-03-27,5,5,3,5,255,0.07337310266853675,review_2024_25
2025-03-28,5,5,3,5,253,0.10132478499476104,review_2024_25
2025-03-31,5,5,3,5,270,0.02865791483193642,review_2024_25
2025-04-01,5,5,3,5,271,0.04722614849777995,review_2024_25
2025-04-02,5,5,3,5,266,-0.01765809759581788,review_2024_25
2025-04-03,5,5,3,5,270,0.010354969159757026,review_2024_25
2025-04-07,5,5,3,5,262,0.0036901877071481536,review_2024_25
2025-04-08,5,5,3,5,261,0.10829034236079074,review_2024_25
2025-04-09,5,5,3,5,252,0.10526951208795322,review_2024_25
2025-04-10,5,5,3,5,254,0.1285219173973539,review_2024_25
2025-04-11,5,5,3,5,270,-0.0666493011867723,review_2024_25
2025-04-14,5,5,3,5,296,0.0430530114311288,review_2024_25
2025-04-15,5,5,3,5,299,0.11399479179967328,review_2024_25
2025-04-16,5,5,3,5,297,0.37099591965363776,review_2024_25
2025-04-17,5,5,3,5,285,0.22130355728887585,review_2024_25
2025-04-18,5,5,3,5,274,0.22735486189671852,review_2024_25
2025-04-21,5,5,3,5,266,0.08894511746779764,review_2024_25
2025-04-22,5,5,3,5,266,0.0025022295793256013,review_2024_25
2025-04-23,5,5,3,5,278,-0.08932853767869665,review_2024_25
2025-04-24,5,5,3,5,285,-0.19498361839949185,review_2024_25
2025-04-25,5,5,3,5,279,-0.09501541559279257,review_2024_25
2025-04-28,5,5,3,5,279,-0.04141033911631209,review_2024_25
2025-04-29,5,5,3,5,277,-0.10101703030314906,review_2024_25
2025-04-30,5,5,3,5,280,-0.12715916481612924,review_2024_25
2025-05-06,5,5,3,5,279,0.1090400641293516,review_2024_25
2025-05-07,5,5,3,5,284,0.05962015395916913,review_2024_25
2025-05-08,5,5,3,5,287,0.14568526553226313,review_2024_25
2025-05-09,5,5,3,5,293,0.07139572150987587,review_2024_25
2025-05-12,5,5,3,5,294,0.16951903425300904,review_2024_25
2025-05-13,5,5,3,5,289,0.06498573648902133,review_2024_25
2025-05-14,5,5,3,5,283,0.15377565514184377,review_2024_25
2025-05-15,5,5,3,5,280,0.03163489601811867,review_2024_25
2025-05-16,5,5,3,5,281,0.15741173912740086,review_2024_25
2025-05-19,5,5,3,5,286,0.08971752875978803,review_2024_25
2025-05-20,5,5,3,5,290,0.05485677594263903,review_2024_25
2025-05-21,5,5,3,5,288,0.041802301982485975,review_2024_25
2025-05-22,5,5,3,5,282,0.04229561176643156,review_2024_25
2025-05-23,5,5,3,5,280,-0.02496981750165062,review_2024_25
2025-05-26,5,5,3,5,277,-0.09617470140990096,review_2024_25
2025-05-27,5,5,3,5,271,-0.043890958757337804,review_2024_25
2025-05-28,5,5,3,5,264,0.028940732787620556,review_2024_25
2025-05-29,5,5,3,5,264,0.07591590298959584,review_2024_25
2025-05-30,5,5,3,5,260,-0.07085749164986453,review_2024_25
2025-06-03,5,5,3,5,278,-0.07620055119651464,review_2024_25
2025-06-04,5,5,3,5,280,0.010965096297568243,review_2024_25
2025-06-05,5,5,3,5,283,-0.1191515811893284,review_2024_25
2025-06-06,5,5,3,5,286,-0.11406699286183501,review_2024_25
2025-06-09,5,5,3,5,284,-0.1331038035220066,review_2024_25
2025-06-10,5,5,3,5,277,-0.15833607521493048,review_2024_25
2025-06-11,5,5,3,5,273,-0.005825382436328468,review_2024_25
2025-06-12,5,5,3,5,276,0.137397395440571,review_2024_25
2025-06-13,5,5,3,5,281,0.1481291686893163,review_2024_25
2025-06-16,5,5,3,5,271,0.11449974344582999,review_2024_25
2025-06-17,5,5,3,5,263,0.034532091252556504,review_2024_25
2025-06-18,5,5,3,5,256,-0.04304478556735381,review_2024_25
2025-06-19,5,5,3,5,261,-0.03112527288735839,review_2024_25
2025-06-20,5,5,3,5,259,-0.1074934051245354,review_2024_25
2025-06-23,5,5,3,5,250,-0.048345624094705164,review_2024_25
2025-06-24,5,5,3,5,255,-0.11889753408188794,review_2024_25
2025-06-25,5,5,3,5,257,0.05439133618366004,review_2024_25
2025-06-26,5,5,3,5,276,0.031565206869317436,review_2024_25
2025-06-27,5,5,3,5,271,0.07752273110966405,review_2024_25
2025-06-30,5,5,3,5,279,0.09383044853677837,review_2024_25
2025-07-01,5,5,3,5,282,-0.05594516544923378,review_2024_25
2025-07-02,5,5,3,5,291,0.02990425190126545,review_2024_25
2025-07-03,5,5,3,5,288,-0.058579969122866296,review_2024_25
2025-07-04,5,5,3,5,291,-0.18555986380738754,review_2024_25
2025-07-07,5,5,3,5,291,-0.09595178159520956,review_2024_25
2025-07-08,5,5,3,5,287,0.03831889655060387,review_2024_25
2025-07-09,5,5,3,5,283,-0.007352249189175874,review_2024_25
2025-07-10,5,5,3,5,279,0.04016405331598461,review_2024_25
2025-07-11,5,5,3,5,282,0.10306901809272877,review_2024_25
2025-07-14,5,5,3,5,283,0.020409181656760506,review_2024_25
2025-07-15,5,5,3,5,289,-0.0011121385673945035,review_2024_25
2025-07-16,5,5,3,5,293,-0.013919040475469015,review_2024_25
2025-07-17,5,5,3,5,291,-0.07526893240288486,review_2024_25
2025-07-18,5,5,3,5,294,-0.031141522108202684,review_2024_25
2025-07-21,5,5,3,5,293,-0.0769509213861271,review_2024_25
2025-07-22,5,5,3,5,292,-0.0268198365765619,review_2024_25
2025-07-23,5,5,3,5,293,0.007137944158062436,review_2024_25
2025-07-24,5,5,3,5,275,0.307326145715093,review_2024_25
2025-07-25,5,5,3,5,261,0.3447198979355622,review_2024_25
2025-07-28,5,5,3,5,256,0.2244796836518124,review_2024_25
2025-07-29,5,5,3,5,264,0.23848782682988864,review_2024_25
2025-07-30,5,5,3,5,274,0.17909270159451088,review_2024_25
2025-07-31,5,5,3,5,281,0.1340997038904834,review_2024_25
2025-08-01,5,5,3,5,278,0.1543207394151676,review_2024_25
2025-08-04,5,5,3,5,274,0.26492774256506985,review_2024_25
2025-08-05,5,5,3,5,271,0.1267687838460805,review_2024_25
2025-08-06,5,5,3,5,271,-0.0053942679910806614,review_2024_25
2025-08-07,5,5,3,5,281,-0.09431093012241025,review_2024_25
2025-08-08,5,5,3,5,281,-0.12544975829231297,review_2024_25
2025-08-11,5,5,3,5,280,-0.10586372971109276,review_2024_25
2025-08-12,5,5,3,5,282,-0.09845572474264543,review_2024_25
2025-08-13,5,5,3,5,288,-0.17811860206170757,review_2024_25
2025-08-14,5,5,3,5,287,-0.16658348000455472,review_2024_25
2025-08-15,5,5,3,5,275,-0.10939538045242697,review_2024_25
2025-08-18,5,5,3,5,267,-0.14548615987281396,review_2024_25
2025-08-19,5,5,3,5,265,-0.27920723764815125,review_2024_25
2025-08-20,5,5,3,5,263,-0.08349320475674563,review_2024_25
2025-08-21,5,5,3,5,274,-0.27128904253251307,review_2024_25
2025-08-22,5,5,3,5,277,-0.06179476799367719,review_2024_25
2025-08-25,5,5,3,5,281,0.013657800517041827,review_2024_25
2025-08-26,5,5,3,5,276,0.11113912631656718,review_2024_25
2025-08-27,5,5,3,5,272,0.07439200177823153,review_2024_25
2025-08-28,5,5,3,5,274,0.14278482725811964,review_2024_25
2025-08-29,5,5,3,5,278,0.1213760099600024,review_2024_25
2025-09-01,5,5,3,5,287,0.1285166555315372,review_2024_25
2025-09-02,5,5,3,5,288,0.06603038537070628,review_2024_25
2025-09-03,5,5,3,5,282,0.047545049980491624,review_2024_25
2025-09-04,5,5,3,5,278,-0.07576791294180302,review_2024_25
2025-09-05,5,5,3,5,268,0.0210985451305659,review_2024_25
2025-09-08,5,5,3,5,260,0.08927728037805885,review_2024_25
2025-09-09,5,5,3,5,258,0.053383951588433315,review_2024_25
2025-09-10,5,5,3,5,267,0.1019911969594628,review_2024_25
2025-09-11,5,5,3,5,272,0.06431207169214548,review_2024_25
2025-09-12,5,5,3,5,277,0.02900762518330407,review_2024_25
2025-09-15,5,5,3,5,294,-0.11578266501814764,review_2024_25
2025-09-16,5,5,3,5,295,-0.024767466115407512,review_2024_25
2025-09-17,5,5,3,5,291,-0.109071399065908,review_2024_25
2025-09-18,5,5,3,5,287,-0.14796620298287833,review_2024_25
2025-09-19,5,5,3,5,257,-0.07762038889034147,review_2024_25
2025-09-22,5,5,3,5,247,0.02898517832343656,review_2024_25
2025-09-23,5,5,3,5,246,-0.06348880714695077,review_2024_25
2025-09-24,5,5,3,5,240,-0.030641156964530628,review_2024_25
2025-09-25,5,5,3,5,251,0.19813449719795595,review_2024_25
2025-09-26,5,5,3,5,258,-0.045528828525246146,review_2024_25
2025-09-29,5,5,3,5,268,0.1020429124294302,review_2024_25
2025-09-30,5,5,3,5,271,0.13068820394086295,review_2024_25
2025-10-09,5,5,3,5,279,0.10492436994059737,review_2024_25
2025-10-10,5,5,3,5,280,0.06988154958448191,review_2024_25
2025-10-13,5,5,3,5,283,0.21149368203809726,review_2024_25
2025-10-14,5,5,3,5,288,0.0987626536510407,review_2024_25
2025-10-15,5,5,3,5,290,0.16205801782874124,review_2024_25
2025-10-16,5,5,3,5,284,0.08759385645421659,review_2024_25
2025-10-17,5,5,3,5,282,0.022898512646826262,review_2024_25
2025-10-20,5,5,3,5,279,0.036584577453937804,review_2024_25
2025-10-21,5,5,3,5,263,-0.032000221646730914,review_2024_25
2025-10-22,5,5,3,5,272,-0.13645742145850673,review_2024_25
2025-10-23,5,5,3,5,265,-0.15373588673698063,review_2024_25
2025-10-24,5,5,3,5,276,-0.02349111656005095,review_2024_25
2025-10-27,5,5,3,5,278,0.00023765844711103073,review_2024_25
2025-10-28,5,5,3,5,291,0.17668994938981444,review_2024_25
2025-10-29,5,5,3,5,293,0.27956773026185344,review_2024_25
2025-10-30,5,5,3,5,287,0.20667901796869687,review_2024_25
2025-10-31,5,5,3,5,281,0.03629677393708644,review_2024_25
2025-11-03,5,5,3,5,281,0.027231511657040207,review_2024_25
2025-11-04,5,5,3,5,280,-0.016367649054513746,review_2024_25
2025-11-05,5,5,3,5,280,0.056159426231748584,review_2024_25
2025-11-06,5,5,3,5,276,0.006776160949804345,review_2024_25
2025-11-07,5,5,3,5,276,0.08806558701047248,review_2024_25
2025-11-10,5,5,3,5,284,0.05566853901387684,review_2024_25
2025-11-11,5,5,3,5,288,0.09592031473429714,review_2024_25
2025-11-12,5,5,3,5,289,0.08205465761527347,review_2024_25
2025-11-13,5,5,3,5,290,0.08136547510655305,review_2024_25
2025-11-14,5,5,3,5,283,0.03447383092523107,review_2024_25
2025-11-17,5,5,3,5,281,0.05635919705978558,review_2024_25
2025-11-18,5,5,3,5,268,0.013889252552610292,review_2024_25
2025-11-19,5,5,3,5,269,0.05584316824895605,review_2024_25
2025-11-20,5,5,3,5,258,0.030700413561693087,review_2024_25
2025-11-21,5,5,3,5,241,-0.01128391626137744,review_2024_25
2025-11-24,5,5,3,5,249,0.11177990470047226,review_2024_25
2025-11-25,5,5,3,5,245,0.18901757983315087,review_2024_25
2025-11-26,5,5,3,5,246,0.13539517515310653,review_2024_25
2025-11-27,5,5,3,5,254,0.14013446429213125,review_2024_25
2025-11-28,5,5,3,5,267,0.17714028487384792,review_2024_25
2025-12-01,5,5,3,5,274,0.04874324523592081,review_2024_25
2025-12-02,5,5,3,5,282,-0.003769283363930256,review_2024_25
2025-12-03,5,5,3,5,285,-0.08444822750035987,review_2024_25
2025-12-04,5,5,3,5,284,-0.06555258340956686,review_2024_25
2025-12-05,5,5,3,5,278,-0.061900810913395214,review_2024_25
2025-12-08,5,5,3,5,276,0.045154036044006224,review_2024_25
2025-12-09,5,5,3,5,272,0.11403251410411144,review_2024_25
2025-12-10,5,5,3,5,281,0.12964614782554576,review_2024_25
2025-12-11,5,5,3,5,281,0.1127289252356614,review_2024_25
2025-12-12,5,5,3,5,277,0.023799992660108047,review_2024_25
2025-12-15,5,5,3,5,261,-0.06500585513719814,review_2024_25
2025-12-16,5,5,3,5,258,-0.09159463896591757,review_2024_25
2025-12-17,5,5,3,5,264,-0.0562685834177499,review_2024_25
2025-12-18,5,5,3,5,265,-0.12317932317597163,review_2024_25
2025-12-19,5,5,3,5,274,0.025226780849514345,review_2024_25
2025-12-22,5,5,3,5,274,0.05282490317260059,review_2024_25
2025-12-23,5,5,3,5,275,-0.05428184372934972,review_2024_25
2025-12-24,5,5,3,5,269,-0.04933328976758399,review_2024_25
2025-12-25,5,5,3,5,268,-0.11893716165619576,review_2024_25
2025-12-26,5,5,3,5,262,-0.20595862573497126,review_2024_25
2025-12-29,5,5,3,5,277,-0.24634457978127583,review_2024_25
2025-12-30,5,5,3,5,277,-0.04034355312798889,review_2024_25
2025-12-31,5,5,3,5,276,-0.1131570611149955,review_2024_25
2026-01-05,5,5,3,5,278,-0.17730390193082488,seen_2026
2026-01-06,5,5,3,5,282,0.009381762832336773,seen_2026
2026-01-07,5,5,3,5,281,0.026408121963018824,seen_2026
2026-01-08,5,5,3,5,281,-0.028690181465187377,seen_2026
2026-01-09,5,5,3,5,274,0.015121834547708605,seen_2026
2026-01-12,5,5,3,5,270,0.10789272091386945,seen_2026
2026-01-13,5,5,3,5,268,0.058766770305830725,seen_2026
2026-01-14,5,5,3,5,265,0.03404362334979246,seen_2026
2026-01-15,5,5,3,5,270,0.008217457639260408,seen_2026
2026-01-16,5,5,3,5,279,-0.05905431048833547,seen_2026
2026-01-19,5,5,3,5,283,-0.060771573439719395,seen_2026
2026-01-20,5,5,3,5,284,-0.22878457278916195,seen_2026
2026-01-21,5,5,3,5,269,-0.09608248967099094,seen_2026
2026-01-22,5,5,3,5,261,-0.0904543641406272,seen_2026
2026-01-23,5,5,3,5,256,0.08257467383840694,seen_2026
2026-01-26,5,5,3,5,262,0.08813645385066197,seen_2026
2026-01-27,5,5,3,5,268,0.061363739441589696,seen_2026
2026-01-28,5,5,3,5,269,0.2541278286781177,seen_2026
2026-01-29,5,5,3,5,259,0.23771873341784383,seen_2026
2026-01-30,5,5,3,5,256,0.089811226694111,seen_2026
2026-02-02,5,5,3,5,261,0.1636101605202172,seen_2026
2026-02-03,5,5,3,5,266,0.2302262971399242,seen_2026
2026-02-04,5,5,3,5,269,0.05332577096828753,seen_2026
2026-02-05,5,5,3,5,258,0.05313433013154865,seen_2026
2026-02-06,5,5,3,5,264,0.12495995124214741,seen_2026
2026-02-09,5,5,3,5,259,0.19492764584278727,seen_2026
2026-02-10,5,5,3,5,270,0.18282644149451951,seen_2026
2026-02-11,5,5,3,5,277,0.0970093941027465,seen_2026
2026-02-12,5,5,3,5,277,0.09302415524945477,seen_2026
2026-02-13,5,5,3,5,275,0.08131790773491822,seen_2026
2026-02-24,5,5,3,5,278,0.18014878885292837,seen_2026
2026-02-25,5,5,3,5,268,0.1407456911982958,seen_2026
2026-02-26,5,5,3,5,273,0.18412199148723293,seen_2026
2026-02-27,5,5,3,5,268,0.17951970539512235,seen_2026
2026-03-02,5,5,3,5,261,0.14085827931410616,seen_2026
2026-03-03,5,5,3,5,255,0.08073115499883064,seen_2026
2026-03-04,5,5,3,5,250,0.07156996808524596,seen_2026
2026-03-05,5,5,3,5,258,-0.06311814252243224,seen_2026
2026-03-06,5,5,3,5,260,-0.002055105503381365,seen_2026
2026-03-09,5,5,3,5,277,-0.07981349815050566,seen_2026
2026-03-10,5,5,3,5,281,0.1634045280401545,seen_2026
2026-03-11,5,5,3,5,276,0.1435582708282482,seen_2026
2026-03-12,5,5,3,5,285,0.09600819254980363,seen_2026
2026-03-13,5,5,3,5,284,-0.1635652969299807,seen_2026
2026-03-16,5,5,3,5,281,-0.25430406340363276,seen_2026
2026-03-17,5,5,3,5,278,-0.11512977701904496,seen_2026
2026-03-18,5,5,3,5,275,-0.10121692969043017,seen_2026
2026-03-19,5,5,3,5,268,-0.011055820234187231,seen_2026
2026-03-20,5,5,3,5,257,0.13215866505202564,seen_2026
2026-03-23,5,5,3,5,254,0.22064643950468915,seen_2026
2026-03-24,5,5,3,5,219,0.21766769111245676,seen_2026
2026-03-25,5,5,3,5,219,0.2628081228672754,seen_2026
2026-03-26,5,5,3,5,224,0.2134193394777301,seen_2026
2026-03-27,5,5,3,5,288,0.18943338474703486,seen_2026
2026-03-30,5,5,3,5,289,0.18574951278685917,seen_2026
2026-03-31,5,5,3,5,288,0.012823873126291787,seen_2026
2026-04-01,5,5,3,5,288,-0.10500940281899163,seen_2026
2026-04-02,5,5,3,5,283,-0.054346112553972696,seen_2026
2026-04-03,5,5,3,5,280,-0.0841449794923471,seen_2026
2026-04-07,5,5,3,5,272,0.01467698264495021,seen_2026
2026-04-08,5,5,3,5,276,-0.13073937512182096,seen_2026
2026-04-09,5,5,3,5,278,-0.10167538057857729,seen_2026
2026-04-10,5,5,3,5,286,-0.21245330865439166,seen_2026
2026-04-13,5,5,3,5,283,-0.05724843765015159,seen_2026
2026-04-14,5,5,3,5,272,0.16082938928085896,seen_2026
2026-04-15,5,5,3,5,271,-0.0793051625925861,seen_2026
2026-04-16,5,5,3,5,276,0.018793140326857808,seen_2026
2026-04-17,5,5,3,5,286,-0.011805910624152663,seen_2026
2026-04-20,5,5,3,5,282,-0.1048940618135191,seen_2026
2026-04-21,5,5,3,5,282,-0.032628634173621926,seen_2026
2026-04-22,5,5,3,5,278,0.03640690274764956,seen_2026
2026-04-23,5,5,3,5,284,-0.02751365493280569,seen_2026
2026-04-24,5,5,3,5,278,0.029037536245604654,seen_2026
2026-04-27,5,5,3,5,275,0.05143417674042873,seen_2026
2026-04-28,5,5,3,5,271,0.025174327636584375,seen_2026
2026-04-29,5,5,3,5,268,-0.11735382982974621,seen_2026
2026-04-30,5,5,3,5,269,-0.04428386765854841,seen_2026
2026-05-06,5,5,3,5,274,-0.0023162310158326787,seen_2026
2026-05-07,5,5,3,5,272,0.13818051277984217,seen_2026
2026-05-08,5,5,3,5,279,0.20825569958779522,seen_2026
2026-05-11,5,5,3,5,272,0.1354412897716566,seen_2026
2026-05-12,5,5,3,5,268,0.07723870890920201,seen_2026
2026-05-13,5,5,3,5,261,0.11132154299821181,seen_2026
2026-05-14,5,5,3,5,265,0.1153864878920569,seen_2026
2026-05-15,5,5,3,5,261,0.06283572020832749,seen_2026
2026-05-18,5,5,3,5,269,0.14613159892268768,seen_2026
2026-05-19,5,5,3,5,263,0.21317576459614587,seen_2026
2026-05-20,5,5,3,5,257,-0.004890677314270201,seen_2026
2026-05-21,5,5,3,5,250,-0.039930118548480276,seen_2026
2026-05-22,5,5,3,5,255,-7.056220709899688e-05,seen_2026
2026-05-25,5,5,3,5,267,0.17066650527036378,seen_2026
2026-05-26,5,5,3,5,261,0.1648534920976235,seen_2026
2026-05-27,5,5,3,5,265,0.09750190226853585,seen_2026
2026-05-28,5,5,3,5,263,0.10166716471231022,seen_2026
2026-05-29,5,5,3,5,262,0.17832089092887166,seen_2026
2026-06-01,5,5,3,5,263,0.07323680634039198,seen_2026
2026-06-02,5,5,3,5,269,0.06394515402312462,seen_2026
2026-06-03,5,5,3,5,271,0.07168981983937486,seen_2026
2026-06-04,5,5,3,5,268,0.04633343037953376,seen_2026
2026-06-05,5,5,3,5,266,0.1394371913059535,seen_2026
2026-06-08,5,5,3,5,258,0.13604007814946495,seen_2026
2026-06-09,5,5,3,5,250,0.1764913132927027,seen_2026
2026-06-10,5,5,3,5,229,0.08793185371271657,seen_2026
2026-06-11,5,5,3,5,233,-0.006302106457500864,seen_2026
2026-06-12,5,5,3,5,253,-0.002972207525442719,seen_2026
2026-06-15,5,5,3,5,251,-0.1648303906246621,seen_2026
2026-06-16,5,5,3,5,265,-0.13808728510813914,seen_2026
2026-06-17,5,5,3,5,267,-0.11132057955774083,seen_2026
2026-06-18,5,5,3,5,265,-0.13471160793653184,seen_2026
2026-06-22,5,5,3,5,253,-0.018607611773682153,seen_2026
2026-06-23,5,5,3,5,252,-0.04679532327968901,seen_2026
2026-06-24,5,5,3,5,244,0.10448690836520039,seen_2026
2026-06-25,5,5,3,5,256,0.2744216154372645,seen_2026
2026-06-26,5,5,3,5,252,0.05991168021308331,seen_2026
2026-06-29,5,5,3,5,252,0.16341797381753626,seen_2026
2026-06-30,5,5,3,5,244,0.13956625546686974,seen_2026
2026-07-01,5,5,3,5,239,0.31858055085164133,seen_2026
2026-07-02,5,5,3,5,248,0.2030975684496934,seen_2026
2026-07-03,5,5,3,5,273,0.10577486498911981,seen_2026
2026-07-06,5,5,3,5,290,0.07789563285635033,seen_2026
2026-07-07,5,5,3,5,291,0.13620519213631427,seen_2026
2026-07-08,5,5,3,5,278,0.1189394520150013,seen_2026
2026-07-09,5,5,3,5,266,0.16064376352491258,seen_2026
2026-07-10,5,5,3,5,266,0.23328135368334535,seen_2026
2026-07-13,5,5,3,5,266,0.20044185086417549,seen_2026
2026-07-14,5,5,3,5,277,0.08967032631990458,seen_2026
2026-07-15,5,5,3,5,275,0.041800324428276386,seen_2026
2026-07-16,5,5,3,5,276,0.1664067999239572,seen_2026
2026-07-17,5,5,3,5,274,0.1913473946046428,seen_2026
2026-07-20,5,5,3,5,261,0.2250643304657102,seen_2026
2026-07-21,5,5,3,5,238,-0.01904853885836947,seen_2026
2026-07-22,5,5,3,5,241,-0.05854052899003276,seen_2026
2026-07-23,5,5,3,5,253,-0.22039850285407842,seen_2026
2026-07-24,5,5,3,5,285,-0.3933472571484493,seen_2026
2026-07-27,5,5,3,5,286,-0.3278588328050453,seen_2026
2026-07-28,5,5,3,5,283,-0.0030390606655278122,seen_2026
2026-07-29,5,5,3,5,285,0.0006733818230453003,seen_2026
2026-07-30,5,5,3,5,275,-0.005001591126850427,seen_2026
2026-07-31,5,5,3,5,277,0.1962506591807075,seen_2026
2026-08-03,5,5,3,5,272,0.1376348786060881,seen_2026
2026-08-04,5,5,3,5,288,0.2642781619453243,seen_2026
2026-08-05,5,5,3,5,283,0.25467778412239045,seen_2026
2026-08-06,5,5,3,5,286,0.1837767090132872,seen_2026
2026-08-07,5,5,3,5,286,0.05942530632721709,seen_2026
2026-08-10,5,5,3,5,282,0.017414204534965266,seen_2026
2026-08-11,5,5,3,5,271,0.02717965414948267,seen_2026
2026-08-12,5,5,3,5,270,0.07167269047627477,seen_2026
2026-08-13,5,5,3,5,273,0.23502825991696266,seen_2026
2026-08-14,5,5,3,5,280,0.2554084280719836,seen_2026
2026-08-17,5,5,3,5,285,0.3282272007601621,seen_2026
2026-08-18,5,5,3,5,278,0.2779691017370111,seen_2026
2026-08-19,5,5,3,5,275,0.1490314242731799,seen_2026
2026-08-20,5,5,3,5,262,-0.045956487963769,seen_2026
2026-08-21,5,5,3,5,262,-0.078583229243439,seen_2026
2026-08-24,5,5,3,5,261,-0.1414412073401435,seen_2026
2026-08-25,5,5,3,5,256,-0.13171635385671776,seen_2026
2026-08-26,5,5,3,5,264,-0.05247474385145666,seen_2026
2026-08-27,5,5,3,5,268,0.09201739727306771,seen_2026
2026-08-28,5,5,3,5,287,0.13783142597368758,seen_2026
2026-08-31,5,5,3,5,290,0.24007163974949866,seen_2026
2026-09-01,5,5,3,5,287,0.00664048089236105,seen_2026
2026-09-02,5,5,3,5,279,0.08406087915211725,seen_2026
2026-09-03,5,5,3,5,276,0.014905046962829422,seen_2026
2026-09-04,5,5,3,5,278,0.02287016316840553,seen_2026
2026-09-07,5,5,3,5,278,0.08195369833036285,seen_2026
2026-09-08,5,5,3,5,287,0.12959450732125033,seen_2026
2026-09-09,5,5,3,5,289,0.251441753171857,seen_2026
2026-09-10,5,5,3,5,285,0.12772805095325232,seen_2026
2026-09-11,5,5,3,5,268,0.011626225183070573,seen_2026
2026-09-14,5,5,3,5,258,0.0032457453745945277,seen_2026
2026-09-15,5,5,3,5,250,0.06040351443108995,seen_2026
2026-09-16,5,5,3,5,244,0.09521028375787806,seen_2026
2026-09-17,5,5,3,5,232,0.060404438881301245,seen_2026
2026-09-18,5,5,3,5,232,0.13446808756001563,seen_2026
2026-09-21,5,5,3,5,246,0.12352964173743781,seen_2026
2020-02-11,10,10,5,1,299,-0.17254379176719203,discovery_2020_23
2020-02-12,10,10,5,1,299,0.07924454398519376,discovery_2020_23
2020-02-13,10,10,5,1,300,-0.03213700148642566,discovery_2020_23
2020-02-14,10,10,5,1,300,-0.0907959279978432,discovery_2020_23
2020-02-17,10,10,5,1,300,-0.038854999800721816,discovery_2020_23
2020-02-18,10,10,5,1,300,0.2550998572284571,discovery_2020_23
2020-02-19,10,10,5,1,300,0.04526660858452753,discovery_2020_23
2020-02-20,10,10,5,1,300,-0.12073566172452042,discovery_2020_23
2020-02-21,10,10,5,1,300,-0.10536679654229379,discovery_2020_23
2020-02-24,10,10,5,1,300,-0.27787995816463845,discovery_2020_23
2020-02-25,10,10,5,1,300,0.15726933794138942,discovery_2020_23
2020-02-26,10,10,5,1,300,0.291012853701238,discovery_2020_23
2020-02-27,10,10,5,1,300,0.11134189235144944,discovery_2020_23
2020-02-28,10,10,5,1,300,0.021922690465748695,discovery_2020_23
2020-03-02,10,10,5,1,300,0.0702878892541917,discovery_2020_23
2020-03-03,10,10,5,1,300,-0.09429329087952117,discovery_2020_23
2020-03-04,10,10,5,1,299,0.10070826235872202,discovery_2020_23
2020-03-05,10,10,5,1,299,-0.05916164161990134,discovery_2020_23
2020-03-06,10,10,5,1,299,0.12387268205181799,discovery_2020_23
2020-03-09,10,10,5,1,298,-0.2395897018250693,discovery_2020_23
2020-03-10,10,10,5,1,298,0.23484844791913345,discovery_2020_23
2020-03-11,10,10,5,1,297,0.12821143232289334,discovery_2020_23
2020-03-12,10,10,5,1,297,-0.4016230701880094,discovery_2020_23
2020-03-13,10,10,5,1,297,0.0659534074030089,discovery_2020_23
2020-03-16,10,10,5,1,297,0.06845569415210076,discovery_2020_23
2020-03-17,10,10,5,1,297,0.17145837112280068,discovery_2020_23
2020-03-18,10,10,5,1,297,-0.1978249801729929,discovery_2020_23
2020-03-19,10,10,5,1,297,0.0076371490755749016,discovery_2020_23
2020-03-20,10,10,5,1,295,-0.04837006475562954,discovery_2020_23
2020-03-23,10,10,5,1,293,0.3160694898277552,discovery_2020_23
2020-03-24,10,10,5,1,293,0.32196471388364695,discovery_2020_23
2020-03-25,10,10,5,1,293,0.16415924784940766,discovery_2020_23
2020-03-26,10,10,5,1,293,0.05122203195002784,discovery_2020_23
2020-03-27,10,10,5,1,293,0.0002705035230149955,discovery_2020_23
2020-03-30,10,10,5,1,295,0.15430686505597466,discovery_2020_23
2020-03-31,10,10,5,1,295,0.17328811293503601,discovery_2020_23
2020-04-01,10,10,5,1,295,-0.0004225604263747349,discovery_2020_23
2020-04-02,10,10,5,1,295,0.09877853863361395,discovery_2020_23
2020-04-03,10,10,5,1,295,-0.09206289218234098,discovery_2020_23
2020-04-07,10,10,5,1,295,-0.13255120313538177,discovery_2020_23
2020-04-08,10,10,5,1,295,-0.031210464144517298,discovery_2020_23
2020-04-09,10,10,5,1,295,0.1584854383726948,discovery_2020_23
2020-04-10,10,10,5,1,296,-0.0658140852904329,discovery_2020_23
2020-04-13,10,10,5,1,296,-0.01604542100315333,discovery_2020_23
2020-04-14,10,10,5,1,297,0.08663648993564185,discovery_2020_23
2020-04-15,10,10,5,1,297,-0.048414742571161164,discovery_2020_23
2020-04-16,10,10,5,1,297,0.10845186155470395,discovery_2020_23
2020-04-17,10,10,5,1,297,-0.10699082257089869,discovery_2020_23
2020-04-20,10,10,5,1,297,0.01983812116946152,discovery_2020_23
2020-04-21,10,10,5,1,297,-0.008070474540626158,discovery_2020_23
2020-04-22,10,10,5,1,297,0.09406575980669052,discovery_2020_23
2020-04-23,10,10,5,1,298,0.1767560276680335,discovery_2020_23
2020-04-24,10,10,5,1,298,0.15384395630185574,discovery_2020_23
2020-04-27,10,10,5,1,298,0.20079251442139096,discovery_2020_23
2020-04-28,10,10,5,1,298,-0.09296483864751705,discovery_2020_23
2020-04-29,10,10,5,1,298,-0.0757396259428813,discovery_2020_23
2020-04-30,10,10,5,1,298,-0.0961482955833786,discovery_2020_23
2020-05-06,10,10,5,1,298,-0.03673932036154884,discovery_2020_23
2020-05-07,10,10,5,1,297,0.05783579191719117,discovery_2020_23
2020-05-08,10,10,5,1,297,0.051120038000854545,discovery_2020_23
2020-05-11,10,10,5,1,297,0.007622069923487129,discovery_2020_23
2020-05-12,10,10,5,1,297,-0.057585650919137116,discovery_2020_23
2020-05-13,10,10,5,1,297,-0.000687171015588297,discovery_2020_23
2020-05-14,10,10,5,1,297,0.02907833202636761,discovery_2020_23
2020-05-15,10,10,5,1,297,0.11756451421637136,discovery_2020_23
2020-05-18,10,10,5,1,297,0.024111707060888977,discovery_2020_23
2020-05-19,10,10,5,1,297,-0.04262769110802321,discovery_2020_23
2020-05-20,10,10,5,1,297,-0.10783953344407056,discovery_2020_23
2020-05-21,10,10,5,1,297,-0.02589135588663981,discovery_2020_23
2020-05-22,10,10,5,1,297,-0.0037223036034673682,discovery_2020_23
2020-05-25,10,10,5,1,297,0.010638221150273242,discovery_2020_23
2020-05-26,10,10,5,1,297,-0.08919684139053984,discovery_2020_23
2020-05-27,10,10,5,1,296,0.06436946029510329,discovery_2020_23
2020-05-28,10,10,5,1,295,0.009736992624678493,discovery_2020_23
2020-05-29,10,10,5,1,295,0.008298593233377685,discovery_2020_23
2020-06-01,10,10,5,1,295,0.03342434661168128,discovery_2020_23
2020-06-02,10,10,5,1,295,0.06218651697424722,discovery_2020_23
2020-06-03,10,10,5,1,296,-0.05782181704919025,discovery_2020_23
2020-06-04,10,10,5,1,296,-0.09334667963255215,discovery_2020_23
2020-06-05,10,10,5,1,296,-0.04583032083380869,discovery_2020_23
2020-06-08,10,10,5,1,296,0.07416014412932051,discovery_2020_23
2020-06-09,10,10,5,1,296,0.030674215712823014,discovery_2020_23
2020-06-10,10,10,5,1,296,0.15713159009508929,discovery_2020_23
2020-06-11,10,10,5,1,297,-0.09350747709348438,discovery_2020_23
2020-06-12,10,10,5,1,297,-0.03010725966015602,discovery_2020_23
2020-06-15,10,10,5,1,277,-0.01089957040433577,discovery_2020_23
2020-06-16,10,10,5,1,277,0.06763577429211035,discovery_2020_23
2020-06-17,10,10,5,1,277,0.07170270998957577,discovery_2020_23
2020-06-18,10,10,5,1,277,-0.040523775047305276,discovery_2020_23
2020-06-19,10,10,5,1,277,-0.05708424843583677,discovery_2020_23
2020-06-22,10,10,5,1,277,-0.03624929529115142,discovery_2020_23
2020-06-23,10,10,5,1,277,0.1496403714464448,discovery_2020_23
2020-06-24,10,10,5,1,277,0.05797953692070926,discovery_2020_23
2020-06-29,10,10,5,1,277,-0.1996583324989502,discovery_2020_23
2020-06-30,10,10,5,1,277,0.09297093639177956,discovery_2020_23
2020-07-01,10,10,5,1,277,-0.20614122193488543,discovery_2020_23
2020-07-02,10,10,5,1,277,-0.13885662381994612,discovery_2020_23
2020-07-03,10,10,5,1,277,-0.12012080934981038,discovery_2020_23
2020-07-06,10,10,5,1,276,0.19644499377814637,discovery_2020_23
2020-07-07,10,10,5,1,276,-0.29415370636272714,discovery_2020_23
2020-07-08,10,10,5,1,274,0.2080061487353913,discovery_2020_23
2020-07-09,10,10,5,1,274,0.1290280898745368,discovery_2020_23
2020-07-10,10,10,5,1,275,0.08412949781847111,discovery_2020_23
2020-07-13,10,10,5,1,274,0.15425410200618397,discovery_2020_23
2020-07-14,10,10,5,1,274,0.23533291098184891,discovery_2020_23
2020-07-15,10,10,5,1,274,-0.3306563015543143,discovery_2020_23
2020-07-16,10,10,5,1,273,0.3351238045547369,discovery_2020_23
2020-07-17,10,10,5,1,294,-0.38802813675681325,discovery_2020_23
2020-07-20,10,10,5,1,296,0.2693549193173534,discovery_2020_23
2020-07-21,10,10,5,1,297,0.20087614678816748,discovery_2020_23
2020-07-22,10,10,5,1,297,0.15512113645402473,discovery_2020_23
2020-07-23,10,10,5,1,298,-0.2692966951045608,discovery_2020_23
2020-07-24,10,10,5,1,298,0.10061916574079412,discovery_2020_23
2020-07-27,10,10,5,1,298,0.1270392647668473,discovery_2020_23
2020-07-28,10,10,5,1,297,0.10487476391591063,discovery_2020_23
2020-07-29,10,10,5,1,297,0.013100381674623057,discovery_2020_23
2020-07-30,10,10,5,1,297,-0.09523049355854404,discovery_2020_23
2020-07-31,10,10,5,1,297,-0.19853291874810355,discovery_2020_23
2020-08-03,10,10,5,1,296,0.13114037650005197,discovery_2020_23
2020-08-04,10,10,5,1,296,-0.022816566558959125,discovery_2020_23
2020-08-05,10,10,5,1,296,-0.1951788850390162,discovery_2020_23
2020-08-06,10,10,5,1,296,0.06363892327742163,discovery_2020_23
2020-08-07,10,10,5,1,296,-0.14705103564234492,discovery_2020_23
2020-08-10,10,10,5,1,296,0.163654165517084,discovery_2020_23
2020-08-11,10,10,5,1,297,-0.13638541014592812,discovery_2020_23
2020-08-12,10,10,5,1,297,0.03327158200904257,discovery_2020_23
2020-08-13,10,10,5,1,297,-0.028511520798158843,discovery_2020_23
2020-08-14,10,10,5,1,297,-0.1979856610729094,discovery_2020_23
2020-08-17,10,10,5,1,297,0.080576646812567,discovery_2020_23
2020-08-18,10,10,5,1,297,-0.0066411056890205026,discovery_2020_23
2020-08-19,10,10,5,1,298,0.21966115546863982,discovery_2020_23
2020-08-20,10,10,5,1,298,0.0736985509966468,discovery_2020_23
2020-08-21,10,10,5,1,298,0.2548531172927089,discovery_2020_23
2020-08-24,10,10,5,1,298,0.2124726307887173,discovery_2020_23
2020-08-25,10,10,5,1,298,0.12346582290161948,discovery_2020_23
2020-08-26,10,10,5,1,299,0.09904826939227036,discovery_2020_23
2020-08-27,10,10,5,1,299,-0.036525338718624234,discovery_2020_23
2020-08-28,10,10,5,1,299,0.028102803737843907,discovery_2020_23
2020-08-31,10,10,5,1,299,0.09604019099707066,discovery_2020_23
2020-09-01,10,10,5,1,299,-0.008162666123017139,discovery_2020_23
2020-09-02,10,10,5,1,300,-0.13173770061197435,discovery_2020_23
2020-09-03,10,10,5,1,300,-0.008726984559073605,discovery_2020_23
2020-09-04,10,10,5,1,300,-0.034123364301378675,discovery_2020_23
2020-09-07,10,10,5,1,300,-0.01789937960194049,discovery_2020_23
2020-09-08,10,10,5,1,300,-0.13413418665544455,discovery_2020_23
2020-09-09,10,10,5,1,300,0.05476997231635214,discovery_2020_23
2020-09-10,10,10,5,1,300,0.06247056797217834,discovery_2020_23
2020-09-11,10,10,5,1,300,0.05669278225959388,discovery_2020_23
2020-09-14,10,10,5,1,300,-0.014517953566923082,discovery_2020_23
2020-09-15,10,10,5,1,299,-0.09767991248394327,discovery_2020_23
2020-09-16,10,10,5,1,299,0.12276472541213997,discovery_2020_23
2020-09-17,10,10,5,1,298,-0.05000403011467513,discovery_2020_23
2020-09-18,10,10,5,1,298,0.13272453528172376,discovery_2020_23
2020-09-21,10,10,5,1,297,0.02919115219563452,discovery_2020_23
2020-09-22,10,10,5,1,297,0.26545184459779714,discovery_2020_23
2020-09-23,10,10,5,1,297,-0.09975631485778802,discovery_2020_23
2020-09-24,10,10,5,1,297,-0.07757687249794694,discovery_2020_23
2020-09-25,10,10,5,1,297,-0.11677441495042634,discovery_2020_23
2020-09-28,10,10,5,1,296,0.13858137431677114,discovery_2020_23
2020-09-29,10,10,5,1,296,0.14539331086189977,discovery_2020_23
2020-09-30,10,10,5,1,296,-0.11792297594646017,discovery_2020_23
2020-10-09,10,10,5,1,296,0.11934559490721346,discovery_2020_23
2020-10-12,10,10,5,1,294,-0.023319622556451744,discovery_2020_23
2020-10-13,10,10,5,1,294,0.0029460015419216644,discovery_2020_23
2020-10-14,10,10,5,1,294,0.10163930447530446,discovery_2020_23
2020-10-15,10,10,5,1,294,0.03263016401022747,discovery_2020_23
2020-10-16,10,10,5,1,294,0.182577212876008,discovery_2020_23
2020-10-19,10,10,5,1,294,-0.07005537359563346,discovery_2020_23
2020-10-20,10,10,5,1,294,0.08390329432065441,discovery_2020_23
2020-10-21,10,10,5,1,294,-0.07351628407265298,discovery_2020_23
2020-10-22,10,10,5,1,294,0.1094382746839356,discovery_2020_23
2020-10-23,10,10,5,1,294,-0.04729431559286947,discovery_2020_23
2020-10-26,10,10,5,1,294,0.020849455777847914,discovery_2020_23
2020-10-27,10,10,5,1,294,0.18315544763790662,discovery_2020_23
2020-10-28,10,10,5,1,295,0.05875585288116489,discovery_2020_23
2020-10-29,10,10,5,1,295,-0.042561908721601066,discovery_2020_23
2020-10-30,10,10,5,1,295,-0.008086625049394907,discovery_2020_23
2020-11-02,10,10,5,1,295,0.06718576044993316,discovery_2020_23
2020-11-03,10,10,5,1,296,0.021230388011373426,discovery_2020_23
2020-11-04,10,10,5,1,296,0.06259586310179205,discovery_2020_23
2020-11-05,10,10,5,1,296,-0.1128616478433533,discovery_2020_23
2020-11-06,10,10,5,1,295,0.266112102850489,discovery_2020_23
2020-11-09,10,10,5,1,295,-0.03965023912597627,discovery_2020_23
2020-11-10,10,10,5,1,296,0.017132021537278528,discovery_2020_23
2020-11-11,10,10,5,1,296,-0.059364994865728195,discovery_2020_23
2020-11-12,10,10,5,1,297,-0.07728382728741418,discovery_2020_23
2020-11-13,10,10,5,1,297,0.025423716197835896,discovery_2020_23
2020-11-16,10,10,5,1,297,0.000304615985906435,discovery_2020_23
2020-11-17,10,10,5,1,297,-0.1276903833022288,discovery_2020_23
2020-11-18,10,10,5,1,297,0.20237953062189318,discovery_2020_23
2020-11-19,10,10,5,1,297,-0.08222019432066338,discovery_2020_23
2020-11-20,10,10,5,1,297,-0.19455266018499476,discovery_2020_23
2020-11-23,10,10,5,1,298,-0.07860089244091996,discovery_2020_23
2020-11-24,10,10,5,1,298,-0.00025053581789290843,discovery_2020_23
2020-11-25,10,10,5,1,298,0.04812956570559674,discovery_2020_23
2020-11-26,10,10,5,1,299,-0.05474009610150175,discovery_2020_23
2020-11-27,10,10,5,1,300,0.008284871027579884,discovery_2020_23
2020-11-30,10,10,5,1,299,0.0691023099354349,discovery_2020_23
2020-12-01,10,10,5,1,299,0.10036769600488687,discovery_2020_23
2020-12-02,10,10,5,1,299,0.13007326577639403,discovery_2020_23
2020-12-03,10,10,5,1,299,0.22531889769466368,discovery_2020_23
2020-12-04,10,10,5,1,299,0.21406846718076597,discovery_2020_23
2020-12-07,10,10,5,1,298,-0.052094554881580796,discovery_2020_23
2020-12-08,10,10,5,1,298,0.010849216276703875,discovery_2020_23
2020-12-09,10,10,5,1,298,0.1753495750885476,discovery_2020_23
2020-12-10,10,10,5,1,298,0.004452761930029527,discovery_2020_23
2020-12-11,10,10,5,1,298,0.11171761876789008,discovery_2020_23
2020-12-14,10,10,5,1,272,0.20166316550867705,discovery_2020_23
2020-12-15,10,10,5,1,272,0.12012545041805128,discovery_2020_23
2020-12-16,10,10,5,1,271,-0.18274288427555377,discovery_2020_23
2020-12-17,10,10,5,1,270,0.027723375936348927,discovery_2020_23
2020-12-18,10,10,5,1,270,-0.02551165755913782,discovery_2020_23
2020-12-21,10,10,5,1,270,0.16297962507010444,discovery_2020_23
2020-12-22,10,10,5,1,270,-0.04650746640714679,discovery_2020_23
2020-12-23,10,10,5,1,271,0.051671548797675416,discovery_2020_23
2020-12-24,10,10,5,1,272,-0.22618986419775072,discovery_2020_23
2020-12-25,10,10,5,1,272,0.018410834809737972,discovery_2020_23
2020-12-28,10,10,5,1,272,0.3852140267010269,discovery_2020_23
2020-12-29,10,10,5,1,272,-0.2018126614540441,discovery_2020_23
2020-12-30,10,10,5,1,272,-0.004525930477139596,discovery_2020_23
2020-12-31,10,10,5,1,272,-0.2190527644658362,discovery_2020_23
2021-01-04,10,10,5,1,272,0.032639183107053,discovery_2020_23
2021-01-05,10,10,5,1,272,0.09404695102342504,discovery_2020_23
2021-01-06,10,10,5,1,272,-0.14889616543807713,discovery_2020_23
2021-01-07,10,10,5,1,272,0.10038207571415778,discovery_2020_23
2021-01-08,10,10,5,1,272,0.08632500421152506,discovery_2020_23
2021-01-11,10,10,5,1,272,-0.09134718522785033,discovery_2020_23
2021-01-12,10,10,5,1,272,-0.0463634211456974,discovery_2020_23
2021-01-13,10,10,5,1,271,0.045791683895435226,discovery_2020_23
2021-01-14,10,10,5,1,296,0.1272387850800493,discovery_2020_23
2021-01-15,10,10,5,1,296,-0.08328243427882569,discovery_2020_23
2021-01-18,10,10,5,1,297,0.06682524654165767,discovery_2020_23
2021-01-19,10,10,5,1,298,-0.032633352446600185,discovery_2020_23
2021-01-20,10,10,5,1,299,0.012071973511085776,discovery_2020_23
2021-01-21,10,10,5,1,299,0.08154971208830077,discovery_2020_23
2021-01-22,10,10,5,1,299,0.11247936186563696,discovery_2020_23
2021-01-25,10,10,5,1,299,0.05510782710730477,discovery_2020_23
2021-01-26,10,10,5,1,300,0.016765673959658896,discovery_2020_23
2021-01-27,10,10,5,1,299,0.07744390816615895,discovery_2020_23
2021-01-28,10,10,5,1,299,0.13997092538808298,discovery_2020_23
2021-01-29,10,10,5,1,298,-0.13642280260699016,discovery_2020_23
2021-02-01,10,10,5,1,296,0.14096729481836065,discovery_2020_23
2021-02-02,10,10,5,1,296,-0.09705453933191356,discovery_2020_23
2021-02-03,10,10,5,1,293,0.018143587236081362,discovery_2020_23
2021-02-04,10,10,5,1,291,-0.021215075563486986,discovery_2020_23
2021-02-05,10,10,5,1,290,-0.12387451776414936,discovery_2020_23
2021-02-08,10,10,5,1,292,0.04447432825186774,discovery_2020_23
2021-02-09,10,10,5,1,292,0.059317512181085476,discovery_2020_23
2021-02-10,10,10,5,1,292,0.09230526008783951,discovery_2020_23
2021-02-18,10,10,5,1,293,0.13784679004121528,discovery_2020_23
2021-02-19,10,10,5,1,293,-0.06688546050707017,discovery_2020_23
2021-02-22,10,10,5,1,296,-0.08530481896272753,discovery_2020_23
2021-02-23,10,10,5,1,296,-0.046501883953741524,discovery_2020_23
2021-02-24,10,10,5,1,296,-0.0773665750558083,discovery_2020_23
2021-02-25,10,10,5,1,296,-0.050503301301802354,discovery_2020_23
2021-02-26,10,10,5,1,296,0.14306615954070062,discovery_2020_23
2021-03-01,10,10,5,1,297,0.014019664953963926,discovery_2020_23
2021-03-02,10,10,5,1,297,-0.09729840405691624,discovery_2020_23
2021-03-03,10,10,5,1,297,-0.36833952489906635,discovery_2020_23
2021-03-04,10,10,5,1,295,0.24830986883502407,discovery_2020_23
2021-03-05,10,10,5,1,293,-0.3959196934151868,discovery_2020_23
2021-03-08,10,10,5,1,293,0.03343079908078206,discovery_2020_23
2021-03-09,10,10,5,1,292,0.23477417699819148,discovery_2020_23
2021-03-10,10,10,5,1,290,0.13816821039344257,discovery_2020_23
2021-03-11,10,10,5,1,291,-0.23258542158376544,discovery_2020_23
2021-03-12,10,10,5,1,292,-0.30290234687837986,discovery_2020_23
2021-03-15,10,10,5,1,293,0.03312385323675218,discovery_2020_23
2021-03-16,10,10,5,1,294,0.3676124859967205,discovery_2020_23
2021-03-17,10,10,5,1,296,0.01919182501533212,discovery_2020_23
2021-03-18,10,10,5,1,296,-0.044994121184883926,discovery_2020_23
2021-03-19,10,10,5,1,297,-0.22322866943914044,discovery_2020_23
2021-03-22,10,10,5,1,294,-0.07038177105979224,discovery_2020_23
2021-03-23,10,10,5,1,295,-0.18037336577303792,discovery_2020_23
2021-03-24,10,10,5,1,296,0.29795408954566105,discovery_2020_23
2021-03-25,10,10,5,1,296,0.20920312172256708,discovery_2020_23
2021-03-26,10,10,5,1,296,-0.06252831227618515,discovery_2020_23
2021-03-29,10,10,5,1,296,0.1737674352413039,discovery_2020_23
2021-03-30,10,10,5,1,297,-0.08039736038150805,discovery_2020_23
2021-03-31,10,10,5,1,298,0.1084372195170509,discovery_2020_23
2021-04-01,10,10,5,1,299,0.015073158679077617,discovery_2020_23
2021-04-02,10,10,5,1,298,0.021038174929182443,discovery_2020_23
2021-04-06,10,10,5,1,298,-0.04872930620863749,discovery_2020_23
2021-04-07,10,10,5,1,298,0.04513536312785507,discovery_2020_23
2021-04-08,10,10,5,1,298,-0.08644081443840314,discovery_2020_23
2021-04-09,10,10,5,1,298,-0.07076556261863158,discovery_2020_23
2021-04-12,10,10,5,1,298,0.06558407004299399,discovery_2020_23
2021-04-13,10,10,5,1,298,0.008444156144456174,discovery_2020_23
2021-04-14,10,10,5,1,298,-0.06848457655566424,discovery_2020_23
2021-04-15,10,10,5,1,297,-0.13163202452099432,discovery_2020_23
2021-04-16,10,10,5,1,297,0.1305436827887973,discovery_2020_23
2021-04-19,10,10,5,1,297,0.1771334237879816,discovery_2020_23
2021-04-20,10,10,5,1,297,0.20880176944292997,discovery_2020_23
2021-04-21,10,10,5,1,297,-0.08055987401763533,discovery_2020_23
2021-04-22,10,10,5,1,297,0.17756340980995067,discovery_2020_23
2021-04-23,10,10,5,1,298,-0.12469887344626249,discovery_2020_23
2021-04-26,10,10,5,1,298,0.15197012250251937,discovery_2020_23
2021-04-27,10,10,5,1,298,-0.061054016374351816,discovery_2020_23
2021-04-28,10,10,5,1,298,0.17250943888589412,discovery_2020_23
2021-04-29,10,10,5,1,298,-0.035294062965283306,discovery_2020_23
2021-04-30,10,10,5,1,298,-0.10106583538438166,discovery_2020_23
2021-05-06,10,10,5,1,298,0.06385887155666464,discovery_2020_23
2021-05-07,10,10,5,1,299,-0.02942354572820711,discovery_2020_23
2021-05-10,10,10,5,1,298,0.15767163989250668,discovery_2020_23
2021-05-11,10,10,5,1,298,0.020329150106520855,discovery_2020_23
2021-05-12,10,10,5,1,298,0.04056534546963377,discovery_2020_23
2021-05-13,10,10,5,1,298,0.11091536801714724,discovery_2020_23
2021-05-14,10,10,5,1,298,-0.023495127186484038,discovery_2020_23
2021-05-17,10,10,5,1,298,0.04991242787658417,discovery_2020_23
2021-05-18,10,10,5,1,298,0.02784353567677684,discovery_2020_23
2021-05-19,10,10,5,1,298,0.025693685057606625,discovery_2020_23
2021-05-20,10,10,5,1,298,-0.06054349685567418,discovery_2020_23
2021-05-21,10,10,5,1,298,-0.11666567661809749,discovery_2020_23
2021-05-24,10,10,5,1,298,0.02530685557157387,discovery_2020_23
2021-05-25,10,10,5,1,298,0.11155000178467474,discovery_2020_23
2021-05-26,10,10,5,1,299,0.007326081587727156,discovery_2020_23
2021-05-27,10,10,5,1,299,-0.27409444249532045,discovery_2020_23
2021-05-28,10,10,5,1,299,-0.010423625028039316,discovery_2020_23
2021-05-31,10,10,5,1,299,0.26521271660770646,discovery_2020_23
2021-06-01,10,10,5,1,299,0.1488637021732514,discovery_2020_23
2021-06-02,10,10,5,1,299,-0.030957397189021747,discovery_2020_23
2021-06-03,10,10,5,1,299,-0.11257384303914497,discovery_2020_23
2021-06-04,10,10,5,1,299,-0.07408829103127326,discovery_2020_23
2021-06-07,10,10,5,1,299,-0.13312652057824115,discovery_2020_23
2021-06-08,10,10,5,1,298,0.16327603674463545,discovery_2020_23
2021-06-09,10,10,5,1,297,0.11344412913412891,discovery_2020_23
2021-06-10,10,10,5,1,297,0.14180157947899316,discovery_2020_23
2021-06-11,10,10,5,1,295,0.011857634531041024,discovery_2020_23
2021-06-15,10,10,5,1,271,-0.1389454078780525,discovery_2020_23
2021-06-16,10,10,5,1,271,-0.08827584710237157,discovery_2020_23
2021-06-17,10,10,5,1,271,-0.09174796235537824,discovery_2020_23
2021-06-18,10,10,5,1,269,-0.12150868210319493,discovery_2020_23
2021-06-21,10,10,5,1,269,0.11686388202738213,discovery_2020_23
2021-06-22,10,10,5,1,269,0.005182495549883154,discovery_2020_23
2021-06-23,10,10,5,1,269,0.05560929417518182,discovery_2020_23
2021-06-24,10,10,5,1,269,0.05743591324352167,discovery_2020_23
2021-06-25,10,10,5,1,269,-0.08018841461696087,discovery_2020_23
2021-06-28,10,10,5,1,272,-0.02762430281772073,discovery_2020_23
2021-06-29,10,10,5,1,272,-0.07534768173518586,discovery_2020_23
2021-06-30,10,10,5,1,272,0.3194437571676471,discovery_2020_23
2021-07-01,10,10,5,1,272,-0.1276857771852016,discovery_2020_23
2021-07-02,10,10,5,1,272,-0.10877408660629857,discovery_2020_23
2021-07-05,10,10,5,1,272,0.10728406005245449,discovery_2020_23
2021-07-06,10,10,5,1,272,-0.004188367092709587,discovery_2020_23
2021-07-07,10,10,5,1,272,-0.11577759119543359,discovery_2020_23
2021-07-08,10,10,5,1,272,-0.1288836855976881,discovery_2020_23
2021-07-09,10,10,5,1,272,0.07015400726668965,discovery_2020_23
2021-07-12,10,10,5,1,272,0.15238988087337632,discovery_2020_23
2021-07-13,10,10,5,1,272,0.05151918843041047,discovery_2020_23
2021-07-14,10,10,5,1,272,0.030550998214359828,discovery_2020_23
2021-07-15,10,10,5,1,296,-0.007021492510663778,discovery_2020_23
2021-07-16,10,10,5,1,295,0.17890160848013226,discovery_2020_23
2021-07-19,10,10,5,1,295,-0.045661875295415495,discovery_2020_23
2021-07-20,10,10,5,1,295,-0.1317074357659715,discovery_2020_23
2021-07-21,10,10,5,1,295,-0.1881992233556067,discovery_2020_23
2021-07-22,10,10,5,1,295,-0.202995790748614,discovery_2020_23
2021-07-23,10,10,5,1,295,-0.11444563016895722,discovery_2020_23
2021-07-26,10,10,5,1,296,0.03126531653831545,discovery_2020_23
2021-07-27,10,10,5,1,297,0.13454289399839603,discovery_2020_23
2021-07-28,10,10,5,1,297,-0.20491102868679822,discovery_2020_23
2021-07-29,10,10,5,1,298,-0.15326316114176283,discovery_2020_23
2021-07-30,10,10,5,1,297,0.004389762945472192,discovery_2020_23
2021-08-02,10,10,5,1,297,0.2404725718213894,discovery_2020_23
2021-08-03,10,10,5,1,297,-0.3090561192760925,discovery_2020_23
2021-08-04,10,10,5,1,296,0.15595323348121012,discovery_2020_23
2021-08-05,10,10,5,1,297,-0.12940494630403213,discovery_2020_23
2021-08-06,10,10,5,1,298,0.2175398859212049,discovery_2020_23
2021-08-09,10,10,5,1,298,0.0014442919916597464,discovery_2020_23
2021-08-10,10,10,5,1,298,-0.03416012042410433,discovery_2020_23
2021-08-11,10,10,5,1,298,-0.09834643118324136,discovery_2020_23
2021-08-12,10,10,5,1,298,0.04602950279939333,discovery_2020_23
2021-08-13,10,10,5,1,299,0.16349014451494834,discovery_2020_23
2021-08-16,10,10,5,1,299,-0.17194637780429475,discovery_2020_23
2021-08-17,10,10,5,1,299,-0.1450485343186637,discovery_2020_23
2021-08-18,10,10,5,1,299,0.15552065672158485,discovery_2020_23
2021-08-19,10,10,5,1,299,-0.2392245313588976,discovery_2020_23
2021-08-20,10,10,5,1,299,0.13570766321056157,discovery_2020_23
2021-08-23,10,10,5,1,299,0.1034033364552908,discovery_2020_23
2021-08-24,10,10,5,1,299,0.03865690704350167,discovery_2020_23
2021-08-25,10,10,5,1,298,-0.24578149406613584,discovery_2020_23
2021-08-26,10,10,5,1,298,-0.033236209509705086,discovery_2020_23
2021-08-27,10,10,5,1,298,0.027253784029132342,discovery_2020_23
2021-08-30,10,10,5,1,298,-0.35711222437806694,discovery_2020_23
2021-08-31,10,10,5,1,298,-0.12092420261609524,discovery_2020_23
2021-09-01,10,10,5,1,297,-0.5585342629721957,discovery_2020_23
2021-09-02,10,10,5,1,297,0.302156777316434,discovery_2020_23
2021-09-03,10,10,5,1,298,0.25539032757739927,discovery_2020_23
2021-09-06,10,10,5,1,298,-0.23771972742727793,discovery_2020_23
2021-09-07,10,10,5,1,299,-0.08710705899165515,discovery_2020_23
2021-09-08,10,10,5,1,299,-0.3695993751233057,discovery_2020_23
2021-09-09,10,10,5,1,300,0.10382600183525709,discovery_2020_23
2021-09-10,10,10,5,1,300,-0.22741933693734068,discovery_2020_23
2021-09-13,10,10,5,1,300,0.34759113722522506,discovery_2020_23
2021-09-14,10,10,5,1,300,-0.33390671371270264,discovery_2020_23
2021-09-15,10,10,5,1,300,0.2164457151814277,discovery_2020_23
2021-09-16,10,10,5,1,300,0.19695785339720895,discovery_2020_23
2021-09-17,10,10,5,1,300,-0.19516961031215044,discovery_2020_23
2021-09-22,10,10,5,1,299,0.04170832344006684,discovery_2020_23
2021-09-23,10,10,5,1,299,0.366208330321839,discovery_2020_23
2021-09-24,10,10,5,1,299,0.27390664777158436,discovery_2020_23
2021-09-27,10,10,5,1,299,-0.04796570549911946,discovery_2020_23
2021-09-28,10,10,5,1,299,0.09682605168738102,discovery_2020_23
2021-09-29,10,10,5,1,299,-0.10566382992038437,discovery_2020_23
2021-09-30,10,10,5,1,299,0.017070329645911153,discovery_2020_23
2021-10-08,10,10,5,1,299,0.1671266681675272,discovery_2020_23
2021-10-11,10,10,5,1,299,0.035410317376864016,discovery_2020_23
2021-10-12,10,10,5,1,299,0.11593562681996858,discovery_2020_23
2021-10-13,10,10,5,1,299,0.08668776029788214,discovery_2020_23
2021-10-14,10,10,5,1,299,0.06657086574714337,discovery_2020_23
2021-10-15,10,10,5,1,299,0.038264162336233996,discovery_2020_23
2021-10-18,10,10,5,1,299,0.123884806892419,discovery_2020_23
2021-10-19,10,10,5,1,299,-0.14864692574254304,discovery_2020_23
2021-10-20,10,10,5,1,299,0.08647531434775146,discovery_2020_23
2021-10-21,10,10,5,1,299,0.11544478062890398,discovery_2020_23
2021-10-22,10,10,5,1,299,-0.004093587073442155,discovery_2020_23
2021-10-25,10,10,5,1,299,0.09116987729201204,discovery_2020_23
2021-10-26,10,10,5,1,299,-0.04056793857013308,discovery_2020_23
2021-10-27,10,10,5,1,299,0.015633159692850132,discovery_2020_23
2021-10-28,10,10,5,1,299,0.0826166611530392,discovery_2020_23
2021-10-29,10,10,5,1,299,0.04431699828012896,discovery_2020_23
2021-11-01,10,10,5,1,299,-0.00827188769161705,discovery_2020_23
2021-11-02,10,10,5,1,299,-0.11973854041481759,discovery_2020_23
2021-11-03,10,10,5,1,299,-0.046003245812554834,discovery_2020_23
2021-11-04,10,10,5,1,299,0.07636564431090506,discovery_2020_23
2021-11-05,10,10,5,1,298,0.04213842465844102,discovery_2020_23
2021-11-08,10,10,5,1,298,-0.03653249352201982,discovery_2020_23
2021-11-09,10,10,5,1,295,0.04195113002178103,discovery_2020_23
2021-11-10,10,10,5,1,292,0.02540619437155568,discovery_2020_23
2021-11-11,10,10,5,1,292,-0.09177098238214573,discovery_2020_23
2021-11-12,10,10,5,1,292,0.07196740931863964,discovery_2020_23
2021-11-15,10,10,5,1,292,0.17766261359171628,discovery_2020_23
2021-11-16,10,10,5,1,294,-0.019293684485712132,discovery_2020_23
2021-11-17,10,10,5,1,299,0.16528383753374815,discovery_2020_23
2021-11-18,10,10,5,1,300,-0.030434628017337602,discovery_2020_23
2021-11-19,10,10,5,1,300,-0.12652341197717,discovery_2020_23
2021-11-22,10,10,5,1,299,-0.04357406989942389,discovery_2020_23
2021-11-23,10,10,5,1,299,-0.08060175686803328,discovery_2020_23
2021-11-24,10,10,5,1,299,0.04908532228541261,discovery_2020_23
2021-11-25,10,10,5,1,298,0.12954875448584044,discovery_2020_23
2021-11-26,10,10,5,1,298,-0.10270653693862208,discovery_2020_23
2021-11-29,10,10,5,1,298,0.023389229866906704,discovery_2020_23
2021-11-30,10,10,5,1,298,-0.13677224981641636,discovery_2020_23
2021-12-01,10,10,5,1,298,-0.06337097769110474,discovery_2020_23
2021-12-02,10,10,5,1,297,-0.07628163639023501,discovery_2020_23
2021-12-03,10,10,5,1,297,0.21126035406937146,discovery_2020_23
2021-12-06,10,10,5,1,297,0.23533949239955793,discovery_2020_23
2021-12-07,10,10,5,1,297,-0.038815013289387114,discovery_2020_23
2021-12-08,10,10,5,1,297,0.095391545495783,discovery_2020_23
2021-12-09,10,10,5,1,297,-0.13624829703579727,discovery_2020_23
2021-12-10,10,10,5,1,298,0.08141167993582148,discovery_2020_23
2021-12-13,10,10,5,1,270,0.040997885191201996,discovery_2020_23
2021-12-14,10,10,5,1,270,-0.09226739513183455,discovery_2020_23
2021-12-15,10,10,5,1,270,-0.01748748989275594,discovery_2020_23
2021-12-16,10,10,5,1,270,-0.16033535849631192,discovery_2020_23
2021-12-17,10,10,5,1,270,-0.06912784850380403,discovery_2020_23
2021-12-20,10,10,5,1,270,-0.09147435435309147,discovery_2020_23
2021-12-21,10,10,5,1,270,0.11293243650900811,discovery_2020_23
2021-12-22,10,10,5,1,270,0.039531300718717084,discovery_2020_23
2021-12-23,10,10,5,1,270,-0.060489063292924625,discovery_2020_23
2021-12-24,10,10,5,1,269,-0.01330031912626471,discovery_2020_23
2021-12-27,10,10,5,1,269,0.11799032670640883,discovery_2020_23
2021-12-28,10,10,5,1,269,0.10254432691453276,discovery_2020_23
2021-12-29,10,10,5,1,269,0.16914928459328646,discovery_2020_23
2021-12-30,10,10,5,1,269,-0.034906134754615056,discovery_2020_23
2021-12-31,10,10,5,1,269,-0.20291636657425116,discovery_2020_23
2022-01-04,10,10,5,1,270,-0.06643317259849284,discovery_2020_23
2022-01-05,10,10,5,1,271,-0.012914351530950448,discovery_2020_23
2022-01-06,10,10,5,1,271,-0.0825030471550007,discovery_2020_23
2022-01-07,10,10,5,1,271,-0.0038592130386142154,discovery_2020_23
2022-01-10,10,10,5,1,271,-0.09298337646005059,discovery_2020_23
2022-01-11,10,10,5,1,271,0.21633991923949858,discovery_2020_23
2022-01-12,10,10,5,1,271,-0.22048529749820672,discovery_2020_23
2022-01-13,10,10,5,1,298,0.23531288281798932,discovery_2020_23
2022-01-14,10,10,5,1,297,0.18750637701822914,discovery_2020_23
2022-01-17,10,10,5,1,296,-0.04493567331652025,discovery_2020_23
2022-01-18,10,10,5,1,296,-0.23798482168211568,discovery_2020_23
2022-01-19,10,10,5,1,296,-0.03948812580016927,discovery_2020_23
2022-01-20,10,10,5,1,296,0.17060305910867055,discovery_2020_23
2022-01-21,10,10,5,1,297,0.19532457988929938,discovery_2020_23
2022-01-24,10,10,5,1,298,0.1340021389627459,discovery_2020_23
2022-01-25,10,10,5,1,299,-0.08234041320465679,discovery_2020_23
2022-01-26,10,10,5,1,297,-0.09163066624033524,discovery_2020_23
2022-01-27,10,10,5,1,296,-0.1192356900101055,discovery_2020_23
2022-01-28,10,10,5,1,295,-0.13699584216628086,discovery_2020_23
2022-02-07,10,10,5,1,295,-0.1955136609953101,discovery_2020_23
2022-02-08,10,10,5,1,294,0.06829525137156187,discovery_2020_23
2022-02-09,10,10,5,1,293,-0.32795761573606397,discovery_2020_23
2022-02-10,10,10,5,1,293,-0.09588934408200916,discovery_2020_23
2022-02-11,10,10,5,1,297,0.23340770225011265,discovery_2020_23
2022-02-14,10,10,5,1,297,0.406133500349408,discovery_2020_23
2022-02-15,10,10,5,1,298,-0.15725716582995206,discovery_2020_23
2022-02-16,10,10,5,1,299,0.10880972764236585,discovery_2020_23
2022-02-17,10,10,5,1,299,-0.12592315589916464,discovery_2020_23
2022-02-18,10,10,5,1,299,-0.14447617631637696,discovery_2020_23
2022-02-21,10,10,5,1,299,-0.030485924987314613,discovery_2020_23
2022-02-22,10,10,5,1,299,0.4416858817399188,discovery_2020_23
2022-02-23,10,10,5,1,299,0.08743227415635973,discovery_2020_23
2022-02-24,10,10,5,1,299,0.17806388370380472,discovery_2020_23
2022-02-25,10,10,5,1,299,-0.03447979409882835,discovery_2020_23
2022-02-28,10,10,5,1,299,-0.023949541914677505,discovery_2020_23
2022-03-01,10,10,5,1,299,-0.13112949180798683,discovery_2020_23
2022-03-02,10,10,5,1,298,0.06818735255033213,discovery_2020_23
2022-03-03,10,10,5,1,298,-0.174185563816343,discovery_2020_23
2022-03-04,10,10,5,1,298,0.15101175727992464,discovery_2020_23
2022-03-07,10,10,5,1,298,0.06375314062772958,discovery_2020_23
2022-03-08,10,10,5,1,298,-0.03728316747082148,discovery_2020_23
2022-03-09,10,10,5,1,298,-0.08553293792505319,discovery_2020_23
2022-03-10,10,10,5,1,297,0.03497751295094627,discovery_2020_23
2022-03-11,10,10,5,1,296,0.1235356597434894,discovery_2020_23
2022-03-14,10,10,5,1,296,0.07282077431242852,discovery_2020_23
2022-03-15,10,10,5,1,294,0.07076667060971253,discovery_2020_23
2022-03-16,10,10,5,1,293,0.01619372357246406,discovery_2020_23
2022-03-17,10,10,5,1,294,-0.09168658464195842,discovery_2020_23
2022-03-18,10,10,5,1,295,-0.10363475501798568,discovery_2020_23
2022-03-21,10,10,5,1,295,0.10248267161521332,discovery_2020_23
2022-03-22,10,10,5,1,296,0.1452371959762709,discovery_2020_23
2022-03-23,10,10,5,1,300,-0.0005473568699570574,discovery_2020_23
2022-03-24,10,10,5,1,300,0.0660229221763736,discovery_2020_23
2022-03-25,10,10,5,1,300,0.013007753562569262,discovery_2020_23
2022-03-28,10,10,5,1,300,-0.026431130680361382,discovery_2020_23
2022-03-29,10,10,5,1,299,0.03379025833773989,discovery_2020_23
2022-03-30,10,10,5,1,299,0.10219477983829935,discovery_2020_23
2022-03-31,10,10,5,1,299,-0.05103098765303014,discovery_2020_23
2022-04-01,10,10,5,1,299,-0.17311404612976417,discovery_2020_23
2022-04-06,10,10,5,1,297,0.12203571654735772,discovery_2020_23
2022-04-07,10,10,5,1,297,-0.28605436148647884,discovery_2020_23
2022-04-08,10,10,5,1,297,-0.3159580014682948,discovery_2020_23
2022-04-11,10,10,5,1,296,0.11610240977057042,discovery_2020_23
2022-04-12,10,10,5,1,294,0.08223201695228233,discovery_2020_23
2022-04-13,10,10,5,1,293,-0.0948346324237497,discovery_2020_23
2022-04-14,10,10,5,1,292,0.08809504014177932,discovery_2020_23
2022-04-15,10,10,5,1,292,0.4529471758280632,discovery_2020_23
2022-04-18,10,10,5,1,290,-0.1667413328806815,discovery_2020_23
2022-04-19,10,10,5,1,290,0.14608725730256003,discovery_2020_23
2022-04-20,10,10,5,1,292,-0.10196209702774268,discovery_2020_23
2022-04-21,10,10,5,1,294,-0.24302306088591324,discovery_2020_23
2022-04-22,10,10,5,1,295,-0.13617520734787908,discovery_2020_23
2022-04-25,10,10,5,1,297,-0.0658269693381957,discovery_2020_23
2022-04-26,10,10,5,1,297,0.24553013481682484,discovery_2020_23
2022-04-27,10,10,5,1,297,0.10087613372998022,discovery_2020_23
2022-04-28,10,10,5,1,296,0.21777720144380286,discovery_2020_23
2022-04-29,10,10,5,1,296,0.1612778778089126,discovery_2020_23
2022-05-05,10,10,5,1,296,0.23288418708875605,discovery_2020_23
2022-05-06,10,10,5,1,296,0.009581798402234068,discovery_2020_23
2022-05-09,10,10,5,1,296,0.03503126432239675,discovery_2020_23
2022-05-10,10,10,5,1,296,0.1010191262585616,discovery_2020_23
2022-05-11,10,10,5,1,296,0.06836755343327446,discovery_2020_23
2022-05-12,10,10,5,1,296,-0.033864142719410996,discovery_2020_23
2022-05-13,10,10,5,1,296,-0.033136432539577244,discovery_2020_23
2022-05-16,10,10,5,1,297,0.0800084469401157,discovery_2020_23
2022-05-17,10,10,5,1,298,0.12760208654392705,discovery_2020_23
2022-05-18,10,10,5,1,298,-0.12599174296691226,discovery_2020_23
2022-05-19,10,10,5,1,298,0.21124601833179693,discovery_2020_23
2022-05-20,10,10,5,1,298,0.08117192153014986,discovery_2020_23
2022-05-23,10,10,5,1,298,0.08804488151809091,discovery_2020_23
2022-05-24,10,10,5,1,298,0.042132869233684415,discovery_2020_23
2022-05-25,10,10,5,1,297,-0.04125153294316743,discovery_2020_23
2022-05-26,10,10,5,1,297,-0.044469374459293214,discovery_2020_23
2022-05-27,10,10,5,1,297,-0.005116497658975436,discovery_2020_23
2022-05-30,10,10,5,1,297,0.02230939028637841,discovery_2020_23
2022-05-31,10,10,5,1,297,0.1063269071249204,discovery_2020_23
2022-06-01,10,10,5,1,297,-0.16152530870662946,discovery_2020_23
2022-06-02,10,10,5,1,297,-0.1049982817222912,discovery_2020_23
2022-06-06,10,10,5,1,298,0.09831972917621057,discovery_2020_23
2022-06-07,10,10,5,1,298,-0.11377756276780472,discovery_2020_23
2022-06-08,10,10,5,1,299,0.10757267222829738,discovery_2020_23
2022-06-09,10,10,5,1,299,-0.22639764135234722,discovery_2020_23
2022-06-10,10,10,5,1,299,-0.23900327928382975,discovery_2020_23
2022-06-13,10,10,5,1,271,-0.1687354039648929,discovery_2020_23
2022-06-14,10,10,5,1,271,0.05257527469196951,discovery_2020_23
2022-06-15,10,10,5,1,271,0.12733219979258617,discovery_2020_23
2022-06-16,10,10,5,1,270,-0.0003216044740634163,discovery_2020_23
2022-06-17,10,10,5,1,270,0.1819064538245331,discovery_2020_23
2022-06-20,10,10,5,1,270,0.0621641633870921,discovery_2020_23
2022-06-21,10,10,5,1,270,-0.002853876754716845,discovery_2020_23
2022-06-22,10,10,5,1,270,-0.2673845956406376,discovery_2020_23
2022-06-23,10,10,5,1,271,0.12598957421842796,discovery_2020_23
2022-06-24,10,10,5,1,271,0.06973256444803831,discovery_2020_23
2022-06-27,10,10,5,1,271,0.14875920939342005,discovery_2020_23
2022-06-28,10,10,5,1,271,0.010881526007219007,discovery_2020_23
2022-06-29,10,10,5,1,271,0.0320898647223862,discovery_2020_23
2022-06-30,10,10,5,1,272,0.007213492299276298,discovery_2020_23
2022-07-01,10,10,5,1,272,0.06509515215024694,discovery_2020_23
2022-07-04,10,10,5,1,272,0.04146109697666219,discovery_2020_23
2022-07-05,10,10,5,1,272,0.058788521732961826,discovery_2020_23
2022-07-06,10,10,5,1,272,0.005036953463169577,discovery_2020_23
2022-07-07,10,10,5,1,272,-0.06433879809422473,discovery_2020_23
2022-07-08,10,10,5,1,272,0.1415825163090505,discovery_2020_23
2022-07-11,10,10,5,1,272,-0.0470146778325897,discovery_2020_23
2022-07-12,10,10,5,1,272,-0.09153013430617889,discovery_2020_23
2022-07-13,10,10,5,1,300,0.03109342784224007,discovery_2020_23
2022-07-14,10,10,5,1,300,0.22717865041762328,discovery_2020_23
2022-07-15,10,10,5,1,300,-0.15558350648340535,discovery_2020_23
2022-07-18,10,10,5,1,299,-0.01862749103174248,discovery_2020_23
2022-07-19,10,10,5,1,299,0.03394979563278588,discovery_2020_23
2022-07-20,10,10,5,1,299,-0.11573059836346003,discovery_2020_23
2022-07-21,10,10,5,1,299,0.0748777813918699,discovery_2020_23
2022-07-22,10,10,5,1,298,0.20111206817014918,discovery_2020_23
2022-07-25,10,10,5,1,298,0.1233870673089012,discovery_2020_23
2022-07-26,10,10,5,1,298,-0.08540329780972084,discovery_2020_23
2022-07-27,10,10,5,1,298,-0.07529192021497065,discovery_2020_23
2022-07-28,10,10,5,1,297,-0.02719382101866699,discovery_2020_23
2022-07-29,10,10,5,1,298,-0.11860162907251608,discovery_2020_23
2022-08-01,10,10,5,1,298,-0.00034848269455797906,discovery_2020_23
2022-08-02,10,10,5,1,298,0.05891861873869556,discovery_2020_23
2022-08-03,10,10,5,1,296,0.08387538226633633,discovery_2020_23
2022-08-04,10,10,5,1,296,-0.050745678525643746,discovery_2020_23
2022-08-05,10,10,5,1,297,0.0034731892945843107,discovery_2020_23
2022-08-08,10,10,5,1,297,-0.09123857349426943,discovery_2020_23
2022-08-09,10,10,5,1,297,-0.06856480217785185,discovery_2020_23
2022-08-10,10,10,5,1,299,0.11761118449782328,discovery_2020_23
2022-08-11,10,10,5,1,299,0.39863908920218766,discovery_2020_23
2022-08-12,10,10,5,1,299,-0.07178832644743113,discovery_2020_23
2022-08-15,10,10,5,1,298,-0.06129094067245646,discovery_2020_23
2022-08-16,10,10,5,1,298,-0.0612041114464924,discovery_2020_23
2022-08-17,10,10,5,1,298,-0.13617589356134258,discovery_2020_23
2022-08-18,10,10,5,1,298,0.031156085736855334,discovery_2020_23
2022-08-19,10,10,5,1,298,0.03859061073584666,discovery_2020_23
2022-08-22,10,10,5,1,298,-0.19171997751442338,discovery_2020_23
2022-08-23,10,10,5,1,298,0.11062347049023263,discovery_2020_23
2022-08-24,10,10,5,1,297,0.06313775480992094,discovery_2020_23
2022-08-25,10,10,5,1,297,0.18139314750682106,discovery_2020_23
2022-08-26,10,10,5,1,297,-0.029180603738024644,discovery_2020_23
2022-08-29,10,10,5,1,297,0.13931816788131343,discovery_2020_23
2022-08-30,10,10,5,1,297,0.20833215002347633,discovery_2020_23
2022-08-31,10,10,5,1,298,0.013073607032085462,discovery_2020_23
2022-09-01,10,10,5,1,298,-0.08046496822969883,discovery_2020_23
2022-09-02,10,10,5,1,298,-0.12361842564688423,discovery_2020_23
2022-09-05,10,10,5,1,298,-0.06059132294662081,discovery_2020_23
2022-09-06,10,10,5,1,297,0.026669104060210263,discovery_2020_23
2022-09-07,10,10,5,1,297,0.04020815898609567,discovery_2020_23
2022-09-08,10,10,5,1,297,-0.02400205391622247,discovery_2020_23
2022-09-09,10,10,5,1,297,0.15826184920374825,discovery_2020_23
2022-09-13,10,10,5,1,297,0.0826545460218689,discovery_2020_23
2022-09-14,10,10,5,1,298,7.323367960261325e-05,discovery_2020_23
2022-09-15,10,10,5,1,298,0.1337718276472556,discovery_2020_23
2022-09-16,10,10,5,1,298,0.11335590217239619,discovery_2020_23
2022-09-19,10,10,5,1,299,0.17504543136797837,discovery_2020_23
2022-09-20,10,10,5,1,299,-0.20742920621434635,discovery_2020_23
2022-09-21,10,10,5,1,299,0.040110537287512876,discovery_2020_23
2022-09-22,10,10,5,1,299,-0.11285768035927925,discovery_2020_23
2022-09-23,10,10,5,1,299,0.17143004646360352,discovery_2020_23
2022-09-26,10,10,5,1,299,-0.0058219755400487575,discovery_2020_23
2022-09-27,10,10,5,1,299,-0.13921144677217315,discovery_2020_23
2022-09-28,10,10,5,1,298,-0.02157103767371844,discovery_2020_23
2022-09-29,10,10,5,1,296,-0.13270783620585738,discovery_2020_23
2022-09-30,10,10,5,1,295,-0.04173571083707483,discovery_2020_23
2022-10-10,10,10,5,1,294,0.15442116237762063,discovery_2020_23
2022-10-11,10,10,5,1,292,0.19640412742630006,discovery_2020_23
2022-10-12,10,10,5,1,293,-0.011160188485469966,discovery_2020_23
2022-10-13,10,10,5,1,292,0.14220778110403157,discovery_2020_23
2022-10-14,10,10,5,1,293,0.024608313546311943,discovery_2020_23
2022-10-17,10,10,5,1,293,-0.008681274683246773,discovery_2020_23
2022-10-18,10,10,5,1,298,-0.07527750976487506,discovery_2020_23
2022-10-19,10,10,5,1,299,-0.023788990075336983,discovery_2020_23
2022-10-20,10,10,5,1,300,-0.09972804756482755,discovery_2020_23
2022-10-21,10,10,5,1,300,-0.011524363075555816,discovery_2020_23
2022-10-24,10,10,5,1,298,-0.0118397263262039,discovery_2020_23
2022-10-25,10,10,5,1,298,0.0440642338799561,discovery_2020_23
2022-10-26,10,10,5,1,298,0.03106876375124516,discovery_2020_23
2022-10-27,10,10,5,1,298,-0.015498541676501564,discovery_2020_23
2022-10-28,10,10,5,1,298,-0.07838873841003549,discovery_2020_23
2022-10-31,10,10,5,1,298,0.14961589235804357,discovery_2020_23
2022-11-01,10,10,5,1,297,0.1416577306134663,discovery_2020_23
2022-11-02,10,10,5,1,297,-0.1059072032526915,discovery_2020_23
2022-11-03,10,10,5,1,297,0.19733242760684844,discovery_2020_23
2022-11-04,10,10,5,1,297,0.215495314270217,discovery_2020_23
2022-11-07,10,10,5,1,298,-0.037774860945099076,discovery_2020_23
2022-11-08,10,10,5,1,298,0.09940380437879331,discovery_2020_23
2022-11-09,10,10,5,1,298,0.05979648539918154,discovery_2020_23
2022-11-10,10,10,5,1,299,0.32434857227640423,discovery_2020_23
2022-11-11,10,10,5,1,299,-0.11173607601435616,discovery_2020_23
2022-11-14,10,10,5,1,299,-0.09470083322220735,discovery_2020_23
2022-11-15,10,10,5,1,299,0.05014509305448089,discovery_2020_23
2022-11-16,10,10,5,1,299,-0.23091507374781606,discovery_2020_23
2022-11-17,10,10,5,1,299,-0.0474507539932431,discovery_2020_23
2022-11-18,10,10,5,1,299,0.17184244483037775,discovery_2020_23
2022-11-21,10,10,5,1,299,-0.10854774064471935,discovery_2020_23
2022-11-22,10,10,5,1,299,0.07459476239759565,discovery_2020_23
2022-11-23,10,10,5,1,299,0.1107254467237825,discovery_2020_23
2022-11-24,10,10,5,1,299,-0.23960375949503906,discovery_2020_23
2022-11-25,10,10,5,1,299,0.04869045854065462,discovery_2020_23
2022-11-28,10,10,5,1,300,-0.22763191316168813,discovery_2020_23
2022-11-29,10,10,5,1,300,0.1102743837197532,discovery_2020_23
2022-11-30,10,10,5,1,300,0.15068574735962045,discovery_2020_23
2022-12-01,10,10,5,1,299,0.039973799775576156,discovery_2020_23
2022-12-02,10,10,5,1,299,-0.11397715581574913,discovery_2020_23
2022-12-05,10,10,5,1,299,0.13666463417002034,discovery_2020_23
2022-12-06,10,10,5,1,299,0.11733027284004983,discovery_2020_23
2022-12-07,10,10,5,1,299,-0.03253797266772723,discovery_2020_23
2022-12-08,10,10,5,1,299,-0.027931827275797638,discovery_2020_23
2022-12-09,10,10,5,1,299,0.18634733227088057,discovery_2020_23
2022-12-12,10,10,5,1,284,-0.22513371230245452,discovery_2020_23
2022-12-13,10,10,5,1,284,-0.06325004388343029,discovery_2020_23
2022-12-14,10,10,5,1,284,0.18131063380867163,discovery_2020_23
2022-12-15,10,10,5,1,284,-0.20678157762940616,discovery_2020_23
2022-12-16,10,10,5,1,283,0.2807302426694593,discovery_2020_23
2022-12-19,10,10,5,1,283,-0.03048917216701591,discovery_2020_23
2022-12-20,10,10,5,1,283,-0.03396356384481562,discovery_2020_23
2022-12-21,10,10,5,1,283,0.10683513153199325,discovery_2020_23
2022-12-22,10,10,5,1,283,-0.00018770500502686047,discovery_2020_23
2022-12-23,10,10,5,1,282,0.025192693218460297,discovery_2020_23
2022-12-26,10,10,5,1,281,0.03629366578941353,discovery_2020_23
2022-12-27,10,10,5,1,281,0.018439565183543297,discovery_2020_23
2022-12-28,10,10,5,1,281,0.003962548899546542,discovery_2020_23
2022-12-29,10,10,5,1,281,0.07154728688333947,discovery_2020_23
2022-12-30,10,10,5,1,283,-0.13504817287227924,discovery_2020_23
2023-01-03,10,10,5,1,284,-0.029622537845431597,discovery_2020_23
2023-01-04,10,10,5,1,284,0.1937093464785738,discovery_2020_23
2023-01-05,10,10,5,1,284,0.19629400298091645,discovery_2020_23
2023-01-06,10,10,5,1,284,0.07025907186772315,discovery_2020_23
2023-01-09,10,10,5,1,284,0.1400267494999212,discovery_2020_23
2023-01-10,10,10,5,1,284,-0.1771607565014949,discovery_2020_23
2023-01-11,10,10,5,1,284,0.006082863362907176,discovery_2020_23
2023-01-12,10,10,5,1,299,0.06373455510328174,discovery_2020_23
2023-01-13,10,10,5,1,299,0.031048659937967415,discovery_2020_23
2023-01-16,10,10,5,1,299,0.1336460216153471,discovery_2020_23
2023-01-17,10,10,5,1,299,-0.08118189700638602,discovery_2020_23
2023-01-18,10,10,5,1,299,-0.12604602047900576,discovery_2020_23
2023-01-19,10,10,5,1,300,0.05017023006656303,discovery_2020_23
2023-01-20,10,10,5,1,300,0.03408126756963966,discovery_2020_23
2023-01-30,10,10,5,1,300,0.015462010828472946,discovery_2020_23
2023-01-31,10,10,5,1,300,-0.1639129391756995,discovery_2020_23
2023-02-01,10,10,5,1,300,0.1027791086629087,discovery_2020_23
2023-02-02,10,10,5,1,300,-0.08177823033949157,discovery_2020_23
2023-02-03,10,10,5,1,300,-0.14090634337875288,discovery_2020_23
2023-02-06,10,10,5,1,300,-0.10135396513728166,discovery_2020_23
2023-02-07,10,10,5,1,300,0.16291644374788813,discovery_2020_23
2023-02-08,10,10,5,1,300,-0.05615952599928466,discovery_2020_23
2023-02-09,10,10,5,1,300,0.0463688776219424,discovery_2020_23
2023-02-10,10,10,5,1,300,0.01857466250189613,discovery_2020_23
2023-02-13,10,10,5,1,300,-0.04958696985568352,discovery_2020_23
2023-02-14,10,10,5,1,300,-0.21686689155908961,discovery_2020_23
2023-02-15,10,10,5,1,300,0.1946680527632436,discovery_2020_23
2023-02-16,10,10,5,1,300,-0.12048827861307641,discovery_2020_23
2023-02-17,10,10,5,1,300,-0.08375449546711632,discovery_2020_23
2023-02-20,10,10,5,1,300,-0.12983691614276163,discovery_2020_23
2023-02-21,10,10,5,1,300,-0.07880685846612635,discovery_2020_23
2023-02-22,10,10,5,1,300,0.17405232617999655,discovery_2020_23
2023-02-23,10,10,5,1,300,-0.012633923769787031,discovery_2020_23
2023-02-24,10,10,5,1,300,-0.007713507256221076,discovery_2020_23
2023-02-27,10,10,5,1,300,-0.09726258017246177,discovery_2020_23
2023-02-28,10,10,5,1,300,-0.31330246921218535,discovery_2020_23
2023-03-01,10,10,5,1,300,-0.23670578616248053,discovery_2020_23
2023-03-02,10,10,5,1,300,-0.06118747316878323,discovery_2020_23
2023-03-03,10,10,5,1,300,0.10422321593753536,discovery_2020_23
2023-03-06,10,10,5,1,300,0.01743397923709513,discovery_2020_23
2023-03-07,10,10,5,1,300,-0.2727530652507189,discovery_2020_23
2023-03-08,10,10,5,1,299,-0.09771665924077359,discovery_2020_23
2023-03-09,10,10,5,1,299,0.006460012845953313,discovery_2020_23
2023-03-10,10,10,5,1,299,-0.12100965582661133,discovery_2020_23
2023-03-13,10,10,5,1,299,-0.11166483898508897,discovery_2020_23
2023-03-14,10,10,5,1,299,-0.2572908251975089,discovery_2020_23
2023-03-15,10,10,5,1,299,-0.03746677920178898,discovery_2020_23
2023-03-16,10,10,5,1,298,-0.3202454888268853,discovery_2020_23
2023-03-17,10,10,5,1,299,0.026976983685191497,discovery_2020_23
2023-03-20,10,10,5,1,299,0.4094146116054124,discovery_2020_23
2023-03-21,10,10,5,1,296,-0.1996019672488835,discovery_2020_23
2023-03-22,10,10,5,1,296,-0.2531911691744346,discovery_2020_23
2023-03-23,10,10,5,1,296,0.18761209974652435,discovery_2020_23
2023-03-24,10,10,5,1,296,0.29300855822265154,discovery_2020_23
2023-03-27,10,10,5,1,295,0.15794685060364486,discovery_2020_23
2023-03-28,10,10,5,1,299,0.023154288675126714,discovery_2020_23
2023-03-29,10,10,5,1,298,0.2349206630139822,discovery_2020_23
2023-03-30,10,10,5,1,298,-0.11511814590843836,discovery_2020_23
2023-03-31,10,10,5,1,298,-0.22380238826165688,discovery_2020_23
2023-04-03,10,10,5,1,299,-0.10264035070024442,discovery_2020_23
2023-04-04,10,10,5,1,299,-0.11420875453064831,discovery_2020_23
2023-04-06,10,10,5,1,300,0.18280510406850564,discovery_2020_23
2023-04-07,10,10,5,1,300,0.19237081814516782,discovery_2020_23
2023-04-10,10,10,5,1,300,-0.12531300640470022,discovery_2020_23
2023-04-11,10,10,5,1,300,-0.22626456433173464,discovery_2020_23
2023-04-12,10,10,5,1,300,0.23990060272620242,discovery_2020_23
2023-04-13,10,10,5,1,300,-0.11652175015572935,discovery_2020_23
2023-04-14,10,10,5,1,300,0.04554828893079828,discovery_2020_23
2023-04-17,10,10,5,1,300,0.17391031880468014,discovery_2020_23
2023-04-18,10,10,5,1,300,-0.10304366223047158,discovery_2020_23
2023-04-19,10,10,5,1,300,-0.24641102950063914,discovery_2020_23
2023-04-20,10,10,5,1,300,0.1795989043877059,discovery_2020_23
2023-04-21,10,10,5,1,300,-0.12217692665217762,discovery_2020_23
2023-04-24,10,10,5,1,300,0.030099956888388388,discovery_2020_23
2023-04-25,10,10,5,1,300,0.15501267810146616,discovery_2020_23
2023-04-26,10,10,5,1,300,0.015653828628213354,discovery_2020_23
2023-04-27,10,10,5,1,299,-0.18664929325246282,discovery_2020_23
2023-04-28,10,10,5,1,299,-0.18064889749837137,discovery_2020_23
2023-05-04,10,10,5,1,299,-0.023594402976389203,discovery_2020_23
2023-05-05,10,10,5,1,299,-0.19044698904492907,discovery_2020_23
2023-05-08,10,10,5,1,299,-0.010431663557889307,discovery_2020_23
2023-05-09,10,10,5,1,299,0.33243503498329574,discovery_2020_23
2023-05-10,10,10,5,1,298,0.18009176723583348,discovery_2020_23
2023-05-11,10,10,5,1,297,0.044107229683071125,discovery_2020_23
2023-05-12,10,10,5,1,297,0.14410674872572915,discovery_2020_23
2023-05-15,10,10,5,1,297,0.08329997151056202,discovery_2020_23
2023-05-16,10,10,5,1,297,-0.01607006581108403,discovery_2020_23
2023-05-17,10,10,5,1,295,-0.11766110937091916,discovery_2020_23
2023-05-18,10,10,5,1,296,0.34996477598358566,discovery_2020_23
2023-05-19,10,10,5,1,296,0.13833709116360496,discovery_2020_23
2023-05-22,10,10,5,1,297,0.22537969270967628,discovery_2020_23
2023-05-23,10,10,5,1,297,0.2251579033694955,discovery_2020_23
2023-05-24,10,10,5,1,297,-0.10794564722005295,discovery_2020_23
2023-05-25,10,10,5,1,299,-0.10138144167481357,discovery_2020_23
2023-05-26,10,10,5,1,300,-0.14213395941514725,discovery_2020_23
2023-05-29,10,10,5,1,300,-0.14316999336275468,discovery_2020_23
2023-05-30,10,10,5,1,300,-0.0205982812931515,discovery_2020_23
2023-05-31,10,10,5,1,299,-0.0033947625843475326,discovery_2020_23
2023-06-01,10,10,5,1,297,0.2543395375145002,discovery_2020_23
2023-06-02,10,10,5,1,297,-0.04152339797274154,discovery_2020_23
2023-06-05,10,10,5,1,297,0.20169607107644247,discovery_2020_23
2023-06-06,10,10,5,1,297,-0.061827841861910274,discovery_2020_23
2023-06-07,10,10,5,1,297,0.12192420827317797,discovery_2020_23
2023-06-08,10,10,5,1,298,-0.2042908992633514,discovery_2020_23
2023-06-09,10,10,5,1,297,0.16165430065550562,discovery_2020_23
2023-06-12,10,10,5,1,288,-0.09091951481123754,discovery_2020_23
2023-06-13,10,10,5,1,288,0.06498155591785537,discovery_2020_23
2023-06-14,10,10,5,1,288,0.1996329541533483,discovery_2020_23
2023-06-15,10,10,5,1,289,-0.08704893461338101,discovery_2020_23
2023-06-16,10,10,5,1,290,-0.006171806086680503,discovery_2020_23
2023-06-19,10,10,5,1,290,-0.1408076792815854,discovery_2020_23
2023-06-20,10,10,5,1,290,0.05619024891880318,discovery_2020_23
2023-06-21,10,10,5,1,290,0.21417928577909273,discovery_2020_23
2023-06-26,10,10,5,1,290,0.016939407820645423,discovery_2020_23
2023-06-27,10,10,5,1,290,0.13292535166803757,discovery_2020_23
2023-06-28,10,10,5,1,290,-0.07794401836151678,discovery_2020_23
2023-06-29,10,10,5,1,290,-0.115278984791951,discovery_2020_23
2023-06-30,10,10,5,1,290,0.126561317198594,discovery_2020_23
2023-07-03,10,10,5,1,290,-0.08147605624430168,discovery_2020_23
2023-07-04,10,10,5,1,290,0.1798087314263572,discovery_2020_23
2023-07-05,10,10,5,1,290,0.00570107081340714,discovery_2020_23
2023-07-06,10,10,5,1,290,0.2005864311970573,discovery_2020_23
2023-07-07,10,10,5,1,290,0.07498244866412995,discovery_2020_23
2023-07-10,10,10,5,1,290,-0.11818731445503852,discovery_2020_23
2023-07-11,10,10,5,1,290,0.057711899335270364,discovery_2020_23
2023-07-12,10,10,5,1,290,0.06612634215465957,discovery_2020_23
2023-07-13,10,10,5,1,290,0.10145733691453926,discovery_2020_23
2023-07-14,10,10,5,1,299,-0.03048540963342878,discovery_2020_23
2023-07-17,10,10,5,1,299,-0.1669939894504175,discovery_2020_23
2023-07-18,10,10,5,1,299,0.07675252799130086,discovery_2020_23
2023-07-19,10,10,5,1,299,0.02790257935280398,discovery_2020_23
2023-07-20,10,10,5,1,299,-0.07271585316580108,discovery_2020_23
2023-07-21,10,10,5,1,299,-0.004311073371478988,discovery_2020_23
2023-07-24,10,10,5,1,299,-0.033649151869070575,discovery_2020_23
2023-07-25,10,10,5,1,299,-0.11905199406370484,discovery_2020_23
2023-07-26,10,10,5,1,300,-0.060440675256905455,discovery_2020_23
2023-07-27,10,10,5,1,299,-0.07640345630888876,discovery_2020_23
2023-07-28,10,10,5,1,299,0.09224206285813348,discovery_2020_23
2023-07-31,10,10,5,1,299,0.10771720116234075,discovery_2020_23
2023-08-01,10,10,5,1,299,-0.1374850956420227,discovery_2020_23
2023-08-02,10,10,5,1,299,-0.16477664069083015,discovery_2020_23
2023-08-03,10,10,5,1,299,0.3128815586360425,discovery_2020_23
2023-08-04,10,10,5,1,300,0.057325228599648045,discovery_2020_23
2023-08-07,10,10,5,1,300,-0.01529926457221278,discovery_2020_23
2023-08-08,10,10,5,1,300,-0.16943714830874126,discovery_2020_23
2023-08-09,10,10,5,1,300,-0.04298793242967944,discovery_2020_23
2023-08-10,10,10,5,1,300,0.2613655997695101,discovery_2020_23
2023-08-11,10,10,5,1,300,0.11677727620250383,discovery_2020_23
2023-08-14,10,10,5,1,300,-0.24857453085223563,discovery_2020_23
2023-08-15,10,10,5,1,300,-0.3818405752041917,discovery_2020_23
2023-08-16,10,10,5,1,300,0.13587357139755613,discovery_2020_23
2023-08-17,10,10,5,1,300,-0.12308693686451447,discovery_2020_23
2023-08-18,10,10,5,1,300,0.141039213856533,discovery_2020_23
2023-08-21,10,10,5,1,300,-0.037496027684009774,discovery_2020_23
2023-08-22,10,10,5,1,300,-0.11080593295016376,discovery_2020_23
2023-08-23,10,10,5,1,298,0.12118074323719329,discovery_2020_23
2023-08-24,10,10,5,1,293,-0.030381129136089494,discovery_2020_23
2023-08-25,10,10,5,1,291,0.031762758981387904,discovery_2020_23
2023-08-28,10,10,5,1,291,0.07356455281718963,discovery_2020_23
2023-08-29,10,10,5,1,291,0.05626032884676634,discovery_2020_23
2023-08-30,10,10,5,1,291,0.040112035932150826,discovery_2020_23
2023-08-31,10,10,5,1,292,-0.01623056130736067,discovery_2020_23
2023-09-01,10,10,5,1,300,0.028238355096489712,discovery_2020_23
2023-09-04,10,10,5,1,300,0.20422355318247984,discovery_2020_23
2023-09-05,10,10,5,1,300,-0.09283457493706966,discovery_2020_23
2023-09-06,10,10,5,1,300,-0.3137659961881362,discovery_2020_23
2023-09-07,10,10,5,1,300,-0.17098068558975266,discovery_2020_23
2023-09-08,10,10,5,1,300,0.15748607189575653,discovery_2020_23
2023-09-11,10,10,5,1,300,0.06161285736444806,discovery_2020_23
2023-09-12,10,10,5,1,300,-0.14012094247371443,discovery_2020_23
2023-09-13,10,10,5,1,300,-0.09746727143085449,discovery_2020_23
2023-09-14,10,10,5,1,300,-0.05666441181823191,discovery_2020_23
2023-09-15,10,10,5,1,299,0.11406771431535602,discovery_2020_23
2023-09-18,10,10,5,1,299,-0.09438859798636368,discovery_2020_23
2023-09-19,10,10,5,1,299,-0.09599179180585397,discovery_2020_23
2023-09-20,10,10,5,1,299,-0.11788855488988124,discovery_2020_23
2023-09-21,10,10,5,1,299,0.16668110710556194,discovery_2020_23
2023-09-22,10,10,5,1,300,-0.12941617784550058,discovery_2020_23
2023-09-25,10,10,5,1,300,-0.10343756658156462,discovery_2020_23
2023-09-26,10,10,5,1,300,0.11769414520253398,discovery_2020_23
2023-09-27,10,10,5,1,300,-0.038935166477121017,discovery_2020_23
2023-09-28,10,10,5,1,300,-0.14608516751392228,discovery_2020_23
2023-10-09,10,10,5,1,299,0.02413257021676883,discovery_2020_23
2023-10-10,10,10,5,1,299,-0.20738175192227,discovery_2020_23
2023-10-11,10,10,5,1,299,0.06092592506225786,discovery_2020_23
2023-10-12,10,10,5,1,299,-0.1397189061064673,discovery_2020_23
2023-10-13,10,10,5,1,299,0.03267190143777108,discovery_2020_23
2023-10-16,10,10,5,1,299,-0.05775524924525421,discovery_2020_23
2023-10-17,10,10,5,1,298,0.0683457641506793,discovery_2020_23
2023-10-18,10,10,5,1,298,-0.08934972888841676,discovery_2020_23
2023-10-19,10,10,5,1,296,-0.03939912038193654,discovery_2020_23
2023-10-20,10,10,5,1,296,-0.023722363028332742,discovery_2020_23
2023-10-23,10,10,5,1,296,0.05118581875992626,discovery_2020_23
2023-10-24,10,10,5,1,294,0.11483684576998651,discovery_2020_23
2023-10-25,10,10,5,1,294,0.1270175309357443,discovery_2020_23
2023-10-26,10,10,5,1,295,-0.20663420786459502,discovery_2020_23
2023-10-27,10,10,5,1,296,-0.08085192675183157,discovery_2020_23
2023-10-30,10,10,5,1,296,0.04248051071839488,discovery_2020_23
2023-10-31,10,10,5,1,299,0.07709439473408941,discovery_2020_23
2023-11-01,10,10,5,1,299,0.2221446064529165,discovery_2020_23
2023-11-02,10,10,5,1,299,-0.18625552939920884,discovery_2020_23
2023-11-03,10,10,5,1,299,-0.0880369156950001,discovery_2020_23
2023-11-06,10,10,5,1,299,-0.10973807003032059,discovery_2020_23
2023-11-07,10,10,5,1,300,-0.05136973478415742,discovery_2020_23
2023-11-08,10,10,5,1,300,0.1835543906919648,discovery_2020_23
2023-11-09,10,10,5,1,300,-0.13728272415719964,discovery_2020_23
2023-11-10,10,10,5,1,300,0.031821588435178266,discovery_2020_23
2023-11-13,10,10,5,1,300,-0.21426288064597865,discovery_2020_23
2023-11-14,10,10,5,1,300,0.250713941729984,discovery_2020_23
2023-11-15,10,10,5,1,300,0.09457847392955306,discovery_2020_23
2023-11-16,10,10,5,1,300,-0.26398652133130696,discovery_2020_23
2023-11-17,10,10,5,1,300,0.10689094998771183,discovery_2020_23
2023-11-20,10,10,5,1,300,0.3001107294340821,discovery_2020_23
2023-11-21,10,10,5,1,300,-0.010424407545254684,discovery_2020_23
2023-11-22,10,10,5,1,300,0.029868879902258907,discovery_2020_23
2023-11-23,10,10,5,1,300,0.1098091338804089,discovery_2020_23
2023-11-24,10,10,5,1,300,-0.07489071955757963,discovery_2020_23
2023-11-27,10,10,5,1,300,0.07660761312293683,discovery_2020_23
2023-11-28,10,10,5,1,300,0.03831900563467312,discovery_2020_23
2023-11-29,10,10,5,1,300,0.03804804540544258,discovery_2020_23
2023-11-30,10,10,5,1,300,-0.09098356119284881,discovery_2020_23
2023-12-01,10,10,5,1,300,-0.11801047547449153,discovery_2020_23
2023-12-04,10,10,5,1,299,-4.2198828309128865e-05,discovery_2020_23
2023-12-05,10,10,5,1,291,0.0793933263204646,discovery_2020_23
2023-12-06,10,10,5,1,288,0.019598689904678904,discovery_2020_23
2023-12-07,10,10,5,1,286,-0.011317805103445955,discovery_2020_23
2023-12-08,10,10,5,1,284,-0.06667877730102235,discovery_2020_23
2023-12-11,10,10,5,1,272,0.11634784791766747,discovery_2020_23
2023-12-12,10,10,5,1,274,-0.22464848407854696,discovery_2020_23
2023-12-13,10,10,5,1,273,0.05799031635306039,discovery_2020_23
2023-12-14,10,10,5,1,280,0.025139813683798026,discovery_2020_23
2023-12-15,10,10,5,1,280,-0.02033842805414534,discovery_2020_23
2023-12-18,10,10,5,1,282,-0.04666839094885537,discovery_2020_23
2023-12-19,10,10,5,1,282,0.21997150287954279,discovery_2020_23
2023-12-20,10,10,5,1,281,-0.07716853636253458,discovery_2020_23
2023-12-21,10,10,5,1,282,0.001611033266379756,discovery_2020_23
2023-12-22,10,10,5,1,282,-0.12844312843549544,discovery_2020_23
2023-12-25,10,10,5,1,282,0.06620552039386118,discovery_2020_23
2023-12-26,10,10,5,1,281,0.039945461557198546,discovery_2020_23
2023-12-27,10,10,5,1,281,-0.03576865935200435,discovery_2020_23
2023-12-28,10,10,5,1,283,0.021219907778896426,discovery_2020_23
2023-12-29,10,10,5,1,283,0.061252450872373736,discovery_2020_23
2024-01-02,10,10,5,1,283,0.050333393096760236,review_2024_25
2024-01-03,10,10,5,1,283,0.035487396101429154,review_2024_25
2024-01-04,10,10,5,1,286,-0.09278850934252202,review_2024_25
2024-01-05,10,10,5,1,286,6.412119213259822e-06,review_2024_25
2024-01-08,10,10,5,1,286,-0.06282467537160544,review_2024_25
2024-01-09,10,10,5,1,286,-0.0212647312478441,review_2024_25
2024-01-10,10,10,5,1,286,0.06312575598581018,review_2024_25
2024-01-11,10,10,5,1,300,-0.13119379298226583,review_2024_25
2024-01-12,10,10,5,1,300,-0.044483875815523675,review_2024_25
2024-01-15,10,10,5,1,300,-0.03638854272796573,review_2024_25
2024-01-16,10,10,5,1,300,-0.10794076689082911,review_2024_25
2024-01-17,10,10,5,1,297,0.03362432349065205,review_2024_25
2024-01-18,10,10,5,1,297,0.003233572725477328,review_2024_25
2024-01-19,10,10,5,1,296,-0.17379726467303033,review_2024_25
2024-01-22,10,10,5,1,296,-0.022445402754443382,review_2024_25
2024-01-23,10,10,5,1,296,-0.06702992685903578,review_2024_25
2024-01-24,10,10,5,1,296,0.0751320060735654,review_2024_25
2024-01-25,10,10,5,1,297,0.09647321827846429,review_2024_25
2024-01-26,10,10,5,1,297,0.1415068303968758,review_2024_25
2024-01-29,10,10,5,1,297,-0.013775381375804691,review_2024_25
2024-01-30,10,10,5,1,297,-0.05478448714695796,review_2024_25
2024-01-31,10,10,5,1,298,0.061832695240886186,review_2024_25
2024-02-01,10,10,5,1,298,-0.057891563820353084,review_2024_25
2024-02-02,10,10,5,1,297,0.04416094850604439,review_2024_25
2024-02-05,10,10,5,1,296,0.14299486597184552,review_2024_25
2024-02-06,10,10,5,1,297,0.13153116508821208,review_2024_25
2024-02-07,10,10,5,1,298,0.25365321337226326,review_2024_25
2024-02-08,10,10,5,1,298,-0.12423156484594561,review_2024_25
2024-02-19,10,10,5,1,298,-0.1455079017449957,review_2024_25
2024-02-20,10,10,5,1,300,-0.013719504064951671,review_2024_25
2024-02-21,10,10,5,1,300,-0.006115661560474326,review_2024_25
2024-02-22,10,10,5,1,300,0.24112398703388463,review_2024_25
2024-02-23,10,10,5,1,300,0.1512714921880263,review_2024_25
2024-02-26,10,10,5,1,300,0.047227040825177424,review_2024_25
2024-02-27,10,10,5,1,300,-0.0847057411773465,review_2024_25
2024-02-28,10,10,5,1,300,0.053339022307960185,review_2024_25
2024-02-29,10,10,5,1,300,-0.041950380470506046,review_2024_25
2024-03-01,10,10,5,1,300,0.10115645986415908,review_2024_25
2024-03-04,10,10,5,1,300,0.11839227435726964,review_2024_25
2024-03-05,10,10,5,1,300,-0.11900715774304745,review_2024_25
2024-03-06,10,10,5,1,300,0.22747238730356117,review_2024_25
2024-03-07,10,10,5,1,300,-0.16258708547654196,review_2024_25
2024-03-08,10,10,5,1,300,-0.13600988456533977,review_2024_25
2024-03-11,10,10,5,1,300,0.07194730143228775,review_2024_25
2024-03-12,10,10,5,1,300,-0.010278342136215396,review_2024_25
2024-03-13,10,10,5,1,300,0.2446908702430234,review_2024_25
2024-03-14,10,10,5,1,300,-0.28713307214503103,review_2024_25
2024-03-15,10,10,5,1,300,-0.25852012590645645,review_2024_25
2024-03-18,10,10,5,1,299,0.11785689153976778,review_2024_25
2024-03-19,10,10,5,1,299,-0.013420700593103118,review_2024_25
2024-03-20,10,10,5,1,299,0.22755530816601888,review_2024_25
2024-03-21,10,10,5,1,299,0.25834529621616925,review_2024_25
2024-03-22,10,10,5,1,299,0.2729636741102003,review_2024_25
2024-03-25,10,10,5,1,299,-0.09284870767845695,review_2024_25
2024-03-26,10,10,5,1,299,0.26301194721196214,review_2024_25
2024-03-27,10,10,5,1,299,-0.05208243314571466,review_2024_25
2024-03-28,10,10,5,1,299,-0.04932732104375053,review_2024_25
2024-03-29,10,10,5,1,299,0.03844791948888318,review_2024_25
2024-04-01,10,10,5,1,299,0.010859791275927271,review_2024_25
2024-04-02,10,10,5,1,299,0.008870542801464371,review_2024_25
2024-04-03,10,10,5,1,299,-0.0776416378900951,review_2024_25
2024-04-08,10,10,5,1,299,-0.044032877243206474,review_2024_25
2024-04-09,10,10,5,1,299,0.07641340981510258,review_2024_25
2024-04-10,10,10,5,1,299,-0.16662117513362867,review_2024_25
2024-04-11,10,10,5,1,299,-0.030751740001205712,review_2024_25
2024-04-12,10,10,5,1,299,0.0003398356264009979,review_2024_25
2024-04-15,10,10,5,1,299,0.14384221194220864,review_2024_25
2024-04-16,10,10,5,1,299,-0.01755270029974826,review_2024_25
2024-04-17,10,10,5,1,298,-0.05672636300037276,review_2024_25
2024-04-18,10,10,5,1,298,-0.09053290245726955,review_2024_25
2024-04-19,10,10,5,1,298,0.20004108336762244,review_2024_25
2024-04-22,10,10,5,1,298,0.23682247819978655,review_2024_25
2024-04-23,10,10,5,1,298,-0.20332517366013042,review_2024_25
2024-04-24,10,10,5,1,298,0.03851025917703858,review_2024_25
2024-04-25,10,10,5,1,298,0.17737361040541663,review_2024_25
2024-04-26,10,10,5,1,299,0.2294999321003579,review_2024_25
2024-04-29,10,10,5,1,299,-0.033376131306000666,review_2024_25
2024-04-30,10,10,5,1,300,0.09473316837581405,review_2024_25
2024-05-06,10,10,5,1,300,0.018110372269571035,review_2024_25
2024-05-07,10,10,5,1,300,-0.03793932428235534,review_2024_25
2024-05-08,10,10,5,1,300,0.017251766410489,review_2024_25
2024-05-09,10,10,5,1,300,-0.07481220281632256,review_2024_25
2024-05-10,10,10,5,1,300,-0.019367891266045763,review_2024_25
2024-05-13,10,10,5,1,299,-0.08583475194285357,review_2024_25
2024-05-14,10,10,5,1,299,0.09610199019988105,review_2024_25
2024-05-15,10,10,5,1,299,-0.13329315450490117,review_2024_25
2024-05-16,10,10,5,1,299,-0.21104267267686388,review_2024_25
2024-05-17,10,10,5,1,299,0.07486839278570531,review_2024_25
2024-05-20,10,10,5,1,299,0.11312977181757373,review_2024_25
2024-05-21,10,10,5,1,299,-0.13127930706427646,review_2024_25
2024-05-22,10,10,5,1,299,0.2661730569361826,review_2024_25
2024-05-23,10,10,5,1,300,0.09496854428679219,review_2024_25
2024-05-24,10,10,5,1,300,0.12984486541738197,review_2024_25
2024-05-27,10,10,5,1,300,0.09135489433765384,review_2024_25
2024-05-28,10,10,5,1,300,-0.001323293589229658,review_2024_25
2024-05-29,10,10,5,1,300,0.07328179948192151,review_2024_25
2024-05-30,10,10,5,1,299,0.13279162477859968,review_2024_25
2024-05-31,10,10,5,1,299,0.07535008523231743,review_2024_25
2024-06-03,10,10,5,1,298,0.050070280821642374,review_2024_25
2024-06-04,10,10,5,1,298,0.1203864423382492,review_2024_25
2024-06-05,10,10,5,1,298,0.13539705875465582,review_2024_25
2024-06-06,10,10,5,1,299,0.027204498603477945,review_2024_25
2024-06-07,10,10,5,1,299,-0.17565213897547366,review_2024_25
2024-06-11,10,10,5,1,299,0.09934484221239505,review_2024_25
2024-06-12,10,10,5,1,299,-0.19154584980374129,review_2024_25
2024-06-13,10,10,5,1,298,0.04518127469086083,review_2024_25
2024-06-14,10,10,5,1,298,-0.17884125756866465,review_2024_25
2024-06-17,10,10,5,1,288,-0.01661508104307363,review_2024_25
2024-06-18,10,10,5,1,288,0.16792698983840496,review_2024_25
2024-06-19,10,10,5,1,288,-0.012568458639788626,review_2024_25
2024-06-20,10,10,5,1,288,-0.10210808226839996,review_2024_25
2024-06-21,10,10,5,1,287,0.12532596055326767,review_2024_25
2024-06-24,10,10,5,1,287,0.18888008011617052,review_2024_25
2024-06-25,10,10,5,1,287,0.026005390274916006,review_2024_25
2024-06-26,10,10,5,1,286,0.09079413869169714,review_2024_25
2024-06-27,10,10,5,1,285,-0.12655468595003522,review_2024_25
2024-06-28,10,10,5,1,284,-0.00042696311353174253,review_2024_25
2024-07-01,10,10,5,1,284,-0.013371080892701033,review_2024_25
2024-07-02,10,10,5,1,283,-0.026331063834152155,review_2024_25
2024-07-03,10,10,5,1,280,-0.20843751131988889,review_2024_25
2024-07-04,10,10,5,1,278,0.07595392736079767,review_2024_25
2024-07-05,10,10,5,1,279,-0.23644120769682983,review_2024_25
2024-07-08,10,10,5,1,278,-0.10907551882612512,review_2024_25
2024-07-09,10,10,5,1,275,0.08724518242247675,review_2024_25
2024-07-10,10,10,5,1,275,0.22236647665476517,review_2024_25
2024-07-11,10,10,5,1,277,-0.03534027478431471,review_2024_25
2024-07-12,10,10,5,1,278,0.012423656032152472,review_2024_25
2024-07-15,10,10,5,1,279,-0.2117296020948574,review_2024_25
2024-07-16,10,10,5,1,288,0.3328763433351834,review_2024_25
2024-07-17,10,10,5,1,298,0.056609025063628735,review_2024_25
2024-07-18,10,10,5,1,298,-0.024443550869737627,review_2024_25
2024-07-19,10,10,5,1,298,-0.06940578873836023,review_2024_25
2024-07-22,10,10,5,1,298,0.23803961375303528,review_2024_25
2024-07-23,10,10,5,1,298,0.09445994957769223,review_2024_25
2024-07-24,10,10,5,1,298,-0.1080867770518736,review_2024_25
2024-07-25,10,10,5,1,298,-0.06860958927780011,review_2024_25
2024-07-26,10,10,5,1,298,0.11738134449009123,review_2024_25
2024-07-29,10,10,5,1,298,-0.2062766736487009,review_2024_25
2024-07-30,10,10,5,1,298,-0.09272679948160875,review_2024_25
2024-07-31,10,10,5,1,298,-0.13728186727716743,review_2024_25
2024-08-01,10,10,5,1,299,0.12956290376300603,review_2024_25
2024-08-02,10,10,5,1,299,-0.025836492417080272,review_2024_25
2024-08-05,10,10,5,1,299,0.0035179989088981326,review_2024_25
2024-08-06,10,10,5,1,298,0.2654892658700952,review_2024_25
2024-08-07,10,10,5,1,298,-0.06754292053231752,review_2024_25
2024-08-08,10,10,5,1,298,0.3291242934351577,review_2024_25
2024-08-09,10,10,5,1,298,0.2020098455696936,review_2024_25
2024-08-12,10,10,5,1,298,-0.0892782038660155,review_2024_25
2024-08-13,10,10,5,1,299,0.10008244753646278,review_2024_25
2024-08-14,10,10,5,1,299,0.0040394413423821,review_2024_25
2024-08-15,10,10,5,1,299,0.14155236997571646,review_2024_25
2024-08-16,10,10,5,1,299,-0.004330847185966895,review_2024_25
2024-08-19,10,10,5,1,299,-0.042241031878188395,review_2024_25
2024-08-20,10,10,5,1,298,0.0742027021085119,review_2024_25
2024-08-21,10,10,5,1,298,0.009328376398350465,review_2024_25
2024-08-22,10,10,5,1,296,0.17010311434466185,review_2024_25
2024-08-23,10,10,5,1,294,-0.1600690309682451,review_2024_25
2024-08-26,10,10,5,1,294,-0.08903079113459529,review_2024_25
2024-08-27,10,10,5,1,294,0.13756319804851036,review_2024_25
2024-08-28,10,10,5,1,292,0.2880472195756318,review_2024_25
2024-08-29,10,10,5,1,293,0.22950579571720883,review_2024_25
2024-08-30,10,10,5,1,293,-0.09429950132854803,review_2024_25
2024-09-02,10,10,5,1,292,0.06413122862604277,review_2024_25
2024-09-03,10,10,5,1,293,0.02895519561356563,review_2024_25
2024-09-04,10,10,5,1,293,-0.16926372225292274,review_2024_25
2024-09-05,10,10,5,1,294,0.2331556554727425,review_2024_25
2024-09-06,10,10,5,1,294,-0.22890576163971385,review_2024_25
2024-09-09,10,10,5,1,294,0.050146542608479984,review_2024_25
2024-09-10,10,10,5,1,293,-0.2603110145146006,review_2024_25
2024-09-11,10,10,5,1,292,0.1548345069926461,review_2024_25
2024-09-12,10,10,5,1,293,0.11790576295682167,review_2024_25
2024-09-13,10,10,5,1,293,-0.03841620260306791,review_2024_25
2024-09-18,10,10,5,1,293,-0.04629759612972535,review_2024_25
2024-09-19,10,10,5,1,293,0.11037325969102195,review_2024_25
2024-09-20,10,10,5,1,295,0.021943942926271363,review_2024_25
2024-09-23,10,10,5,1,295,-0.10808918966704638,review_2024_25
2024-09-24,10,10,5,1,295,0.0346767283794123,review_2024_25
2024-09-25,10,10,5,1,295,-0.17265887758127363,review_2024_25
2024-09-26,10,10,5,1,295,-0.06757739947306352,review_2024_25
2024-09-27,10,10,5,1,295,0.16531878180158394,review_2024_25
2024-09-30,10,10,5,1,295,-0.05899725697702602,review_2024_25
2024-10-08,10,10,5,1,295,0.036350930660858025,review_2024_25
2024-10-09,10,10,5,1,293,0.03307345660223976,review_2024_25
2024-10-10,10,10,5,1,292,-0.060503937193839015,review_2024_25
2024-10-11,10,10,5,1,292,-0.020308774345325457,review_2024_25
2024-10-14,10,10,5,1,292,-0.029317992883661978,review_2024_25
2024-10-15,10,10,5,1,292,0.07340247477687095,review_2024_25
2024-10-16,10,10,5,1,295,0.05945550016722614,review_2024_25
2024-10-17,10,10,5,1,296,-0.21964773629096826,review_2024_25
2024-10-18,10,10,5,1,296,-0.019531132514228652,review_2024_25
2024-10-21,10,10,5,1,296,-0.01989028094265381,review_2024_25
2024-10-22,10,10,5,1,296,-0.020835986705841313,review_2024_25
2024-10-23,10,10,5,1,296,-0.035434949100256054,review_2024_25
2024-10-24,10,10,5,1,296,-0.10015212843900685,review_2024_25
2024-10-25,10,10,5,1,296,-0.028407558144699193,review_2024_25
2024-10-28,10,10,5,1,298,0.24233677296965792,review_2024_25
2024-10-29,10,10,5,1,298,-0.18093327737667186,review_2024_25
2024-10-30,10,10,5,1,298,-0.21640870499665135,review_2024_25
2024-10-31,10,10,5,1,298,0.3000136491038311,review_2024_25
2024-11-01,10,10,5,1,298,-0.18362632315622981,review_2024_25
2024-11-04,10,10,5,1,298,-0.43593761637583456,review_2024_25
2024-11-05,10,10,5,1,298,0.03656530170007449,review_2024_25
2024-11-06,10,10,5,1,298,-0.15904869881829992,review_2024_25
2024-11-07,10,10,5,1,298,0.13899722449486815,review_2024_25
2024-11-08,10,10,5,1,298,-0.1929035083428601,review_2024_25
2024-11-11,10,10,5,1,299,0.25166051378909465,review_2024_25
2024-11-12,10,10,5,1,299,-0.01726814455954524,review_2024_25
2024-11-13,10,10,5,1,299,0.33544645960628866,review_2024_25
2024-11-14,10,10,5,1,299,0.3010671278329482,review_2024_25
2024-11-15,10,10,5,1,299,0.24052534356455121,review_2024_25
2024-11-18,10,10,5,1,299,-0.10741174412347627,review_2024_25
2024-11-19,10,10,5,1,300,-0.016561245360416414,review_2024_25
2024-11-20,10,10,5,1,300,0.03242822560756354,review_2024_25
2024-11-21,10,10,5,1,300,0.2189944332714808,review_2024_25
2024-11-22,10,10,5,1,300,0.1204389391861532,review_2024_25
2024-11-25,10,10,5,1,300,0.20009313563841485,review_2024_25
2024-11-26,10,10,5,1,300,-0.10945410504561161,review_2024_25
2024-11-27,10,10,5,1,300,0.05210039046985253,review_2024_25
2024-11-28,10,10,5,1,300,-0.17132074734071484,review_2024_25
2024-11-29,10,10,5,1,300,-0.11797501058077416,review_2024_25
2024-12-02,10,10,5,1,300,0.13645901205685682,review_2024_25
2024-12-03,10,10,5,1,300,0.08451296415931366,review_2024_25
2024-12-04,10,10,5,1,300,-0.1387240743924216,review_2024_25
2024-12-05,10,10,5,1,300,0.006099237162290927,review_2024_25
2024-12-06,10,10,5,1,300,-0.20093289925443616,review_2024_25
2024-12-09,10,10,5,1,300,0.25113173504855896,review_2024_25
2024-12-10,10,10,5,1,300,-0.08655753168917166,review_2024_25
2024-12-11,10,10,5,1,300,0.20971632505565424,review_2024_25
2024-12-12,10,10,5,1,300,0.05884005248956675,review_2024_25
2024-12-13,10,10,5,1,300,0.14600786413913822,review_2024_25
2024-12-16,10,10,5,1,284,0.07587779578061467,review_2024_25
2024-12-17,10,10,5,1,284,0.07145136961560655,review_2024_25
2024-12-18,10,10,5,1,284,-0.13033539810545502,review_2024_25
2024-12-19,10,10,5,1,283,-0.1669853997021616,review_2024_25
2024-12-20,10,10,5,1,283,0.22667921646779063,review_2024_25
2024-12-23,10,10,5,1,283,0.06251599114384855,review_2024_25
2024-12-24,10,10,5,1,283,-0.002427859469581748,review_2024_25
2024-12-25,10,10,5,1,283,-0.17129359018815193,review_2024_25
2024-12-26,10,10,5,1,283,0.017998835992517632,review_2024_25
2024-12-27,10,10,5,1,283,0.010919466288886312,review_2024_25
2024-12-30,10,10,5,1,283,0.26664868291284627,review_2024_25
2024-12-31,10,10,5,1,283,0.2122617097151802,review_2024_25
2025-01-02,10,10,5,1,283,0.33590047550198193,review_2024_25
2025-01-03,10,10,5,1,283,-0.09381898718946985,review_2024_25
2025-01-06,10,10,5,1,283,-0.24751269013775884,review_2024_25
2025-01-07,10,10,5,1,283,0.07022457633388868,review_2024_25
2025-01-08,10,10,5,1,280,-0.025047581294074427,review_2024_25
2025-01-09,10,10,5,1,279,-0.03928406747894023,review_2024_25
2025-01-10,10,10,5,1,279,0.15238741734041206,review_2024_25
2025-01-13,10,10,5,1,277,-0.03499926389104263,review_2024_25
2025-01-14,10,10,5,1,277,-0.06953767839191329,review_2024_25
2025-01-15,10,10,5,1,278,-0.009260041474528809,review_2024_25
2025-01-16,10,10,5,1,294,-0.05607327466418293,review_2024_25
2025-01-17,10,10,5,1,294,0.08619682081698098,review_2024_25
2025-01-20,10,10,5,1,298,-0.040306580596034286,review_2024_25
2025-01-21,10,10,5,1,298,-0.10794518635195151,review_2024_25
2025-01-22,10,10,5,1,298,0.2995044928282222,review_2024_25
2025-01-23,10,10,5,1,298,-0.19357366380306787,review_2024_25
2025-01-24,10,10,5,1,298,0.16758231605358978,review_2024_25
2025-01-27,10,10,5,1,296,-0.20922170989988176,review_2024_25
2025-02-05,10,10,5,1,296,-0.2496372285238255,review_2024_25
2025-02-06,10,10,5,1,296,0.08338821297505349,review_2024_25
2025-02-07,10,10,5,1,296,0.04305471082030342,review_2024_25
2025-02-10,10,10,5,1,296,0.04152715696745557,review_2024_25
2025-02-11,10,10,5,1,296,-0.07306274772565755,review_2024_25
2025-02-12,10,10,5,1,296,0.2228720007121487,review_2024_25
2025-02-13,10,10,5,1,295,-0.1768518867534076,review_2024_25
2025-02-14,10,10,5,1,296,0.043294321894949674,review_2024_25
2025-02-17,10,10,5,1,296,0.23801929258386478,review_2024_25
2025-02-18,10,10,5,1,296,-0.24623977313740228,review_2024_25
2025-02-19,10,10,5,1,296,-0.003007403988944778,review_2024_25
2025-02-20,10,10,5,1,295,-0.34155238187255094,review_2024_25
2025-02-21,10,10,5,1,295,0.2965396955978829,review_2024_25
2025-02-24,10,10,5,1,296,-0.24264647364378275,review_2024_25
2025-02-25,10,10,5,1,296,-0.044749711932089105,review_2024_25
2025-02-26,10,10,5,1,297,0.2277710684704774,review_2024_25
2025-02-27,10,10,5,1,297,0.3358973736497899,review_2024_25
2025-02-28,10,10,5,1,297,0.1574864392231853,review_2024_25
2025-03-03,10,10,5,1,297,-0.12454302225616885,review_2024_25
2025-03-04,10,10,5,1,297,-0.07100944202310738,review_2024_25
2025-03-05,10,10,5,1,297,-0.2964286405483287,review_2024_25
2025-03-06,10,10,5,1,297,0.2653062860426761,review_2024_25
2025-03-07,10,10,5,1,297,0.25295188014605213,review_2024_25
2025-03-10,10,10,5,1,297,-0.21792068561561348,review_2024_25
2025-03-11,10,10,5,1,297,0.07679375464935423,review_2024_25
2025-03-12,10,10,5,1,298,0.2468654960173673,review_2024_25
2025-03-13,10,10,5,1,297,-0.17722718920657726,review_2024_25
2025-03-14,10,10,5,1,297,0.015443345150316673,review_2024_25
2025-03-17,10,10,5,1,296,0.13650988880842926,review_2024_25
2025-03-18,10,10,5,1,296,0.1648912412980488,review_2024_25
2025-03-19,10,10,5,1,296,0.1896022469805194,review_2024_25
2025-03-20,10,10,5,1,296,0.11990758649789154,review_2024_25
2025-03-21,10,10,5,1,296,0.08776109335237092,review_2024_25
2025-03-24,10,10,5,1,296,0.04568481999662784,review_2024_25
2025-03-25,10,10,5,1,296,0.04894517575279898,review_2024_25
2025-03-26,10,10,5,1,296,0.031429849235088035,review_2024_25
2025-03-27,10,10,5,1,296,0.07838594446279361,review_2024_25
2025-03-28,10,10,5,1,296,0.051600042755244505,review_2024_25
2025-03-31,10,10,5,1,296,-0.05111243045623431,review_2024_25
2025-04-01,10,10,5,1,296,0.21957281649130786,review_2024_25
2025-04-02,10,10,5,1,296,0.14396998291550686,review_2024_25
2025-04-03,10,10,5,1,296,0.07760149335793781,review_2024_25
2025-04-07,10,10,5,1,295,0.05523129919304684,review_2024_25
2025-04-08,10,10,5,1,295,0.050657229796539596,review_2024_25
2025-04-09,10,10,5,1,295,-0.17399158331129363,review_2024_25
2025-04-10,10,10,5,1,296,0.1571689603179816,review_2024_25
2025-04-11,10,10,5,1,296,-0.1706753632528072,review_2024_25
2025-04-14,10,10,5,1,296,0.0347345066203649,review_2024_25
2025-04-15,10,10,5,1,297,-0.09963137578312986,review_2024_25
2025-04-16,10,10,5,1,298,0.09141065049936102,review_2024_25
2025-04-17,10,10,5,1,298,0.20580513646879878,review_2024_25
2025-04-18,10,10,5,1,298,0.09698085632672014,review_2024_25
2025-04-21,10,10,5,1,298,0.07297959150796945,review_2024_25
2025-04-22,10,10,5,1,298,0.27033714404691395,review_2024_25
2025-04-23,10,10,5,1,298,0.07892787103240742,review_2024_25
2025-04-24,10,10,5,1,298,0.06550799140173127,review_2024_25
2025-04-25,10,10,5,1,298,0.16671197588917713,review_2024_25
2025-04-28,10,10,5,1,298,-0.03543615500602307,review_2024_25
2025-04-29,10,10,5,1,298,-0.16335706970712113,review_2024_25
2025-04-30,10,10,5,1,298,-0.12320090220171234,review_2024_25
2025-05-06,10,10,5,1,299,0.24923965628962716,review_2024_25
2025-05-07,10,10,5,1,299,-0.0255739836502212,review_2024_25
2025-05-08,10,10,5,1,299,-0.010066179322723775,review_2024_25
2025-05-09,10,10,5,1,299,-0.23587173181280097,review_2024_25
2025-05-12,10,10,5,1,300,0.36057840979131794,review_2024_25
2025-05-13,10,10,5,1,300,-0.0035310717228558275,review_2024_25
2025-05-14,10,10,5,1,300,0.2589880750857626,review_2024_25
2025-05-15,10,10,5,1,300,-0.21988164598969243,review_2024_25
2025-05-16,10,10,5,1,299,0.11811733830737114,review_2024_25
2025-05-19,10,10,5,1,299,0.0038884842169701487,review_2024_25
2025-05-20,10,10,5,1,299,0.11309032857530836,review_2024_25
2025-05-21,10,10,5,1,299,0.1669003694431843,review_2024_25
2025-05-22,10,10,5,1,297,0.07012309984695765,review_2024_25
2025-05-23,10,10,5,1,298,-0.13919212030613357,review_2024_25
2025-05-26,10,10,5,1,298,0.002942869361625374,review_2024_25
2025-05-27,10,10,5,1,298,0.10102944894331574,review_2024_25
2025-05-28,10,10,5,1,298,-0.08064799001542285,review_2024_25
2025-05-29,10,10,5,1,298,0.044633502482805766,review_2024_25
2025-05-30,10,10,5,1,298,-0.10148212665814489,review_2024_25
2025-06-03,10,10,5,1,298,-0.11884638509139613,review_2024_25
2025-06-04,10,10,5,1,298,-0.005490754173988149,review_2024_25
2025-06-05,10,10,5,1,298,0.08102114864913829,review_2024_25
2025-06-06,10,10,5,1,298,-0.15146719555761867,review_2024_25
2025-06-09,10,10,5,1,298,0.1591069038196764,review_2024_25
2025-06-10,10,10,5,1,298,-0.0045103829937413464,review_2024_25
2025-06-11,10,10,5,1,298,-0.18618563400122087,review_2024_25
2025-06-12,10,10,5,1,298,0.10559948705686367,review_2024_25
2025-06-13,10,10,5,1,298,-0.18411150738304088,review_2024_25
2025-06-16,10,10,5,1,291,0.06770839444241031,review_2024_25
2025-06-17,10,10,5,1,291,0.08257075636874664,review_2024_25
2025-06-18,10,10,5,1,290,0.1844238323611246,review_2024_25
2025-06-19,10,10,5,1,290,0.15023680464732936,review_2024_25
2025-06-20,10,10,5,1,290,-0.1991050936790717,review_2024_25
2025-06-23,10,10,5,1,290,-0.1915900950295831,review_2024_25
2025-06-24,10,10,5,1,289,-0.20017622349754624,review_2024_25
2025-06-25,10,10,5,1,290,0.11099705331274083,review_2024_25
2025-06-26,10,10,5,1,290,-0.11223589693484362,review_2024_25
2025-06-27,10,10,5,1,290,0.04284968488615417,review_2024_25
2025-06-30,10,10,5,1,290,0.122691497236564,review_2024_25
2025-07-01,10,10,5,1,291,0.16703203716134213,review_2024_25
2025-07-02,10,10,5,1,291,0.0020977919297634194,review_2024_25
2025-07-03,10,10,5,1,291,0.1060841434720423,review_2024_25
2025-07-04,10,10,5,1,291,-0.02429692974322669,review_2024_25
2025-07-07,10,10,5,1,291,-0.19037624304428602,review_2024_25
2025-07-08,10,10,5,1,291,0.1897432994686499,review_2024_25
2025-07-09,10,10,5,1,291,-0.21151538361385192,review_2024_25
2025-07-10,10,10,5,1,293,-0.2279937846620864,review_2024_25
2025-07-11,10,10,5,1,293,0.24229720162181084,review_2024_25
2025-07-14,10,10,5,1,293,0.032997860452463106,review_2024_25
2025-07-15,10,10,5,1,293,-0.07200750345883851,review_2024_25
2025-07-16,10,10,5,1,300,-0.06478910652214784,review_2024_25
2025-07-17,10,10,5,1,300,0.08463249197093141,review_2024_25
2025-07-18,10,10,5,1,300,-0.10183420957271504,review_2024_25
2025-07-21,10,10,5,1,300,-0.03504402280927954,review_2024_25
2025-07-22,10,10,5,1,300,0.1371216276168032,review_2024_25
2025-07-23,10,10,5,1,300,-0.40604274723763245,review_2024_25
2025-07-24,10,10,5,1,300,0.22074471513489113,review_2024_25
2025-07-25,10,10,5,1,300,-0.05188845295823749,review_2024_25
2025-07-28,10,10,5,1,300,-0.239766727894063,review_2024_25
2025-07-29,10,10,5,1,300,0.1830566629781806,review_2024_25
2025-07-30,10,10,5,1,300,0.19897332192579917,review_2024_25
2025-07-31,10,10,5,1,299,0.20141010423671443,review_2024_25
2025-08-01,10,10,5,1,298,-0.02716377860549583,review_2024_25
2025-08-04,10,10,5,1,298,0.15339243204552186,review_2024_25
2025-08-05,10,10,5,1,298,-0.14161397132889986,review_2024_25
2025-08-06,10,10,5,1,298,0.08591779330895641,review_2024_25
2025-08-07,10,10,5,1,298,-0.05305398710868754,review_2024_25
2025-08-08,10,10,5,1,299,-0.14439081655726077,review_2024_25
2025-08-11,10,10,5,1,297,0.054398399721432476,review_2024_25
2025-08-12,10,10,5,1,297,-0.14139867841735815,review_2024_25
2025-08-13,10,10,5,1,296,0.15410322867229734,review_2024_25
2025-08-14,10,10,5,1,296,-0.32572486861868455,review_2024_25
2025-08-15,10,10,5,1,296,-0.026879854607352118,review_2024_25
2025-08-18,10,10,5,1,296,0.20353042538772267,review_2024_25
2025-08-19,10,10,5,1,296,-0.26923922708919035,review_2024_25
2025-08-20,10,10,5,1,297,0.26102785319868427,review_2024_25
2025-08-21,10,10,5,1,297,-0.4368323510469711,review_2024_25
2025-08-22,10,10,5,1,297,0.11125060133928251,review_2024_25
2025-08-25,10,10,5,1,296,-0.022519596141244484,review_2024_25
2025-08-26,10,10,5,1,296,0.22034638644808135,review_2024_25
2025-08-27,10,10,5,1,296,-0.27726613939781153,review_2024_25
2025-08-28,10,10,5,1,295,-0.09598867112185552,review_2024_25
2025-08-29,10,10,5,1,295,-0.02931001178054176,review_2024_25
2025-09-01,10,10,5,1,295,0.2487574316993583,review_2024_25
2025-09-02,10,10,5,1,295,0.2528257855377473,review_2024_25
2025-09-03,10,10,5,1,296,0.22520913644685206,review_2024_25
2025-09-04,10,10,5,1,295,-0.22500262932234305,review_2024_25
2025-09-05,10,10,5,1,295,-0.1908609071434758,review_2024_25
2025-09-08,10,10,5,1,295,0.29207875439344383,review_2024_25
2025-09-09,10,10,5,1,295,-0.06080919689433342,review_2024_25
2025-09-10,10,10,5,1,295,-0.2228767350608027,review_2024_25
2025-09-11,10,10,5,1,296,-0.1982086300818906,review_2024_25
2025-09-12,10,10,5,1,296,-0.07264143796550626,review_2024_25
2025-09-15,10,10,5,1,296,-0.08857852162999183,review_2024_25
2025-09-16,10,10,5,1,296,-0.04952895804655192,review_2024_25
2025-09-17,10,10,5,1,297,0.0555381558577521,review_2024_25
2025-09-18,10,10,5,1,298,0.04434384082815326,review_2024_25
2025-09-19,10,10,5,1,298,-0.18631135344176092,review_2024_25
2025-09-22,10,10,5,1,298,0.19097925046145353,review_2024_25
2025-09-23,10,10,5,1,298,-0.37754095755043476,review_2024_25
2025-09-24,10,10,5,1,298,-0.1828824303432077,review_2024_25
2025-09-25,10,10,5,1,298,0.18675059186484713,review_2024_25
2025-09-26,10,10,5,1,296,-0.22146782022556905,review_2024_25
2025-09-29,10,10,5,1,296,-0.2613886400214838,review_2024_25
2025-09-30,10,10,5,1,296,0.028624502032080695,review_2024_25
2025-10-09,10,10,5,1,296,0.3347168819108285,review_2024_25
2025-10-10,10,10,5,1,296,-0.33514026373911854,review_2024_25
2025-10-13,10,10,5,1,298,0.33337063036728204,review_2024_25
2025-10-14,10,10,5,1,298,0.021498542611978207,review_2024_25
2025-10-15,10,10,5,1,299,0.14480902313584212,review_2024_25
2025-10-16,10,10,5,1,299,0.1440363376967386,review_2024_25
2025-10-17,10,10,5,1,300,0.09348631861154134,review_2024_25
2025-10-20,10,10,5,1,300,0.08241342850102273,review_2024_25
2025-10-21,10,10,5,1,300,0.038886572793848655,review_2024_25
2025-10-22,10,10,5,1,300,-0.002374280260395195,review_2024_25
2025-10-23,10,10,5,1,299,-0.23439144743630042,review_2024_25
2025-10-24,10,10,5,1,299,-0.08618631746447081,review_2024_25
2025-10-27,10,10,5,1,299,0.09389644383924595,review_2024_25
2025-10-28,10,10,5,1,299,-0.33815384672140003,review_2024_25
2025-10-29,10,10,5,1,299,0.12127516897355406,review_2024_25
2025-10-30,10,10,5,1,300,0.1843357686504103,review_2024_25
2025-10-31,10,10,5,1,300,0.12836381872315,review_2024_25
2025-11-03,10,10,5,1,300,0.33719861353730846,review_2024_25
2025-11-04,10,10,5,1,300,-0.26837189355903174,review_2024_25
2025-11-05,10,10,5,1,300,-0.03421007988376348,review_2024_25
2025-11-06,10,10,5,1,300,-0.06249397906288813,review_2024_25
2025-11-07,10,10,5,1,300,0.22140964339691951,review_2024_25
2025-11-10,10,10,5,1,300,0.3105307728578465,review_2024_25
2025-11-11,10,10,5,1,300,0.3092890127431558,review_2024_25
2025-11-12,10,10,5,1,300,-0.1619028910975409,review_2024_25
2025-11-13,10,10,5,1,300,0.14853842495714398,review_2024_25
2025-11-14,10,10,5,1,299,-0.08773643223698024,review_2024_25
2025-11-17,10,10,5,1,299,0.04530114099636018,review_2024_25
2025-11-18,10,10,5,1,297,0.10044950849936508,review_2024_25
2025-11-19,10,10,5,1,297,0.18730979993215036,review_2024_25
2025-11-20,10,10,5,1,297,0.11450009029399469,review_2024_25
2025-11-21,10,10,5,1,297,0.06539796290678089,review_2024_25
2025-11-24,10,10,5,1,297,0.01023163177048795,review_2024_25
2025-11-25,10,10,5,1,297,0.14571367160895188,review_2024_25
2025-11-26,10,10,5,1,296,-0.0447487954430828,review_2024_25
2025-11-27,10,10,5,1,296,-0.10817497672768894,review_2024_25
2025-11-28,10,10,5,1,295,0.08278536436129229,review_2024_25
2025-12-01,10,10,5,1,296,0.10132112624876811,review_2024_25
2025-12-02,10,10,5,1,296,0.18043750558305527,review_2024_25
2025-12-03,10,10,5,1,297,0.1231457210754362,review_2024_25
2025-12-04,10,10,5,1,296,-0.09320372446579676,review_2024_25
2025-12-05,10,10,5,1,297,-0.013669673632273494,review_2024_25
2025-12-08,10,10,5,1,297,0.0035070956104414574,review_2024_25
2025-12-09,10,10,5,1,297,-0.03494635138545503,review_2024_25
2025-12-10,10,10,5,1,297,0.20376761115403227,review_2024_25
2025-12-11,10,10,5,1,297,0.007058911369202507,review_2024_25
2025-12-12,10,10,5,1,298,0.04087149628015946,review_2024_25
2025-12-15,10,10,5,1,287,0.21729289110852829,review_2024_25
2025-12-16,10,10,5,1,287,-0.337276121823423,review_2024_25
2025-12-17,10,10,5,1,286,0.30254968944322,review_2024_25
2025-12-18,10,10,5,1,286,-0.12744252381133117,review_2024_25
2025-12-19,10,10,5,1,286,-0.19182872502333265,review_2024_25
2025-12-22,10,10,5,1,285,-0.013010175850594113,review_2024_25
2025-12-23,10,10,5,1,285,-0.16343725378329432,review_2024_25
2025-12-24,10,10,5,1,285,-0.08526380647777793,review_2024_25
2025-12-25,10,10,5,1,285,-0.06162754531496301,review_2024_25
2025-12-26,10,10,5,1,284,0.16350652336789803,review_2024_25
2025-12-29,10,10,5,1,285,-0.20558879030396415,review_2024_25
2025-12-30,10,10,5,1,285,0.01175558179637098,review_2024_25
2025-12-31,10,10,5,1,285,-0.13018880884168693,review_2024_25
2026-01-05,10,10,5,1,285,-0.18597845850407063,seen_2026
2026-01-06,10,10,5,1,285,0.07780531990984535,seen_2026
2026-01-07,10,10,5,1,285,0.12610522013510353,seen_2026
2026-01-08,10,10,5,1,285,-0.17646381109127654,seen_2026
2026-01-09,10,10,5,1,285,-0.12431729311409248,seen_2026
2026-01-12,10,10,5,1,284,0.2609177509054986,seen_2026
2026-01-13,10,10,5,1,284,-0.11003689427971292,seen_2026
2026-01-14,10,10,5,1,284,-0.014396637703234735,seen_2026
2026-01-15,10,10,5,1,284,0.006760148703365479,seen_2026
2026-01-16,10,10,5,1,294,0.07980979555899397,seen_2026
2026-01-19,10,10,5,1,295,0.27715364559337663,seen_2026
2026-01-20,10,10,5,1,295,-0.33268608899028945,seen_2026
2026-01-21,10,10,5,1,298,-0.005029564534540709,seen_2026
2026-01-22,10,10,5,1,298,-0.2789808835010505,seen_2026
2026-01-23,10,10,5,1,298,0.14597572486628543,seen_2026
2026-01-26,10,10,5,1,298,-0.0681619638780595,seen_2026
2026-01-27,10,10,5,1,297,0.13485352971226372,seen_2026
2026-01-28,10,10,5,1,297,0.1016466836498738,seen_2026
2026-01-29,10,10,5,1,297,0.17026261609422555,seen_2026
2026-01-30,10,10,5,1,297,0.11963489185976234,seen_2026
2026-02-02,10,10,5,1,297,-0.061726421438861326,seen_2026
2026-02-03,10,10,5,1,296,0.33195587713552105,seen_2026
2026-02-04,10,10,5,1,296,0.34068576501994613,seen_2026
2026-02-05,10,10,5,1,296,-0.3961590160872915,seen_2026
2026-02-06,10,10,5,1,296,0.015354696947095117,seen_2026
2026-02-09,10,10,5,1,296,0.063698977172205,seen_2026
2026-02-10,10,10,5,1,296,-0.04839497842207889,seen_2026
2026-02-11,10,10,5,1,296,-0.06856187155580676,seen_2026
2026-02-12,10,10,5,1,297,-0.18653761111415995,seen_2026
2026-02-13,10,10,5,1,297,0.05810221509402008,seen_2026
2026-02-24,10,10,5,1,298,-0.06175242461260011,seen_2026
2026-02-25,10,10,5,1,298,0.1263478469028153,seen_2026
2026-02-26,10,10,5,1,298,0.04186648244135354,seen_2026
2026-02-27,10,10,5,1,298,0.024306828564796344,seen_2026
2026-03-02,10,10,5,1,298,0.4429731990280575,seen_2026
2026-03-03,10,10,5,1,298,-0.3881240150027867,seen_2026
2026-03-04,10,10,5,1,298,0.20452482983802864,seen_2026
2026-03-05,10,10,5,1,298,0.022332244030726683,seen_2026
2026-03-06,10,10,5,1,298,0.023241376531086193,seen_2026
2026-03-09,10,10,5,1,298,0.05692819510553508,seen_2026
2026-03-10,10,10,5,1,298,-0.17289690333968244,seen_2026
2026-03-11,10,10,5,1,298,-0.10444173425433538,seen_2026
2026-03-12,10,10,5,1,298,0.23857793671568608,seen_2026
2026-03-13,10,10,5,1,298,0.28435740759368083,seen_2026
2026-03-16,10,10,5,1,298,0.3990602962596008,seen_2026
2026-03-17,10,10,5,1,298,-0.01871853565588723,seen_2026
2026-03-18,10,10,5,1,298,0.012531107273850008,seen_2026
2026-03-19,10,10,5,1,298,-0.13448195881373917,seen_2026
2026-03-20,10,10,5,1,297,-0.03124868667271853,seen_2026
2026-03-23,10,10,5,1,297,0.28244356892365863,seen_2026
2026-03-24,10,10,5,1,294,-0.08098700044013389,seen_2026
2026-03-25,10,10,5,1,294,-0.043622313788438796,seen_2026
2026-03-26,10,10,5,1,295,0.076770509798497,seen_2026
2026-03-27,10,10,5,1,295,0.1867483247975971,seen_2026
2026-03-30,10,10,5,1,295,0.13051892589643393,seen_2026
2026-03-31,10,10,5,1,299,0.13792714892744817,seen_2026
2026-04-01,10,10,5,1,299,0.01484008758512257,seen_2026
2026-04-02,10,10,5,1,299,0.11321611483830385,seen_2026
2026-04-03,10,10,5,1,299,0.04159228490424053,seen_2026
2026-04-07,10,10,5,1,299,-0.10195369479688351,seen_2026
2026-04-08,10,10,5,1,299,-0.20992926714056956,seen_2026
2026-04-09,10,10,5,1,299,0.03736487634180336,seen_2026
2026-04-10,10,10,5,1,299,-0.3614462077876382,seen_2026
2026-04-13,10,10,5,1,300,0.01227021405572136,seen_2026
2026-04-14,10,10,5,1,300,0.2430486958161715,seen_2026
2026-04-15,10,10,5,1,300,-0.15098934475744732,seen_2026
2026-04-16,10,10,5,1,299,-0.27032195788859964,seen_2026
2026-04-17,10,10,5,1,299,-0.09585618913353837,seen_2026
2026-04-20,10,10,5,1,299,0.21653566991039716,seen_2026
2026-04-21,10,10,5,1,299,-0.2984413868901996,seen_2026
2026-04-22,10,10,5,1,299,0.136730549764187,seen_2026
2026-04-23,10,10,5,1,299,-0.020588397699694116,seen_2026
2026-04-24,10,10,5,1,299,-0.11944718791486969,seen_2026
2026-04-27,10,10,5,1,298,0.1251064351746735,seen_2026
2026-04-28,10,10,5,1,298,-0.008450230646931898,seen_2026
2026-04-29,10,10,5,1,297,-0.12276389511809796,seen_2026
2026-04-30,10,10,5,1,297,-0.07767942425173387,seen_2026
2026-05-06,10,10,5,1,295,0.04123573036060769,seen_2026
2026-05-07,10,10,5,1,295,-0.00554382818966796,seen_2026
2026-05-08,10,10,5,1,296,-0.04644913960913272,seen_2026
2026-05-11,10,10,5,1,297,0.1642909402150508,seen_2026
2026-05-12,10,10,5,1,297,-0.12750861494218094,seen_2026
2026-05-13,10,10,5,1,295,0.24732217688832733,seen_2026
2026-05-14,10,10,5,1,295,0.13631482649549442,seen_2026
2026-05-15,10,10,5,1,295,-0.06544498855079585,seen_2026
2026-05-18,10,10,5,1,296,0.12411108408129987,seen_2026
2026-05-19,10,10,5,1,296,-0.1353001894005826,seen_2026
2026-05-20,10,10,5,1,296,0.16243512132507898,seen_2026
2026-05-21,10,10,5,1,297,-0.049552778626455914,seen_2026
2026-05-22,10,10,5,1,296,-0.05586118096709105,seen_2026
2026-05-25,10,10,5,1,296,0.14340752806348112,seen_2026
2026-05-26,10,10,5,1,296,-0.023576682114214185,seen_2026
2026-05-27,10,10,5,1,296,-0.1517533687052218,seen_2026
2026-05-28,10,10,5,1,296,0.24561675453767737,seen_2026
2026-05-29,10,10,5,1,297,0.24560991259117182,seen_2026
2026-06-01,10,10,5,1,299,-0.08548493644036312,seen_2026
2026-06-02,10,10,5,1,299,-0.0594862134953443,seen_2026
2026-06-03,10,10,5,1,299,-0.19369924055428014,seen_2026
2026-06-04,10,10,5,1,299,0.25337559952395605,seen_2026
2026-06-05,10,10,5,1,299,-0.08911076995761914,seen_2026
2026-06-08,10,10,5,1,300,-0.082361579597691,seen_2026
2026-06-09,10,10,5,1,297,0.20208900271032887,seen_2026
2026-06-10,10,10,5,1,296,-0.11139778776754405,seen_2026
2026-06-11,10,10,5,1,296,0.12964512835938743,seen_2026
2026-06-12,10,10,5,1,296,-0.08651879162835484,seen_2026
2026-06-15,10,10,5,1,277,-0.017134266175306147,seen_2026
2026-06-16,10,10,5,1,279,-0.12093220891902522,seen_2026
2026-06-17,10,10,5,1,279,-0.062230811363006025,seen_2026
2026-06-18,10,10,5,1,281,-0.055950315302263826,seen_2026
2026-06-22,10,10,5,1,280,0.0884741903699357,seen_2026
2026-06-23,10,10,5,1,280,-0.2833636726415971,seen_2026
2026-06-24,10,10,5,1,280,-0.12411572531417968,seen_2026
2026-06-25,10,10,5,1,280,0.07533278604129305,seen_2026
2026-06-26,10,10,5,1,279,0.03230528145724328,seen_2026
2026-06-29,10,10,5,1,280,-0.2529642324155009,seen_2026
2026-06-30,10,10,5,1,280,0.17489882791810887,seen_2026
2026-07-01,10,10,5,1,277,0.23712512506923322,seen_2026
2026-07-02,10,10,5,1,277,-0.016329919421765763,seen_2026
2026-07-03,10,10,5,1,278,0.3860626027552715,seen_2026
2026-07-06,10,10,5,1,278,0.011423214253548605,seen_2026
2026-07-07,10,10,5,1,278,0.16633724418873277,seen_2026
2026-07-08,10,10,5,1,281,-0.2261015387403762,seen_2026
2026-07-09,10,10,5,1,281,0.19963396014776474,seen_2026
2026-07-10,10,10,5,1,281,0.23817206998727725,seen_2026
2026-07-13,10,10,5,1,280,0.10509822465861217,seen_2026
2026-07-14,10,10,5,1,280,0.17566248025041528,seen_2026
2026-07-15,10,10,5,1,280,-0.1082651196279133,seen_2026
2026-07-16,10,10,5,1,298,0.11529660859162195,seen_2026
2026-07-17,10,10,5,1,298,-0.0014145637717953444,seen_2026
2026-07-20,10,10,5,1,298,0.0779003060277709,seen_2026
2026-07-21,10,10,5,1,299,0.0326295611292342,seen_2026
2026-07-22,10,10,5,1,299,0.1382930619140618,seen_2026
2026-07-23,10,10,5,1,299,0.21616890324462362,seen_2026
2026-07-24,10,10,5,1,299,-0.14808473199740135,seen_2026
2026-07-27,10,10,5,1,299,-0.32871758730175576,seen_2026
2026-07-28,10,10,5,1,299,-0.16835409681225316,seen_2026
2026-07-29,10,10,5,1,299,0.14562083096949105,seen_2026
2026-07-30,10,10,5,1,299,-0.3767142682298906,seen_2026
2026-07-31,10,10,5,1,299,0.16412871715322735,seen_2026
2026-08-03,10,10,5,1,299,0.230333774774977,seen_2026
2026-08-04,10,10,5,1,299,0.21828589937174983,seen_2026
2026-08-05,10,10,5,1,299,0.2655030816513937,seen_2026
2026-08-06,10,10,5,1,299,-0.11322144282817499,seen_2026
2026-08-07,10,10,5,1,299,0.0784743858784654,seen_2026
2026-08-10,10,10,5,1,299,0.05818738321659306,seen_2026
2026-08-11,10,10,5,1,299,-0.031240964811874924,seen_2026
2026-08-12,10,10,5,1,300,0.09721256930038571,seen_2026
2026-08-13,10,10,5,1,300,-0.03715205917246867,seen_2026
2026-08-14,10,10,5,1,300,0.20585443044125337,seen_2026
2026-08-17,10,10,5,1,300,0.009622418947650938,seen_2026
2026-08-18,10,10,5,1,300,-0.11348120895410367,seen_2026
2026-08-19,10,10,5,1,299,0.02665239287257362,seen_2026
2026-08-20,10,10,5,1,299,0.0202854422043226,seen_2026
2026-08-21,10,10,5,1,299,0.012197784031325187,seen_2026
2026-08-24,10,10,5,1,299,0.13585151299838658,seen_2026
2026-08-25,10,10,5,1,299,-0.01832555982613341,seen_2026
2026-08-26,10,10,5,1,300,0.045127769793939745,seen_2026
2026-08-27,10,10,5,1,300,0.04755204354790193,seen_2026
2026-08-28,10,10,5,1,300,-0.12863018533383616,seen_2026
2026-08-31,10,10,5,1,300,-0.024504145340143172,seen_2026
2026-09-01,10,10,5,1,300,-0.023838958031723992,seen_2026
2026-09-02,10,10,5,1,300,-0.04072206680171824,seen_2026
2026-09-03,10,10,5,1,300,0.08894773972475889,seen_2026
2026-09-04,10,10,5,1,300,-0.037160364427167906,seen_2026
2026-09-07,10,10,5,1,299,0.04290705066130814,seen_2026
2026-09-08,10,10,5,1,299,0.06973129652363705,seen_2026
2026-09-09,10,10,5,1,299,0.020042917686058506,seen_2026
2026-09-10,10,10,5,1,298,0.0920541878796379,seen_2026
2026-09-11,10,10,5,1,295,0.05915481345551049,seen_2026
2026-09-14,10,10,5,1,295,0.12847099033861864,seen_2026
2026-09-15,10,10,5,1,295,0.052298951750324896,seen_2026
2026-09-16,10,10,5,1,296,-0.07007007794425937,seen_2026
2026-09-17,10,10,5,1,296,-0.043720260588141976,seen_2026
2026-09-18,10,10,5,1,297,-0.14356471018565264,seen_2026
2026-09-21,10,10,5,1,297,0.24051862608261704,seen_2026
2026-09-22,10,10,5,1,297,0.10681142557270507,seen_2026
2026-09-23,10,10,5,1,297,0.06372315276360423,seen_2026
2026-09-24,10,10,5,1,297,0.23494549714534335,seen_2026
2026-09-28,10,10,5,1,297,-0.08765239530408744,seen_2026
2020-02-11,10,10,5,5,299,-0.24258705898132674,discovery_2020_23
2020-02-12,10,10,5,5,299,-0.05702259032024016,discovery_2020_23
2020-02-13,10,10,5,5,300,-0.07733332088874975,discovery_2020_23
2020-02-14,10,10,5,5,300,-0.08025584304170189,discovery_2020_23
2020-02-17,10,10,5,5,300,-0.08877887271727426,discovery_2020_23
2020-02-18,10,10,5,5,300,-0.25052011689018766,discovery_2020_23
2020-02-19,10,10,5,5,300,-0.14728479152653942,discovery_2020_23
2020-02-20,10,10,5,5,300,0.01534996709405007,discovery_2020_23
2020-02-21,10,10,5,5,300,0.06108690096556628,discovery_2020_23
2020-02-24,10,10,5,5,300,0.14056371800108455,discovery_2020_23
2020-02-25,10,10,5,5,300,0.279789497930811,discovery_2020_23
2020-02-26,10,10,5,5,300,0.2073875947223232,discovery_2020_23
2020-02-27,10,10,5,5,299,0.13461337956649538,discovery_2020_23
2020-02-28,10,10,5,5,299,-0.0022547195635024683,discovery_2020_23
2020-03-02,10,10,5,5,299,0.07932752119228811,discovery_2020_23
2020-03-03,10,10,5,5,298,-0.04872678043489582,discovery_2020_23
2020-03-04,10,10,5,5,298,0.06725285982004321,discovery_2020_23
2020-03-05,10,10,5,5,297,0.15207584462342044,discovery_2020_23
2020-03-06,10,10,5,5,297,0.06310291377405472,discovery_2020_23
2020-03-09,10,10,5,5,297,0.07622845542308632,discovery_2020_23
2020-03-10,10,10,5,5,297,0.10068491715344119,discovery_2020_23
2020-03-11,10,10,5,5,297,0.10385050668238166,discovery_2020_23
2020-03-12,10,10,5,5,297,-0.1404881858505159,discovery_2020_23
2020-03-13,10,10,5,5,297,0.051825162563417605,discovery_2020_23
2020-03-16,10,10,5,5,296,-0.057115828129651,discovery_2020_23
2020-03-17,10,10,5,5,296,-0.021683677748370767,discovery_2020_23
2020-03-18,10,10,5,5,296,0.02858041843180197,discovery_2020_23
2020-03-19,10,10,5,5,296,0.21844615326779962,discovery_2020_23
2020-03-20,10,10,5,5,295,0.22496333561222978,discovery_2020_23
2020-03-23,10,10,5,5,293,0.2706275531653371,discovery_2020_23
2020-03-24,10,10,5,5,293,0.24432600336019217,discovery_2020_23
2020-03-25,10,10,5,5,293,0.246787757004514,discovery_2020_23
2020-03-26,10,10,5,5,293,0.15725753889196756,discovery_2020_23
2020-03-27,10,10,5,5,293,0.20195282165878428,discovery_2020_23
2020-03-30,10,10,5,5,295,0.1584177298409654,discovery_2020_23
2020-03-31,10,10,5,5,295,0.046779157772762446,discovery_2020_23
2020-04-01,10,10,5,5,295,-0.06399896603589564,discovery_2020_23
2020-04-02,10,10,5,5,295,0.059215341540851486,discovery_2020_23
2020-04-03,10,10,5,5,295,-0.02150895250161384,discovery_2020_23
2020-04-07,10,10,5,5,295,-0.001612031643639626,discovery_2020_23
2020-04-08,10,10,5,5,295,0.07634272166713348,discovery_2020_23
2020-04-09,10,10,5,5,295,0.055843299128842304,discovery_2020_23
2020-04-10,10,10,5,5,296,0.018143206398247232,discovery_2020_23
2020-04-13,10,10,5,5,296,0.022044036019916988,discovery_2020_23
2020-04-14,10,10,5,5,297,0.026211934676406607,discovery_2020_23
2020-04-15,10,10,5,5,296,-0.02939860784385641,discovery_2020_23
2020-04-16,10,10,5,5,296,0.001986424939465844,discovery_2020_23
2020-04-17,10,10,5,5,296,0.03645203128492424,discovery_2020_23
2020-04-20,10,10,5,5,296,0.14404808327548552,discovery_2020_23
2020-04-21,10,10,5,5,297,0.1931472793295053,discovery_2020_23
2020-04-22,10,10,5,5,297,0.17424156799319077,discovery_2020_23
2020-04-23,10,10,5,5,298,0.1395016597840479,discovery_2020_23
2020-04-24,10,10,5,5,298,0.04027368940859677,discovery_2020_23
2020-04-27,10,10,5,5,298,-0.050620484332278524,discovery_2020_23
2020-04-28,10,10,5,5,297,-0.17286209785847179,discovery_2020_23
2020-04-29,10,10,5,5,297,-0.11992575810984732,discovery_2020_23
2020-04-30,10,10,5,5,297,-0.027329405357393668,discovery_2020_23
2020-05-06,10,10,5,5,297,0.026970053916580944,discovery_2020_23
2020-05-07,10,10,5,5,297,0.10694430019746443,discovery_2020_23
2020-05-08,10,10,5,5,297,0.05348929778893141,discovery_2020_23
2020-05-11,10,10,5,5,297,0.03120048343253739,discovery_2020_23
2020-05-12,10,10,5,5,297,0.029172821032225817,discovery_2020_23
2020-05-13,10,10,5,5,297,0.02325802700376042,discovery_2020_23
2020-05-14,10,10,5,5,297,0.05902372684519628,discovery_2020_23
2020-05-15,10,10,5,5,297,0.05361205635718176,discovery_2020_23
2020-05-18,10,10,5,5,297,-0.015558041772258127,discovery_2020_23
2020-05-19,10,10,5,5,297,-0.050407050006257725,discovery_2020_23
2020-05-20,10,10,5,5,297,-0.13360815090073894,discovery_2020_23
2020-05-21,10,10,5,5,297,-0.10683450419904318,discovery_2020_23
2020-05-22,10,10,5,5,296,-0.010234833415486045,discovery_2020_23
2020-05-25,10,10,5,5,296,-0.032613140459305544,discovery_2020_23
2020-05-26,10,10,5,5,296,0.037125273737818,discovery_2020_23
2020-05-27,10,10,5,5,295,0.11364466060746169,discovery_2020_23
2020-05-28,10,10,5,5,295,0.04269559035081916,discovery_2020_23
2020-05-29,10,10,5,5,295,0.029296205345725048,discovery_2020_23
2020-06-01,10,10,5,5,294,-0.0051385608710097916,discovery_2020_23
2020-06-02,10,10,5,5,294,0.022594218526888785,discovery_2020_23
2020-06-03,10,10,5,5,295,-0.05101232818295895,discovery_2020_23
2020-06-04,10,10,5,5,295,0.014364244856386281,discovery_2020_23
2020-06-05,10,10,5,5,296,0.0322355258026083,discovery_2020_23
2020-06-08,10,10,5,5,296,0.08747462889884622,discovery_2020_23
2020-06-09,10,10,5,5,296,0.05943956282939333,discovery_2020_23
2020-06-10,10,10,5,5,296,0.07260120801281146,discovery_2020_23
2020-06-11,10,10,5,5,297,-0.029690878332557777,discovery_2020_23
2020-06-12,10,10,5,5,297,-0.044907005813129175,discovery_2020_23
2020-06-15,10,10,5,5,277,-0.03137122827183734,discovery_2020_23
2020-06-16,10,10,5,5,277,-0.03503410559797104,discovery_2020_23
2020-06-17,10,10,5,5,277,0.03626864237189531,discovery_2020_23
2020-06-18,10,10,5,5,277,0.02017517845531063,discovery_2020_23
2020-06-19,10,10,5,5,277,0.02555588553799873,discovery_2020_23
2020-06-22,10,10,5,5,277,0.10369804296194446,discovery_2020_23
2020-06-23,10,10,5,5,277,-0.0022855365145935374,discovery_2020_23
2020-06-24,10,10,5,5,277,-0.14214702637513282,discovery_2020_23
2020-06-29,10,10,5,5,277,-0.06865811698467313,discovery_2020_23
2020-06-30,10,10,5,5,277,-0.10907310851457032,discovery_2020_23
2020-07-01,10,10,5,5,277,-0.22664160368102593,discovery_2020_23
2020-07-02,10,10,5,5,276,-0.203037656859587,discovery_2020_23
2020-07-03,10,10,5,5,276,-0.08212498139652506,discovery_2020_23
2020-07-06,10,10,5,5,275,0.003250050957856264,discovery_2020_23
2020-07-07,10,10,5,5,275,-0.01638643327845003,discovery_2020_23
2020-07-08,10,10,5,5,274,0.2797702792552005,discovery_2020_23
2020-07-09,10,10,5,5,274,0.16692451108731718,discovery_2020_23
2020-07-10,10,10,5,5,274,0.2442276328383515,discovery_2020_23
2020-07-13,10,10,5,5,273,-0.0062576967901141365,discovery_2020_23
2020-07-14,10,10,5,5,273,0.051651374821110804,discovery_2020_23
2020-07-15,10,10,5,5,273,-0.04004171085899321,discovery_2020_23
2020-07-16,10,10,5,5,273,0.24528497742422747,discovery_2020_23
2020-07-17,10,10,5,5,294,-0.12242778265117753,discovery_2020_23
2020-07-20,10,10,5,5,296,0.1769206441234758,discovery_2020_23
2020-07-21,10,10,5,5,297,0.16065287374012208,discovery_2020_23
2020-07-22,10,10,5,5,296,0.178614568283235,discovery_2020_23
2020-07-23,10,10,5,5,297,0.08059100005634913,discovery_2020_23
2020-07-24,10,10,5,5,297,0.2285231490222264,discovery_2020_23
2020-07-27,10,10,5,5,297,0.017803231396249328,discovery_2020_23
2020-07-28,10,10,5,5,297,-0.04135611068925619,discovery_2020_23
2020-07-29,10,10,5,5,297,-0.19972795903315424,discovery_2020_23
2020-07-30,10,10,5,5,297,-0.22772880976355647,discovery_2020_23
2020-07-31,10,10,5,5,297,-0.028146756510990426,discovery_2020_23
2020-08-03,10,10,5,5,296,0.023590460445997434,discovery_2020_23
2020-08-04,10,10,5,5,296,-0.014515056024636753,discovery_2020_23
2020-08-05,10,10,5,5,296,-0.05497693138134098,discovery_2020_23
2020-08-06,10,10,5,5,296,-0.008872313438045015,discovery_2020_23
2020-08-07,10,10,5,5,296,-0.07090096357551041,discovery_2020_23
2020-08-10,10,10,5,5,296,-0.10950555000558738,discovery_2020_23
2020-08-11,10,10,5,5,297,-0.15471650968194992,discovery_2020_23
2020-08-12,10,10,5,5,297,-0.10041709432953522,discovery_2020_23
2020-08-13,10,10,5,5,297,-0.09663419135377754,discovery_2020_23
2020-08-14,10,10,5,5,297,0.05292697060093264,discovery_2020_23
2020-08-17,10,10,5,5,297,0.28628947111672537,discovery_2020_23
2020-08-18,10,10,5,5,297,0.35866399789020476,discovery_2020_23
2020-08-19,10,10,5,5,298,0.36029231298213393,discovery_2020_23
2020-08-20,10,10,5,5,298,0.3306956039594643,discovery_2020_23
2020-08-21,10,10,5,5,298,0.2828958801836116,discovery_2020_23
2020-08-24,10,10,5,5,298,0.20633918887866348,discovery_2020_23
2020-08-25,10,10,5,5,298,0.10290574989809158,discovery_2020_23
2020-08-26,10,10,5,5,299,0.14426533967539487,discovery_2020_23
2020-08-27,10,10,5,5,299,-0.00974119985688404,discovery_2020_23
2020-08-28,10,10,5,5,299,0.06203052369007065,discovery_2020_23
2020-08-31,10,10,5,5,299,-0.05766382692367841,discovery_2020_23
2020-09-01,10,10,5,5,299,-0.20051300785227272,discovery_2020_23
2020-09-02,10,10,5,5,300,-0.2318021664710666,discovery_2020_23
2020-09-03,10,10,5,5,300,-0.1263387651726751,discovery_2020_23
2020-09-04,10,10,5,5,300,-0.08329182360824322,discovery_2020_23
2020-09-07,10,10,5,5,300,-0.05211100967789647,discovery_2020_23
2020-09-08,10,10,5,5,300,-0.009755924116713301,discovery_2020_23
2020-09-09,10,10,5,5,299,0.09497030143894537,discovery_2020_23
2020-09-10,10,10,5,5,299,0.1557653726135923,discovery_2020_23
2020-09-11,10,10,5,5,298,-0.034072898272087516,discovery_2020_23
2020-09-14,10,10,5,5,298,-0.04528660548089777,discovery_2020_23
2020-09-15,10,10,5,5,297,0.02853525143061397,discovery_2020_23
2020-09-16,10,10,5,5,297,0.1568014958288847,discovery_2020_23
2020-09-17,10,10,5,5,297,0.13654850812285685,discovery_2020_23
2020-09-18,10,10,5,5,297,0.1692400148775988,discovery_2020_23
2020-09-21,10,10,5,5,297,0.035174934515381756,discovery_2020_23
2020-09-22,10,10,5,5,296,0.03549049820236261,discovery_2020_23
2020-09-23,10,10,5,5,296,-0.04794529421958775,discovery_2020_23
2020-09-24,10,10,5,5,296,-0.03194405804730035,discovery_2020_23
2020-09-25,10,10,5,5,296,0.1248266418745391,discovery_2020_23
2020-09-28,10,10,5,5,294,0.18183490280985207,discovery_2020_23
2020-09-29,10,10,5,5,294,0.0858816543320998,discovery_2020_23
2020-09-30,10,10,5,5,294,-0.08399470634842485,discovery_2020_23
2020-10-09,10,10,5,5,294,-0.036395455443783364,discovery_2020_23
2020-10-12,10,10,5,5,294,0.08228599842727626,discovery_2020_23
2020-10-13,10,10,5,5,294,0.11007803571182018,discovery_2020_23
2020-10-14,10,10,5,5,294,0.18195029637821786,discovery_2020_23
2020-10-15,10,10,5,5,294,0.12518797427697034,discovery_2020_23
2020-10-16,10,10,5,5,294,0.15863490109153736,discovery_2020_23
2020-10-19,10,10,5,5,294,0.04445361600741286,discovery_2020_23
2020-10-20,10,10,5,5,294,0.07298199303258246,discovery_2020_23
2020-10-21,10,10,5,5,294,0.07505537371146724,discovery_2020_23
2020-10-22,10,10,5,5,294,0.07921278091778068,discovery_2020_23
2020-10-23,10,10,5,5,294,0.09000744928666592,discovery_2020_23
2020-10-26,10,10,5,5,294,0.08440516566742087,discovery_2020_23
2020-10-27,10,10,5,5,294,0.08420603525500352,discovery_2020_23
2020-10-28,10,10,5,5,295,0.03279844849273896,discovery_2020_23
2020-10-29,10,10,5,5,295,0.048650534196988886,discovery_2020_23
2020-10-30,10,10,5,5,295,0.050151688155189354,discovery_2020_23
2020-11-02,10,10,5,5,295,0.14912474748342439,discovery_2020_23
2020-11-03,10,10,5,5,296,0.0821886115583084,discovery_2020_23
2020-11-04,10,10,5,5,296,0.06975552701391115,discovery_2020_23
2020-11-05,10,10,5,5,296,0.015589248226308819,discovery_2020_23
2020-11-06,10,10,5,5,295,0.05243264846333387,discovery_2020_23
2020-11-09,10,10,5,5,295,-0.010973946517845126,discovery_2020_23
2020-11-10,10,10,5,5,296,0.019460296843908414,discovery_2020_23
2020-11-11,10,10,5,5,296,-0.04630611622090286,discovery_2020_23
2020-11-12,10,10,5,5,297,-0.01957243822162649,discovery_2020_23
2020-11-13,10,10,5,5,297,-0.02541219495411904,discovery_2020_23
2020-11-16,10,10,5,5,297,-0.12804769260895446,discovery_2020_23
2020-11-17,10,10,5,5,297,-0.16971095284572393,discovery_2020_23
2020-11-18,10,10,5,5,297,-0.1010275211971247,discovery_2020_23
2020-11-19,10,10,5,5,297,-0.09355541162576353,discovery_2020_23
2020-11-20,10,10,5,5,297,-0.01580882466612726,discovery_2020_23
2020-11-23,10,10,5,5,298,0.04685220996347344,discovery_2020_23
2020-11-24,10,10,5,5,297,0.020038854697258905,discovery_2020_23
2020-11-25,10,10,5,5,297,-0.01590547956688379,discovery_2020_23
2020-11-26,10,10,5,5,298,0.0578234465955729,discovery_2020_23
2020-11-27,10,10,5,5,299,0.23039742460272594,discovery_2020_23
2020-11-30,10,10,5,5,299,0.28425107728302895,discovery_2020_23
2020-12-01,10,10,5,5,298,0.30266779744061506,discovery_2020_23
2020-12-02,10,10,5,5,298,0.2724093984671749,discovery_2020_23
2020-12-03,10,10,5,5,298,0.2667566176859879,discovery_2020_23
2020-12-04,10,10,5,5,298,0.2328646615194616,discovery_2020_23
2020-12-07,10,10,5,5,298,0.15892830562910815,discovery_2020_23
2020-12-08,10,10,5,5,298,0.2707602013672466,discovery_2020_23
2020-12-09,10,10,5,5,298,0.27286972049732383,discovery_2020_23
2020-12-10,10,10,5,5,298,0.1264292070024643,discovery_2020_23
2020-12-11,10,10,5,5,298,0.08508823978224987,discovery_2020_23
2020-12-14,10,10,5,5,272,0.1048992134668489,discovery_2020_23
2020-12-15,10,10,5,5,272,0.10488623512224785,discovery_2020_23
2020-12-16,10,10,5,5,271,0.04980170543879931,discovery_2020_23
2020-12-17,10,10,5,5,270,0.08500619578686493,discovery_2020_23
2020-12-18,10,10,5,5,270,0.052657634383035265,discovery_2020_23
2020-12-21,10,10,5,5,270,0.04923040342759021,discovery_2020_23
2020-12-22,10,10,5,5,270,0.059433370132352156,discovery_2020_23
2020-12-23,10,10,5,5,271,-0.07381167899928547,discovery_2020_23
2020-12-24,10,10,5,5,272,-0.13083174475770187,discovery_2020_23
2020-12-25,10,10,5,5,272,-0.13775867692899124,discovery_2020_23
2020-12-28,10,10,5,5,272,-0.15484701202292417,discovery_2020_23
2020-12-29,10,10,5,5,272,-0.2811907591594033,discovery_2020_23
2020-12-30,10,10,5,5,272,-0.25216181548974126,discovery_2020_23
2020-12-31,10,10,5,5,272,-0.13724796530532224,discovery_2020_23
2021-01-04,10,10,5,5,272,0.06926472754322376,discovery_2020_23
2021-01-05,10,10,5,5,272,0.03361553751451148,discovery_2020_23
2021-01-06,10,10,5,5,272,0.03727845900914645,discovery_2020_23
2021-01-07,10,10,5,5,272,0.09158424882349597,discovery_2020_23
2021-01-08,10,10,5,5,272,0.07191428594003679,discovery_2020_23
2021-01-11,10,10,5,5,272,0.07959203054124765,discovery_2020_23
2021-01-12,10,10,5,5,272,0.04029284151923613,discovery_2020_23
2021-01-13,10,10,5,5,271,0.14430236909200617,discovery_2020_23
2021-01-14,10,10,5,5,296,0.09901939576647491,discovery_2020_23
2021-01-15,10,10,5,5,296,0.001140123174021479,discovery_2020_23
2021-01-18,10,10,5,5,297,0.019737553294600276,discovery_2020_23
2021-01-19,10,10,5,5,298,0.08103821088939267,discovery_2020_23
2021-01-20,10,10,5,5,299,0.16441561356647436,discovery_2020_23
2021-01-21,10,10,5,5,298,0.18033790812389308,discovery_2020_23
2021-01-22,10,10,5,5,298,0.2013253000165412,discovery_2020_23
2021-01-25,10,10,5,5,298,0.11354759398325229,discovery_2020_23
2021-01-26,10,10,5,5,299,0.18204350098535915,discovery_2020_23
2021-01-27,10,10,5,5,299,0.1577937347907066,discovery_2020_23
2021-01-28,10,10,5,5,298,0.09525627677680348,discovery_2020_23
2021-01-29,10,10,5,5,297,0.03502030497019751,discovery_2020_23
2021-02-01,10,10,5,5,295,0.009439849298990182,discovery_2020_23
2021-02-02,10,10,5,5,295,-0.07345764845846271,discovery_2020_23
2021-02-03,10,10,5,5,293,-0.012381681732793599,discovery_2020_23
2021-02-04,10,10,5,5,291,-0.04938178418205105,discovery_2020_23
2021-02-05,10,10,5,5,290,-0.030829924686044473,discovery_2020_23
2021-02-08,10,10,5,5,292,0.08533484613861775,discovery_2020_23
2021-02-09,10,10,5,5,292,0.09269656185674842,discovery_2020_23
2021-02-10,10,10,5,5,291,0.14674711527032983,discovery_2020_23
2021-02-18,10,10,5,5,292,0.05004790980233209,discovery_2020_23
2021-02-19,10,10,5,5,292,-0.0864304401725239,discovery_2020_23
2021-02-22,10,10,5,5,295,-0.03725860593148757,discovery_2020_23
2021-02-23,10,10,5,5,296,-0.008636525585678128,discovery_2020_23
2021-02-24,10,10,5,5,296,-0.01191718355612317,discovery_2020_23
2021-02-25,10,10,5,5,296,-0.12358204535288389,discovery_2020_23
2021-02-26,10,10,5,5,296,-0.02480254038351238,discovery_2020_23
2021-03-01,10,10,5,5,297,-0.24014135554286362,discovery_2020_23
2021-03-02,10,10,5,5,297,-0.33479174040871046,discovery_2020_23
2021-03-03,10,10,5,5,297,-0.2668590647880613,discovery_2020_23
2021-03-04,10,10,5,5,295,0.017818621207106,discovery_2020_23
2021-03-05,10,10,5,5,293,-0.1837316940201602,discovery_2020_23
2021-03-08,10,10,5,5,293,-0.036922946278890256,discovery_2020_23
2021-03-09,10,10,5,5,292,-0.07973671729522154,discovery_2020_23
2021-03-10,10,10,5,5,290,-0.08602182281587419,discovery_2020_23
2021-03-11,10,10,5,5,291,-0.10766709167548924,discovery_2020_23
2021-03-12,10,10,5,5,292,0.030772041202081647,discovery_2020_23
2021-03-15,10,10,5,5,293,0.12562594832984825,discovery_2020_23
2021-03-16,10,10,5,5,294,0.06870682212619678,discovery_2020_23
2021-03-17,10,10,5,5,296,-0.21078592187841338,discovery_2020_23
2021-03-18,10,10,5,5,296,-0.05658234039078531,discovery_2020_23
2021-03-19,10,10,5,5,297,0.11068602243395188,discovery_2020_23
2021-03-22,10,10,5,5,294,0.1349491977847788,discovery_2020_23
2021-03-23,10,10,5,5,294,0.2804267358752782,discovery_2020_23
2021-03-24,10,10,5,5,295,0.26631947090237174,discovery_2020_23
2021-03-25,10,10,5,5,295,0.23778642011087536,discovery_2020_23
2021-03-26,10,10,5,5,295,0.23870316953042778,discovery_2020_23
2021-03-29,10,10,5,5,295,0.1849774316171514,discovery_2020_23
2021-03-30,10,10,5,5,296,-0.007827708059851779,discovery_2020_23
2021-03-31,10,10,5,5,297,0.07309997906692345,discovery_2020_23
2021-04-01,10,10,5,5,298,-0.030107603433318735,discovery_2020_23
2021-04-02,10,10,5,5,298,-0.05304895150240933,discovery_2020_23
2021-04-06,10,10,5,5,298,-0.15310942189982327,discovery_2020_23
2021-04-07,10,10,5,5,298,-0.03684282244356917,discovery_2020_23
2021-04-08,10,10,5,5,298,-0.06251405722291335,discovery_2020_23
2021-04-09,10,10,5,5,298,-0.0539515659120804,discovery_2020_23
2021-04-12,10,10,5,5,298,0.01028876516002163,discovery_2020_23
2021-04-13,10,10,5,5,298,0.04316531919146221,discovery_2020_23
2021-04-14,10,10,5,5,298,0.0940020571287801,discovery_2020_23
2021-04-15,10,10,5,5,297,0.07087066193055913,discovery_2020_23
2021-04-16,10,10,5,5,297,0.2328334540425347,discovery_2020_23
2021-04-19,10,10,5,5,297,0.23450336790077694,discovery_2020_23
2021-04-20,10,10,5,5,297,0.2315498344076819,discovery_2020_23
2021-04-21,10,10,5,5,297,0.11712948457914901,discovery_2020_23
2021-04-22,10,10,5,5,297,0.1745033060634593,discovery_2020_23
2021-04-23,10,10,5,5,298,0.04971739909446668,discovery_2020_23
2021-04-26,10,10,5,5,298,0.025692054261307117,discovery_2020_23
2021-04-27,10,10,5,5,298,-0.020761590083410397,discovery_2020_23
2021-04-28,10,10,5,5,298,0.01543096057100391,discovery_2020_23
2021-04-29,10,10,5,5,297,0.021286721679065694,discovery_2020_23
2021-04-30,10,10,5,5,297,0.04206084152831195,discovery_2020_23
2021-05-06,10,10,5,5,297,0.0990003362159373,discovery_2020_23
2021-05-07,10,10,5,5,298,0.137863883299504,discovery_2020_23
2021-05-10,10,10,5,5,298,0.10512615381057548,discovery_2020_23
2021-05-11,10,10,5,5,298,0.09882120502516213,discovery_2020_23
2021-05-12,10,10,5,5,298,0.10138281865129874,discovery_2020_23
2021-05-13,10,10,5,5,298,0.1075557885331519,discovery_2020_23
2021-05-14,10,10,5,5,298,0.010603465925620474,discovery_2020_23
2021-05-17,10,10,5,5,298,0.003078767264241711,discovery_2020_23
2021-05-18,10,10,5,5,298,0.02349214806593351,discovery_2020_23
2021-05-19,10,10,5,5,298,0.008976436598858143,discovery_2020_23
2021-05-20,10,10,5,5,298,-0.09949942728205458,discovery_2020_23
2021-05-21,10,10,5,5,298,-0.06241221326969835,discovery_2020_23
2021-05-24,10,10,5,5,298,-0.08072814608908785,discovery_2020_23
2021-05-25,10,10,5,5,298,0.015504876038080019,discovery_2020_23
2021-05-26,10,10,5,5,299,0.04170322589913371,discovery_2020_23
2021-05-27,10,10,5,5,299,0.006398734753286695,discovery_2020_23
2021-05-28,10,10,5,5,299,0.09671051501910269,discovery_2020_23
2021-05-31,10,10,5,5,299,0.10462684391224102,discovery_2020_23
2021-06-01,10,10,5,5,299,-0.018486237564248484,discovery_2020_23
2021-06-02,10,10,5,5,298,0.0015764691853087911,discovery_2020_23
2021-06-03,10,10,5,5,298,-0.039418471157718876,discovery_2020_23
2021-06-04,10,10,5,5,298,0.07510881367681405,discovery_2020_23
2021-06-07,10,10,5,5,296,0.12847625689745187,discovery_2020_23
2021-06-08,10,10,5,5,296,0.09341375273578663,discovery_2020_23
2021-06-09,10,10,5,5,295,0.02455827785184675,discovery_2020_23
2021-06-10,10,10,5,5,295,-0.08651686968878254,discovery_2020_23
2021-06-11,10,10,5,5,295,-0.2263144505214767,discovery_2020_23
2021-06-15,10,10,5,5,271,-0.2073748681830051,discovery_2020_23
2021-06-16,10,10,5,5,271,-0.11803493179916545,discovery_2020_23
2021-06-17,10,10,5,5,271,-0.039104045873009655,discovery_2020_23
2021-06-18,10,10,5,5,269,0.021044779340015456,discovery_2020_23
2021-06-21,10,10,5,5,269,0.09327184792269037,discovery_2020_23
2021-06-22,10,10,5,5,269,0.03438605360138604,discovery_2020_23
2021-06-23,10,10,5,5,269,0.0020893169108437233,discovery_2020_23
2021-06-24,10,10,5,5,269,0.1331072817746864,discovery_2020_23
2021-06-25,10,10,5,5,269,0.04655039548231581,discovery_2020_23
2021-06-28,10,10,5,5,272,0.056036704830362355,discovery_2020_23
2021-06-29,10,10,5,5,272,0.12365579615689827,discovery_2020_23
2021-06-30,10,10,5,5,272,0.20651328041653136,discovery_2020_23
2021-07-01,10,10,5,5,272,-0.14028701848343372,discovery_2020_23
2021-07-02,10,10,5,5,272,-0.1494419073340978,discovery_2020_23
2021-07-05,10,10,5,5,272,-0.04419221358815345,discovery_2020_23
2021-07-06,10,10,5,5,272,-0.025479326949811327,discovery_2020_23
2021-07-07,10,10,5,5,272,-0.020562367206599926,discovery_2020_23
2021-07-08,10,10,5,5,272,0.030258595243184003,discovery_2020_23
2021-07-09,10,10,5,5,272,0.12626064228894568,discovery_2020_23
2021-07-12,10,10,5,5,272,0.1534216873612867,discovery_2020_23
2021-07-13,10,10,5,5,272,0.08539216092601647,discovery_2020_23
2021-07-14,10,10,5,5,272,0.04186182556325056,discovery_2020_23
2021-07-15,10,10,5,5,296,-0.14373375156368265,discovery_2020_23
2021-07-16,10,10,5,5,295,-0.21859126949362567,discovery_2020_23
2021-07-19,10,10,5,5,294,-0.31857362135930695,discovery_2020_23
2021-07-20,10,10,5,5,294,-0.25492439817633555,discovery_2020_23
2021-07-21,10,10,5,5,294,-0.17935913819821617,discovery_2020_23
2021-07-22,10,10,5,5,294,-0.18612289595023124,discovery_2020_23
2021-07-23,10,10,5,5,295,-0.10916731328353606,discovery_2020_23
2021-07-26,10,10,5,5,296,-0.1258653019722821,discovery_2020_23
2021-07-27,10,10,5,5,297,0.008179473881234158,discovery_2020_23
2021-07-28,10,10,5,5,297,-0.16888968081399866,discovery_2020_23
2021-07-29,10,10,5,5,298,-0.06366908897092209,discovery_2020_23
2021-07-30,10,10,5,5,297,0.020964065779915563,discovery_2020_23
2021-08-02,10,10,5,5,297,0.13599148294017296,discovery_2020_23
2021-08-03,10,10,5,5,297,0.023069441818585265,discovery_2020_23
2021-08-04,10,10,5,5,296,0.11886225040860474,discovery_2020_23
2021-08-05,10,10,5,5,297,0.048152942448244467,discovery_2020_23
2021-08-06,10,10,5,5,298,0.08806160957078298,discovery_2020_23
2021-08-09,10,10,5,5,298,0.02656025183330567,discovery_2020_23
2021-08-10,10,10,5,5,298,-0.04036960712886029,discovery_2020_23
2021-08-11,10,10,5,5,298,-0.12308337265197622,discovery_2020_23
2021-08-12,10,10,5,5,298,-0.038445597640587865,discovery_2020_23
2021-08-13,10,10,5,5,299,-0.1928378928461655,discovery_2020_23
2021-08-16,10,10,5,5,299,-0.18068321852129313,discovery_2020_23
2021-08-17,10,10,5,5,299,-0.09888528164116209,discovery_2020_23
2021-08-18,10,10,5,5,299,-0.0010305044814375144,discovery_2020_23
2021-08-19,10,10,5,5,299,-0.10048353594018472,discovery_2020_23
2021-08-20,10,10,5,5,299,0.02123769218993825,discovery_2020_23
2021-08-23,10,10,5,5,299,-0.05111131063275797,discovery_2020_23
2021-08-24,10,10,5,5,299,-0.21348031128493383,discovery_2020_23
2021-08-25,10,10,5,5,298,-0.3105901328836841,discovery_2020_23
2021-08-26,10,10,5,5,298,-0.43807675643100213,discovery_2020_23
2021-08-27,10,10,5,5,298,-0.34575880981696716,discovery_2020_23
2021-08-30,10,10,5,5,298,-0.28610231653754414,discovery_2020_23
2021-08-31,10,10,5,5,298,-0.2346567286748203,discovery_2020_23
2021-09-01,10,10,5,5,297,-0.25935438183760334,discovery_2020_23
2021-09-02,10,10,5,5,297,0.038115601873991135,discovery_2020_23
2021-09-03,10,10,5,5,298,-0.1300464103274238,discovery_2020_23
2021-09-06,10,10,5,5,298,-0.32935438620201735,discovery_2020_23
2021-09-07,10,10,5,5,299,-0.08188460009530858,discovery_2020_23
2021-09-08,10,10,5,5,299,-0.20321456380655578,discovery_2020_23
2021-09-09,10,10,5,5,300,0.055641062678474205,discovery_2020_23
2021-09-10,10,10,5,5,300,0.08974611826199438,discovery_2020_23
2021-09-13,10,10,5,5,300,0.1194391048789431,discovery_2020_23
2021-09-14,10,10,5,5,299,-0.02353437897402755,discovery_2020_23
2021-09-15,10,10,5,5,299,0.25034929073974826,discovery_2020_23
2021-09-16,10,10,5,5,299,0.3387136851504395,discovery_2020_23
2021-09-17,10,10,5,5,299,0.21569124353548305,discovery_2020_23
2021-09-22,10,10,5,5,299,0.293586725427969,discovery_2020_23
2021-09-23,10,10,5,5,299,0.32471832811666446,discovery_2020_23
2021-09-24,10,10,5,5,299,0.19573098199041472,discovery_2020_23
2021-09-27,10,10,5,5,299,0.06040001813653193,discovery_2020_23
2021-09-28,10,10,5,5,299,0.1340405378105991,discovery_2020_23
2021-09-29,10,10,5,5,299,0.15155084095774682,discovery_2020_23
2021-09-30,10,10,5,5,299,0.2320285336553479,discovery_2020_23
2021-10-08,10,10,5,5,299,0.23279480065484656,discovery_2020_23
2021-10-11,10,10,5,5,299,0.13082310161388072,discovery_2020_23
2021-10-12,10,10,5,5,299,0.1263859680783781,discovery_2020_23
2021-10-13,10,10,5,5,299,0.05023188036898969,discovery_2020_23
2021-10-14,10,10,5,5,299,0.0635876062443547,discovery_2020_23
2021-10-15,10,10,5,5,299,0.13024982604206414,discovery_2020_23
2021-10-18,10,10,5,5,299,0.10743423684892985,discovery_2020_23
2021-10-19,10,10,5,5,299,0.0474462647380509,discovery_2020_23
2021-10-20,10,10,5,5,299,0.03181727886837189,discovery_2020_23
2021-10-21,10,10,5,5,299,0.03829813023276694,discovery_2020_23
2021-10-22,10,10,5,5,299,0.07356516063171517,discovery_2020_23
2021-10-25,10,10,5,5,299,0.05556329325529129,discovery_2020_23
2021-10-26,10,10,5,5,299,0.053212273574106086,discovery_2020_23
2021-10-27,10,10,5,5,299,0.06833160572450497,discovery_2020_23
2021-10-28,10,10,5,5,299,0.06339057454341658,discovery_2020_23
2021-10-29,10,10,5,5,299,0.02777334153816335,discovery_2020_23
2021-11-01,10,10,5,5,299,-0.0323018562995219,discovery_2020_23
2021-11-02,10,10,5,5,299,-0.017416004924698553,discovery_2020_23
2021-11-03,10,10,5,5,299,0.02028283103985796,discovery_2020_23
2021-11-04,10,10,5,5,299,0.023928982955375225,discovery_2020_23
2021-11-05,10,10,5,5,298,-0.05561102865723579,discovery_2020_23
2021-11-08,10,10,5,5,298,-0.08526130659077857,discovery_2020_23
2021-11-09,10,10,5,5,295,0.06023227547740625,discovery_2020_23
2021-11-10,10,10,5,5,292,0.056743587928138856,discovery_2020_23
2021-11-11,10,10,5,5,292,0.04235128369687716,discovery_2020_23
2021-11-12,10,10,5,5,292,0.11266533371944674,discovery_2020_23
2021-11-15,10,10,5,5,292,0.12369428667311824,discovery_2020_23
2021-11-16,10,10,5,5,293,0.04433263934972468,discovery_2020_23
2021-11-17,10,10,5,5,298,0.06513584929431064,discovery_2020_23
2021-11-18,10,10,5,5,299,-0.021560060690198654,discovery_2020_23
2021-11-19,10,10,5,5,298,0.03433361375966092,discovery_2020_23
2021-11-22,10,10,5,5,298,0.025737856492150008,discovery_2020_23
2021-11-23,10,10,5,5,298,0.026588556876447747,discovery_2020_23
2021-11-24,10,10,5,5,298,-0.0169500633028597,discovery_2020_23
2021-11-25,10,10,5,5,298,-0.06396817972427415,discovery_2020_23
2021-11-26,10,10,5,5,298,-0.09101633406202339,discovery_2020_23
2021-11-29,10,10,5,5,298,-0.061693226852258067,discovery_2020_23
2021-11-30,10,10,5,5,298,-0.010499602316991263,discovery_2020_23
2021-12-01,10,10,5,5,298,-0.004246904522387536,discovery_2020_23
2021-12-02,10,10,5,5,297,0.061247801482973784,discovery_2020_23
2021-12-03,10,10,5,5,297,0.16466901160434422,discovery_2020_23
2021-12-06,10,10,5,5,297,0.13463914406850636,discovery_2020_23
2021-12-07,10,10,5,5,296,0.026835495166403715,discovery_2020_23
2021-12-08,10,10,5,5,296,0.015601985454863476,discovery_2020_23
2021-12-09,10,10,5,5,296,-0.08862558951165808,discovery_2020_23
2021-12-10,10,10,5,5,297,0.00821520304972544,discovery_2020_23
2021-12-13,10,10,5,5,270,-0.11011797298209872,discovery_2020_23
2021-12-14,10,10,5,5,270,-0.06954980330472449,discovery_2020_23
2021-12-15,10,10,5,5,270,-0.08413848520918249,discovery_2020_23
2021-12-16,10,10,5,5,270,-0.09998423986022179,discovery_2020_23
2021-12-17,10,10,5,5,270,-0.028687332101690412,discovery_2020_23
2021-12-20,10,10,5,5,270,-0.045714155070241645,discovery_2020_23
2021-12-21,10,10,5,5,270,0.039392521441633806,discovery_2020_23
2021-12-22,10,10,5,5,270,0.03037369716336572,discovery_2020_23
2021-12-23,10,10,5,5,270,0.10684919981842855,discovery_2020_23
2021-12-24,10,10,5,5,269,0.16432477671339987,discovery_2020_23
2021-12-27,10,10,5,5,269,0.026579929747164395,discovery_2020_23
2021-12-28,10,10,5,5,269,-0.1516207173286764,discovery_2020_23
2021-12-29,10,10,5,5,269,-0.18133128985359814,discovery_2020_23
2021-12-30,10,10,5,5,269,-0.18562084250371438,discovery_2020_23
2021-12-31,10,10,5,5,269,-0.12488926180084725,discovery_2020_23
2022-01-04,10,10,5,5,270,-0.06690627777340077,discovery_2020_23
2022-01-05,10,10,5,5,271,0.014000444673903503,discovery_2020_23
2022-01-06,10,10,5,5,271,-0.06568900757573544,discovery_2020_23
2022-01-07,10,10,5,5,271,0.07387551459667657,discovery_2020_23
2022-01-10,10,10,5,5,271,0.10913525311723707,discovery_2020_23
2022-01-11,10,10,5,5,270,0.27275874026337393,discovery_2020_23
2022-01-12,10,10,5,5,270,0.018358747764223835,discovery_2020_23
2022-01-13,10,10,5,5,297,0.06539663490442298,discovery_2020_23
2022-01-14,10,10,5,5,296,0.029422965071221552,discovery_2020_23
2022-01-17,10,10,5,5,296,-0.007572527349227188,discovery_2020_23
2022-01-18,10,10,5,5,296,0.019510265272977136,discovery_2020_23
2022-01-19,10,10,5,5,296,0.12130379438166476,discovery_2020_23
2022-01-20,10,10,5,5,296,0.09991604082882244,discovery_2020_23
2022-01-21,10,10,5,5,297,0.03177019229580384,discovery_2020_23
2022-01-24,10,10,5,5,298,-0.20382885219175562,discovery_2020_23
2022-01-25,10,10,5,5,299,-0.3616138807209715,discovery_2020_23
2022-01-26,10,10,5,5,297,-0.2699761995064009,discovery_2020_23
2022-01-27,10,10,5,5,296,-0.27607777268794215,discovery_2020_23
2022-01-28,10,10,5,5,295,-0.24640779941568594,discovery_2020_23
2022-02-07,10,10,5,5,295,-0.16980469948402732,discovery_2020_23
2022-02-08,10,10,5,5,294,0.008333979684850112,discovery_2020_23
2022-02-09,10,10,5,5,293,-0.037119747647418676,discovery_2020_23
2022-02-10,10,10,5,5,293,0.23594285065468518,discovery_2020_23
2022-02-11,10,10,5,5,297,0.23267695670518446,discovery_2020_23
2022-02-14,10,10,5,5,297,0.1662166456452927,discovery_2020_23
2022-02-15,10,10,5,5,298,-0.12619441048549968,discovery_2020_23
2022-02-16,10,10,5,5,299,0.15502557029985536,discovery_2020_23
2022-02-17,10,10,5,5,299,0.16029967456394734,discovery_2020_23
2022-02-18,10,10,5,5,299,0.20158829206976273,discovery_2020_23
2022-02-21,10,10,5,5,299,0.25296157807474495,discovery_2020_23
2022-02-22,10,10,5,5,299,0.28054768692060783,discovery_2020_23
2022-02-23,10,10,5,5,299,0.023509487452022002,discovery_2020_23
2022-02-24,10,10,5,5,299,-0.29928655626423356,discovery_2020_23
2022-02-25,10,10,5,5,299,-0.353077940064951,discovery_2020_23
2022-02-28,10,10,5,5,299,-0.2713305072077251,discovery_2020_23
2022-03-01,10,10,5,5,299,-0.12372316263643574,discovery_2020_23
2022-03-02,10,10,5,5,298,0.026076575283097043,discovery_2020_23
2022-03-03,10,10,5,5,298,-0.0205405268142356,discovery_2020_23
2022-03-04,10,10,5,5,298,-0.021003059030306973,discovery_2020_23
2022-03-07,10,10,5,5,298,-0.015895300108898006,discovery_2020_23
2022-03-08,10,10,5,5,298,-0.048145253572741166,discovery_2020_23
2022-03-09,10,10,5,5,298,-0.04153702477266852,discovery_2020_23
2022-03-10,10,10,5,5,297,0.09026717970289094,discovery_2020_23
2022-03-11,10,10,5,5,296,0.12966431820036417,discovery_2020_23
2022-03-14,10,10,5,5,296,-0.01614638587831074,discovery_2020_23
2022-03-15,10,10,5,5,294,-0.061587154674445706,discovery_2020_23
2022-03-16,10,10,5,5,293,-0.07701049130390109,discovery_2020_23
2022-03-17,10,10,5,5,294,-0.014889628755803791,discovery_2020_23
2022-03-18,10,10,5,5,295,0.06992997840455469,discovery_2020_23
2022-03-21,10,10,5,5,295,0.09795912834519507,discovery_2020_23
2022-03-22,10,10,5,5,296,0.07262871500159634,discovery_2020_23
2022-03-23,10,10,5,5,299,0.05195979976198579,discovery_2020_23
2022-03-24,10,10,5,5,299,0.11272385723371682,discovery_2020_23
2022-03-25,10,10,5,5,299,0.13196697402605795,discovery_2020_23
2022-03-28,10,10,5,5,299,0.14994547259831215,discovery_2020_23
2022-03-29,10,10,5,5,298,0.20840176776219188,discovery_2020_23
2022-03-30,10,10,5,5,298,0.1010141409284527,discovery_2020_23
2022-03-31,10,10,5,5,298,-0.11131239652646281,discovery_2020_23
2022-04-01,10,10,5,5,298,-0.17617771403161145,discovery_2020_23
2022-04-06,10,10,5,5,297,-0.11183093336898275,discovery_2020_23
2022-04-07,10,10,5,5,297,-0.16494363458415223,discovery_2020_23
2022-04-08,10,10,5,5,297,-0.002834212320865809,discovery_2020_23
2022-04-11,10,10,5,5,296,0.3298641858188163,discovery_2020_23
2022-04-12,10,10,5,5,294,0.2400032394328814,discovery_2020_23
2022-04-13,10,10,5,5,292,0.2729373216863734,discovery_2020_23
2022-04-14,10,10,5,5,291,0.21037758302794696,discovery_2020_23
2022-04-15,10,10,5,5,291,-0.001766505043426697,discovery_2020_23
2022-04-18,10,10,5,5,289,-0.22829614604462475,discovery_2020_23
2022-04-19,10,10,5,5,290,-0.20345039201955387,discovery_2020_23
2022-04-20,10,10,5,5,292,-0.0794969953957943,discovery_2020_23
2022-04-21,10,10,5,5,294,0.008608604236257604,discovery_2020_23
2022-04-22,10,10,5,5,294,0.11815768130587692,discovery_2020_23
2022-04-25,10,10,5,5,296,0.18727379845327918,discovery_2020_23
2022-04-26,10,10,5,5,296,0.2522357195992001,discovery_2020_23
2022-04-27,10,10,5,5,296,0.22888078499195524,discovery_2020_23
2022-04-28,10,10,5,5,296,0.3002156239444375,discovery_2020_23
2022-04-29,10,10,5,5,296,0.24168005067856074,discovery_2020_23
2022-05-05,10,10,5,5,296,0.25088155731296957,discovery_2020_23
2022-05-06,10,10,5,5,296,0.10195612815698603,discovery_2020_23
2022-05-09,10,10,5,5,296,0.02131970429439904,discovery_2020_23
2022-05-10,10,10,5,5,296,0.08684338747992877,discovery_2020_23
2022-05-11,10,10,5,5,296,0.053987948643535524,discovery_2020_23
2022-05-12,10,10,5,5,296,0.04939155060495317,discovery_2020_23
2022-05-13,10,10,5,5,296,0.11109138130633106,discovery_2020_23
2022-05-16,10,10,5,5,297,0.2316696155814481,discovery_2020_23
2022-05-17,10,10,5,5,298,0.09038138578368247,discovery_2020_23
2022-05-18,10,10,5,5,298,0.03764274883100739,discovery_2020_23
2022-05-19,10,10,5,5,297,0.14697267900734545,discovery_2020_23
2022-05-20,10,10,5,5,297,0.021741293766955355,discovery_2020_23
2022-05-23,10,10,5,5,297,0.04075607835342017,discovery_2020_23
2022-05-24,10,10,5,5,297,0.024855910132379987,discovery_2020_23
2022-05-25,10,10,5,5,297,0.007352702044731885,discovery_2020_23
2022-05-26,10,10,5,5,297,-0.036342478423643354,discovery_2020_23
2022-05-27,10,10,5,5,297,-0.028442885430988617,discovery_2020_23
2022-05-30,10,10,5,5,297,-0.03912057267761966,discovery_2020_23
2022-05-31,10,10,5,5,297,-0.060052112880284884,discovery_2020_23
2022-06-01,10,10,5,5,297,-0.06181578869318437,discovery_2020_23
2022-06-02,10,10,5,5,297,-0.08853418152849948,discovery_2020_23
2022-06-06,10,10,5,5,298,-0.20836884478553577,discovery_2020_23
2022-06-07,10,10,5,5,298,-0.2426389549237521,discovery_2020_23
2022-06-08,10,10,5,5,299,-0.19773071286062313,discovery_2020_23
2022-06-09,10,10,5,5,299,-0.2758480284833518,discovery_2020_23
2022-06-10,10,10,5,5,299,-0.14830156373666,discovery_2020_23
2022-06-13,10,10,5,5,271,-0.001078371240378669,discovery_2020_23
2022-06-14,10,10,5,5,271,0.1143317708456605,discovery_2020_23
2022-06-15,10,10,5,5,271,0.14999248576931495,discovery_2020_23
2022-06-16,10,10,5,5,270,-0.046255473707153424,discovery_2020_23
2022-06-17,10,10,5,5,270,0.005706935553996291,discovery_2020_23
2022-06-20,10,10,5,5,270,0.022411346783017778,discovery_2020_23
2022-06-21,10,10,5,5,270,0.033368115285142746,discovery_2020_23
2022-06-22,10,10,5,5,270,0.14428565462684553,discovery_2020_23
2022-06-23,10,10,5,5,271,0.2843387005858512,discovery_2020_23
2022-06-24,10,10,5,5,271,0.16678813604903175,discovery_2020_23
2022-06-27,10,10,5,5,271,0.09897927267866476,discovery_2020_23
2022-06-28,10,10,5,5,271,0.04112643836867948,discovery_2020_23
2022-06-29,10,10,5,5,271,0.023536363396561594,discovery_2020_23
2022-06-30,10,10,5,5,272,0.06412672089332945,discovery_2020_23
2022-07-01,10,10,5,5,272,0.08491480492368908,discovery_2020_23
2022-07-04,10,10,5,5,272,0.03483828955936617,discovery_2020_23
2022-07-05,10,10,5,5,272,0.10179983246347532,discovery_2020_23
2022-07-06,10,10,5,5,272,0.0542959442336623,discovery_2020_23
2022-07-07,10,10,5,5,272,0.05941810615037578,discovery_2020_23
2022-07-08,10,10,5,5,272,0.17440346605909648,discovery_2020_23
2022-07-11,10,10,5,5,272,-0.0231253443756157,discovery_2020_23
2022-07-12,10,10,5,5,272,-0.0745873304284645,discovery_2020_23
2022-07-13,10,10,5,5,300,-0.042574302860878196,discovery_2020_23
2022-07-14,10,10,5,5,300,-0.035277320056155796,discovery_2020_23
2022-07-15,10,10,5,5,300,-0.09085399932671452,discovery_2020_23
2022-07-18,10,10,5,5,299,0.03419543184011111,discovery_2020_23
2022-07-19,10,10,5,5,299,0.07193614494899257,discovery_2020_23
2022-07-20,10,10,5,5,299,0.09506083428765041,discovery_2020_23
2022-07-21,10,10,5,5,299,0.13044629850383807,discovery_2020_23
2022-07-22,10,10,5,5,297,0.039073410997980874,discovery_2020_23
2022-07-25,10,10,5,5,297,-0.11442564334881078,discovery_2020_23
2022-07-26,10,10,5,5,297,-0.10683242730222597,discovery_2020_23
2022-07-27,10,10,5,5,297,-0.1053203905552899,discovery_2020_23
2022-07-28,10,10,5,5,297,-0.12041924326926647,discovery_2020_23
2022-07-29,10,10,5,5,298,0.019741995720714223,discovery_2020_23
2022-08-01,10,10,5,5,298,0.11661545221600397,discovery_2020_23
2022-08-02,10,10,5,5,298,0.030925297778980527,discovery_2020_23
2022-08-03,10,10,5,5,296,-0.06155330394339587,discovery_2020_23
2022-08-04,10,10,5,5,296,-0.13368201799997995,discovery_2020_23
2022-08-05,10,10,5,5,297,0.03548788745409725,discovery_2020_23
2022-08-08,10,10,5,5,297,-0.009968591780445402,discovery_2020_23
2022-08-09,10,10,5,5,296,0.04619137049621735,discovery_2020_23
2022-08-10,10,10,5,5,298,0.08421728523940163,discovery_2020_23
2022-08-11,10,10,5,5,298,-0.02718530866035506,discovery_2020_23
2022-08-12,10,10,5,5,298,-0.06245322294344763,discovery_2020_23
2022-08-15,10,10,5,5,298,-0.11669719301817912,discovery_2020_23
2022-08-16,10,10,5,5,298,-0.16609783974291642,discovery_2020_23
2022-08-17,10,10,5,5,298,-0.008413469850052814,discovery_2020_23
2022-08-18,10,10,5,5,298,0.06492389778731644,discovery_2020_23
2022-08-19,10,10,5,5,298,0.11896914628485546,discovery_2020_23
2022-08-22,10,10,5,5,298,0.044538728617040675,discovery_2020_23
2022-08-23,10,10,5,5,298,0.1336414891698078,discovery_2020_23
2022-08-24,10,10,5,5,297,0.20105622827259467,discovery_2020_23
2022-08-25,10,10,5,5,297,0.17285709885122144,discovery_2020_23
2022-08-26,10,10,5,5,297,0.08436244858628103,discovery_2020_23
2022-08-29,10,10,5,5,297,0.04362123442810113,discovery_2020_23
2022-08-30,10,10,5,5,297,-0.029601537322221056,discovery_2020_23
2022-08-31,10,10,5,5,298,-0.13862410013868406,discovery_2020_23
2022-09-01,10,10,5,5,298,-0.09527458785437756,discovery_2020_23
2022-09-02,10,10,5,5,298,-0.020758649664091414,discovery_2020_23
2022-09-05,10,10,5,5,298,0.08064379360011566,discovery_2020_23
2022-09-06,10,10,5,5,297,0.094742131427715,discovery_2020_23
2022-09-07,10,10,5,5,297,0.09739377465405234,discovery_2020_23
2022-09-08,10,10,5,5,297,0.1256832453334699,discovery_2020_23
2022-09-09,10,10,5,5,297,0.1445980923645695,discovery_2020_23
2022-09-13,10,10,5,5,297,0.1859041312729282,discovery_2020_23
2022-09-14,10,10,5,5,298,0.04550345716993844,discovery_2020_23
2022-09-15,10,10,5,5,298,0.09026064555682298,discovery_2020_23
2022-09-16,10,10,5,5,298,0.04607523737985807,discovery_2020_23
2022-09-19,10,10,5,5,299,0.17064175558817596,discovery_2020_23
2022-09-20,10,10,5,5,299,0.08943479137761579,discovery_2020_23
2022-09-21,10,10,5,5,299,0.06261085714538296,discovery_2020_23
2022-09-22,10,10,5,5,299,-0.004863190500774392,discovery_2020_23
2022-09-23,10,10,5,5,299,-0.028501720331947877,discovery_2020_23
2022-09-26,10,10,5,5,299,-0.1703886199585456,discovery_2020_23
2022-09-27,10,10,5,5,299,-0.06701760544886558,discovery_2020_23
2022-09-28,10,10,5,5,298,0.04759894425614184,discovery_2020_23
2022-09-29,10,10,5,5,296,0.11350161428957455,discovery_2020_23
2022-09-30,10,10,5,5,295,0.17360675163123795,discovery_2020_23
2022-10-10,10,10,5,5,294,0.17361966108984953,discovery_2020_23
2022-10-11,10,10,5,5,292,0.13381239899302708,discovery_2020_23
2022-10-12,10,10,5,5,293,0.06306077548253054,discovery_2020_23
2022-10-13,10,10,5,5,292,0.06431269025065996,discovery_2020_23
2022-10-14,10,10,5,5,293,-0.07638743448025828,discovery_2020_23
2022-10-17,10,10,5,5,293,-0.09144384593061614,discovery_2020_23
2022-10-18,10,10,5,5,297,-0.13353461782560586,discovery_2020_23
2022-10-19,10,10,5,5,298,-0.02853183516693347,discovery_2020_23
2022-10-20,10,10,5,5,299,-0.04518284953360317,discovery_2020_23
2022-10-21,10,10,5,5,299,-0.010629166573140895,discovery_2020_23
2022-10-24,10,10,5,5,298,0.048858598848608804,discovery_2020_23
2022-10-25,10,10,5,5,298,0.08793464123566548,discovery_2020_23
2022-10-26,10,10,5,5,298,0.0632511070382778,discovery_2020_23
2022-10-27,10,10,5,5,298,0.05535933403286989,discovery_2020_23
2022-10-28,10,10,5,5,298,0.07350182579544949,discovery_2020_23
2022-10-31,10,10,5,5,298,0.20706200147215384,discovery_2020_23
2022-11-01,10,10,5,5,297,0.17452420748581748,discovery_2020_23
2022-11-02,10,10,5,5,297,0.16488157962302333,discovery_2020_23
2022-11-03,10,10,5,5,297,0.20669787466285913,discovery_2020_23
2022-11-04,10,10,5,5,297,0.23144743278971466,discovery_2020_23
2022-11-07,10,10,5,5,298,0.1356987839152902,discovery_2020_23
2022-11-08,10,10,5,5,298,0.10826363852609108,discovery_2020_23
2022-11-09,10,10,5,5,298,0.1273567221854614,discovery_2020_23
2022-11-10,10,10,5,5,299,0.038457135546180125,discovery_2020_23
2022-11-11,10,10,5,5,299,-0.17557650285807433,discovery_2020_23
2022-11-14,10,10,5,5,299,-0.2242091338251831,discovery_2020_23
2022-11-15,10,10,5,5,299,-0.11108640783443852,discovery_2020_23
2022-11-16,10,10,5,5,299,-0.07858658135318851,discovery_2020_23
2022-11-17,10,10,5,5,299,0.04432359415582122,discovery_2020_23
2022-11-18,10,10,5,5,299,-0.028482673038719316,discovery_2020_23
2022-11-21,10,10,5,5,299,-0.0072167013742726535,discovery_2020_23
2022-11-22,10,10,5,5,299,-0.048040677879360796,discovery_2020_23
2022-11-23,10,10,5,5,299,-0.09855806488314534,discovery_2020_23
2022-11-24,10,10,5,5,299,-0.1400178335653296,discovery_2020_23
2022-11-25,10,10,5,5,298,-0.007395908874332294,discovery_2020_23
2022-11-28,10,10,5,5,299,-0.14483314512203121,discovery_2020_23
2022-11-29,10,10,5,5,299,0.0670088288712748,discovery_2020_23
2022-11-30,10,10,5,5,299,0.11886673508704701,discovery_2020_23
2022-12-01,10,10,5,5,299,0.0735795659883871,discovery_2020_23
2022-12-02,10,10,5,5,299,0.056532089754260266,discovery_2020_23
2022-12-05,10,10,5,5,299,0.1458384936183814,discovery_2020_23
2022-12-06,10,10,5,5,299,-0.02829140272752708,discovery_2020_23
2022-12-07,10,10,5,5,299,-0.08889810182289266,discovery_2020_23
2022-12-08,10,10,5,5,299,0.0466988604964517,discovery_2020_23
2022-12-09,10,10,5,5,299,0.01837044818403358,discovery_2020_23
2022-12-12,10,10,5,5,284,-0.03465254985370658,discovery_2020_23
2022-12-13,10,10,5,5,284,0.15412989521486997,discovery_2020_23
2022-12-14,10,10,5,5,284,0.057115989595748186,discovery_2020_23
2022-12-15,10,10,5,5,284,-0.015270834733074851,discovery_2020_23
2022-12-16,10,10,5,5,283,0.151937109462277,discovery_2020_23
2022-12-19,10,10,5,5,283,0.16072095826053356,discovery_2020_23
2022-12-20,10,10,5,5,283,0.19561101440236472,discovery_2020_23
2022-12-21,10,10,5,5,283,0.16982222956868934,discovery_2020_23
2022-12-22,10,10,5,5,283,0.11757832333815549,discovery_2020_23
2022-12-23,10,10,5,5,282,0.11763465691079748,discovery_2020_23
2022-12-26,10,10,5,5,281,0.039938836456793435,discovery_2020_23
2022-12-27,10,10,5,5,281,0.02863362889723399,discovery_2020_23
2022-12-28,10,10,5,5,281,0.015450953424449488,discovery_2020_23
2022-12-29,10,10,5,5,281,0.01017374491275911,discovery_2020_23
2022-12-30,10,10,5,5,283,0.0037765898024138826,discovery_2020_23
2023-01-03,10,10,5,5,284,0.13043243653851694,discovery_2020_23
2023-01-04,10,10,5,5,284,0.19483014373431157,discovery_2020_23
2023-01-05,10,10,5,5,284,0.14847642672101044,discovery_2020_23
2023-01-06,10,10,5,5,284,0.060936676526097064,discovery_2020_23
2023-01-09,10,10,5,5,284,0.0853464268954346,discovery_2020_23
2023-01-10,10,10,5,5,284,0.07418925085369919,discovery_2020_23
2023-01-11,10,10,5,5,284,0.0829499279998185,discovery_2020_23
2023-01-12,10,10,5,5,299,-0.003721355144304386,discovery_2020_23
2023-01-13,10,10,5,5,299,0.01716684634842052,discovery_2020_23
2023-01-16,10,10,5,5,299,-0.00876344948873696,discovery_2020_23
2023-01-17,10,10,5,5,299,-0.027232612874302977,discovery_2020_23
2023-01-18,10,10,5,5,299,-0.024625133204793936,discovery_2020_23
2023-01-19,10,10,5,5,300,0.046544806777551836,discovery_2020_23
2023-01-20,10,10,5,5,300,-0.006672519324939132,discovery_2020_23
2023-01-30,10,10,5,5,300,-0.06171381459657451,discovery_2020_23
2023-01-31,10,10,5,5,300,-0.08467965459598335,discovery_2020_23
2023-02-01,10,10,5,5,300,0.032217472662748964,discovery_2020_23
2023-02-02,10,10,5,5,300,-0.08346545601018437,discovery_2020_23
2023-02-03,10,10,5,5,300,-0.10561010927238426,discovery_2020_23
2023-02-06,10,10,5,5,300,-0.045787460316865196,discovery_2020_23
2023-02-07,10,10,5,5,300,0.03793146207573038,discovery_2020_23
2023-02-08,10,10,5,5,300,-0.12996485841678362,discovery_2020_23
2023-02-09,10,10,5,5,300,-0.02008378763488132,discovery_2020_23
2023-02-10,10,10,5,5,300,-0.02546920017912902,discovery_2020_23
2023-02-13,10,10,5,5,300,-0.07009805354068843,discovery_2020_23
2023-02-14,10,10,5,5,300,-0.21316046874932454,discovery_2020_23
2023-02-15,10,10,5,5,300,-0.16497642190825504,discovery_2020_23
2023-02-16,10,10,5,5,300,-0.28930994551272293,discovery_2020_23
2023-02-17,10,10,5,5,300,-0.18237784815056438,discovery_2020_23
2023-02-20,10,10,5,5,300,-0.05751543353925587,discovery_2020_23
2023-02-21,10,10,5,5,300,-0.0016435802092711232,discovery_2020_23
2023-02-22,10,10,5,5,300,-0.13921454356273472,discovery_2020_23
2023-02-23,10,10,5,5,300,-0.2667526529221401,discovery_2020_23
2023-02-24,10,10,5,5,300,-0.27198349670368693,discovery_2020_23
2023-02-27,10,10,5,5,300,-0.2254543078761231,discovery_2020_23
2023-02-28,10,10,5,5,300,-0.15558374599537267,discovery_2020_23
2023-03-01,10,10,5,5,300,-0.050347453899205176,discovery_2020_23
2023-03-02,10,10,5,5,300,0.015726403949558303,discovery_2020_23
2023-03-03,10,10,5,5,300,0.020576230911035904,discovery_2020_23
2023-03-06,10,10,5,5,300,-0.2230760598186466,discovery_2020_23
2023-03-07,10,10,5,5,300,-0.214714624289985,discovery_2020_23
2023-03-08,10,10,5,5,299,-0.26619367768319396,discovery_2020_23
2023-03-09,10,10,5,5,299,-0.19074419807874768,discovery_2020_23
2023-03-10,10,10,5,5,299,-0.337461076248922,discovery_2020_23
2023-03-13,10,10,5,5,299,-0.32231962496011796,discovery_2020_23
2023-03-14,10,10,5,5,299,-0.19664463335661075,discovery_2020_23
2023-03-15,10,10,5,5,299,-0.04717300885066955,discovery_2020_23
2023-03-16,10,10,5,5,298,-0.08786778601385266,discovery_2020_23
2023-03-17,10,10,5,5,299,0.16607552760606237,discovery_2020_23
2023-03-20,10,10,5,5,299,0.19377299404101483,discovery_2020_23
2023-03-21,10,10,5,5,296,0.026673524065734498,discovery_2020_23
2023-03-22,10,10,5,5,296,0.07006653464699784,discovery_2020_23
2023-03-23,10,10,5,5,296,0.30791921564648367,discovery_2020_23
2023-03-24,10,10,5,5,296,0.22270632236537333,discovery_2020_23
2023-03-27,10,10,5,5,295,-0.023182711887378277,discovery_2020_23
2023-03-28,10,10,5,5,299,-0.2034190486002719,discovery_2020_23
2023-03-29,10,10,5,5,298,-0.27647480873406416,discovery_2020_23
2023-03-30,10,10,5,5,298,-0.2644960978780646,discovery_2020_23
2023-03-31,10,10,5,5,298,-0.11662153623052368,discovery_2020_23
2023-04-03,10,10,5,5,299,-0.04091057797502204,discovery_2020_23
2023-04-04,10,10,5,5,299,-0.04470330364227486,discovery_2020_23
2023-04-06,10,10,5,5,300,0.09132122776342187,discovery_2020_23
2023-04-07,10,10,5,5,300,0.08364896661028909,discovery_2020_23
2023-04-10,10,10,5,5,300,0.09319749032739202,discovery_2020_23
2023-04-11,10,10,5,5,300,0.14753852820586896,discovery_2020_23
2023-04-12,10,10,5,5,300,0.18071202799053745,discovery_2020_23
2023-04-13,10,10,5,5,300,-0.08480542441824611,discovery_2020_23
2023-04-14,10,10,5,5,300,0.06879365326281403,discovery_2020_23
2023-04-17,10,10,5,5,300,0.07663019329439189,discovery_2020_23
2023-04-18,10,10,5,5,300,0.006903855254375675,discovery_2020_23
2023-04-19,10,10,5,5,300,0.023522263972073607,discovery_2020_23
2023-04-20,10,10,5,5,300,0.13084537699913298,discovery_2020_23
2023-04-21,10,10,5,5,300,-0.03724561185777192,discovery_2020_23
2023-04-24,10,10,5,5,300,-0.1215511283458705,discovery_2020_23
2023-04-25,10,10,5,5,300,-0.14824150726205204,discovery_2020_23
2023-04-26,10,10,5,5,300,-0.24106226080981724,discovery_2020_23
2023-04-27,10,10,5,5,299,-0.2343873576785449,discovery_2020_23
2023-04-28,10,10,5,5,299,-0.13479338286458217,discovery_2020_23
2023-05-04,10,10,5,5,299,0.03972122729483777,discovery_2020_23
2023-05-05,10,10,5,5,299,0.06173015196067429,discovery_2020_23
2023-05-08,10,10,5,5,299,0.28635015436251426,discovery_2020_23
2023-05-09,10,10,5,5,299,0.35928984302146566,discovery_2020_23
2023-05-10,10,10,5,5,298,0.20192838108954234,discovery_2020_23
2023-05-11,10,10,5,5,297,0.09660592142698607,discovery_2020_23
2023-05-12,10,10,5,5,297,0.23894394699763832,discovery_2020_23
2023-05-15,10,10,5,5,297,0.24254018567229832,discovery_2020_23
2023-05-16,10,10,5,5,297,0.2678833807743905,discovery_2020_23
2023-05-17,10,10,5,5,295,0.33592911083898896,discovery_2020_23
2023-05-18,10,10,5,5,296,0.3113915508025246,discovery_2020_23
2023-05-19,10,10,5,5,296,0.10567217128594435,discovery_2020_23
2023-05-22,10,10,5,5,297,-0.08061936249855714,discovery_2020_23
2023-05-23,10,10,5,5,297,-0.19879330159629452,discovery_2020_23
2023-05-24,10,10,5,5,297,-0.2634506338964191,discovery_2020_23
2023-05-25,10,10,5,5,299,-0.15681658507499507,discovery_2020_23
2023-05-26,10,10,5,5,300,0.050520845312685476,discovery_2020_23
2023-05-29,10,10,5,5,300,0.02673453115458487,discovery_2020_23
2023-05-30,10,10,5,5,300,0.1880038875991842,discovery_2020_23
2023-05-31,10,10,5,5,299,0.24056611979148992,discovery_2020_23
2023-06-01,10,10,5,5,297,0.25743879938510816,discovery_2020_23
2023-06-02,10,10,5,5,297,0.009946188937510135,discovery_2020_23
2023-06-05,10,10,5,5,297,-0.001961624756659199,discovery_2020_23
2023-06-06,10,10,5,5,297,-0.14687706339326,discovery_2020_23
2023-06-07,10,10,5,5,297,-0.0391304656515363,discovery_2020_23
2023-06-08,10,10,5,5,297,0.012914386080553047,discovery_2020_23
2023-06-09,10,10,5,5,296,0.0041426639439128094,discovery_2020_23
2023-06-12,10,10,5,5,287,-0.048974932067396275,discovery_2020_23
2023-06-13,10,10,5,5,287,-0.05037270957287318,discovery_2020_23
2023-06-14,10,10,5,5,288,-0.03360197565903155,discovery_2020_23
2023-06-15,10,10,5,5,289,-0.027356026945376033,discovery_2020_23
2023-06-16,10,10,5,5,290,0.019241116073789883,discovery_2020_23
2023-06-19,10,10,5,5,290,0.03988476635295594,discovery_2020_23
2023-06-20,10,10,5,5,290,0.08203765025419636,discovery_2020_23
2023-06-21,10,10,5,5,290,0.07736950093245831,discovery_2020_23
2023-06-26,10,10,5,5,290,0.06391606540470733,discovery_2020_23
2023-06-27,10,10,5,5,290,0.028219204705783946,discovery_2020_23
2023-06-28,10,10,5,5,290,0.012007820865634344,discovery_2020_23
2023-06-29,10,10,5,5,290,0.0231712417400379,discovery_2020_23
2023-06-30,10,10,5,5,290,0.13610200989872287,discovery_2020_23
2023-07-03,10,10,5,5,290,0.06509355979910356,discovery_2020_23
2023-07-04,10,10,5,5,290,0.1289341048199055,discovery_2020_23
2023-07-05,10,10,5,5,290,0.06593960804771791,discovery_2020_23
2023-07-06,10,10,5,5,290,0.03604471528564456,discovery_2020_23
2023-07-07,10,10,5,5,290,0.015908166949425588,discovery_2020_23
2023-07-10,10,10,5,5,290,0.05121187370538073,discovery_2020_23
2023-07-11,10,10,5,5,290,0.10096161356728868,discovery_2020_23
2023-07-12,10,10,5,5,290,0.12516014071594786,discovery_2020_23
2023-07-13,10,10,5,5,290,0.14466085889457597,discovery_2020_23
2023-07-14,10,10,5,5,299,0.01801800386276457,discovery_2020_23
2023-07-17,10,10,5,5,299,-0.020280375614898653,discovery_2020_23
2023-07-18,10,10,5,5,299,0.01341810810489318,discovery_2020_23
2023-07-19,10,10,5,5,299,-0.06445648009168982,discovery_2020_23
2023-07-20,10,10,5,5,299,-0.12383387793422856,discovery_2020_23
2023-07-21,10,10,5,5,299,-0.08279276366330367,discovery_2020_23
2023-07-24,10,10,5,5,299,-0.058663118372904076,discovery_2020_23
2023-07-25,10,10,5,5,299,-0.0060290467170315805,discovery_2020_23
2023-07-26,10,10,5,5,300,-0.006535406675119394,discovery_2020_23
2023-07-27,10,10,5,5,299,-0.02648271546206032,discovery_2020_23
2023-07-28,10,10,5,5,299,0.09346909989410827,discovery_2020_23
2023-07-31,10,10,5,5,299,0.03392651880463348,discovery_2020_23
2023-08-01,10,10,5,5,299,-0.004243007163710742,discovery_2020_23
2023-08-02,10,10,5,5,299,0.07749428182166235,discovery_2020_23
2023-08-03,10,10,5,5,299,0.1593921117283576,discovery_2020_23
2023-08-04,10,10,5,5,300,0.10565523264439715,discovery_2020_23
2023-08-07,10,10,5,5,300,0.08087912087912087,discovery_2020_23
2023-08-08,10,10,5,5,300,0.008525429007592249,discovery_2020_23
2023-08-09,10,10,5,5,300,-0.10101757808615469,discovery_2020_23
2023-08-10,10,10,5,5,300,-0.05918910210113445,discovery_2020_23
2023-08-11,10,10,5,5,300,-0.21248645539906114,discovery_2020_23
2023-08-14,10,10,5,5,300,-0.19454025143857598,discovery_2020_23
2023-08-15,10,10,5,5,300,-0.06826428451723458,discovery_2020_23
2023-08-16,10,10,5,5,300,0.04374964582903158,discovery_2020_23
2023-08-17,10,10,5,5,300,0.014387277364095407,discovery_2020_23
2023-08-18,10,10,5,5,300,-0.1595353458966605,discovery_2020_23
2023-08-21,10,10,5,5,300,-0.10598479204481243,discovery_2020_23
2023-08-22,10,10,5,5,300,0.04969677036991552,discovery_2020_23
2023-08-23,10,10,5,5,298,0.15313935021810013,discovery_2020_23
2023-08-24,10,10,5,5,293,0.05612745399182274,discovery_2020_23
2023-08-25,10,10,5,5,291,-0.018165905137827097,discovery_2020_23
2023-08-28,10,10,5,5,291,0.04609909132722753,discovery_2020_23
2023-08-29,10,10,5,5,291,0.08231015603201187,discovery_2020_23
2023-08-30,10,10,5,5,291,0.05399493252703723,discovery_2020_23
2023-08-31,10,10,5,5,292,-0.05082208366605463,discovery_2020_23
2023-09-01,10,10,5,5,300,-0.09077425050333285,discovery_2020_23
2023-09-04,10,10,5,5,300,-0.04732659810639445,discovery_2020_23
2023-09-05,10,10,5,5,300,-0.1346146837516713,discovery_2020_23
2023-09-06,10,10,5,5,300,-0.20405160957752042,discovery_2020_23
2023-09-07,10,10,5,5,300,-0.17602679146876535,discovery_2020_23
2023-09-08,10,10,5,5,300,-0.10840889507656712,discovery_2020_23
2023-09-11,10,10,5,5,300,-0.11586376707273595,discovery_2020_23
2023-09-12,10,10,5,5,300,-0.13857223715202446,discovery_2020_23
2023-09-13,10,10,5,5,300,-0.14773308088588769,discovery_2020_23
2023-09-14,10,10,5,5,300,-0.10945143834931499,discovery_2020_23
2023-09-15,10,10,5,5,299,-0.020974166794703597,discovery_2020_23
2023-09-18,10,10,5,5,299,-0.12149046337216264,discovery_2020_23
2023-09-19,10,10,5,5,299,-0.0801904077201253,discovery_2020_23
2023-09-20,10,10,5,5,299,0.008393545360496467,discovery_2020_23
2023-09-21,10,10,5,5,299,0.027438506005398884,discovery_2020_23
2023-09-22,10,10,5,5,300,-0.1491326287695809,discovery_2020_23
2023-09-25,10,10,5,5,300,-0.1432696555604784,discovery_2020_23
2023-09-26,10,10,5,5,300,-0.1533400963790504,discovery_2020_23
2023-09-27,10,10,5,5,300,-0.14656728756419607,discovery_2020_23
2023-09-28,10,10,5,5,300,-0.18104604902543775,discovery_2020_23
2023-10-09,10,10,5,5,299,-0.21860077841153347,discovery_2020_23
2023-10-10,10,10,5,5,299,-0.18932961744053328,discovery_2020_23
2023-10-11,10,10,5,5,299,-0.07617382325873717,discovery_2020_23
2023-10-12,10,10,5,5,299,-0.12784224820991674,discovery_2020_23
2023-10-13,10,10,5,5,299,-0.04471392838700937,discovery_2020_23
2023-10-16,10,10,5,5,299,-0.07785935974010863,discovery_2020_23
2023-10-17,10,10,5,5,298,-0.023915630409976848,discovery_2020_23
2023-10-18,10,10,5,5,298,0.014005755299128564,discovery_2020_23
2023-10-19,10,10,5,5,296,0.08443363700085263,discovery_2020_23
2023-10-20,10,10,5,5,296,-0.016621097193233774,discovery_2020_23
2023-10-23,10,10,5,5,296,-0.06495003398624309,discovery_2020_23
2023-10-24,10,10,5,5,294,-0.04407021493946485,discovery_2020_23
2023-10-25,10,10,5,5,294,-0.03914256160052834,discovery_2020_23
2023-10-26,10,10,5,5,295,-0.09125979421205552,discovery_2020_23
2023-10-27,10,10,5,5,296,-0.006556421279997525,discovery_2020_23
2023-10-30,10,10,5,5,296,0.03205308842808633,discovery_2020_23
2023-10-31,10,10,5,5,299,-0.038046818358423065,discovery_2020_23
2023-11-01,10,10,5,5,299,-0.11508635550898534,discovery_2020_23
2023-11-02,10,10,5,5,299,-0.16175401753229054,discovery_2020_23
2023-11-03,10,10,5,5,299,-0.11539179816390205,discovery_2020_23
2023-11-06,10,10,5,5,299,0.006967296690006631,discovery_2020_23
2023-11-07,10,10,5,5,300,-0.04513704627183952,discovery_2020_23
2023-11-08,10,10,5,5,300,0.07639154634383766,discovery_2020_23
2023-11-09,10,10,5,5,300,-0.01476203529357841,discovery_2020_23
2023-11-10,10,10,5,5,300,0.004786265464770782,discovery_2020_23
2023-11-13,10,10,5,5,300,0.07388244157051557,discovery_2020_23
2023-11-14,10,10,5,5,300,0.2467094627072501,discovery_2020_23
2023-11-15,10,10,5,5,300,0.11194997274969935,discovery_2020_23
2023-11-16,10,10,5,5,300,0.14947936991167451,discovery_2020_23
2023-11-17,10,10,5,5,300,0.298063529736688,discovery_2020_23
2023-11-20,10,10,5,5,300,0.18332205728086617,discovery_2020_23
2023-11-21,10,10,5,5,300,0.05463304171826112,discovery_2020_23
2023-11-22,10,10,5,5,300,-0.021905601068471024,discovery_2020_23
2023-11-23,10,10,5,5,300,-0.024483033912360487,discovery_2020_23
2023-11-24,10,10,5,5,300,-0.08233567299160961,discovery_2020_23
2023-11-27,10,10,5,5,300,-0.06671677094935978,discovery_2020_23
2023-11-28,10,10,5,5,300,-0.02736652629473661,discovery_2020_23
2023-11-29,10,10,5,5,300,-0.060467236221685386,discovery_2020_23
2023-11-30,10,10,5,5,300,-0.059464726791141925,discovery_2020_23
2023-12-01,10,10,5,5,300,0.0248411676619928,discovery_2020_23
2023-12-04,10,10,5,5,299,-0.03543969206464618,discovery_2020_23
2023-12-05,10,10,5,5,291,-0.004198220686841284,discovery_2020_23
2023-12-06,10,10,5,5,288,-0.041903569646242,discovery_2020_23
2023-12-07,10,10,5,5,286,-0.05777396356577659,discovery_2020_23
2023-12-08,10,10,5,5,284,0.024726144382535172,discovery_2020_23
2023-12-11,10,10,5,5,272,-0.0020883175864725677,discovery_2020_23
2023-12-12,10,10,5,5,274,-0.06092626259946207,discovery_2020_23
2023-12-13,10,10,5,5,273,0.15630327485246281,discovery_2020_23
2023-12-14,10,10,5,5,280,0.17133783449165257,discovery_2020_23
2023-12-15,10,10,5,5,280,0.156608110731163,discovery_2020_23
2023-12-18,10,10,5,5,282,0.12279309769721122,discovery_2020_23
2023-12-19,10,10,5,5,282,0.05854008052282972,discovery_2020_23
2023-12-20,10,10,5,5,281,-0.02655573697700578,discovery_2020_23
2023-12-21,10,10,5,5,282,-0.10068037330567287,discovery_2020_23
2023-12-22,10,10,5,5,282,-0.3002192863935847,discovery_2020_23
2023-12-25,10,10,5,5,282,-0.18044074555289405,discovery_2020_23
2023-12-26,10,10,5,5,281,-0.0823721839030424,discovery_2020_23
2023-12-27,10,10,5,5,281,-0.040235719280754874,discovery_2020_23
2023-12-28,10,10,5,5,283,0.013297747017724251,discovery_2020_23
2023-12-29,10,10,5,5,283,0.05109698030448092,discovery_2020_23
2024-01-02,10,10,5,5,283,0.0031957779304955356,review_2024_25
2024-01-03,10,10,5,5,283,-0.008902752321750787,review_2024_25
2024-01-04,10,10,5,5,286,-0.04100069635306653,review_2024_25
2024-01-05,10,10,5,5,286,-0.037141857957283496,review_2024_25
2024-01-08,10,10,5,5,286,-0.0969981869148553,review_2024_25
2024-01-09,10,10,5,5,286,-0.06639607683217862,review_2024_25
2024-01-10,10,10,5,5,286,-0.10385494333011008,review_2024_25
2024-01-11,10,10,5,5,300,-0.11339538594367599,review_2024_25
2024-01-12,10,10,5,5,300,-0.054925847040877745,review_2024_25
2024-01-15,10,10,5,5,300,-0.09540107061201522,review_2024_25
2024-01-16,10,10,5,5,300,-0.07243813820153557,review_2024_25
2024-01-17,10,10,5,5,297,-0.07669318648722125,review_2024_25
2024-01-18,10,10,5,5,297,-0.12134016124195064,review_2024_25
2024-01-19,10,10,5,5,296,-0.1434383096744648,review_2024_25
2024-01-22,10,10,5,5,296,-0.02380747740893576,review_2024_25
2024-01-23,10,10,5,5,296,0.038015056659124455,review_2024_25
2024-01-24,10,10,5,5,296,0.13388951355053047,review_2024_25
2024-01-25,10,10,5,5,297,0.11641446205204596,review_2024_25
2024-01-26,10,10,5,5,297,0.08467867715734186,review_2024_25
2024-01-29,10,10,5,5,297,0.04317298268062737,review_2024_25
2024-01-30,10,10,5,5,297,0.13682949310233444,review_2024_25
2024-01-31,10,10,5,5,298,0.16755177985861525,review_2024_25
2024-02-01,10,10,5,5,298,0.1999436124554589,review_2024_25
2024-02-02,10,10,5,5,297,0.1629701696815791,review_2024_25
2024-02-05,10,10,5,5,296,0.12313817551814325,review_2024_25
2024-02-06,10,10,5,5,297,-0.01238349392711809,review_2024_25
2024-02-07,10,10,5,5,298,-0.03167248510530905,review_2024_25
2024-02-08,10,10,5,5,298,-0.09543846984110994,review_2024_25
2024-02-19,10,10,5,5,298,0.1470000239200688,review_2024_25
2024-02-20,10,10,5,5,300,0.1479910434520723,review_2024_25
2024-02-21,10,10,5,5,300,0.12333259591553562,review_2024_25
2024-02-22,10,10,5,5,300,0.11855793533690981,review_2024_25
2024-02-23,10,10,5,5,300,0.05243335329024983,review_2024_25
2024-02-26,10,10,5,5,300,0.09817084418491769,review_2024_25
2024-02-27,10,10,5,5,300,0.02829142546028289,review_2024_25
2024-02-28,10,10,5,5,300,0.0018866878394968774,review_2024_25
2024-02-29,10,10,5,5,300,-0.004556505197858334,review_2024_25
2024-03-01,10,10,5,5,300,0.04163788850528288,review_2024_25
2024-03-04,10,10,5,5,300,0.008569988219374153,review_2024_25
2024-03-05,10,10,5,5,300,-0.10206281433034187,review_2024_25
2024-03-06,10,10,5,5,300,-0.045951578162908804,review_2024_25
2024-03-07,10,10,5,5,300,-0.08691364203087222,review_2024_25
2024-03-08,10,10,5,5,300,-0.06443894537038733,review_2024_25
2024-03-11,10,10,5,5,300,-0.07289905651142857,review_2024_25
2024-03-12,10,10,5,5,299,-0.03400148144822787,review_2024_25
2024-03-13,10,10,5,5,299,-0.13892489009221848,review_2024_25
2024-03-14,10,10,5,5,299,-0.1543037642973623,review_2024_25
2024-03-15,10,10,5,5,299,0.028553356177577423,review_2024_25
2024-03-18,10,10,5,5,299,0.3315054656461135,review_2024_25
2024-03-19,10,10,5,5,299,0.269116548350942,review_2024_25
2024-03-20,10,10,5,5,299,0.3678234914870022,review_2024_25
2024-03-21,10,10,5,5,299,0.2544050924115179,review_2024_25
2024-03-22,10,10,5,5,299,0.1458916139836321,review_2024_25
2024-03-25,10,10,5,5,299,0.0478793435246239,review_2024_25
2024-03-26,10,10,5,5,299,0.14170157987661264,review_2024_25
2024-03-27,10,10,5,5,299,0.08685639199865114,review_2024_25
2024-03-28,10,10,5,5,299,0.05116879583794182,review_2024_25
2024-03-29,10,10,5,5,299,0.023082986137571263,review_2024_25
2024-04-01,10,10,5,5,299,-0.014793391165964466,review_2024_25
2024-04-02,10,10,5,5,299,-0.036640271437354786,review_2024_25
2024-04-03,10,10,5,5,299,-0.049590025071463456,review_2024_25
2024-04-08,10,10,5,5,299,0.011522088754568047,review_2024_25
2024-04-09,10,10,5,5,299,0.03015511667757107,review_2024_25
2024-04-10,10,10,5,5,299,0.002068191742967819,review_2024_25
2024-04-11,10,10,5,5,299,0.03574434367965769,review_2024_25
2024-04-12,10,10,5,5,299,0.02925076274986586,review_2024_25
2024-04-15,10,10,5,5,299,0.1545393093914074,review_2024_25
2024-04-16,10,10,5,5,299,0.22678794388382142,review_2024_25
2024-04-17,10,10,5,5,298,0.1615252615406008,review_2024_25
2024-04-18,10,10,5,5,298,0.16732416266331587,review_2024_25
2024-04-19,10,10,5,5,298,0.15739741243096944,review_2024_25
2024-04-22,10,10,5,5,298,0.18215738926802533,review_2024_25
2024-04-23,10,10,5,5,298,0.13326215546508413,review_2024_25
2024-04-24,10,10,5,5,298,0.20493754915063417,review_2024_25
2024-04-25,10,10,5,5,298,0.19805221526843933,review_2024_25
2024-04-26,10,10,5,5,299,0.08052272793611434,review_2024_25
2024-04-29,10,10,5,5,299,-0.014054485992462045,review_2024_25
2024-04-30,10,10,5,5,300,-0.006605854846085334,review_2024_25
2024-05-06,10,10,5,5,300,-0.08917642326745055,review_2024_25
2024-05-07,10,10,5,5,300,-0.04590629294839893,review_2024_25
2024-05-08,10,10,5,5,300,0.02439642287180205,review_2024_25
2024-05-09,10,10,5,5,300,-0.07018508783835799,review_2024_25
2024-05-10,10,10,5,5,300,-0.09495976397950426,review_2024_25
2024-05-13,10,10,5,5,299,-0.06714372292428901,review_2024_25
2024-05-14,10,10,5,5,299,-0.03823689506062324,review_2024_25
2024-05-15,10,10,5,5,299,-0.08114475544881147,review_2024_25
2024-05-16,10,10,5,5,299,0.1063203968485556,review_2024_25
2024-05-17,10,10,5,5,299,0.31348259600965883,review_2024_25
2024-05-20,10,10,5,5,299,0.2853225995615584,review_2024_25
2024-05-21,10,10,5,5,299,0.27198228367091964,review_2024_25
2024-05-22,10,10,5,5,299,0.27643285223676234,review_2024_25
2024-05-23,10,10,5,5,300,0.1772908532539892,review_2024_25
2024-05-24,10,10,5,5,300,0.17273949407654568,review_2024_25
2024-05-27,10,10,5,5,300,0.10467828583409722,review_2024_25
2024-05-28,10,10,5,5,300,0.12100383560699578,review_2024_25
2024-05-29,10,10,5,5,300,0.16194084745733292,review_2024_25
2024-05-30,10,10,5,5,299,0.20707324190253867,review_2024_25
2024-05-31,10,10,5,5,299,0.09515567497426325,review_2024_25
2024-06-03,10,10,5,5,298,0.15886007815809236,review_2024_25
2024-06-04,10,10,5,5,298,0.141816973144447,review_2024_25
2024-06-05,10,10,5,5,298,0.0667354638544394,review_2024_25
2024-06-06,10,10,5,5,299,0.032652929295834715,review_2024_25
2024-06-07,10,10,5,5,299,-0.1743745761878736,review_2024_25
2024-06-11,10,10,5,5,299,-0.17260181481980363,review_2024_25
2024-06-12,10,10,5,5,299,-0.12936828507593284,review_2024_25
2024-06-13,10,10,5,5,298,-0.03355818442989595,review_2024_25
2024-06-14,10,10,5,5,298,-0.05215711730484443,review_2024_25
2024-06-17,10,10,5,5,288,0.13636157556957582,review_2024_25
2024-06-18,10,10,5,5,288,0.19938441660738904,review_2024_25
2024-06-19,10,10,5,5,288,0.12201628955230014,review_2024_25
2024-06-20,10,10,5,5,288,0.09630258129076594,review_2024_25
2024-06-21,10,10,5,5,287,0.041645854145854144,review_2024_25
2024-06-24,10,10,5,5,287,0.013249201668403054,review_2024_25
2024-06-25,10,10,5,5,287,0.006889959633862073,review_2024_25
2024-06-26,10,10,5,5,286,0.02166434335882346,review_2024_25
2024-06-27,10,10,5,5,285,-0.03408123354939897,review_2024_25
2024-06-28,10,10,5,5,284,-0.04574963862115396,review_2024_25
2024-07-01,10,10,5,5,284,-0.155913182112806,review_2024_25
2024-07-02,10,10,5,5,283,-0.23161318904503686,review_2024_25
2024-07-03,10,10,5,5,280,-0.15181188535568055,review_2024_25
2024-07-04,10,10,5,5,278,0.02358174346723787,review_2024_25
2024-07-05,10,10,5,5,279,0.015576757337460686,review_2024_25
2024-07-08,10,10,5,5,278,0.034741092289019435,review_2024_25
2024-07-09,10,10,5,5,275,-0.009512145512466999,review_2024_25
2024-07-10,10,10,5,5,275,0.16225154528887753,review_2024_25
2024-07-11,10,10,5,5,277,0.08573757987102308,review_2024_25
2024-07-12,10,10,5,5,278,0.10767858484347395,review_2024_25
2024-07-15,10,10,5,5,279,0.05881105632387889,review_2024_25
2024-07-16,10,10,5,5,288,0.2297959792648953,review_2024_25
2024-07-17,10,10,5,5,298,0.19029173012248587,review_2024_25
2024-07-18,10,10,5,5,298,0.18874385889191372,review_2024_25
2024-07-19,10,10,5,5,298,0.17774410597684281,review_2024_25
2024-07-22,10,10,5,5,298,0.18173223076348746,review_2024_25
2024-07-23,10,10,5,5,298,-0.021806594715647016,review_2024_25
2024-07-24,10,10,5,5,298,-0.19723290557839865,review_2024_25
2024-07-25,10,10,5,5,298,-0.16557555143084918,review_2024_25
2024-07-26,10,10,5,5,298,-0.10433610910588255,review_2024_25
2024-07-29,10,10,5,5,298,-0.19180230226406866,review_2024_25
2024-07-30,10,10,5,5,298,-0.11379336848695899,review_2024_25
2024-07-31,10,10,5,5,298,0.03487260854067843,review_2024_25
2024-08-01,10,10,5,5,299,0.1568744963629827,review_2024_25
2024-08-02,10,10,5,5,299,0.21960454222080014,review_2024_25
2024-08-05,10,10,5,5,299,0.23273329810030208,review_2024_25
2024-08-06,10,10,5,5,298,0.29312259907901056,review_2024_25
2024-08-07,10,10,5,5,298,0.2539378757432786,review_2024_25
2024-08-08,10,10,5,5,298,0.2783543628488997,review_2024_25
2024-08-09,10,10,5,5,298,0.1977521155539414,review_2024_25
2024-08-12,10,10,5,5,298,0.13783183656182535,review_2024_25
2024-08-13,10,10,5,5,299,0.14405192257413238,review_2024_25
2024-08-14,10,10,5,5,298,0.15622223265310642,review_2024_25
2024-08-15,10,10,5,5,298,0.18548235151678394,review_2024_25
2024-08-16,10,10,5,5,298,0.1658717161386275,review_2024_25
2024-08-19,10,10,5,5,298,0.07939851471988171,review_2024_25
2024-08-20,10,10,5,5,298,0.07422689808790262,review_2024_25
2024-08-21,10,10,5,5,298,0.02597025107886707,review_2024_25
2024-08-22,10,10,5,5,296,0.19444512566191136,review_2024_25
2024-08-23,10,10,5,5,294,0.2071907773544121,review_2024_25
2024-08-26,10,10,5,5,292,0.2425242480025457,review_2024_25
2024-08-27,10,10,5,5,292,0.24749771687208547,review_2024_25
2024-08-28,10,10,5,5,290,0.28028679513768334,review_2024_25
2024-08-29,10,10,5,5,289,0.19117261214147052,review_2024_25
2024-08-30,10,10,5,5,291,-0.000604094254287362,review_2024_25
2024-09-02,10,10,5,5,290,0.037478261447171576,review_2024_25
2024-09-03,10,10,5,5,291,0.002217687936147729,review_2024_25
2024-09-04,10,10,5,5,293,-0.18631989593160103,review_2024_25
2024-09-05,10,10,5,5,294,-0.09621078951624615,review_2024_25
2024-09-06,10,10,5,5,294,-0.1419344251844314,review_2024_25
2024-09-09,10,10,5,5,294,-0.055738245648582097,review_2024_25
2024-09-10,10,10,5,5,293,-0.11144510093461969,review_2024_25
2024-09-11,10,10,5,5,292,0.10904253043799086,review_2024_25
2024-09-12,10,10,5,5,293,0.09389720636489671,review_2024_25
2024-09-13,10,10,5,5,293,-0.03495622332052063,review_2024_25
2024-09-18,10,10,5,5,293,0.0662993454459413,review_2024_25
2024-09-19,10,10,5,5,293,-0.09367466369737415,review_2024_25
2024-09-20,10,10,5,5,295,-0.2826750306169193,review_2024_25
2024-09-23,10,10,5,5,295,-0.14290528854693504,review_2024_25
2024-09-24,10,10,5,5,295,-0.1433792665027532,review_2024_25
2024-09-25,10,10,5,5,295,-0.06757177447250087,review_2024_25
2024-09-26,10,10,5,5,295,0.018092038953628365,review_2024_25
2024-09-27,10,10,5,5,295,0.021447505007094043,review_2024_25
2024-09-30,10,10,5,5,295,-0.07414576458159995,review_2024_25
2024-10-08,10,10,5,5,295,-0.10205438383501336,review_2024_25
2024-10-09,10,10,5,5,293,-0.121021581759077,review_2024_25
2024-10-10,10,10,5,5,292,-0.1855284734865263,review_2024_25
2024-10-11,10,10,5,5,292,-0.08838635544254453,review_2024_25
2024-10-14,10,10,5,5,292,0.04428888474915982,review_2024_25
2024-10-15,10,10,5,5,292,-0.10890106636679223,review_2024_25
2024-10-16,10,10,5,5,295,-0.23297633028932574,review_2024_25
2024-10-17,10,10,5,5,296,-0.2656635063414724,review_2024_25
2024-10-18,10,10,5,5,296,-0.24551238449543528,review_2024_25
2024-10-21,10,10,5,5,296,-0.28855897499965294,review_2024_25
2024-10-22,10,10,5,5,296,-0.15496189563986174,review_2024_25
2024-10-23,10,10,5,5,296,-0.1490543884267256,review_2024_25
2024-10-24,10,10,5,5,296,-0.09223926419406794,review_2024_25
2024-10-25,10,10,5,5,296,0.11446161107178056,review_2024_25
2024-10-28,10,10,5,5,298,0.030638030813534306,review_2024_25
2024-10-29,10,10,5,5,298,-0.369468559295972,review_2024_25
2024-10-30,10,10,5,5,298,-0.24622631926917646,review_2024_25
2024-10-31,10,10,5,5,298,-0.206343043274551,review_2024_25
2024-11-01,10,10,5,5,298,-0.2877951745889548,review_2024_25
2024-11-04,10,10,5,5,298,-0.31969212885528503,review_2024_25
2024-11-05,10,10,5,5,298,-0.06639884631003587,review_2024_25
2024-11-06,10,10,5,5,298,-0.054863262992101626,review_2024_25
2024-11-07,10,10,5,5,298,0.2072871752981086,review_2024_25
2024-11-08,10,10,5,5,298,0.26426064679312417,review_2024_25
2024-11-11,10,10,5,5,299,0.3926590191756685,review_2024_25
2024-11-12,10,10,5,5,299,0.4193753697308022,review_2024_25
2024-11-13,10,10,5,5,299,0.3886871226235102,review_2024_25
2024-11-14,10,10,5,5,299,0.24527046591713134,review_2024_25
2024-11-15,10,10,5,5,299,0.24073515828521627,review_2024_25
2024-11-18,10,10,5,5,299,0.12215348701488182,review_2024_25
2024-11-19,10,10,5,5,300,0.2742129769292176,review_2024_25
2024-11-20,10,10,5,5,300,0.23891623672665807,review_2024_25
2024-11-21,10,10,5,5,300,0.2603722263580706,review_2024_25
2024-11-22,10,10,5,5,300,-0.023406573320999033,review_2024_25
2024-11-25,10,10,5,5,300,-0.20618389230634013,review_2024_25
2024-11-26,10,10,5,5,300,-0.1786336197662905,review_2024_25
2024-11-27,10,10,5,5,300,0.03347416459034968,review_2024_25
2024-11-28,10,10,5,5,300,0.0007102316919798689,review_2024_25
2024-11-29,10,10,5,5,300,-0.010939681969659396,review_2024_25
2024-12-02,10,10,5,5,300,-0.022310914565717394,review_2024_25
2024-12-03,10,10,5,5,300,0.008420547362250737,review_2024_25
2024-12-04,10,10,5,5,300,-0.06070015045351789,review_2024_25
2024-12-05,10,10,5,5,300,0.08834037378664424,review_2024_25
2024-12-06,10,10,5,5,300,0.11448195140856651,review_2024_25
2024-12-09,10,10,5,5,300,0.18560517339081545,review_2024_25
2024-12-10,10,10,5,5,300,0.1307755317201922,review_2024_25
2024-12-11,10,10,5,5,300,0.17030680010964672,review_2024_25
2024-12-12,10,10,5,5,300,0.10276925606874872,review_2024_25
2024-12-13,10,10,5,5,299,0.011677180273975997,review_2024_25
2024-12-16,10,10,5,5,283,0.12856335063232563,review_2024_25
2024-12-17,10,10,5,5,283,0.17322959714057612,review_2024_25
2024-12-18,10,10,5,5,283,0.18727752990556093,review_2024_25
2024-12-19,10,10,5,5,283,0.08111642564204109,review_2024_25
2024-12-20,10,10,5,5,283,0.16348134458845257,review_2024_25
2024-12-23,10,10,5,5,283,-0.029055886214085145,review_2024_25
2024-12-24,10,10,5,5,283,0.07426587340456932,review_2024_25
2024-12-25,10,10,5,5,283,0.15029820778833444,review_2024_25
2024-12-26,10,10,5,5,283,0.2345841835465087,review_2024_25
2024-12-27,10,10,5,5,283,0.2788258004534235,review_2024_25
2024-12-30,10,10,5,5,283,0.2387645108178521,review_2024_25
2024-12-31,10,10,5,5,283,0.20265423085817996,review_2024_25
2025-01-02,10,10,5,5,282,0.04898730609280567,review_2024_25
2025-01-03,10,10,5,5,282,-0.16482621504457518,review_2024_25
2025-01-06,10,10,5,5,282,-0.16845574717979359,review_2024_25
2025-01-07,10,10,5,5,282,-0.002925155953246854,review_2024_25
2025-01-08,10,10,5,5,280,-0.0024525647518914475,review_2024_25
2025-01-09,10,10,5,5,279,-0.010254916934319305,review_2024_25
2025-01-10,10,10,5,5,279,-0.02315834288675205,review_2024_25
2025-01-13,10,10,5,5,277,-0.05919940219075087,review_2024_25
2025-01-14,10,10,5,5,277,-0.11118902716166586,review_2024_25
2025-01-15,10,10,5,5,278,-0.11271993303131383,review_2024_25
2025-01-16,10,10,5,5,294,-0.042099357922459814,review_2024_25
2025-01-17,10,10,5,5,294,-0.04347435987171416,review_2024_25
2025-01-20,10,10,5,5,298,0.012182624184235442,review_2024_25
2025-01-21,10,10,5,5,296,-0.012403265415132788,review_2024_25
2025-01-22,10,10,5,5,296,-0.09836743334338602,review_2024_25
2025-01-23,10,10,5,5,296,-0.21341690538780136,review_2024_25
2025-01-24,10,10,5,5,296,-0.11059035072202784,review_2024_25
2025-01-27,10,10,5,5,296,-0.18265480796393366,review_2024_25
2025-02-05,10,10,5,5,296,-0.1452001376570212,review_2024_25
2025-02-06,10,10,5,5,296,0.1587615938629944,review_2024_25
2025-02-07,10,10,5,5,296,0.0867447803097749,review_2024_25
2025-02-10,10,10,5,5,296,0.10956817775718532,review_2024_25
2025-02-11,10,10,5,5,296,0.14995164656181603,review_2024_25
2025-02-12,10,10,5,5,296,0.0679826598455232,review_2024_25
2025-02-13,10,10,5,5,295,-0.10163264347413184,review_2024_25
2025-02-14,10,10,5,5,295,-0.12707705730237653,review_2024_25
2025-02-17,10,10,5,5,295,-0.13373289600200403,review_2024_25
2025-02-18,10,10,5,5,295,-0.2805224975927155,review_2024_25
2025-02-19,10,10,5,5,295,-0.23570551464730702,review_2024_25
2025-02-20,10,10,5,5,295,-0.04936648271570646,review_2024_25
2025-02-21,10,10,5,5,295,0.2665982031601744,review_2024_25
2025-02-24,10,10,5,5,296,0.23044693383676432,review_2024_25
2025-02-25,10,10,5,5,296,0.25585381157658305,review_2024_25
2025-02-26,10,10,5,5,297,0.2590402160183931,review_2024_25
2025-02-27,10,10,5,5,297,0.06154087869399879,review_2024_25
2025-02-28,10,10,5,5,297,-0.06808158228578785,review_2024_25
2025-03-03,10,10,5,5,297,0.0019009255904437197,review_2024_25
2025-03-04,10,10,5,5,297,-0.02794179636011319,review_2024_25
2025-03-05,10,10,5,5,297,0.031205629577750957,review_2024_25
2025-03-06,10,10,5,5,297,0.2608972277176295,review_2024_25
2025-03-07,10,10,5,5,296,0.07079052270437909,review_2024_25
2025-03-10,10,10,5,5,296,-0.03069891621081864,review_2024_25
2025-03-11,10,10,5,5,295,0.08334580797650361,review_2024_25
2025-03-12,10,10,5,5,296,0.14941229682577403,review_2024_25
2025-03-13,10,10,5,5,296,0.16633081448051423,review_2024_25
2025-03-14,10,10,5,5,296,0.3093584283879713,review_2024_25
2025-03-17,10,10,5,5,296,0.31689300630978656,review_2024_25
2025-03-18,10,10,5,5,296,0.27862364814240254,review_2024_25
2025-03-19,10,10,5,5,296,0.2558966688026795,review_2024_25
2025-03-20,10,10,5,5,296,0.17210546287414807,review_2024_25
2025-03-21,10,10,5,5,296,0.10599324784389758,review_2024_25
2025-03-24,10,10,5,5,296,0.10208383677404398,review_2024_25
2025-03-25,10,10,5,5,296,0.03812152459263575,review_2024_25
2025-03-26,10,10,5,5,296,0.07929021312032927,review_2024_25
2025-03-27,10,10,5,5,296,0.10562173563645405,review_2024_25
2025-03-28,10,10,5,5,296,0.10353974930246114,review_2024_25
2025-03-31,10,10,5,5,296,0.10421947371099913,review_2024_25
2025-04-01,10,10,5,5,296,0.13208980923409736,review_2024_25
2025-04-02,10,10,5,5,296,0.09369324181962169,review_2024_25
2025-04-03,10,10,5,5,296,0.08750817555032357,review_2024_25
2025-04-07,10,10,5,5,295,0.020405368200179953,review_2024_25
2025-04-08,10,10,5,5,295,0.03176891375014206,review_2024_25
2025-04-09,10,10,5,5,295,0.010390144601037571,review_2024_25
2025-04-10,10,10,5,5,296,0.11231212243338515,review_2024_25
2025-04-11,10,10,5,5,296,0.03238362377407319,review_2024_25
2025-04-14,10,10,5,5,296,0.08141664579699555,review_2024_25
2025-04-15,10,10,5,5,297,0.11125406252096995,review_2024_25
2025-04-16,10,10,5,5,298,0.20442647842706202,review_2024_25
2025-04-17,10,10,5,5,298,0.15246826695310878,review_2024_25
2025-04-18,10,10,5,5,298,0.15921597649032468,review_2024_25
2025-04-21,10,10,5,5,298,0.15198988514692605,review_2024_25
2025-04-22,10,10,5,5,298,0.22442540244774134,review_2024_25
2025-04-23,10,10,5,5,298,0.07304065377553581,review_2024_25
2025-04-24,10,10,5,5,298,0.042246446218650854,review_2024_25
2025-04-25,10,10,5,5,298,0.001866665276062894,review_2024_25
2025-04-28,10,10,5,5,298,-0.04368191316085358,review_2024_25
2025-04-29,10,10,5,5,298,-0.019397820723826044,review_2024_25
2025-04-30,10,10,5,5,298,-0.08033308325108734,review_2024_25
2025-05-06,10,10,5,5,299,0.08813203835290379,review_2024_25
2025-05-07,10,10,5,5,299,-0.028899355837008357,review_2024_25
2025-05-08,10,10,5,5,299,0.09260142769593668,review_2024_25
2025-05-09,10,10,5,5,299,0.042155223837369776,review_2024_25
2025-05-12,10,10,5,5,300,0.1808574634323873,review_2024_25
2025-05-13,10,10,5,5,300,-0.0028978280068526602,review_2024_25
2025-05-14,10,10,5,5,300,0.06908988645317063,review_2024_25
2025-05-15,10,10,5,5,300,0.03176792265155378,review_2024_25
2025-05-16,10,10,5,5,297,0.17664901400307625,review_2024_25
2025-05-19,10,10,5,5,297,0.08038310781206116,review_2024_25
2025-05-20,10,10,5,5,297,0.16083701150815247,review_2024_25
2025-05-21,10,10,5,5,297,0.10688556158354817,review_2024_25
2025-05-22,10,10,5,5,297,-0.020213955072405285,review_2024_25
2025-05-23,10,10,5,5,298,-0.003646746281261829,review_2024_25
2025-05-26,10,10,5,5,298,-0.053866371132484485,review_2024_25
2025-05-27,10,10,5,5,298,-0.13206089900156492,review_2024_25
2025-05-28,10,10,5,5,298,-0.1909194246110171,review_2024_25
2025-05-29,10,10,5,5,298,-0.13955096040821674,review_2024_25
2025-05-30,10,10,5,5,298,-0.17731700852526464,review_2024_25
2025-06-03,10,10,5,5,298,-0.06437312054646636,review_2024_25
2025-06-04,10,10,5,5,298,-0.0013404258913093615,review_2024_25
2025-06-05,10,10,5,5,298,-0.05190862159944361,review_2024_25
2025-06-06,10,10,5,5,298,-0.061796643364196775,review_2024_25
2025-06-09,10,10,5,5,298,-0.06467260176978577,review_2024_25
2025-06-10,10,10,5,5,298,-0.08600018795848235,review_2024_25
2025-06-11,10,10,5,5,298,-0.02383309825289489,review_2024_25
2025-06-12,10,10,5,5,298,0.0692741739290005,review_2024_25
2025-06-13,10,10,5,5,298,0.10308365589376098,review_2024_25
2025-06-16,10,10,5,5,291,0.09065156910994998,review_2024_25
2025-06-17,10,10,5,5,291,0.042638324552900043,review_2024_25
2025-06-18,10,10,5,5,290,-0.03983361963402239,review_2024_25
2025-06-19,10,10,5,5,290,-0.08981805675283387,review_2024_25
2025-06-20,10,10,5,5,290,-0.25437237147844227,review_2024_25
2025-06-23,10,10,5,5,290,-0.28365921177829767,review_2024_25
2025-06-24,10,10,5,5,289,-0.17527391520893076,review_2024_25
2025-06-25,10,10,5,5,290,-0.005005679885702088,review_2024_25
2025-06-26,10,10,5,5,290,-0.04585656848102902,review_2024_25
2025-06-27,10,10,5,5,290,0.13394041751285737,review_2024_25
2025-06-30,10,10,5,5,290,0.15992742525772455,review_2024_25
2025-07-01,10,10,5,5,291,0.015065607978676107,review_2024_25
2025-07-02,10,10,5,5,291,0.006703960944495744,review_2024_25
2025-07-03,10,10,5,5,291,-0.05883795250766783,review_2024_25
2025-07-04,10,10,5,5,291,-0.14542155945849206,review_2024_25
2025-07-07,10,10,5,5,291,-0.16451628258675385,review_2024_25
2025-07-08,10,10,5,5,291,-0.12054745822964807,review_2024_25
2025-07-09,10,10,5,5,291,-0.19075113474513467,review_2024_25
2025-07-10,10,10,5,5,293,-0.10863860576659012,review_2024_25
2025-07-11,10,10,5,5,293,0.07131449142824171,review_2024_25
2025-07-14,10,10,5,5,293,-0.05395533853000804,review_2024_25
2025-07-15,10,10,5,5,293,-0.043005130426568686,review_2024_25
2025-07-16,10,10,5,5,300,-0.0003657819233062509,review_2024_25
2025-07-17,10,10,5,5,300,-0.26218469094101043,review_2024_25
2025-07-18,10,10,5,5,300,-0.26601191792360546,review_2024_25
2025-07-21,10,10,5,5,300,-0.21480663282999196,review_2024_25
2025-07-22,10,10,5,5,300,-0.14977677529750327,review_2024_25
2025-07-23,10,10,5,5,300,-0.11430572720871716,review_2024_25
2025-07-24,10,10,5,5,300,0.17552330309484693,review_2024_25
2025-07-25,10,10,5,5,299,0.12068429517223285,review_2024_25
2025-07-28,10,10,5,5,299,0.1314713474445018,review_2024_25
2025-07-29,10,10,5,5,299,0.22610356669883955,review_2024_25
2025-07-30,10,10,5,5,299,0.1068544069819463,review_2024_25
2025-07-31,10,10,5,5,299,0.13438516393642064,review_2024_25
2025-08-01,10,10,5,5,298,-0.09874603974815138,review_2024_25
2025-08-04,10,10,5,5,298,-0.16528218624647684,review_2024_25
2025-08-05,10,10,5,5,296,-0.12295661780230925,review_2024_25
2025-08-06,10,10,5,5,296,-0.09620345648461967,review_2024_25
2025-08-07,10,10,5,5,296,-0.06454398133233213,review_2024_25
2025-08-08,10,10,5,5,297,-0.12009770297243173,review_2024_25
2025-08-11,10,10,5,5,297,-0.13103258815167315,review_2024_25
2025-08-12,10,10,5,5,297,-0.13143182754071536,review_2024_25
2025-08-13,10,10,5,5,296,-0.23587689028129483,review_2024_25
2025-08-14,10,10,5,5,296,-0.19901793912972188,review_2024_25
2025-08-15,10,10,5,5,296,-0.1808789804128277,review_2024_25
2025-08-18,10,10,5,5,296,-0.14185837806798965,review_2024_25
2025-08-19,10,10,5,5,296,-0.2913047099487777,review_2024_25
2025-08-20,10,10,5,5,297,-0.13149361970576748,review_2024_25
2025-08-21,10,10,5,5,297,-0.3537044160204022,review_2024_25
2025-08-22,10,10,5,5,296,-0.1623957883876353,review_2024_25
2025-08-25,10,10,5,5,295,-0.15594388923686747,review_2024_25
2025-08-26,10,10,5,5,295,0.03567128179718979,review_2024_25
2025-08-27,10,10,5,5,295,0.08329322165869223,review_2024_25
2025-08-28,10,10,5,5,295,0.3261267493713014,review_2024_25
2025-08-29,10,10,5,5,295,0.233362224679822,review_2024_25
2025-09-01,10,10,5,5,295,0.18183900418277368,review_2024_25
2025-09-02,10,10,5,5,295,0.12701246612717307,review_2024_25
2025-09-03,10,10,5,5,296,0.04561367181685678,review_2024_25
2025-09-04,10,10,5,5,295,-0.27945030223702805,review_2024_25
2025-09-05,10,10,5,5,295,-0.27875385239073114,review_2024_25
2025-09-08,10,10,5,5,295,-0.20935111265678277,review_2024_25
2025-09-09,10,10,5,5,295,-0.30114852023854766,review_2024_25
2025-09-10,10,10,5,5,295,-0.29180745686025955,review_2024_25
2025-09-11,10,10,5,5,296,-0.22516831160898956,review_2024_25
2025-09-12,10,10,5,5,296,-0.1337278110615799,review_2024_25
2025-09-15,10,10,5,5,296,-0.2266078358722184,review_2024_25
2025-09-16,10,10,5,5,296,-0.0389025569032357,review_2024_25
2025-09-17,10,10,5,5,297,-0.1220517484444201,review_2024_25
2025-09-18,10,10,5,5,298,-0.20165049822620446,review_2024_25
2025-09-19,10,10,5,5,298,-0.13779519212942418,review_2024_25
2025-09-22,10,10,5,5,298,-0.16450262287112363,review_2024_25
2025-09-23,10,10,5,5,298,-0.33396428354037216,review_2024_25
2025-09-24,10,10,5,5,298,-0.24332004927277762,review_2024_25
2025-09-25,10,10,5,5,298,0.14445356529139744,review_2024_25
2025-09-26,10,10,5,5,296,-0.06306677205712365,review_2024_25
2025-09-29,10,10,5,5,296,0.19006891525711203,review_2024_25
2025-09-30,10,10,5,5,296,0.2654252094930061,review_2024_25
2025-10-09,10,10,5,5,296,0.35442125728439655,review_2024_25
2025-10-10,10,10,5,5,296,0.19535233122622325,review_2024_25
2025-10-13,10,10,5,5,298,0.3036050614107223,review_2024_25
2025-10-14,10,10,5,5,298,0.1602496832310096,review_2024_25
2025-10-15,10,10,5,5,299,0.1628205876411304,review_2024_25
2025-10-16,10,10,5,5,299,0.1380585599185623,review_2024_25
2025-10-17,10,10,5,5,300,-0.028303438173066128,review_2024_25
2025-10-20,10,10,5,5,300,-0.13284197950733187,review_2024_25
2025-10-21,10,10,5,5,300,-0.12367807739431835,review_2024_25
2025-10-22,10,10,5,5,300,-0.27549994999944444,review_2024_25
2025-10-23,10,10,5,5,299,-0.2662379144072969,review_2024_25
2025-10-24,10,10,5,5,299,-0.009870489942085323,review_2024_25
2025-10-27,10,10,5,5,299,0.07836474684032858,review_2024_25
2025-10-28,10,10,5,5,299,0.15971583129447153,review_2024_25
2025-10-29,10,10,5,5,299,0.24337635518843573,review_2024_25
2025-10-30,10,10,5,5,300,0.2002744697468284,review_2024_25
2025-10-31,10,10,5,5,300,0.024627387485126374,review_2024_25
2025-11-03,10,10,5,5,300,0.11635265199672551,review_2024_25
2025-11-04,10,10,5,5,300,0.04417871800561345,review_2024_25
2025-11-05,10,10,5,5,300,0.3006277847531639,review_2024_25
2025-11-06,10,10,5,5,300,0.2526133354637421,review_2024_25
2025-11-07,10,10,5,5,300,0.3323105436230602,review_2024_25
2025-11-10,10,10,5,5,300,0.21458114627104477,review_2024_25
2025-11-11,10,10,5,5,300,0.09475640723928437,review_2024_25
2025-11-12,10,10,5,5,298,-0.023759629896372453,review_2024_25
2025-11-13,10,10,5,5,298,0.2904880052293132,review_2024_25
2025-11-14,10,10,5,5,297,0.3077109470161881,review_2024_25
2025-11-17,10,10,5,5,297,0.24790056558249696,review_2024_25
2025-11-18,10,10,5,5,297,0.23722955898070736,review_2024_25
2025-11-19,10,10,5,5,297,0.1814504474504198,review_2024_25
2025-11-20,10,10,5,5,297,0.17178954427276577,review_2024_25
2025-11-21,10,10,5,5,297,-0.01069602734034971,review_2024_25
2025-11-24,10,10,5,5,297,0.03203387068722096,review_2024_25
2025-11-25,10,10,5,5,297,0.136437700894431,review_2024_25
2025-11-26,10,10,5,5,296,0.11158631667106242,review_2024_25
2025-11-27,10,10,5,5,296,0.1743783311692171,review_2024_25
2025-11-28,10,10,5,5,295,0.15910384859871213,review_2024_25
2025-12-01,10,10,5,5,296,0.10206741526792477,review_2024_25
2025-12-02,10,10,5,5,296,-0.007141734239062018,review_2024_25
2025-12-03,10,10,5,5,297,-0.058350157284381095,review_2024_25
2025-12-04,10,10,5,5,296,-0.06539979057631085,review_2024_25
2025-12-05,10,10,5,5,297,0.03961050694974601,review_2024_25
2025-12-08,10,10,5,5,297,0.011452269841531589,review_2024_25
2025-12-09,10,10,5,5,297,0.09992753514114977,review_2024_25
2025-12-10,10,10,5,5,297,0.0659985385729093,review_2024_25
2025-12-11,10,10,5,5,296,0.09919674287501083,review_2024_25
2025-12-12,10,10,5,5,297,0.0650346919637406,review_2024_25
2025-12-15,10,10,5,5,286,-0.12097488834888778,review_2024_25
2025-12-16,10,10,5,5,286,-0.25398363073829683,review_2024_25
2025-12-17,10,10,5,5,286,-0.1950038126206849,review_2024_25
2025-12-18,10,10,5,5,286,-0.3048852584567354,review_2024_25
2025-12-19,10,10,5,5,286,-0.2791063610414489,review_2024_25
2025-12-22,10,10,5,5,284,-0.1158701162152965,review_2024_25
2025-12-23,10,10,5,5,284,-0.16083103153381098,review_2024_25
2025-12-24,10,10,5,5,284,-0.07393099661888847,review_2024_25
2025-12-25,10,10,5,5,284,-0.1430056254237076,review_2024_25
2025-12-26,10,10,5,5,284,-0.27297080806801116,review_2024_25
2025-12-29,10,10,5,5,285,-0.33648122732903074,review_2024_25
2025-12-30,10,10,5,5,285,-0.14169055555267562,review_2024_25
2025-12-31,10,10,5,5,285,-0.14631195342833592,review_2024_25
2026-01-05,10,10,5,5,285,-0.1397098264591015,seen_2026
2026-01-06,10,10,5,5,285,0.02930094842471533,seen_2026
2026-01-07,10,10,5,5,285,-0.054615249042394384,seen_2026
2026-01-08,10,10,5,5,285,-0.14820580409977363,seen_2026
2026-01-09,10,10,5,5,285,-0.04881788739900448,seen_2026
2026-01-12,10,10,5,5,284,0.08269865268536795,seen_2026
2026-01-13,10,10,5,5,284,0.16138421983477844,seen_2026
2026-01-14,10,10,5,5,284,0.056124432244027765,seen_2026
2026-01-15,10,10,5,5,284,0.0651413119967567,seen_2026
2026-01-16,10,10,5,5,294,-0.114542177546264,seen_2026
2026-01-19,10,10,5,5,295,-0.06597127111726536,seen_2026
2026-01-20,10,10,5,5,295,-0.27801097534753716,seen_2026
2026-01-21,10,10,5,5,298,-0.02324699787872224,seen_2026
2026-01-22,10,10,5,5,298,0.011721229852832943,seen_2026
2026-01-23,10,10,5,5,298,0.2171092532925039,seen_2026
2026-01-26,10,10,5,5,298,0.18551780538787685,seen_2026
2026-01-27,10,10,5,5,297,0.18395863211940458,seen_2026
2026-01-28,10,10,5,5,297,0.26823745667236853,seen_2026
2026-01-29,10,10,5,5,296,0.3187740899605306,seen_2026
2026-01-30,10,10,5,5,296,0.20770597119781764,seen_2026
2026-02-02,10,10,5,5,296,0.18841346036514744,seen_2026
2026-02-03,10,10,5,5,295,0.22188946123570827,seen_2026
2026-02-04,10,10,5,5,296,-0.06317240932569489,seen_2026
2026-02-05,10,10,5,5,296,-0.329832096327734,seen_2026
2026-02-06,10,10,5,5,296,-0.1255224317412609,seen_2026
2026-02-09,10,10,5,5,295,-0.1566546773729415,seen_2026
2026-02-10,10,10,5,5,295,-0.1901072177719868,seen_2026
2026-02-11,10,10,5,5,295,-0.09059042811156835,seen_2026
2026-02-12,10,10,5,5,296,-0.09874014855403052,seen_2026
2026-02-13,10,10,5,5,297,0.030688711896765593,seen_2026
2026-02-24,10,10,5,5,298,0.21938561389976619,seen_2026
2026-02-25,10,10,5,5,298,0.14907633738227685,seen_2026
2026-02-26,10,10,5,5,298,0.20945104673489154,seen_2026
2026-02-27,10,10,5,5,298,0.23194918182503088,seen_2026
2026-03-02,10,10,5,5,298,0.17922986222688744,seen_2026
2026-03-03,10,10,5,5,298,-0.11604796411874822,seen_2026
2026-03-04,10,10,5,5,298,0.10832828671818916,seen_2026
2026-03-05,10,10,5,5,298,0.03242865279205737,seen_2026
2026-03-06,10,10,5,5,298,0.05011054179423014,seen_2026
2026-03-09,10,10,5,5,298,0.08491593486851126,seen_2026
2026-03-10,10,10,5,5,298,0.13933777170798686,seen_2026
2026-03-11,10,10,5,5,298,0.2683747837712266,seen_2026
2026-03-12,10,10,5,5,298,0.3433969331255587,seen_2026
2026-03-13,10,10,5,5,298,0.19272181308948158,seen_2026
2026-03-16,10,10,5,5,298,0.025300937661261787,seen_2026
2026-03-17,10,10,5,5,298,-0.07382619191241226,seen_2026
2026-03-18,10,10,5,5,298,-0.03944202864541353,seen_2026
2026-03-19,10,10,5,5,298,-0.07923090579199009,seen_2026
2026-03-20,10,10,5,5,297,0.1146862762791632,seen_2026
2026-03-23,10,10,5,5,297,0.2643906359314658,seen_2026
2026-03-24,10,10,5,5,294,0.23838890830893597,seen_2026
2026-03-25,10,10,5,5,294,0.2817293185152519,seen_2026
2026-03-26,10,10,5,5,295,0.20344312199468165,seen_2026
2026-03-27,10,10,5,5,295,0.15324134586578966,seen_2026
2026-03-30,10,10,5,5,295,0.10943468546374117,seen_2026
2026-03-31,10,10,5,5,299,0.045035080719952526,seen_2026
2026-04-01,10,10,5,5,299,-0.014308578985938902,seen_2026
2026-04-02,10,10,5,5,299,-0.07065087349543846,seen_2026
2026-04-03,10,10,5,5,299,-0.14573429876015837,seen_2026
2026-04-07,10,10,5,5,299,-0.09512816225024762,seen_2026
2026-04-08,10,10,5,5,299,-0.19388664519830195,seen_2026
2026-04-09,10,10,5,5,299,-0.14518508343137324,seen_2026
2026-04-10,10,10,5,5,298,-0.28204037573453733,seen_2026
2026-04-13,10,10,5,5,299,-0.1047639783618774,seen_2026
2026-04-14,10,10,5,5,299,-0.009483973908978182,seen_2026
2026-04-15,10,10,5,5,299,-0.24523337886188465,seen_2026
2026-04-16,10,10,5,5,299,-0.07358922761472124,seen_2026
2026-04-17,10,10,5,5,299,0.009279254032373521,seen_2026
2026-04-20,10,10,5,5,299,-0.006769545775576997,seen_2026
2026-04-21,10,10,5,5,299,0.05213222164738266,seen_2026
2026-04-22,10,10,5,5,299,0.13757587375183705,seen_2026
2026-04-23,10,10,5,5,299,-0.095201946174931,seen_2026
2026-04-24,10,10,5,5,299,-0.16530788653630785,seen_2026
2026-04-27,10,10,5,5,298,-0.11875732476841318,seen_2026
2026-04-28,10,10,5,5,298,-0.1314451706619516,seen_2026
2026-04-29,10,10,5,5,297,-0.11177695681705321,seen_2026
2026-04-30,10,10,5,5,297,-0.027174297659687017,seen_2026
2026-05-06,10,10,5,5,295,-0.09918169521516351,seen_2026
2026-05-07,10,10,5,5,295,0.014179842168594406,seen_2026
2026-05-08,10,10,5,5,296,0.11007741177232702,seen_2026
2026-05-11,10,10,5,5,297,0.15570962468401608,seen_2026
2026-05-12,10,10,5,5,297,0.14313025767495674,seen_2026
2026-05-13,10,10,5,5,295,0.13756725792407476,seen_2026
2026-05-14,10,10,5,5,295,0.0813804819921666,seen_2026
2026-05-15,10,10,5,5,295,-0.05390097575665614,seen_2026
2026-05-18,10,10,5,5,296,-0.0045119084236673514,seen_2026
2026-05-19,10,10,5,5,296,0.029859296089456065,seen_2026
2026-05-20,10,10,5,5,296,0.14844089081377215,seen_2026
2026-05-21,10,10,5,5,297,0.02508786053164133,seen_2026
2026-05-22,10,10,5,5,296,0.1393472860460574,seen_2026
2026-05-25,10,10,5,5,296,0.18131104910765924,seen_2026
2026-05-26,10,10,5,5,296,0.13944972849191517,seen_2026
2026-05-27,10,10,5,5,296,0.17880962626725336,seen_2026
2026-05-28,10,10,5,5,296,0.17809265041860733,seen_2026
2026-05-29,10,10,5,5,297,0.1558863622622012,seen_2026
2026-06-01,10,10,5,5,299,0.01768984655332115,seen_2026
2026-06-02,10,10,5,5,299,-0.0021317144544134334,seen_2026
2026-06-03,10,10,5,5,299,0.05998069628066711,seen_2026
2026-06-04,10,10,5,5,299,0.1066795358128886,seen_2026
2026-06-05,10,10,5,5,299,0.03593683187453934,seen_2026
2026-06-08,10,10,5,5,300,0.010041889354326159,seen_2026
2026-06-09,10,10,5,5,297,0.08056540436728352,seen_2026
2026-06-10,10,10,5,5,296,-0.0308277603463714,seen_2026
2026-06-11,10,10,5,5,296,-0.04564796448775051,seen_2026
2026-06-12,10,10,5,5,296,-0.0826825284452403,seen_2026
2026-06-15,10,10,5,5,277,-0.12634286991112104,seen_2026
2026-06-16,10,10,5,5,279,-0.17760280255058625,seen_2026
2026-06-17,10,10,5,5,279,-0.20970341833032646,seen_2026
2026-06-18,10,10,5,5,281,-0.1779808808047964,seen_2026
2026-06-22,10,10,5,5,280,-0.10617339493399408,seen_2026
2026-06-23,10,10,5,5,280,-0.2302248156715963,seen_2026
2026-06-24,10,10,5,5,280,-0.031119977248253036,seen_2026
2026-06-25,10,10,5,5,280,0.13008874955291158,seen_2026
2026-06-26,10,10,5,5,279,0.11589088176463438,seen_2026
2026-06-29,10,10,5,5,280,0.2835617164733118,seen_2026
2026-06-30,10,10,5,5,280,0.3565818712584487,seen_2026
2026-07-01,10,10,5,5,277,0.33750240664618,seen_2026
2026-07-02,10,10,5,5,277,0.1234401446189051,seen_2026
2026-07-03,10,10,5,5,278,0.29911875308679675,seen_2026
2026-07-06,10,10,5,5,278,0.1988089742483409,seen_2026
2026-07-07,10,10,5,5,278,0.158347946075421,seen_2026
2026-07-08,10,10,5,5,281,0.35320057258692455,seen_2026
2026-07-09,10,10,5,5,281,0.37658259596714044,seen_2026
2026-07-10,10,10,5,5,281,0.4025549221733063,seen_2026
2026-07-13,10,10,5,5,280,0.3263399861149832,seen_2026
2026-07-14,10,10,5,5,280,0.21805711143233328,seen_2026
2026-07-15,10,10,5,5,280,0.0883669493871901,seen_2026
2026-07-16,10,10,5,5,298,0.21659461576067127,seen_2026
2026-07-17,10,10,5,5,298,0.20761320362005437,seen_2026
2026-07-20,10,10,5,5,298,0.24149950833735687,seen_2026
2026-07-21,10,10,5,5,299,0.12748985740947058,seen_2026
2026-07-22,10,10,5,5,299,0.05258805696573879,seen_2026
2026-07-23,10,10,5,5,299,-0.11269929291070765,seen_2026
2026-07-24,10,10,5,5,299,-0.34494803708109806,seen_2026
2026-07-27,10,10,5,5,299,-0.2971399404210856,seen_2026
2026-07-28,10,10,5,5,299,-0.07336289571085944,seen_2026
2026-07-29,10,10,5,5,299,0.18494318194573567,seen_2026
2026-07-30,10,10,5,5,299,0.2729237687840033,seen_2026
2026-07-31,10,10,5,5,299,0.4084298893403066,seen_2026
2026-08-03,10,10,5,5,299,0.2718538304415165,seen_2026
2026-08-04,10,10,5,5,299,0.21363697937610732,seen_2026
2026-08-05,10,10,5,5,299,0.14399590222350078,seen_2026
2026-08-06,10,10,5,5,299,0.14023166037032483,seen_2026
2026-08-07,10,10,5,5,299,0.26006198065834607,seen_2026
2026-08-10,10,10,5,5,299,0.16712801059459945,seen_2026
2026-08-11,10,10,5,5,299,0.17976117258871852,seen_2026
2026-08-12,10,10,5,5,300,0.04590407070123815,seen_2026
2026-08-13,10,10,5,5,300,0.05478907756267948,seen_2026
2026-08-14,10,10,5,5,300,0.04098980243885241,seen_2026
2026-08-17,10,10,5,5,300,-0.08125250350144228,seen_2026
2026-08-18,10,10,5,5,300,-0.040112477518467866,seen_2026
2026-08-19,10,10,5,5,299,0.04139103655480212,seen_2026
2026-08-20,10,10,5,5,299,0.047425085399650624,seen_2026
2026-08-21,10,10,5,5,299,0.08219080302854978,seen_2026
2026-08-24,10,10,5,5,299,0.01535546981097404,seen_2026
2026-08-25,10,10,5,5,299,-0.08977266044429108,seen_2026
2026-08-26,10,10,5,5,300,-0.1016629073656374,seen_2026
2026-08-27,10,10,5,5,300,-0.17235877327400198,seen_2026
2026-08-28,10,10,5,5,300,-0.12434750250892655,seen_2026
2026-08-31,10,10,5,5,300,0.043262277697435444,seen_2026
2026-09-01,10,10,5,5,300,-0.007657448195114165,seen_2026
2026-09-02,10,10,5,5,300,0.009180603575084134,seen_2026
2026-09-03,10,10,5,5,300,0.09141400617124297,seen_2026
2026-09-04,10,10,5,5,299,0.11071580884828625,seen_2026
2026-09-07,10,10,5,5,296,0.14851447925365518,seen_2026
2026-09-08,10,10,5,5,296,0.18585675650883168,seen_2026
2026-09-09,10,10,5,5,296,0.1618924008754517,seen_2026
2026-09-10,10,10,5,5,296,0.1437401478299523,seen_2026
2026-09-11,10,10,5,5,295,0.0214397998634181,seen_2026
2026-09-14,10,10,5,5,295,-0.03054914489388628,seen_2026
2026-09-15,10,10,5,5,295,-0.0026033760451559433,seen_2026
2026-09-16,10,10,5,5,296,0.014603574303062859,seen_2026
2026-09-17,10,10,5,5,296,0.10881955348713106,seen_2026
2026-09-18,10,10,5,5,297,0.20490207316477,seen_2026
2026-09-21,10,10,5,5,297,0.22063554627958418,seen_2026
